customer_id,customer_unique_id,customer_zip_code_prefix,customer_city,customer_state
f681356046d9fde60e70c73a18d65ea2,5f102dd37243f152aec3607970aad100,9121,santo andre,SP
4a0e66fd30684aa1409cd1b66fec77cc,86085586aaa8c5f47ed0b400da64c59d,7176,guarulhos,SP
1f6ba909178c5b0e523cabcadb617a4c,b1a049b952fdc19b69b2865c29986b9c,4938,sao paulo,SP
f7c5afab273b47ab517e096e0219b932,b6c083700ca8c135ba9f0f132930d4e8,8686,suzano,SP
265655cf1f2dfd4fc630004d1fe5f3cb,fc0a9229ea43fea6c9f9d79c06761a1e,13185,hortolandia,SP
f4a9f3a779e9783f7c992f5723bbe3d3,09d4fed6320030973607491be508c075,12420,pindamonhangaba,SP
b09ff235742f48bfa743f3e9474d36ef,016a5760b723a3a0bcb4b294d4bc6b45,7197,guarulhos,SP
0d084e109d08dc18e40858b407ce7c6b,0b7604941dd811e84ae22ca3b90a49ff,11320,sao vicente,SP
3ba47b09546c2da91ef141efce2d5888,b8c37ee810b38c416022e1c9f51e740c,32140,contagem,MG
9522d39cabd497bd4bc5fb1b226cd5cf,774efd8e5cc822162e0af7311d81f5c1,73780,agua fria de goias,GO
3d14ef1b615443e8569574ccf4c70ffb,57d2e3a4c3b277bea367027f105f1c02,83209,paranagua,PR
cf72b318eb9cd0e7712a2c1bca227789,d647ac91ff870deee189d7cd0cbf2380,9530,sao caetano do sul,SP
f9498c1d633509de995d09aeee4f67c9,374026021639ada6e97c12b31a997a64,58407,campina grande,PB
e811ef51626307094e57cf8d443dd4fb,5a6012519d0cf9a2103bd2170a81b833,18110,votorantim,SP
89b1996b0591126bf4b91eca215d6e67,996d5fb8a5736b0fea622c72fc1026c7,8235,sao paulo,SP
06703b3d47c703a3e163cd1769c2c53e,8f3eef80fef6d26aca45231210bcfe63,89900,sao miguel do oeste,SC
6c3eb82bd1bc98eeb319254fdb38a2da,b81208443af1b894742a304cf0f86b9b,13346,indaiatuba,SP
066a9e746ce5eead40d2afa9bccd3d7d,227dee340139e8c2f57bf05bcb1246f8,4171,sao paulo,SP
8ebee0cc741eb27e8501e4b4e3c6422d,8e990907b56d2383d3a39bf0cf9a3f42,65067,sao luis,MA
daa4d167c907827200536489e0dc645b,3cc4abcf6c4d8a077b3c110ac04eb272,87043,maringa,PR
5c78528de7bc16285f19af96fce88f02,e6925d3e39cebd0f699008b248e58361,13208,jundiai,SP
ad9ad1bbc3ec168f6d7e7e5637788fc3,f00acae66459f1828fc1feba2c759fa0,9619,sao bernardo do campo,SP
a125a54036b56ceb4c73638eda0f18aa,19067e6acbb88e562f0f58eca762ac76,26015,nova iguacu,RJ
34d8e7fbd4ef064dc9fef296b5a69931,82a78b7fe9c0c1a662b2d7116c203d36,25949,guapimirim,RJ
769c56bee6cabe0621e1c8ebef411769,49c00537cb6418b95faaff96b95d596e,41502,salvador,BA
0266506e68e7eac1c7f726da057c28a9,3341514b8049f4a268e4188fb0211d34,3127,sao paulo,SP
2299bcdc88bf79c9062fbd443899ae0e,f5479eed84b3486132141fe08c598b95,3124,sao paulo,SP
61fad79bfe55baa042c5fe91d8aa337f,01ca0680cddb7f4c71e3235f08cd16a2,6311,carapicuiba,SP
96f6f0d6c407d78a7b0df5999939c03b,48c239b2821e4f65ef32ff7ecd4ed37b,8763,mogi das cruzes,SP
f37e018586ddc359d2f1ad32f64ff8aa,5538f4cb054b71b5525a019a47019aa0,28735,quissama,RJ
b58dcebd1080a35715998c1c6b9f4d81,99da196553d9b67b1c762a712a8caaf6,42850,dias d'avila,BA
bb88b693c753625fac6cbb7cf28caeac,a012820fbbced38a03331716e231e0ba,27521,resende,RJ
88a98577c0d60c958eaaab2bf1e57f2b,5f906880e2ce13b655bd34d324a48ea9,11930,pariquera-acu,SP
b29bd54e3f696b788f8473826a68be4e,fab027a1984a0733038af650d749ac7a,8505,ferraz de vasconcelos,SP
1cf11582fcfc4e9b387dbcf13697a623,4e7d084161eec682220d0adeec4eec8f,80740,curitiba,PR
08a761b27ad72e5fa65e351ca23bb2f5,620b267bdbb662197c42079245841d2a,13013,campinas,SP
85eb23c7cef0b97eda81a956c3f748c7,e855df677dcf0d237ed583793afd7988,51011,recife,PE
7fa5b19815a0b5e211dcf4d287f60e14,c849085aa9f5d4af92baaa56a112d686,3648,sao paulo,SP
c85b57d305ecdc88bcafb087e60a658c,57b1f68c8d93b167ff6606951edccfeb,91150,porto alegre,RS
d101df6a75bb39768e2dab7ce5dc125f,a10fe3c477989c968aa284bd448b1d5b,18520,cerquilho,SP
3e97e4616acb3774ea13062109392ecb,96d97637a814355ed5e0913942533b21,24230,niteroi,RJ
a3cce16d1def5991f7314b717b373ab4,2e61a8d70f5bd8fa8dd742ed198aceaa,4742,sao paulo,SP
7cdfbe7202481c56a694a46f536baffb,cb5d14426ba66f929f72e01bb92fc3cf,12908,braganca paulista,SP
be188afbecaf3cabfe042bf53dfa2e19,56e3a984ef5040797608df8afcba3d75,12247,sao jose dos campos,SP
8baeca32aac79a831b81f1f8af9fd6d8,59cd6345c0d1920b6a42f672173a78fd,13950,lindoia,SP
383c957ec162c9147f9aab26161af5c6,38e9ba7e543c33ae95a697ed2566dc00,22790,rio de janeiro,RJ
33aa91edcf7c42a51f4c56d15586bfde,cb36d0f12c99d07935b706269045f613,96200,rio grande,RS
3aa2c129bd23bcce61a0683c4460860b,4a858d3e945b66b74a3b87cd245338a8,37757,poco fundo,MG
46e69377adf8857c9ce9c568ba073b06,04120e49b42d9188cee40d96521d9893,12286,cacapava,SP
fc0d9a9e8bf3d86e4162d3d417653265,19db446f263e6eba7f12d4d80ce5d308,97015,santa maria,RS
a3bbbce815da0de197a60a066006ad75,2f87ccd8d2d676d667a844ee5c6a17bd,95112,caxias do sul,RS
4df72ed5240f354774615dbdecdf3d30,274ba0b2bd0c833acb3646ddb36b1a03,3976,sao paulo,SP
c1668d67ed2fc31300b5c2e60a709111,33909b7a3aadac8943ee99a62745f3ee,4718,sao paulo,SP
11ead7c657fc4f2412db1babe52d1619,6144b9dbdc89758b47e87e2e73f4db09,71691,brasilia,DF
accdad8ab1a62db957ffcefa272667a0,339f4ca769f8240ea30f88c25c5c5f11,40150,salvador,BA
08d6e9303045f757cdedb89fd0002e4e,0abee71cd257861a0944e2a81cea4a50,28030,campos dos goytacazes,RJ
c333f1bb63dcb3a4c67408e7337e30c8,8f0eb363ad943a36b7091034f29b508e,3001,sao paulo,SP
67372e0bce729cebb559886b6c4d9e2e,c9fff85f2617b8e1a78142aa11ee962f,16057,aracatuba,SP
62beebea8629d73ab3ca95c23ed239ae,aaf19344c14447167191cdd3d7530acb,33400,lagoa santa,MG
2fac2e14733a2deb5e7b5973ff95b115,070faa17ae87e63c0cf50efe8287e913,17980,panorama,SP
dbf97c157f82439aa4e22e65e10ae811,612db24bd7ec741c98823a46c73aba21,55540,palmares,PE
b829fddbce42cead675773ee8daaa179,d27826efcf22fc60cbd98d7558e0c723,85605,francisco beltrao,PR
90006c9239e7ad344dfc506766bd4a9d,b0393dd04c5516902c42d133f56fcee2,14708,bebedouro,SP
fc849c5fbc7e2b0c7cfebc138886c693,5bbc03d010ac4dbcfdfa2018349c8f6e,28148,tocos,RJ
d241d89dc876ac8450f20fa9824eb416,fae50349197fd922f4487e4000e2112c,11740,itanhaem,SP
e4a1289920c7a33574e0433abd5b90d7,24cd37bf2e8fad096bc0b807541311db,90480,porto alegre,RS
f665e06d0376b22d2ac11e29e369d6b1,ab93b5411d105681f97717263e92d917,50780,recife,PE
b951f4aa14bd8cdbdaa9fe4bcc4f4750,faa974309c7940a1af06759bf618fdae,88508,lages,SC
94ee745f9c7998656cac472cd79c38f2,4ecdcc06343fcc71cbd3d0905e74a45b,89809,chapeco,SC
db1383e3c3c58475adf2651e6cfa58f7,24a366843796b68f1fc06adc4bc28b06,38550,coromandel,MG
bab91c3c25a207c83b5c95392df95163,7d5c4bcaf5e9ce14f2ac132ed39b1bb2,5890,sao paulo,SP
2ec58f2c612ff2a103859e7615e10a52,6f44e0e9c2553c98d619d8c5394f984f,5415,sao paulo,SP
7f93efdaacb4248f93bdfec0686d3a8d,a72b72235f0266c1b2eefbf2037c523f,13409,piracicaba,SP
493941e03992cc140b88be7a292808c9,beac646283545df90be6dbf8b17668b7,44024,feira de santana,BA
94b1e925c0b906a75bd2464a24243db3,5363a5cf51015b74dc3fdac330f8af9f,9230,santo andre,SP
82a781c07728515614b37ed49101b063,2968cb453924e6c2381a1f4320c50e94,2223,sao paulo,SP
83a013746849c173ca9305957f463d89,860f75391be5698f015d3b234e7576d6,4151,sao paulo,SP
95ea5897e2fc6140471671f079a3e6d0,f5b5ccef4e3e00975bd50eb142442eef,22470,rio de janeiro,RJ
73a710dbc1214a53b1c3b7222b9bfd83,a3f950daf5819f8a6848e70fdf61434a,8574,itaquaquecetuba,SP
7f3be1ea4ab67c410ab8e37634716342,4b3ee9aa32764c972f18487821f0e0d6,36046,juiz de fora,MG
db1f2c9256482f22307b39827a99f732,aa591348866497ba6bf83de62e4f8813,75400,inhumas,GO
4cad2f3d895f2f6ad2de7e0054dd2e24,7ff077542c9ad55ad5c8509ce1638f0b,14120,dumont,SP
42669d66e9ebba92f46400f726886844,86455ab5db9281db55b12e1fa4fe7942,4616,sao paulo,SP
3109eab8c772e5f8761f25a92045442b,cbfdc22c0c1294be63e5a4d62eb96193,4347,sao paulo,SP
6910071bfaee0f9191dde48e7b3fdadd,a7ef7f9f55eaa90c2336a637ed2a561c,25264,duque de caxias,RJ
896aac6741f1b66d32a3ef9a02617e90,233c8f191c45cef30af148a82ac70020,22441,rio de janeiro,RJ
98f6ca55d340ba5dfd4192258c7e36d7,af32f3c7d7fd3f19c601601a36e0ee7e,9627,sao bernardo do campo,SP
db1391f5393765bd6ca2ebf18b16bdaf,a85a504784568b5a41c18d3c22926d61,8710,mogi das cruzes,SP
fb611ba8817096ba3bdc1d9807f5cdac,2faeae5eaf2e2e108f1473280bf919f8,25620,petropolis,RJ
d880d473fdc38c2ffc94c2f3ae89184a,6e871c3bbb75ace129f8c75e006cdd86,23585,rio de janeiro,RJ
1cd146c5b0b02ca65ae036c0dfcc2f3f,f570a5be59e27679024a0ff2cdf0fdf3,4569,sao paulo,SP
28f22fffbbea1777ebad93132dc17012,a3ae42825310f54f2f8505469b71ad15,18108,sorocaba,SP
118ea956ae83ce874aa0b2613c29f0a7,870c9668c304c089116a4b3a3a421887,13480,limeira,SP
abda0fc72e1f8c32dd8291c542e273c5,7b6cf676f9a88c5559a3d881a35f8a70,32310,contagem,MG
893aaa512b586b2f2c106ef02ebc0d5a,9981513022a8761127f65c03c1d9d5f7,22471,rio de janeiro,RJ
e34f1deeea3369207caab9fd7a49cee8,8e0eae873c0019e01182099a1c497b79,96810,santa cruz do sul,RS
279b18bebb145265c6490f1de02cd947,2ad33e0c71ed7c9e41a44e185ae05581,4917,sao paulo,SP
67143172a156bc5513b613755a33ebf2,f9acb1bb93748b26de86d3ea0240e2c2,16021,aracatuba,SP
f4130da97144e87675795944bb522ae3,22932946006cc806936d512cf78e060f,13050,campinas,SP
5e39ec102ab3c44d624ef7cebca5b53c,0d24c60a1d3c8cc193d2a254c15cf6d9,35900,itabira,MG
2fc14824142e4206fb5848d2f9e43727,7efe2c3e942e0e40200f5229b6802964,32606,betim,MG
48dac436905723c1a5cdaf40bb3c01f6,28e8bc8726f48a7499dea689d3f8e0d4,34800,caete,MG
cd26b8d2d69af3bf6fd64e23cb6020c1,d12a206aeeb2ce2a7138bbe43244f212,1043,sao paulo,SP
8e993fed68917a4e01069b16d9fb2e3d,6c22b9240a6b55d951f06b010cd1bcdb,20261,rio de janeiro,RJ
8cbec74069338f4a6de35baec1987246,6940e424e41600ef36c79b6d8b4a2ecd,4127,sao paulo,SP
ff56a290f17f6ce95604d2e7c1bd3ab3,ea66333f17fa50810ec4c4c27e4b2762,74160,goiania,GO
fb78c8dbefdc1d9fec4507fe77045390,6275d1ce85a1a720874e15b7c2c731d6,81130,curitiba,PR
75c435ed38ebed76da849c31086b8ebc,2a440c0fe541cbd4de1598483d527dc3,28035,campos dos goytacazes,RJ
5c2bab9a09604f016d9ccd13242db649,b849f49416bd94ee6b0a4d36fce5b3a6,21021,rio de janeiro,RJ
4beadf262af38001f057649e9438d9ac,b298610969062f1695744f347006695d,14706,bebedouro,SP
1b8fed4c8a4c8f879319e5ce374ecdeb,19348c367cdf408ea7735a14ec5cbf4a,36087,juiz de fora,MG
5f3cf131f81aea5ea90fde7a77feadfb,969e62a47aec03c735127e6f11ad6564,13063,campinas,SP
de4c2b462c44197b26b6e596865da44c,341b6946aa6278284d3986112c43def4,58078,joao pessoa,PB
55f97f92c63a40b9f9591f26b4e22de1,67e529188d2da2f4f12220e16fe2c371,8225,sao paulo,SP
97ac197efaaa8d142ed342ebe6a27365,accb880b583394bc2442bd69b532118b,5617,sao paulo,SP
6202c26af8ecd3ebdea24151802939fa,59e6feff6b7bdc0b1b875e377e4acce0,77403,gurupi,TO
fda9a2bf4f0b8d64bf713e261189a2bc,78eedca806b2985523d1629c15738a16,7411,aruja,SP
1de5dc5b831942a9161baef126e93870,d68ed97669e9cee5b36211dbc592f4b4,19023,presidente prudente,SP
fb66001ed80569ba8468b508e63e8129,dff85e1f521a1cd225cc7706968a32c6,64803,floriano,PI
d8ffafcca7e2d9ee5d8e7cbd7a2eb524,5c100416976d9113369919942548bea8,29151,cariacica,ES
55c3657d0c8bb26f601ebc8d6d56e75f,297aaa5ab5f991ff31b6e2175ea534de,17016,bauru,SP
5dae3234ff8f2891c3ce08f65f791d1e,6e28e785f4011cbd0616332a9db3d1aa,78716,rondonopolis,MT
5116eacd8d620b734c26a0f04e19b60a,d7046ea561b819649385d6d524166f04,3438,sao paulo,SP
76dbc1556c66d771e8a6b60c35957e01,d33c5d355ab0a46b3fc4e41f2c99f19c,48410,cicero dantas,BA
3663cf3c9fafa9cc511c4d990ea35326,e80f396188991ae350a0c187e8740e97,7032,guarulhos,SP
23525e42bf556c4b729e86f16f5a011e,19c71fdf1535be1defdd27109d9aa12e,13273,valinhos,SP
f0685eff82fe533447ab1a84c25704c1,142d5012ea65ce29d5da43345b01ae0a,5128,sao paulo,SP
55c9db9425ab8c9ee904753ebb3e9718,e1ea7d8ad8c1ff3197216e53eaf035c2,6606,jandira,SP
c00ee6d221cac6737732d51e285c8dec,cffec81cb9d724a668bd94f0f9eb9381,35702,sete lagoas,MG
e0b51ab4363c175e59f94dd700050a67,cdb9e623abf5ae6e91af68a4de2fd0fd,20521,rio de janeiro,RJ
0c6ddd0fc46185e7fd0bb6d767bf4d36,daaa4bd4b2ac37cd00efc852878b626a,77360,parana,TO
6585b54dd5ac7f69a3ea0b4c6d6ed130,6e90e6c9f3c5677e9d9ce080b95eb0ca,4001,sao paulo,SP
884e5773f9ec5902aec38d330c7daa7f,027179319d6e0b4958b300ba6e9e35e6,72145,brasilia,DF
0ada8a74b033323d122247743366e898,701635fe6869cd63932e89043b1f192a,55385,lajedo,PE
ea5a701c34fae54a0179667dcad5dae3,2ffb7a06b085e1816d81d1567c221127,13189,hortolandia,SP
acb4334d42e78620fd025c2da7847bd0,1935ab012c65b828a0ad8417e5cd7991,61933,maracanau,CE
37f07e12d03c9e5974c009fd8c73e9aa,d829656f326417233c2188bb0652ff4d,5882,sao paulo,SP
3146904311eaf296187c7c7768d78210,d76e210ebe61090af26f1d71d1e396b9,76958,nova brasilandia d'oeste,RO
c9fbb89557c010578ebdf551bdb5d050,81a42a5e9b85c39c9dcf8087bb3d1341,65950,barra do corda,MA
691baba358611db5368f5441c8975113,c4b3fb0afd96e4c8c71544058d5abf6e,75640,piracanjuba,GO
6f35b5a833225638c4ba4fa744fd1716,091e1631c6f743420398dd62ec58faa4,9030,santo andre,SP
e19b49a1c05d6f9016f3cabab37fb45a,4bf09edbc9088f7b1767c07a710736d2,83370,antonina,PR
86d7e0b2821894373d67a03352affdcb,146f4256a3f10b6522215a138d9ac678,90640,porto alegre,RS
6e1291c1d47555fbfbf4fcfbfc13fb17,4746c99fe8b7985f53cb6885c456defd,73360,brasilia,DF
affbf9d0ff0808dc14ffebc55c1b1a94,17939095f7758a7efd90c871a47d2d36,25665,petropolis,RJ
3114d3d76bf813b06638b17da57a21cd,deb341a4b63b6c908a512849319cf207,66087,belem,PA
5a761ff24ca0a248f82d71235398e852,d182f15098577048b08272a6fffa9e10,1259,sao paulo,SP
f9e02bc10bfffa9852c78f6c9a5d06ec,61a4b58907f77c00708c478fa419af3e,3508,sao paulo,SP
f4219f4850ab92e0b8dd6644f2c71219,9e7e0e529bf16fb940865ddc9b5fcad0,5428,sao paulo,SP
b3b12bd3e740601c17700fc176996c6a,51de7192c29bf87d3d2d8a6ca54accf1,57030,maceio,AL
3703dabac361c6249a0d8d21564fb925,edbd256c62af7487800128f3c7ac7e9b,5017,sao paulo,SP
417ba684f004a0a409878bbfe65cdf3b,767f4654c72d8b9de7c937321fe1b78b,36205,barbacena,MG
576559b61237a8086828a22482251079,a6d6dab6de8299bb568680147535cafd,14096,ribeirao preto,SP
c6dcb798b5f3502dbd1efbfd35bd7197,4f37f28526c2b7574b3d267adbfc8555,83880,rio negro,PR
7037578e0e5aa0e33f533957c4c16742,32ca12567c820aa0b0e5c20876829bdc,1508,sao paulo,SP
5cb6989d4ab4ef65101a015223aecbe6,ce2e72f22013e8876f86c31c1844f772,6519,santana de parnaiba,SP
aa1c88ef1c54651170df45bffe3c2a87,2fe7af86d0ce52d2653e6936d57d266c,78195,chapada dos guimaraes,MT
0bc2b5ce8a4431c1888f01afcb9b3000,d9718ed52d1918815375e89fce46181e,13486,limeira,SP
7104377ff862cd25542730eed8873d67,bf2c35539497c392f320df26a91a2bd6,29168,serra,ES
f04ae41c75d423a833694f86375f16c9,f48c4fb9144d9d73f66d664d3ae82da5,4323,sao paulo,SP
4afabb31ddcf1de88f110a045ef355da,3aec9c5f3d62cad53b6de5fe84ece768,88600,sao joaquim,SC
7be66961ab23c787a83689e798f121a4,942459328c9b0b5c15d19e9400fd0f12,7122,guarulhos,SP
b494a22912f25bd9fd639019c32607ca,8faed9f9905a7647bb40da044ebcd769,98700,ijui,RS
b7aba705e32253c6d5159e0155ba4fac,7adb8d1197f85b403246c5c03fd3d221,41680,salvador,BA
a0d4b9ead9cc1fb314bf487c76605839,19e76f68a4f2e046ff5551d0bd7641a2,56395,lagoa grande,PE
6b05139c22666edaab8363c643187ed1,cfaea24d4b0531636fba2b3f22f2c919,4960,sao paulo,SP
03265354a307d917a63a8f486ac4f277,7279c4c46c5b3fe9b4ae34751011a6a4,38600,paracatu,MG
fa84e29eeeb4975e87f5247804cba2b4,9db4ddcbde20d5e3cda6e016bdcc762f,53110,olinda,PE
69d14927f98708eef99ec0b5d3e2a37a,67cc9e01f369c13b1b2efe553ec7b349,4696,sao paulo,SP
f5d8041d9f4ad5b0499a6dcd698577b2,e4eae0d0e154d460ecd621bd01299426,7061,guarulhos,SP
759cdb645105a48ae7500311724659a6,17285dfa20c4c670e305ace3ca8a7d8d,50610,recife,PE
4428f44a71d4ed03fdaa62d4ed852f12,3aaafeb4d8f3e1c48c172b1894f711c8,6793,taboao da serra,SP
3cabcdcf200795a34aea30893f5210c8,437f0e5e32a91015c921a307fcaf8938,5724,sao paulo,SP
c6a15026437250fd96680f784d665e01,1427d43f0ca16b9d318d4bc18dd1a1b0,38200,frutal,MG
a85209e61b86457b6c628e4da9f2e488,8a7a36ab245df09f3d998d09d47eb792,88117,sao jose,SC
edb2388a9a41189e035599ca654a80ba,2d2dbe464c4901500b3a3ca4efcb3425,17512,marilia,SP
9279b96ee5b2b0f686e5a28d8cc1739b,b0f933c0a1bb29276744c40aaf438239,88058,florianopolis,SC
46d0766284023a432d1066a1b97234ef,933187b833ec65e129ddc8cd3506d25b,91410,porto alegre,RS
b7ebbdfdbca5c7d51cef656d8e440da2,70bf9fbc69f5912e6be8d044c07bf325,81200,curitiba,PR
d2e258817e38dd6847a2dead3bbafc05,0a3ce869b8386af24386cb035ce6f2e9,5432,sao paulo,SP
be803b9fe5a431219ecfd15e355099a5,12655f5ad85082fdeebd425a6c97d420,2842,sao paulo,SP
e6aec7b202899b3148da9039164fe850,fa8928a7d6deb44eeefc718f4f68ed13,23097,rio de janeiro,RJ
555cc3325655e6de190f2ecebf14110c,390f11b0deaca217b570a5472cabf8e6,13070,campinas,SP
30fae2b7dc2ac59de3a6bbf85cdd9db7,ed26fedad59154e7fc00cd7c1623d660,12232,sao jose dos campos,SP
7a0c5469cba3eb88c664cbb7d680ee56,2b161eaf4956b131691842e87b3c39c7,13278,valinhos,SP
406c04dcbb14cfc2efdfa97866b1f17d,94dd49b40685c47677d891ba82313620,71015,brasilia,DF
7834afa97968dd289e626584199c7b0e,53098f53860f663f96a164af5b759f8c,22631,rio de janeiro,RJ
c239969d43647ffabd4ca8db135b7a87,913e4a0664572d0652473b98b808e7b5,38625,cabeceira grande,MG
c8df320cb6236b1c77119c3c0c36435a,99d964b267bf4c900ae77aa203ad2032,89820,xanxere,SC
62b2dfb55aedc55b13c25efe64e6ecd5,21e4c94da32ccfb90343dfb175896bda,5438,sao paulo,SP
e60d09530ea34dd2ad7a33d35bf73086,c7ca47747878996a42d992f15dcf023c,3386,sao paulo,SP
0bf644fc54b89e3ba5b32c2b9e618de6,9065ff1d98e9831c8b9444fa2710d313,37502,itajuba,MG
e236ca0447927499f71f89d6a453e0b0,5fa49884bcb22c65d654793db374db9a,6160,osasco,SP
5bf7405054f31da473e0a6cbaaf127d5,fbc2149faf1f9831344c2ed817b8725c,13960,socorro,SP
9f953bb4452203555445d713827f1465,f38e382731af9143e1321a49534c395d,71937,brasilia,DF
d32c1be9389b63d5e611ae874bf4403d,6d9284ebe2826c96d9be5d939fd7b1b2,24027,niteroi,RJ
649ad21522182e99c6923493d5d181ca,a141cad9daad0a5e00543b930e249b48,13611,leme,SP
8dcc5cd0569e6c1cfd0444e4a26419d4,c6b482cd350f5dc9a48ec4c1292c72bd,59200,santa cruz,RN
415130aa0b0c6ea42bd6aa2fc43b503a,35b57424cb76ed9d49f250e4382f9bc1,25954,teresopolis,RJ
c7f827df881d513428043f6c8153eb6b,bdfcfb95b8d3e5792240bbd5108a7096,75106,anapolis,GO
37be731e9a59816c2139b344f51147dc,f4ff1a79dac99d99375405621276c176,6900,embu-guacu,SP
2939a5df4e8439863d6ef160fdd53295,98127c719e42b8d7a589415d6649b0d8,8530,ferraz de vasconcelos,SP
3ce9063b1f550cca16b3946b3c4ef694,2580972c3ec1cbbb77a591613453d925,12953,atibaia,SP
f89b63fb70a7ec9b7740ca031accb0cd,4104af1a51c2001eb1b444a8b55751e5,6154,osasco,SP
2648ef8cd82f3bb5f79d18def3549549,1477c54a1abe3610e3e9ab411801cecb,89040,blumenau,SC
2734c283312a49194c5468aa8567d51c,eab6c111cd0d009a335c82a59245015f,86605,rolandia,PR
220a1f1adf2be499250db06cd27d0a1e,fe6ceb39e4c3d9cff52e95de1eb671ad,26266,nova iguacu,RJ
c17847ced40b61f4491186616828d187,a4230fa91579ce60e6d6702faadb73f9,6311,carapicuiba,SP
dd22f1d0142d9698c0848674e843525c,edcc7ce9b67e904a02c89576d13e1ada,1314,sao paulo,SP
840b5c8902b80e63aa691ca5cbaa9bb6,f07771c6d7e9bb6169075668480cd7ce,86037,londrina,PR
4fac56d95468b1bf1a6ff9333794d1e9,88187b3d8788e30e20080606850f48cc,13054,campinas,SP
ddf7eddfa863931d992313aa1b1ccf79,3a0eb98df6a9dd91b05ba93312f0dc95,1315,sao paulo,SP
e312f3c85be577c566c09d776b380735,b4afb55d2d38d9bbe0b83ec108c3e77e,3733,sao paulo,SP
9a73612485c1eaf2ea1e2b46d3890cb8,c82564ca0ebfac848d21f6a34b2d1e44,18600,botucatu,SP
bd41e15fdb17d74a176f31ffdf8987df,f58a61a7a24c4bddf8fa238ad645e3cd,8750,mogi das cruzes,SP
63adaee377092616c26dd4b26b4cc633,40252e08bcaf6258ee91b34e6b16adde,37466,itamonte,MG
94da0318e77932de7618aa1aead5fa77,48cfb1ec8875f03ad35e4b714d1450b3,11360,sao vicente,SP
fe476fb992cfac604d990a6e8b50a434,a239165e9cdb4caa2391755d6d61d3b7,13186,hortolandia,SP
8194ad28cf37555c0e649b4ebf89ddb3,60b556b3cc0a84c4f3f26416a3f2f544,3236,sao paulo,SP
5daf8a84ec87f4988b337626369c4dba,c02250fc9f9a3ef97113f4cc1da3a89d,73900,posse,GO
bd08dfed0cf17e30968943b497ef14ec,44f4b8254709fb130159912889ae1ba4,4061,sao paulo,SP
e5cb26fca2d6d69837f8b62d69368ca0,d2ff06ecb0dc4475ed2425a4b50ea0b7,30810,belo horizonte,MG
1e9d08279906bfa93811f5d8b8c92523,7976816fe0dc32e630bd83d0e7295a33,36700,leopoldina,MG
ad530f0385e180b5b52ffe8cb9658bca,977f002d10638d866aff55166707c13b,58880,brejo dos santos,PB
b8ad74fa0f4c5b9fad84af6809c95105,2dbb34111f2ad2b0e47bbb8ee29a5b6f,14808,araraquara,SP
8aac7e3ddd515089585bbab2b7d85aa8,1d34beeda3b2d9a16c418c0d1419bdea,45710,itororo,BA
5e802d53b291e129b462409e56402786,18487b1864e346cdfac83d441d8f43a0,56460,petrolandia,PE
178e6ac2e067591cde169461107ac469,bf67bc97810b5410358114fa589ba7d1,87020,maringa,PR
c08bcbf28cd7a7c95c95151a3ff141a4,9fcc4bd5e142f49a33eaec45b270a053,9351,maua,SP
665a313366dfc254e4cacfafd78b1fc1,e8de5b217669cd4d0a026f97656068d6,13150,cosmopolis,SP
ac73860abcda6b5fc9f2afdb4fb2acf5,416fc3e88e98c647e64b330f940ed3af,2374,sao paulo,SP
eb68e8ebd5a36d827e0c55b8d535fea3,d9ee904276e298eabdfd0cdb2f03d7f1,13940,aguas de lindoia,SP
94585f4d164dd1117626d9db77c597fc,9d90edd76b7414655a3283f7eeeff8fe,75905,rio verde,GO
af31beb9cb1ad7f0dd644d33b9e9ea44,1135e8dd0e81f7774a8d597380ea949f,31150,belo horizonte,MG
81c19ba9169b16ec020f789b0e05b677,494a52654366a12455cd9a81c6fdf542,24240,niteroi,RJ
2e581e2fd057f25288a90c99d06ca1bb,990467c17e58f091ea4d6bdc020992b0,14090,ribeirao preto,SP
8b9e671a305b19a4f7a11ce24badf10e,96aba7659e376a8796bd19b79a1f3c46,32223,contagem,MG
cd115eebfb9859498e984e800023bbc9,1c04229d4141bf598978110a0e30b61b,22260,rio de janeiro,RJ
400534a4b8b95df133cd2ed3ffefb55b,637ce5e0131db1f083a9996a8dfc3b2b,11080,santos,SP
625ebee3bb8680d39f443c840f5afdaf,4935bb1bb7c09b682d4c224503e37861,13058,campinas,SP
af94e18dec6b6045d116bdfb9244a578,6bd33258105ef24dbf6d82bb7e3a06b2,71060,brasilia,DF
b4e47d28c7ad1902d486162b8fe5303d,8dae54b4398643e70bb47dd33239b55d,21011,rio de janeiro,RJ
8c4d6b0b94bdda396e839a02feeaff86,4b178eb199e27660d160db227734902b,11750,peruibe,SP
887b8a65e05f6ac52b0084002f88b30d,bde6157addccf5749c409e1333ecb108,13045,campinas,SP
5a9c24ae3a1031f1439b260a24d14f36,a6abe15d926391d0b739f4f60ae20b43,17700,osvaldo cruz,SP
aa1367a3e933112df50ac2a81601fba8,b9392117660d81f64190ba3c0761763a,11030,santos,SP
344423c2e26d47d2b6d3dd363a89e812,6ebecf9718a9fdd2d34ea36f36501420,9950,diadema,SP
41f7daecd21e5bf31d52eead8fd593fe,59ccf65bb4997946e8cb1a7b85a75f38,8630,suzano,SP
6cf5c6ed017f9173bbd016ee51e04f68,ad505a0deb9f5cbf9fa8d211da1943ef,16430,guaicara,SP
9a2dd61cc19001c3ace30736bb37b2cb,4dba78a69f5fb2d5ba4bdf9696e1eb8f,23954,angra dos reis,RJ
e46731ed04dacfd209c14dff32d96e58,8a5ebddd26a21185101e42434d23de7f,4746,sao paulo,SP
7cba2705c01b76fa986e0efd815d3b09,d1188dec6bca7728f5fce5f9dc4239b2,13145,paulinia,SP
04756f0f3b38d2cb48c1cd1644a478f8,8f4a36b13c3a5db56b71d639d333b12e,29116,vila velha,ES
412aabf43b3d45f1f6052e834c04df34,2c0bd1182d5910f962a178a49457ec9b,26553,mesquita,RJ
b2bbf530455f67fe10265197326aab8e,d4318adafb89c4b369d6633e1739795b,4195,sao paulo,SP
cec875d9d4406529df6ccf5e1930b990,c902f3ef39179b58e803da196af3467a,28605,nova friburgo,RJ
778765c3508c03c80697308b8ba5aa3c,7b44e3a5d8850c01a367fae144a9f7ad,5797,sao paulo,SP
94df3c23c37dc051dbb2f1d03a3693de,3603d5e336b125a3f5f659a1252a29c3,90010,porto alegre,RS
29ebad1a53479f85b1ac6801f47e3362,be3cfc8453519e48371cf115f0b15e2c,29146,cariacica,ES
f11c879c8a36fe856430463341cf89d6,36871f028d790a41ecb6f078d05b7bd4,13295,itupeva,SP
9a4c2301f22f861dfc57e361eaf98b99,ba179ad4ba8c3916137aaad465eaa079,18730,itai,SP
6f25b294d48cc71893594ae8ace3056e,0aa18d91a45ffe9217122c0e4eaecbbc,14160,sertaozinho,SP
fc786b631b0c7de13ab9d65b09aba88d,d72c453cd952b79143e476ecc4a9b6ab,13092,campinas,SP
adbaf853316ae66a289a06231c4e0a4a,1e7586e6b00b3d601db2b79455119075,25730,petropolis,RJ
fce0a38ea4ce9584008af2e6fcbe2f04,53659fc28853c4a199f9ba87eabc7ec4,91150,porto alegre,RS
9cb739dc712ebd193e4eb94f3aeb8d20,9770456b4233cdf2363287ca2295650a,28895,rio das ostras,RJ
d37f9472ef5b98a17bcf2716cfe87cfb,b8d6726ff3273508665f2e2f5e389eaa,72016,brasilia,DF
a539b9d6f9045415d847df7fd525d2bd,59ea36903f78d0d954b0fc11c6203542,22793,rio de janeiro,RJ
0a317dd750be47fc13457956d0a4d0b1,3e19244e01ac99a81ef40477138092cb,20760,rio de janeiro,RJ
0b42990c6a03665bc6591652ed10d6ae,ecc79411bf35aa8d224e66ca9ca5d4ef,14094,ribeirao preto,SP
3388c73c5d3f13df78553a7503c67547,de2273285b9896a785147c7bea76566f,85790,capitao leonidas marques,PR
4f4ed20c56c49d645e19d6e63e37517e,a5e903dd1104eac0c60b4ae4f61256be,22790,rio de janeiro,RJ
f73fe7f38373c066da9781eb5edd029b,4e879fd59d57eacbbf05e06cc7e96eba,1329,sao paulo,SP
aed3f1f445a4ea906938e139249662a9,d6bc0e1efd0d78e7ca81be2865110c6e,4820,sao paulo,SP
a780609535c7b7ab858f53daaf25c628,450050246ab04a3eb2778f7aceb2fefe,35603,araujos,MG
14f9068e637206960a557817377830f8,a0b26b4f59b8b31147d0ef639edc36b4,63520,oros,CE
d6e5a4173470d0e38dcff1153aba6397,4cf4dbc82dc5faf26d7f363ed00a4441,69018,manaus,AM
0349b833ebc99262c2369a6e20732960,1068cc67ce615ce1bdc2636466448f14,94120,gravatai,RS
e25f3c0da7eeb0dd9bb46770cd17a61f,29cf32aa7e303f6d2bb67ccb6be7cac9,44082,feira de santana,BA
8d0705b3e380f94aacb2c36ecc0bd425,728c940d821dd0f5b9cb7d77cba38803,8431,sao paulo,SP
02ed2cff54eb047cdbe79dd0535945d4,757921c3d0047781031e9bcbaf2c393c,5119,sao paulo,SP
b3d4eaa1f3aaae50a2204927d522881b,1cffe914fd505484a255de979f2eb4ff,36087,juiz de fora,MG
b2b4d80645cd613edb31955f2e5f59d1,730dc8ae933c09adf0f7d56967e0c804,9843,sao bernardo do campo,SP
0a6c498b077e72120f5bb62c3a1c2c0e,0a1d505323970813602fb0a7c50aa484,91910,porto alegre,RS
8a2d8ef5b8f61f14709d8de117293969,1c3598324e7d8c3e34e255e101a6e7a2,40435,salvador,BA
f39bc18f035964de38084ac0acd1b4b3,0a510d783e7645bb4b031113c62e2064,5145,sao paulo,SP
85d00c84cc236fdb8d5a58a0aed680ac,c8cfa46e5d1f306b819532624342debb,74805,goiania,GO
752e6b5b69b420a430beecc48889a67d,c63be5026fe913c4ab8f75cb3ba887ed,35701,sete lagoas,MG
365a457df99b094247729503a540e924,aadb2d99f86a86e69e981e1ea6393f3f,80730,curitiba,PR
830098c74c4cb8d01c7eabbf10dbc76e,301a17ed23b8bb5bfce2df8604c06cfd,81520,curitiba,PR
0722bb9204b10c58f3641b0c27c7dc72,5064f24054ced092bd8c07ed763a0cfe,57051,maceio,AL
6d6221343635319264386c8f977b01de,75bf2fd30af0de267a66a0e6be8c1213,65059,sao luis,MA
1f71fab0d389e193f5162fde6227fb2b,27517ed34c0406fe07b3a806e33cbc10,24416,sao goncalo,RJ
1568d0cf27776d57552118a63aec65e1,d69e7376cd254c900729616e75624e12,24130,niteroi,RJ
62f7542360ee7d4be52633831421ca1a,061165fb1124ef826ed9673358e41c5d,29930,sao mateus,ES
8f87340ea014a53bd7d10d0264ef8b52,1cece1ea9d83ffeeeecc8fe45cb6b0a7,24355,niteroi,RJ
dc31258635460c1b340ee7c16485a60b,bb0d622c231d592d46e032d3c5dca6bd,91540,porto alegre,RS
936eec24610ffb239dfdef99c2411122,507867d3d755ceb1ddf5dac3932b23cc,88058,florianopolis,SC
5a1e1bd65193677d3cec2a77ce02bf18,2c166cd7d00f0e0af5deb570d0522507,13880,vargem grande do sul,SP
8c2dba1581356178de57718a19cd1d61,9a909e39723b88c47dd3090505ce7299,31070,belo horizonte,MG
c90a8bc2bffa9389ee8c5246cb9a5f7b,1ce5ea22362a448f831947d9f0d0ce07,11702,praia grande,SP
01214c5f31d06b6da030e5825b431446,9cd889bbd0b3e67db9d57ff266c44d53,4739,sao paulo,SP
7d9fd47eeb21776ed93f070d71499e0a,c735c714dbe80672320182bb48bba3ba,33125,santa luzia,MG
ca8cf5843bcd138bd1e81ec9f17531cf,5df98760c5923977c84e2a09f1e46317,81570,curitiba,PR
a0786a9a0b79d012f0c4558a7744c594,af10a15ceb581a565c0f8116f8fb57cf,83331,pinhais,PR
458a7594568f442693c952daece0fd1f,fb3c2b037eb60ad2234266e7ba955715,3088,sao paulo,SP
6ee45baed0289293ba172055f0dd9011,4f88e6285f805c9a823ba23291a65ca3,26276,nova iguacu,RJ
a0edaa97421af6b1d805a70f13522081,67819f459b103e4f6120735e1359e8c1,18130,sao roque,SP
551910403e480512a070343d37dd598b,fb52b741585dcc9d87d214d5e0d4045d,61645,caucaia,CE
efe064b5515dd171c84ebd7ec64ddd2c,1403b49485b8aa0a7880c320ad233fda,2033,sao paulo,SP
e911b98a78cc611363070276582bb7ce,dda24f6536ae79e4f92c12c27207336f,3005,sao paulo,SP
725ba0268900143556050bd3513a3369,6c1a470cc3b59370f0c874af9d0959dc,37540,santa rita do sapucai,MG
e0d50842eb1d45e542c592466bcc06b5,f2b309d635229f7ff00c0ec3ca616d92,6472,barueri,SP
4dfe57404141dbca39b1eae2ec077e78,930ff10207a0155e4d569dc1b66714c2,72862,novo gama,GO
3ee66d65dd46cf1a5839e7198b9eda59,22e3532b0ba6ea86eeb245602282ffa1,90460,porto alegre,RS
3484542c6ea610e48fd062a81b8d2220,2b952792a20f6076f6e7a9c6a27ade02,13315,cabreuva,SP
0d8111a81ce6ed7cb969e28a01392f63,1c7255916dd10f4dae06f9f3c307a393,29313,cachoeiro de itapemirim,ES
32b1936b81907e39a7f664cd0af3aecd,0e4d012fac3d20c033e0284fb6d2ea6a,39527,mato verde,MG
4b18fb110efbfff3ebecb22c9127f816,e25a36b02a88228100e0d0e53d845777,29090,vitoria,ES
24dd6be58b4717018fa8062703561b76,43fb7cd074b0c8b373505d1e46b30a07,21215,rio de janeiro,RJ
67a6887d8952c16de0e49e6ad2d6e2a4,e1a3369d056da99d86a2a35b3eb18ac4,30580,belo horizonte,MG
ecbefacde17c98967b427a3a1f98880e,54a6ac9eafde53270240650b842f57ef,22735,rio de janeiro,RJ
f4cfdc08099c49123ea4fb6f32bb603b,20a8698f41f83c2bcc9c20b6a2deaaee,67030,ananindeua,PA
4e364c106217fcf45f21a4db793866bb,b18983823f3259d8f50a36496ea84a8d,7990,francisco morato,SP
48970007c61cc12f2624b1212e10419f,086a1331b5f75cf51610065e3ae36425,3638,sao paulo,SP
3b0841e521dffa992a8ef9e4e00b2c9e,caca4ee1e654062eeef97972b8e24807,95590,tramandai,RS
b7972dea0691475465acaef017a83fce,00ff5e862f825ac56e5fdfaa6b69dc51,13211,jundiai,SP
97cef017d1cee0f245e0659fe8694f90,69f209c87656328a84be38ce7813d2a1,9185,santo andre,SP
c54541b6572fbb34622dad2c048ecac0,3dde25397997c85f87f7737ebf570966,53240,olinda,PE
74fd1de60f458a07ceaded11a698fbc3,fbbe4bf6e345dee467d3b36a89f04cfc,3258,sao paulo,SP
e2fe3fe92da7cfb1115664a4f48446b9,0d02eb399c6520fbf8f938611878578c,41635,salvador,BA
3d9b3665a39eb741b1ae50706cbddb8d,04f466d6234a805ba36301c1d054b343,89270,guaramirim,SC
cd9b65266e937da76d5203621315b8a8,b46143871bd7f63bcbd5acd898b5e1ee,66055,belem,PA
d1e9170a646370074dda424098fe10eb,95e7a0dd1929f9eb1be58075c99ac31e,24030,niteroi,RJ
9b62dcdf7d09676e6155d051c2fa0121,6cb4d7965bc47c9c8d42145db31df588,9668,sao bernardo do campo,SP
0dfe60b670deaf534a0d9519349169d0,1b105048a36cf31dbbac4a2eda6ed1fa,31230,belo horizonte,MG
3fc34478cb8f0427d63b362dfad74f51,39406d5888ebe67839dc26b348c0d12f,36050,juiz de fora,MG
5add6659c12e55e5d6379c8ce5786512,a46ae738be98cfe3a3459bd915ceffc9,94935,cachoeirinha,RS
74379616bd5d8e791fb89b759216a164,5b2972e2786623d4a0b78843f7447695,4211,sao paulo,SP
3f979bbdedf57087a39ae7fed98ec7de,ca62a2278969324ffe26da3e5704d0d4,29900,linhares,ES
437820aa4853d90478621dffef1aae45,a50a18d0f932c1cf1dec68cc1d281d8a,45930,mucuri,BA
63a710384d8293cd7dc192503569a34e,aa36422413a4f36d85ac4952e85925d7,20060,rio de janeiro,RJ
c41577db6be598c85be04a2d94c3a8eb,72f53729755c1d79da47eb9041f5f4b6,9411,ribeirao pires,SP
e6c88425cced764e5c72f44c9d8ef940,842086dd425ca0aae2a88988a0eac805,35300,caratinga,MG
f778aadf83ae85d8364c56f1daf01234,02bb821f9cd6c3079ecb9fed96232e18,13201,jundiai,SP
20880149166c1e70a7e235e486e3ff00,e7bf50359bfd0baf0cb6a928068a7cc1,1403,sao paulo,SP
74a975276d0c266162d2ee51a6fccea9,c87e6bc73afbc7838281b585639835a9,44380,cruz das almas,BA
e19274edf7a9c51689822810be84c9e9,854c37b10f4e835f6bc91355c9a7346c,5772,sao paulo,SP
59543fe66c27b7ef5544499592f5d133,c2c1446df627971eb0cc822dbb2a334e,4617,sao paulo,SP
1da22604a27387196b8a4cf970336f8a,445fe2796a13dfb132a86c2a27ed2bed,22060,rio de janeiro,RJ
eab2880591a21d4581a807d98d67f489,8291b8ed19153d9a5963404db18ece91,5501,sao paulo,SP
4ac279df237d79f58d8b70addc6e5d4d,6d7dcece246bf88e8ee4b1654441749f,29141,cariacica,ES
9d20953453325b0f8badf470f570f98c,186e4b97d2704e8b76235b8d7c5d38ab,6780,taboao da serra,SP
e13dd3f5bb12b741263db05564de3f13,3069f30fbf3f30057b1b4ff36c72208e,20560,rio de janeiro,RJ
5efdf84ed5c48021ba94801310a6514a,1a6c2d0ed3299790cb718bb7981558c7,11035,santos,SP
3d3cb9e12226eb6ec0e87ad38b0fcb82,b97a913461d151c37812d11673125b52,41250,salvador,BA
a222c8efebfbf41bdafb7e821d9467fa,a08534083323be652600b0f166abead4,45807,santa cruz cabralia,BA
2f3524f7d4156e3c4b08227bcc982d66,70afcf62dbcb85ba639147332897231a,4302,sao paulo,SP
b6f67adc8721fca02d68c6882cb29cc9,4cc11072c33f1b37d77d79379a70eb23,13053,campinas,SP
d6e011b818659fed8cfa433ec3bee9fe,d9ad1a4f3055a4d3cba840034166b1a1,13091,campinas,SP
445f187cc1cfea0edfd2865118e1b183,78e556184d89814929e07ffa62da5a34,8344,sao paulo,SP
a55b85ff2960e23e05447c3c371899b0,44723e30324b2effd5a8247794af92c8,70680,brasilia,DF
dd9e543aa63df2f0c0b15dfd977f650b,1b77b55b731433f029cc2bf190bd4f35,9560,sao caetano do sul,SP
4b118c6a2f825845bae401ae5b1b993c,5a96f34f3afcd6af757054cdc60cb877,31910,belo horizonte,MG
c3cb9c415a6e5d99f82ade12a9bad4ef,287329d70d61d570454a7019d25d4f5e,24436,sao goncalo,RJ
7fd14a93c967b606432018bfcade5e71,14196e33a5ac649e7f47822c61821914,88110,sao jose,SC
c09ec34dc25bd644243e3e72f4065ec2,e37fea4e2c366f2dfcde193122962960,13083,campinas,SP
d6f64ae60a50240b7d2dfb4bab157856,f8807399e3dcf4f2e591d82e30dcd7af,22250,rio de janeiro,RJ
c4f67a171b27e7cb73bf6052ea780f32,25104d84ead4dc8dc8d6192c77533cfd,16450,getulina,SP
f2fd5f74881dfb8d8fd5e0010a0b86f2,79c481d31d793a66a85f43af431eb745,75803,jatai,GO
4541fb6085235c60a37508989a808894,82b2c7e623ab782bc767791920cc36a7,9691,sao bernardo do campo,SP
da757be0eb9978feb09365ed3bdfc679,663d5a1d3fccfad3a3c4574072794a8d,16370,promissao,SP
551c3d5349e8367c1edcdf2ebcd1b47d,a061ea87fe96fc6b177a6201161c7847,14882,jaboticabal,SP
98fb13b264449f06da6834b86e0693a8,f27ce86890789e9bc697ee9d66e13860,70673,brasilia,DF
c9f0c8d194842d8945de4d01fa98fb15,b8397f1c55e35a126a6b0bcbf2012748,9260,santo andre,SP
1019f41d437b5b58f36191421fd791dc,9a0bb0e14f6107f78c1a60697395684f,94820,alvorada,RS
796c10db6734ca715a9f5b72f776337b,51ee0156ab8a559f992eb7308f0063e7,45836,itamaraju,BA
262a5aae90d33cc2a388984ddb13eae1,e59fc7644e146f91c04ab9f1b123bcd8,4531,sao paulo,SP
9c8c7021766b19f1857d1af3e458ec3d,6b52d3725aa7cca24203308be666308b,20785,rio de janeiro,RJ
a321fad7152b7496ab9f1ae365fdb3bd,abf8bb9089238fccdaa852c1e5a9f5d9,13920,pedreira,SP
a100558331df579cc459520c1e39fd0f,7d290ad006532c0431d896763a9e5556,22281,rio de janeiro,RJ
263d3314eb124da16668b6968c381690,864c5e4e1eb2432a0a373b4bab423ebf,3025,sao paulo,SP
629abd181c1d9ef4bb09740b75ad1cbc,21f3e8fc2cbd789feeb985a80f6a55b1,9321,maua,SP
fefbefec320ab4ec0ddcf55a4901ebb2,1d3ada53d8ee64e2a68fb18fddf7e3ff,95690,rolante,RS
3da647f1441ed4b18ac7a0ded0056570,8ec49be0447d11c4deb5fcdcf43407cc,17065,bauru,SP
e829a679d7e15bafba4c7405740eee23,25281ef35fe56051d768115d5b65cc9e,28960,iguaba grande,RJ
993677d5b12e91002d0d47c2a782a7d1,b983a8b74d888274c822490b2b4a1cd5,24111,niteroi,RJ
05e8586e1ca488defddd47b5be9179c3,f053e082c3563fa331d4cd0c5d8ec177,18132,sao roque,SP
d7621cfe31786dccb998434745ea3a2a,e1bdb6f98283d53aa07bdfdbb78191cf,15085,sao jose do rio preto,SP
95205051ede9c17f3d9490eb024b086b,f27a7595890baa58adf0f4948918425f,60320,fortaleza,CE
dbad14e1cbdb1f106ac9b2b3f4b89d15,36b2580720d92788789073253ae6b8a1,70337,brasilia,DF
04ebc2712225141ac34d1ba5ebee0629,4ef3ac5b2ceb281d80969e089bcc0374,13569,sao carlos,SP
b31b5ecd79d2528b3340abb86f5c2a4d,a1f056aa9823bc1fb8206b00a9be412c,6160,osasco,SP
a7077f133d9d048e55dc77a59d97c83e,f175a16d4e5581676e72c0d321d9ff7e,84015,ponta grossa,PR
f68c9552d4a213e753972820790aa3fd,91a7d936d79504638afeba42ccfb4449,89300,mafra,SC
5b31d1ba9e2b08086f398b79477962d7,f11555b4396eaa69a4c0980aa3522648,78705,rondonopolis,MT
083e90e0576402957154264852d4b8ca,8b480743fbc5cbebc7c83868fa796001,53437,paulista,PE
1cd10497d4870eecd91328b511f698c7,5f39cde4a167fa96923f0b4bc705d116,14640,morro agudo,SP
785f931e1fbc5a6c01782f59d9a2fe42,b2cdf76962cdd5c1c1534af71e82ebeb,69919,rio branco,AC
fb60e1236b474808fc33b9d2bf26d323,27a79a1c25acfaf04056f8be771fe8b3,89899,ipora do oeste,SC
e6fe99ccca7205804697a0aaef1539fb,5a9bf3d0461db198b67ae2df9fbee11d,14090,ribeirao preto,SP
844dbd978c6fe91dcaf59a20e93de660,05e8ff8236c9f7b774fbc76fa4e23763,29295,vargem alta,ES
a49fe63924cb611356f19d90e43788ef,4910b52e18434ad073715ee8a0599f3e,20550,rio de janeiro,RJ
1c141ff3d234a4ea775feaf7d0024a59,cc8e5ca7b38506fa626340b3c84b6d89,87005,maringa,PR
82394d9ee9f28882adb2888d34b4d164,23590c2eb8f2bf0c195c08ceb5f00658,5362,sao paulo,SP
17856f540114d991d7f8576b72f8efdc,4cec0991047084f698312a704572d52b,30882,belo horizonte,MG
6b303d3b8cdd5fbdbeefea8874d5bbe0,d3ec7fc778291d87a83b1ce499f5a142,71907,brasilia,DF
86bf55f44d8c6260b6d4b5ee9fda81fa,59251275b353db9758a16206fe7d5215,95650,igrejinha,RS
d3878d302b1f3a54da025c3c593c48cc,2f2192bae640c8202bf658d11a66a9c8,1254,sao paulo,SP
3d8a7d2f7d603be047ead30ebdb9665b,c33bea47ddde78f6c98de4d261e2e4e1,37500,itajuba,MG
b9a4ae03439dc5479da32b8359c44790,96189ba2e196ee0dca8a0513ecb9a39f,90420,porto alegre,RS
e0eac226ceae49858de89e8a5c1ba1ec,7d414b6a1cf56a6bc5035f9eb436b15d,13490,cordeiropolis,SP
dbf371c0a6ca1ab9a8d156fd12c8f8d1,9d792a9ca9595172b8d35a2428ce6c11,20550,rio de janeiro,RJ
e6bd5e16b464734e9301c0062b36142c,0fc00f0fecdb2871823506041647306e,2989,sao paulo,SP
1b353c00c71689afba44554e43cc5a76,83c6df0d47130de38c99cebe96521e8a,80220,curitiba,PR
a50a163029fb5f7935f311cfd2f5c6f2,37e36b040b4b82b5780f36fff4cf1f4e,74485,goiania,GO
4fd530fb0a2670c2016db3210471fc7d,2f228227554a06f96748919f0859c46b,95200,vacaria,RS
e64941affe5c05c4ac39ad03d69f8342,a5c62e7e896b7e6ed95d39714f51304a,11667,caraguatatuba,SP
e52e913e489901da20259b227f4fe4c8,889e20433bf76e2dba7d9a35c1ac4c47,11520,cubatao,SP
68c3651d6752a9bf3b7797626f200e06,8a89a5f322060e82525ac4509b9041a3,12948,atibaia,SP
8346ee415c6478f424a155b23d6dfa5e,34bac84cfbd0ba1da052e4f5b266c80a,36081,juiz de fora,MG
97e5ea711c00ba54392bf866a7d5f1e0,381a91201a6359179846a3e9742fe9be,87035,maringa,PR
b02d4e88865ef9f3b86290f3b73128b3,f08d5e0d77469bca395ed24633b8f8d5,22770,rio de janeiro,RJ
54c424fd34699c65ea6d0c12a80e4a72,3c1c6073be5e02b8f2c564a71d6874f3,4205,sao paulo,SP
46742eaea64c916d632b97c24f6b8da2,f02718b711fcef6de51bd38c643a236e,75904,rio verde,GO
3c71dc159116331b7643d296a921f725,dfb6c5f0a9757047b2b686bf88afac32,6708,cotia,SP
17abf348943d3a3ad0573f2910035417,0d7aa07091b3e786159120634f396abd,54080,jaboatao dos guararapes,PE
9c4f51b6fe51778d034c13325053ad58,666ecb6e95229b21b765b0c7f235991c,12630,cachoeira paulista,SP
61449fa1b8b8998c9c3f3a7f0ae954ef,d2f122bc3109d7fb2385daec2d6ef7f7,7600,mairipora,SP
1373cf3dd7bd65ead85da26b09d4ac41,cca0adec0a3b226a6f181d73f4387aed,81490,curitiba,PR
1e46b29a43929d0f05b69dc61a3668aa,714ffea1de3f5bb655da5a3a8294cc87,24727,sao goncalo,RJ
44305c726f079031aa4dec593ec9cd37,01e66e20cc67536e6fa27878ed07ad0a,45656,ilheus,BA
ef019b3cc077faf03d999168daaf8d07,ac5c80edeb6db099ebffbf3e53ddcd69,9961,diadema,SP
7ba93cdef10bbf6aac6001d25a90780a,c2ec8e4e0f711790eff8d0b7fa7fe316,97105,santa maria,RS
6130b51fcec3b20306df2145393397a2,2fdc18a80ec13de305a40c8f59b1d791,75064,anapolis,GO
887fa8c54c01aeec56fb2ed2f44d533c,9b4bf3fd44632f276b1df6a290c00ade,90670,porto alegre,RS
33a3023585bff9c06044bdcd92c95b4b,2e87695ef69b7236c17c1f1e021ed36a,92500,guaiba,RS
e626896a14e00a84683d8cf6f8c30a5c,1fd757ea0752b06b76e96094d3535f58,95185,carlos barbosa,RS
af0444fd0bec2983bc41d5f9874ce221,5d24e5538f4cebde02593b5e393b6138,76890,jaru,RO
1bd7c96e803c5114e0c1b2da62198fd5,3d7201a23fdbd167157b7abd027f92a7,21220,rio de janeiro,RJ
0b3d0bf8648bf98fecf9551f0ac712ef,36c78d937ff07582adc957d4e91e8242,3220,sao paulo,SP
2c4bf1b6bbd370f8ce5380fd47458fd6,31e0eb64c5eb715aab04433200ea4ed5,13283,vinhedo,SP
b2091c657df9c1f4566e2e1c2656a13a,952bdd2866ddfc528203799b6b7a24e1,20735,rio de janeiro,RJ
8f81c88e8bd6e80bcc4df4d1d18be246,dad9e634284872d012677965e512b57d,16010,aracatuba,SP
c3251a68f1a4b3225f7f861a5693fa49,dbc19912d7a5ce777b71178146f803f8,3256,sao paulo,SP
5044e8b37438c40fd1ec142dfb1d6807,9140d8cf5d92b74fd35c00e69a94146f,24210,niteroi,RJ
3048281f246c7e5342d10ac837c5c8ee,58e217b3560092a2aeb535376685dc18,89610,herval d'oeste,SC
6716e1ac019b7a47c59e604467baaf6d,47c477e496d8ee91adb59405be7e2342,64340,castelo do piaui,PI
70685ed2b54ea53d14b41a1e7c57b06d,81886a904fd1466adf8129fc130982af,17013,bauru,SP
67a9926031ed753f9736c0f8892aba6c,4b71d99501b75f685e69d6120790bc7b,6541,santana de parnaiba,SP
0598384cf66a6bd49ac0c725af1c74e7,ab744045d2445f5bae53b57a4b99bfbf,9240,santo andre,SP
5f2027781aea2cfdfd2fb08637d21e8f,54a6a0fcd0ef391583e754902f78bd10,62790,redencao,CE
1c3515cb387a43da4c50cc8e76b90af0,02e090052258dc8c675daf152e22afed,4543,sao paulo,SP
e5867bb6374f11c018bea8a8d1246c6d,9a4ae531d8d3d971d4c18a599afe2ca6,92330,canoas,RS
70f95a47532d0a1ffd3b15302f61a1bf,34b6869483f9c2ebecee59d3be7f6416,38401,uberlandia,MG
a5dceb0a120a9b028d3d4582422ad480,9b9897a77c1c330dde78a7755e7da760,40375,salvador,BA
e7c857bbac41f5a5af61d63650c2906d,5f7c4102110986de9fa01ad289376984,38412,uberlandia,MG
3d8fef1c581a354a31b4b73eacb08b76,1b1329dcb1b4fdbd4bf06c4a71fad0f4,82840,curitiba,PR
6aef8b4eabee28b90344d0d4611df15d,7c22a046cd18a2bfe87c79e63791c4d6,60335,fortaleza,CE
2c9f92e1d9657eb346ec0688113e556f,ee515c21c199f27b0a4d254de725ed59,3909,sao paulo,SP
9a4108082d43d4f287f1f71297a88f8e,145f044128f4bfb17ebd95ea329756cb,88113,sao jose,SC
00c7e84c0c77753093b456d787638eed,d691abbc71f38f91d187deedeb200290,84172,castro,PR
bfcde53e4fc9b102273906be1a94f9fd,6d78a5a0d52c0259e73fb97d61205e54,5835,sao paulo,SP
baa388ae8e98a56b80640f05b084938c,fe966894d60cac0ffa8b1c94e0a7294a,62800,aracati,CE
10101c15aec095b6078c8dd047739392,38fbfbb8a36e56ac7f401e5fa76f6aac,91280,porto alegre,RS
b21abdbd6175139c4e9b66ee64f9c87a,2ef4b953c1f651288a3373f143d478a7,18540,porto feliz,SP
e2e397b14afbf10eabd70b574c00c3df,b91c15fa50027f5b62e2105515a46d9c,14055,ribeirao preto,SP
cf6c82a042005e750e4b3d9c67c4ff03,61c3f91716e12d5b61a072fff1d023cb,60763,fortaleza,CE
54c7caa736af6a506044c72c0559537c,ab0346c6a304480b94e622b3cf1c5482,4657,sao paulo,SP
7dd4ca386e9a4add580925c77a483225,f5fb94d6a90c9c055bc6ea6489471601,84345,ventania,PR
d2d0c24e073cb688382000972536c1e2,996fdddf8cd5bbb99b221fcaf5ba1359,60712,fortaleza,CE
a6a0a62ce165053b536f84be26fd22c7,81173dfefc72d08cc9b859fa647edd0a,13874,sao joao da boa vista,SP
4ed0344372e80ad60bba6b668bd61bff,fabaf497dc9e26b0e6e1d37806619967,1454,sao paulo,SP
111acc29194a247a328b7cf4f1f8d5df,b53ddf7792f4d98e7dad6d166668d520,1153,sao paulo,SP
b367e7f1a5b42e9bcd14d91190ff9db4,4ef1b904f1f96de8003c5982e1201815,21545,rio de janeiro,RJ
c81491642e6cb5de152793df9069b300,a8e372a8df64d1e9250c093bd71f4cf0,74975,aparecida de goiania,GO
544e77a62037110df48c7f23d0a320e7,4d49ed305390ff5ecd6ead3bfbdbd6b2,18720,paranapanema,SP
4d547b17f5dc533970786de8f7233eab,d3efd0ae3bee9c35f302e336aef87b99,66040,belem,PA
782439c1913d6f928285350906a9662f,781b5890a0c5604582557e2125b42ada,30190,belo horizonte,MG
ec367d9328f38ee210f6dce68c73f5b9,892ce7ef9975bdd49e0242191e51058e,13631,pirassununga,SP
32217e3d1646bc53e60f94b1bb5db968,96c6a3ced23557fbd3cbd3d17e7bdfea,30180,belo horizonte,MG
e0903e2fa37760c105ccf0847c60aaa3,369fa40aa2f76f5f02318fcf168fb686,95800,venancio aires,RS
e3ab1e4b898e74096cb7f50c74a0a9e5,0e5df83aedc480494121a423e443bde6,3110,sao paulo,SP
1a663679384785e911792fb4a86d61c4,f925f3746464a73faab32897add08413,88330,balneario camboriu,SC
37e6ea49e170e1146b094fffe5a66938,d9d3946d80d034878bf1bbf62642ab99,13495,iracemapolis,SP
993369a7d509b78331e63690031b1dac,8ea95e0fc3da49749b66835754e2062e,7113,guarulhos,SP
5d9b0406ca19cb888e47386c944a8330,be4e3d1570ec8a2ba9ab57afd17b29cf,87303,campo mourao,PR
3530865b2f80d5b074540d8a2fed21c0,35d9487a7a829f7c76400b34195673d7,33350,sao jose da lapa,MG
e5c1358749c30acca897d993227c70f9,2c145691bbeb9cbe77ea7424be496ef9,99870,sao jose do ouro,RS
519a15e6969240c16ef4437b4c650dca,0afe0d25827d743170ee9033404709d4,5185,sao paulo,SP
108bf4710b177d9ac1f45d814aab627d,e30896b870b5bd0ee167faf60d419e02,19400,presidente venceslau,SP
0532c16fb3717ba27a99fd5492710144,1983d4bb595adf04d53264aab08ffb6b,4428,sao paulo,SP
3ea256d0100550636253563da3e913bc,8c7be63e191ee9f0045e3b61a4d44867,29102,vila velha,ES
b9543736a1c64efd425d1fbfeb613771,50e1b12ee1e2eab6157d9c0b035136af,29104,vila velha,ES
dd06035a7c124081d791d46dea94f128,f251fa47f92c30e90adad31062a96a86,17018,bauru,SP
42247da546edf5752cf0a3259d18df38,2489c390a6cb1de08e1e8fe45df18ae0,44720,miguel calmon,BA
510cfcb8cd118cd47b5eef32337a58ef,fe253e9ecb2bc4496544e4fdf1bf4c56,13186,hortolandia,SP
994ce8a078d9b40c268787c6ff42d514,77ca9de303d71489cdd541c373319818,76980,vilhena,RO
cd308a85bd46a37859726a36c43ba71f,635c8fb5a76d4ca6467ac179f8f8e3a9,35411,antonio pereira,MG
ba5bcfbc3a5e2dfa78d63431c45c9f27,0439cc7d06009c57579b7d91fd979b3b,29101,vila velha,ES
03e5e57dd377a3da84cec48a7bbfba2a,ba05c99cbfde258253cda5241f21136d,22011,rio de janeiro,RJ
bba44caabdf148a7ef93ab803e011c58,b9544dcc09004b3b28e388ed130e50f1,20241,rio de janeiro,RJ
3b948253b335dedfe40495c177e2addc,31e924c19d4d1cf7eb6bb1e96dc18c62,91751,porto alegre,RS
5491f5b2f7ef061ae1fb0b14b0fcb434,f59f93013d1303b74bce6e947e4e5a32,85810,cascavel,PR
5fb7662b5f14f01c2a37b381becceca4,d58760239457cc420d92744d97087921,24912,marica,RJ
248707f9a94a18492fcd8bd5496b67ae,575605c52d041c777fd46210b3e30272,5676,sao paulo,SP
b593c249903e4280399e991fdbe8d7a3,afdd204d84a80bf0269cd6a84eb8c274,27288,volta redonda,RJ
cdb128471a62ef514b60f6f40a15d35c,6265dcf485656c1b82c02df4e54ea739,21073,rio de janeiro,RJ
fcbd7b0353381303b9fc5b486f398838,bd6c8e9ea5cd9adc391f0784e02eb855,13503,rio claro,SP
bf5063c4f45464200ef0510c7a659780,7490f69f14fa7dd4b577f3aee262a675,18055,sorocaba,SP
3413b1a3a719cf261ac926114e3d3da8,fe86ce129cfeddc53998ddc884d92a46,21920,rio de janeiro,RJ
bd9f453692541458b7e80c8ec16bc167,9b475216704f39cb18ce448648b995e1,25655,petropolis,RJ
4118b74a807396d8c976e9cf09b632e4,cab8ad6cfba53394c2b45ceb87275f3e,76550,porangatu,GO
4d6a2339ba829456960bc4a6ac74eec9,1bcfec72dbcdc2a128b0a840d1c541df,8340,sao paulo,SP
9ecf2bc6369607481b42c895a84f8b0d,903d8624e0d10f1a8b1567c0e543b01b,31260,belo horizonte,MG
c315c87d66692883960f01d9ca597093,c9158d089637ab443c78984d20da7fc0,5727,sao paulo,SP
a5b2145cb0a276784c2e3fb28cd1d565,49f8f0fe12795257f4c54b14c06e2f38,85812,cascavel,PR
fcd3d27da039898ed57693dbbe9d99ce,6b3a47841eeaf152946111ef677b582d,3066,sao paulo,SP
88d527116cfe395e822beea99fc73c12,488b6351e048ce2bb695d12612dc33da,3811,sao paulo,SP
958a6f45092caf24c9c986aae8324cae,c2f70b70cc6c043ca2f6ac87c0510fac,85892,santa helena,PR
7643af47cba4130f3aff4ea2ebb3caf3,d86250e9b7c928947d25fcca3999b9be,90880,porto alegre,RS
ee7466b4c80f1bc4f55f2c2ecb0e7c6f,bcfc1d8cf64a476b003cee4599f9fd11,89240,sao francisco do sul,SC
5739b7feac165afca076b1597217d42c,22798a8a350257e467e7c1b050c321c8,19814,assis,SP
229d046873d7452a773c42e0f35916f9,30cc7860f832668d8fee80418948428f,13401,piracicaba,SP
07d18ca5eb0bb3e96f406d74edb2462e,8ca4019dfb727a43ec2d7671290be758,18112,votorantim,SP
6f77c9578a65aba965ffb1634406249f,ca1de4d44721fe19fcec76ddf762bec9,20031,rio de janeiro,RJ
b1b2221afa08f6c771c5974659000cda,91bfbff94623bda13fddde0d65acf76a,28300,itaperuna,RJ
2eeafd9d0467198f7d94fabf020d86e1,e9f90fb4f8b985b9450638226b9543fc,6753,taboao da serra,SP
c396c33a13de8470ca7f0fbff9ac4e9b,1e8ae2128137cd86fb6cc9d0445fcf7c,25804,tres rios,RJ
7b795a9df1fb7368c9c00514370d5c4f,45d7843cd73eb1cdd0af569b6b6e626e,13183,hortolandia,SP
933bf00ad9a4f8bfd36bd85e09bd6cba,4ccacf05f1c687822fc379cec1a70493,4401,sao paulo,SP
db8957fc5d587cdfd7eb1a3292d4e2e9,376638f877256111577406a6cecb76a9,28035,campos dos goytacazes,RJ
c1f56744ed96f4d691e31f2d786b6484,3115e354768c8b1951fab14116652fc3,38183,araxa,MG
1a13719d21dafc59a8a17846e0172f0f,21847820266c73e9c86cbb702e2ee3f2,13630,pirassununga,SP
5331ac2d2ed2def738a9c200cf8ebacb,d15f677a07a60a4f9720424d88ee9d67,15040,sao jose do rio preto,SP
d4d1005e3934eff533fddab9afb213cb,df0f306bf2711486bf3bca6d99801131,5051,sao paulo,SP
ab90a48c16d5533595fc9f34949a8170,4b7f624654e5181c5bfa4840abb208e3,84660,general carneiro,PR
58d891eda9a7fef354dcfb65285b4587,1034cbfdf32b07dbd3ab977811bca086,16403,lins,SP
216b824e1aa1817c80b40f8f2f8b246c,62bdd32424b656b8a1eafe5786bcdc32,89560,videira,SC
353dfebd323164d94436d351b73d8df0,dbc0161f5fbf2f879f019bb619f87210,86813,apucarana,PR
0b990a3550b758bda642b10c7ff76cf0,96701d73665eab8fc6fecb9863266efe,3040,sao paulo,SP
69009aaf4e400602c05b1da3989ca40b,87a309826a8cbca2e5cdc9c0e60a0129,38400,uberlandia,MG
ef6160b152a7df62401e31c5d3f548c2,80858bc1ad0b7a63c5b87b3baf4fe309,8421,sao paulo,SP
c01049464a5cc7c9e476ec5bfb6dbd4c,1b86ac69a699411527036593e973f1e8,87023,maringa,PR
edebb8880f0aad0c05946257fe9edcb2,a96b50f7f0b331655a1b2f9f5ea86251,6315,carapicuiba,SP
f7b168a3506088397cd2d771c1553a9e,5f7f2f316d856064acee6f1db7c9f63f,22745,rio de janeiro,RJ
920cff83215b879c9ace7a9f450c5238,5fa98daffc39515dbf7e88a6d276e761,57607,palmeira dos indios,AL
123287f3f6e1998cc472de6310f8e81d,3ba05008f7ff203601756159a5dad8fb,5060,sao paulo,SP
bb6b4fb08e29775ec97351f44f1fad1e,e8becd5d0bd454d3219ff725ec9010f7,85501,pato branco,PR
9434d806ad79343f0380e4c9d87453bb,5697fda4932c74e997cd7ed468d3abe0,21381,rio de janeiro,RJ
76621e79f527ea4202b8f05ee88ecd54,128e4b25ce222d138da346b4d5f91bb6,13506,rio claro,SP
766688dea854fc408d44e2f210fdc531,86fe9bdfd991105c910bd652862ab2e3,9540,sao caetano do sul,SP
7d0203db3e58631b2b611c169467acd0,59a422d6f6e9cf5b3b61625e43683b8e,35400,ouro preto,MG
19b1122a589ca4893fcce3cb209abba8,933a3c344289b11dc67567fbe01a7eb4,23550,rio de janeiro,RJ
fccae75f93f9d98d7be1e1c36a0820a7,196c621766aab9501b0d5509767adc39,3275,sao paulo,SP
6be5849e706666bb0b9ac0fc130efe0f,d6005a77ac698f04d2db0b3cd24a37e3,38660,buritis,MG
c155fc0c74e24ef74f2f62258b8c4bbc,438aa2b994cbb567b3a42e7c23185eed,28930,arraial do cabo,RJ
66538c9da66571088de88815faa7ee9a,8c9f376c4c714c1afd0255c7cd38b492,30295,belo horizonte,MG
f99d7ce66aba4bf59de3c05ca6561451,4517782060db6544b81e17b8a1d76aad,38445,araguari,MG
91bdbd577a0e49ecb7d176105b131a27,d3da27895f493c450604f7380547c7f4,90050,porto alegre,RS
9cd5e05a30f36125715250b8a012d354,04c3799d1da502e6977882da307f39bd,89694,faxinal dos guedes,SC
c04a2307a632d018118403bd57ce1395,f65090e385ff1887e03047d352e63858,3273,sao paulo,SP
ab2b0df51c890ff9bcae72f1abc72b79,626ef16643d274cd99bb92522a5bc17e,4823,sao paulo,SP
31e34659933a639fd1d656924e76cd35,cf311a979b769e3656f1d9e2eafda820,36900,manhuacu,MG
749fca10df6c0119082405bad607b479,b8a7d1929f23c02ee41c13c0119eba6d,29146,cariacica,ES
3249a3fb2ccd4b5f7103a6e759c0d873,3d364a7768fae99678635c4370295d20,28893,rio das ostras,RJ
2d8748fb35d51c2fd273ee67fff78b7a,a3d335d8dd759126b58367c6053bb20a,80010,curitiba,PR
5257f21744aca789f334058a11c2fb42,5270cffd29ac266ad0acc6bf4261321c,13565,sao carlos,SP
96d3328d8b8625bc4d656279e1515bee,e5f4c50b9b79024bcf048ad25fa518b6,23088,rio de janeiro,RJ
8a12fdc7884256c9bf8b7e3c48815268,98f757ab78a0f5d161d62ef9424cfd81,1331,sao paulo,SP
6f279800252d785cb11706fcc0384259,006a8c1784d622ebe06bab57e72ee045,20551,rio de janeiro,RJ
a0d430c59b700550f20303fa1d6b2ba4,e17408e3713638b24626610417449cb7,22710,rio de janeiro,RJ
a14a54843c4b23ca87386fe6088fb649,4397cdacb59ba0ceee5f45401a8ba313,88850,forquilhinha,SC
7e9b88bc5b0aa43c38d8992aa2162006,9c9005459415b7174f5afb922d4a7bf1,98280,panambi,RS
5a4ee1320c445a642238d915249864ac,deccec264c92bcc03e9d0fd7ccff2e58,6023,osasco,SP
c5ec9e7825f8ec234b331113945cb5ef,4a87e667294a7e8c18a5656a3813e24a,28540,cordeiro,RJ
e8094cb2a242669ede8f9084dbcba0e8,aeecf7bd5ed83636a9e87f36f691be93,60811,fortaleza,CE
db4184568ca754f6639d2d5c23578d27,a0c8c8164e126c94a3ef8a34fdeb7601,22710,rio de janeiro,RJ
930a7d6b31016f869dd9d953667feaad,1cbe41267c3d096b1af62e4b0329c4cc,99701,erechim,RS
07402722a2b316e79dbd20301ba2b345,5da04694ff3210374cfd712b61400ec3,8775,mogi das cruzes,SP
b323dd4451f8a811f505bd4c597bd181,659b2485938ee7ff6b7914b5fed15de3,1524,sao paulo,SP
8abea2586885adbb1203c365be1518f1,2d0d69cb131ce9922d4b8684f3fdc720,21371,rio de janeiro,RJ
d1d4697472a54768704161ab0d713a1f,5d9f42453f12815981c981caf51a9b30,20520,rio de janeiro,RJ
64065d6a8dff88e59b688faf3c35997b,537c302229bfb3e664aa7c807f975cc7,71925,brasilia,DF
dd2806a552e8e9bdb0a8196c0f192dd9,ef5c74f58c44c4ae921519006ece96bc,85818,cascavel,PR
ebb7a2942172efa549f149c74e43c3d6,88565fb9279484fb087bff9a9912f0f2,39100,diamantina,MG
441de7dcd3d15a1375a2d347b64e21f4,d17b97c6f69d56ab6d24194c7a1ea791,35063,governador valadares,MG
5d682c38b328e23a009a3e95cdd874c0,ea0f13c388c2ff9af9ed5b5058ebf083,5011,sao paulo,SP
72430ca7638959110ed1dcc035402546,d1253237cc6eb7a60bcb018343642b0d,17300,dois corregos,SP
90d791d06a3613f5232770d70dca4c63,cfdf2eeb223da082e4be3c1259830470,37496,turvolandia,MG
8762d94c493b70216cd453ea2320234e,3158fc4f60ca92412de397461b64cee3,13175,sumare,SP
c42188ecda96aa87f2f7ae67974093ab,f5136b8fc0ca2d9037d400ec1f196305,22743,rio de janeiro,RJ
491b9b3d90d1ad0c5ba4e621878d2d56,6204c4e582a95b6a350adf6988623bfb,13720,sao jose do rio pardo,SP
e24c95c7fcea91f9d8e06c7b2a139301,63a1a412f0d9ea81fb487dec2851d1c1,20720,rio de janeiro,RJ
9ec7033b5e74a016be27ba7e31905e7b,080da170b6d87c6c6e261c68e1673320,95084,caxias do sul,RS
d5fcc29b8b9802010da44e8f873a96d8,d0cfeceb2f85a5934a047a3ed8b38690,29930,sao mateus,ES
402ee7c789991c2390d968451ae17e0e,a5015e9d8815045c474ccbdc0a55e6e0,31060,belo horizonte,MG
a94259e3111386ff1ae6f1c3712fe6fb,f5cd72e7209640c294bad4d57f4f7772,70297,brasilia,DF
731bc8cd3f20efa7d59c2db944bb8b4d,5ea60a7885845fffcd48d8aea054ec26,14780,barretos,SP
bff87edaf15e6cfa480094a5717d9f0b,bc1d009bce2f69958b6039bb30c0df01,18086,sorocaba,SP
8a9d2de58d928e3d7849f82781013196,b88703bae97dc649876fe4c9474d3357,15773,nova canaa paulista,SP
0a9ac0c78e9dece6fa0e9ea38c17eeb8,1aeb8d7b539083ab2ca1f73a316616ea,1311,sao paulo,SP
73a888920ff9b346bdee4b1fdccde84f,1cb19c768aa3b18465cd7c6a4a8fcd31,24240,niteroi,RJ
412f5c0b538eee4c424489926e281ed2,11b4e738620fcddc5abe37a1cd298d15,14050,ribeirao preto,SP
e5583a36cc70b95b339afc5d67c5efa2,c1b1eb8a5a67819956718ddddcf038e6,8715,mogi das cruzes,SP
f160aaf480efdfa7268f0fa535f73e76,2d1bf256227e4d22d10ea6c0b81809d7,96900,sobradinho,RS
4ab6b9b183a09e503665c331ab76aa17,ccfd020eaf030301df959b4f09ff45b6,4438,sao paulo,SP
f68bb3a77af642b3618a3a67fa542e47,23d400ad6551160747b6372767a586bc,31578,belo horizonte,MG
8356099ada1aeb005c267bed62a9c750,5a7d9eb6ba2ea2fe7b9a7f1640dc3876,2060,sao paulo,SP
8457dd875ae43c9b34240808ff8bb757,0a7c72fec6e7d7917460e5a26f09dce9,12900,braganca paulista,SP
cfa96f1103002b25178f822afeb4c104,9c799fbb60c13bcd545925514dcfcbad,2878,sao paulo,SP
f07050b4d39b333b0181b6dc9d01c593,ac30e70f913fcde716dc2ec4c3e7094a,41181,salvador,BA
9f7a3eae3a5b96c05358e8308e4db1b0,df6449754e3b70e4662f400c7ff8723e,65510,mata roma,MA
0ec36ff509b6eead5a50dd3bab5d9344,d42e9a422c68c20da3bb5744ba9c3fdf,16900,andradina,SP
a9bb000979210a35541c29601f2dc03e,fbfcbb9969287114a9a4757e78f6f807,6900,embu-guacu,SP
6a2ccd604a2ab71df8ed90f9eae7390c,3832efdd7e69e23b2edef317d96539bc,13252,itatiba,SP
499311489d89baa6ed8f9f9f1f3758b8,601725677c1484660662470921a9f01d,3605,sao paulo,SP
7806ee8ce58a419a70fafe0e2400befd,c31ec2564ecad02c5a6f4efc1d878680,75560,cachoeira dourada,GO
c3c2890de4f0b5e1dd05a3de8947bf30,7d2d68621da84c1febf4179d76883c2c,11533,cubatao,SP
7bd0af82474427b2e49a11e4da31c462,1d81df659b4cad7732c33e2c7aa5687a,94380,glorinha,RS
b55dd01c30f88d056110458becba6bb6,46650309632bae65395fed1019b3cfdc,22460,rio de janeiro,RJ
a11dde3e6e22e6541818f5e81563bfc7,5c88de047e539f2ed9a643b3c7522f14,17250,bariri,SP
0c4a28dea9556c536b703f5039158dad,a11ae0d97ead5323440b4b5f0cc0e135,13408,piracicaba,SP
081ea0387c6abab704e37f4c9bc965bc,d7bf7cfe09c3d0f40e1cabde2dc17fd4,18044,sorocaba,SP
631212a6012ab9b75f7e19836fc10cb3,45a5f0934515b45191bfe0bbfabd7097,13880,vargem grande do sul,SP
6099b4a3bbcc0a01fb20ff6cab0289e3,aa1c9c908a46198cf8b8fdc5c8037688,1007,sao paulo,SP
53ee287b218a0da1c0b0d15a6017ba25,bbea9ab1715788f320f07df795a7a05e,82400,curitiba,PR
f9101abc91870da87ab5c5c0b687e5cd,00c003ed13c76042b78d53fbc26930d0,29150,cariacica,ES
32f7f86eb8098b2c0bdfc1604b5da9bf,3e0a8e2f767f96b047452d0eb7c7f76e,83750,lapa,PR
e8a9561ee949a7a4b2f58351ed6f9d85,364cb3e7f85cd86c84192f01f1ff996e,27920,macae,RJ
486d66df3ef703d001f77632e7fe6bd8,1c1e853c03b366f8f8b162e8f4340c80,37940,alpinopolis,MG
749b4a27ab77ae603f9e260c945ce8bd,97df2663e9030b16d0e9eb25affd2c30,74473,goiania,GO
d6708bbbd2d419475869a84e41f620a1,12bf514b8d413d8cbe66a2665f4b724c,30840,belo horizonte,MG
544c58d4cdf2d598c7146aecaca5f86c,f794020f09d4ad9b9c4292da5fa9f722,89128,luiz alves,SC
7d8fc5d1f066bc73c68e6c207878c1b4,de94623fee735ec65d034e247e2bb488,33913,ribeirao das neves,MG
2a882786bc3a3af530ed3405b171b09b,9f8de381fdef39745ec9329147b4541c,3220,sao paulo,SP
70a4565a0e2423f8bd3ba63125c901d1,a991e97aea32cb2adefcb9d34968c97b,4563,sao paulo,SP
a88f6b2e3e51c830e4850876c911fb8d,3867198d50d68da57284e0cfec9d1902,47850,luis eduardo magalhaes,BA
9a73b65ca2a7ffae76c1b8216ebc1b53,d558d7ea1748f391b2cb55ba0aefe97b,12247,sao jose dos campos,SP
4bfed7ec90de2a498c6aaaf4ce5e4518,e4cd163f17c45803ed4e0432ea78d10b,35300,caratinga,MG
254a99b66d18dc590fb0b5e226382afb,9b97ef812444a46c3eb4d21ade18bd94,36010,juiz de fora,MG
bd026bdd374fc832ac47cf6d01e64bf7,26832dc76d1a05cc0972247fb1bdcdf9,5051,sao paulo,SP
512bac2ddc9c18547a0c173e522d1705,498735d4351f24cffac0107bc64e9b40,99050,passo fundo,RS
131740d1fa70fbc1e265ac7fe700e34c,a2b0bd17e5e3004764dfc68211ef94a3,89254,jaragua do sul,SC
3128a0507c7ff8e2278c112b605ef937,74a963734d43fba60e433dd293f90d8a,38082,uberaba,MG
250db83427885000b3aa996cf9dc3a72,4a6fae603f245a9312b737c601aaee78,24230,niteroi,RJ
de5eeb7f22e90d51b4ed3d6d43905397,6a0d68294a58730f94eab8de2abcf050,89680,irani,SC
8aa4d935310fc9211fa1e78dcf74babe,1750995a1e8cc279199b445c35319589,65043,sao luis,MA
498262061f04103f440f2e643da02027,e8001d7ab27230c1f2fb39aa63aea136,28300,itaperuna,RJ
9bdd5cd13aabfe185161f71fc3b505d2,23c313fdac8a653b80dd4bdcaf4064a6,35900,itabira,MG
fb62f2a2b233dce9750bd57255526150,94ab7b79166b804ee2c4d59e16eb3b8f,56180,cabrobo,PE
25613332a78a059ea028f0360023a830,0c7d571c947a548acd97297248692caf,12630,cachoeira paulista,SP
d8be51d4139b593eadb40bcb184f6c8f,aa6c1d42efc1e9ff16ec83d91cc16b43,5060,sao paulo,SP
b4e58d7a8196ffe7232f0ee83cfb57f4,0f959f179a3451d6c6bca46040b52b68,3211,sao paulo,SP
42735dc9ad5d47f62eef96007363fa58,8aaf8580719c71df507c102643a8e323,16250,clementina,SP
226236428096449139ada8b6e6bf4136,f75bc8b1aa3841ba66a6cf79255d3486,89820,xanxere,SC
7cd23b5bc801943bff3e130093cdf687,03555eacacdb0eb64b97bc653de89124,28053,campos dos goytacazes,RJ
904536251ddd892544f095d8107eed21,c51163cdd2b6424a8da364d10874d7e2,41613,salvador,BA
09aa95fd4e9472f20a0beed7b6ef0681,193fd9d5cf15050e14d7e67726c07364,33805,ribeirao das neves,MG
f04c3f6e20a2a4318d97d7cec1d27bbf,8f846b30f8f56368cd1bf4c89efeed74,99990,muliterno,RS
69c783442bd511f3ee92190fef31e979,2509f289867ea537c35c985c5c46bab4,22451,rio de janeiro,RJ
c389715f8b1f89ba6f0160230cfd95a7,87a7db17f4e44fceb48191d2e5612acf,55940,condado,PE
bc01d798f24a959b19dc8168975bf7ec,dd4f1f5038183f09bdaaeff43ebfdf59,4556,sao paulo,SP
54a57e9a3557ca4215104d9b58fe7df1,b08da3f26e34e80b37289b598a52aa77,85903,toledo,PR
875821ff77f94d5c8960cccdc48500e8,3b1a33efc09a4d8df157d8c9b4968bab,13206,jundiai,SP
b353576acb75a31101c682a70e89e6bd,c5aaeec244e8fec650f99e3a091f860c,36035,juiz de fora,MG
3e2c76f875903f5937c2713907124051,41c42af2699fa844ade7aa352aba78d6,4195,sao paulo,SP
1e223899442e479b03b6e0056d14b25d,3ec3b9e0f51059e087237fc0cb06427b,83860,pien,PR
36774face3b8ee84925f7ed49dd56c42,0246e728843e079b72ae99cbfe711acd,13150,cosmopolis,SP
83fb768fc57eab1f5d0751588b29e76e,89bf67e3315301f332f5fbc7ea4ed749,3343,sao paulo,SP
74d10546f9168d9187c25bbf83a29833,8a700eb66034af4248cb2ddc4a90cb58,13290,louveira,SP
6fe3e86aaffe0c52d238e4f89950ac1e,3543bfa56514a2ca65d2f2a7470e3ea7,49050,aracaju,SE
308d20f143f513753219bce6d5493022,3f045211d80ea56994305b7e9b22db41,28545,macuco,RJ
de67b8bed7fa293d54466d66bdaadc62,1af6a4167ec3bd3d41226dd8e0ec063e,9725,sao bernardo do campo,SP
33fa216102707aae73b480aeceb71716,ef93dccaa1ae54f91d510a7d5bbc79c3,55750,surubim,PE
662b50538fbec2fa00feb3d4e7135b93,bc0f16bc629417829deb3b163c25c510,53220,olinda,PE
1bb26cb73f617c0b4eed520cc297ea8d,215a9975430b79bfc8e836ca2dcffb92,29138,viana,ES
d0ed961c7140b7f191442b56f46aaf2b,634420a0ea42302205032ed44ac7fccc,27175,pirai,RJ
86ff70f8d524fc65ed5f59c12384e411,1705858121e505b099a4eeffaeec4b0e,24340,niteroi,RJ
f9ea98973ad5377b86d588b734afda06,454426cdbe8229d900b78aa314e386ba,80050,curitiba,PR
3b4d546d0e5f84a84c5cd3034c557b72,3deda78acb25da21d9e439aa39ec6ee4,37660,paraisopolis,MG
4d92a3b7a734fdf21d16feba6dbdd95e,364cb4f2a41aa84eb36090a25f26060c,1218,sao paulo,SP
ab0703a77ae050888f246bbe42ae20d4,ce4630b1709558ea3d46969c4637a1c2,30710,belo horizonte,MG
24c5a5251ee54a54a9497c6e82f321f6,142e95a7a3e3d5f391706a05549a1632,74370,goiania,GO
7970d113f06bb804df4febb76048978c,0f05d6d0d0c3615282b4d894b50402c5,5625,sao paulo,SP
0c21e6ca6ea55cba835f883bb68350c8,0f5a5218812ded0d641b87f580c47ca9,88037,florianopolis,SC
8e4a0eaf18400c5715796fc724708d00,da56ade83334e416439ec0cbe4b666d6,41680,salvador,BA
0c9be1ec8a88da24743626fd0384ff46,5d6d845f58ded83805d69344479b27be,88130,palhoca,SC
159f7183e121d412169e30a10a7a4c63,130c85da601c2f7af7a562f716967b46,20230,rio de janeiro,RJ
dbfc0c99b6d78ee54b8d277bf10371d9,501df7b7446ffe9136cb098343526058,59090,natal,RN
1a954bbd169e7813291d468aff07267d,a8e08d4f5f9bbf0b7834866de94b6aee,17511,marilia,SP
91e07c844b9c9cd8a820a32f93af9629,78fcdd841410275d44518b6b30b27809,13188,hortolandia,SP
9884376f4d6e303ed119a8cd78d7d975,7ba092ede07d6dcfc69de495d9c4b5d2,87709,paranavai,PR
7773ea1eca2e879eae21ac7d62ca7054,245893d21e95542564c17f06bf854972,9171,santo andre,SP
2c05e0fab14a8b027ea735e5f68c753c,a23f32bea5b7b72d42da47dd84064251,22630,rio de janeiro,RJ
fe16ef90ab6e14515a95ba2255d7e918,2fe074ea3cc24b8fd57d29effc995f8b,1409,sao paulo,SP
16e6da5752d944112a52cf53291ed0b6,0581ef72dbfe4bfd10751730ead20e1b,40210,salvador,BA
0370d1c87da5bce39a913db0c94c146f,1e789ecefed2a827fc7d5db1f20919f6,96810,santa cruz do sul,RS
f560ee44b1e7d019ae15e4c4ed624d22,3881a31abb8e6d4da76371f0e56b6cea,80620,curitiba,PR
2ac7740a46d83856d2c51372f27c1d03,6bfc0d51218c164f5d11916e1a102931,38410,uberlandia,MG
ee517d3a38e003aabc2dc2b08a0bc6fb,1eb6f015c37dc8e3f5b531fbca809a49,81610,curitiba,PR
f198681d09edbdab2cc9532cfbd58cf2,75c150705c14f235a16b320852a7dbad,62598,jijoca de jericoacoara,CE
4101a5d6c7424b949a43adc5a2c0b723,311ed28cdceb4f7c87b66bb02ab5cf07,18078,sorocaba,SP
7122c24d3c0eff23bbea46f485fa0d66,93efbb67e62b113be8bd07519b65545a,62685,paraipaba,CE
01c77b0f81a1e64cc8de4f736226f7a1,4e11a713ef5224c1b4e2409ed9a05e15,9111,santo andre,SP
b002b854dca9856120dc7f6e22d9313d,9a6fcde7014269861d6fa57d4719900b,7151,guarulhos,SP
e0ab3a35e656478daf236f8b78091496,7493d2ba4d74df409dd16aefe4f1221e,35162,ipatinga,MG
2254b94e0f630fbf407e03563b0747c5,0ecb7751a7060a4fa039126fd7c30323,11680,ubatuba,SP
56d9e13e6894b123c090a253757182a3,71b6cdf99467e93ff456a368eb86900b,55170,brejo da madre de deus,PE
93e2b668f75cb137a4318ad4aad0a984,a277c3e4537edd93435ab61288810da8,4077,sao paulo,SP
06f3fd76e17823db11f5af33cc79ddfe,971257d709595abf1705177bb9e1ed5c,88015,florianopolis,SC
d575e11a6155f00e7dac21ee59463aa4,c7bfe64ba6a8b62b1ec8212438caaddf,91520,porto alegre,RS
686f061bc1f55e41e260b1405e884c10,f2486ecf1e4d40ef68dad70ea816e608,12209,sao jose dos campos,SP
ff2fbcf5290b75ae615bc293f2a9dfc0,31e2a2013f74538d3ca08b0c24e7e62b,89082,indaial,SC
f3f53cfb944cd5bdd21aef1d8e59a43c,b265cccc1d91834ad1a2a2ee58fa09c8,89198,rio do campo,SC
d33c3532d272d4378f30c87b5dd83a03,51bd0e3271041bb294410f38f9643446,63122,crato,CE
3c9c382a4b76e788a7f5840d02b943a2,d0d4b3f21b0a9f1768fc7e8555e6feee,99020,passo fundo,RS
73cc73b9f0e5aeaa6cb029d0ca83bcba,28e8e8fba004a0704128902df914271e,14091,ribeirao preto,SP
96893778bb00036d90c7c6c8082660b3,6c9ad578a9b3a760bc9111c35be1ef88,8790,mogi das cruzes,SP
c68f1a0b156eeb49b2b3168e4ab55681,2aeb1b7d567e9e232a56cd0b80ec94fa,95200,vacaria,RS
9aba1be6a33b379bcc4da86e75b731d3,71b8dc9ce21a7ca5344bde166e117c9f,23575,rio de janeiro,RJ
7e65f2e10589a7e3149badfe2d5ccb42,21c746e9ba5ae5956248b2db75515483,7192,guarulhos,SP
797e47f5ab7bfd84bc11a737a210e11a,c781b8a6d69bb1d34c9a1392255bc0ea,95595,cidreira,RS
ffed5d4f6245fe13cd57054621eec36a,01ba3180d3c6e7a6e269c5a542985423,9371,maua,SP
c6447c7b0643e5526a0b245317858d72,b5994945172eef0b73d63a7e3ff8f6e8,5415,sao paulo,SP
983286740ff2d1fd74d499fd1a711de7,a2b6e488aad29c0bb3621a5a9c5a9d41,83010,sao jose dos pinhais,PR
53c9811a9eed9e84d267b8a929840882,4474178cac55e98fa8fb5aeb55c9a06d,78043,cuiaba,MT
9c0c58af21e19302f4921f5e3f103614,ebe46872371ec8fa657e9c7e66d70a26,29102,vila velha,ES
2d48f4b0f15931ea30ce7b0d4871dd4e,425ed4a176f663ea120b0ab10cda47c9,1333,sao paulo,SP
5f72cc875d166f261f0469ab1b52c4ad,cfc25323ffc015b5667c20d910b720e1,18070,sorocaba,SP
def8a94426e0c4056edba77cd10b8159,9876a964f3d55f09c07ab2f9d52601df,85501,pato branco,PR
b965b22eb0be25b8a06e11e390c4ffb8,51888dc2073cdc153ece50f699ab8ec7,6765,taboao da serra,SP
80b6b36a3124d01fba45ec50e6f5ae9a,b95f13719240c2398e6a22dc4b42d5a0,12280,cacapava,SP
cce67659e9d04865a064779206b7f545,8864fcd75870a545f2d3ee3008f2bf74,5581,sao paulo,SP
25b97380259fb4fa328c4ab94b33c81f,1a42398a1e0806c36cc9aafac8a34df5,14177,sertaozinho,SP
019b7076acf0ef17a372c02e8b170cb4,1077150be9a3addfe85f0b44a1497c89,14403,franca,SP
1a84d26e0b91518f76c51b59bb3e9408,118be57d1b7de439453a0c6625ad7934,41815,salvador,BA
709825052777ef639e8a2d7591e63a20,96eb7dd5e1ac53c5ec3491022ec9f277,84350,ortigueira,PR
c49ddc57f4de85a5c7694bf37f9b525d,a0c02e30e19b2d276b746bfbfd36cd1e,98750,ajuricaba,RS
0ab1722e3f8953ef04ed2b8db98bd0a9,1ee9e5c4b6f552e34fdd8a64d98f56c5,87065,maringa,PR
dc837aeb1f809812f4ba96906c33a528,46bc23522a5cfc52739f59b1a7770ad5,1206,sao paulo,SP
16292a565a0a28cb79837f9e0aee1ffa,aea7ab8a59e1b8edde8454fef6dbc12a,81450,curitiba,PR
26414d88442f62fcbd8a39607b9211e4,b0dfdc982b3c158fdf0c6327dd9325a0,8615,suzano,SP
813d879c483a0aba3c6aa0c9622c585c,416e6088ae45421d02c8ef8799e412fa,81210,curitiba,PR
3086654455e8ed4401d93f2af816d8b3,88fbae9cab186bb2bd7540d7fbaf6831,18016,sorocaba,SP
e93d4c22a2f45aaaa547188898e28ccb,a72a2d4e19868dba726c0e6f49198c7e,76105,firminopolis,GO
30aeb7b5117f7b889862eaa74b545e2d,3a5c7f0a36d613a96a3cef05fc890ae1,9541,sao caetano do sul,SP
b54c3706d7d7a59b0f07541d4070dae3,1ab4eada30fbc61fccc37625314cd6df,39802,teofilo otoni,MG
1a87ac7d56c7f9d337a271a7c157184c,04effeb71dfa28a5096368addc3994be,5730,sao paulo,SP
f1159a36d6696022379b3696298d1316,16b256e5df531b940170cd24e7b26a82,6624,jandira,SP
3316210707aa526d6607add03d086ec7,bb57dad1e3e471424bbb314b2716a8f8,8485,sao paulo,SP
fc056cb6f79dbf7ab1e6ea6ef66f7837,2d88f41123c35ee8ce8dadc83bbd8650,26510,nilopolis,RJ
a0a88da4a6858c8d7cc650bbd21949e8,d9a5ebf62ff59b5cef9e4e36b6a76f7e,97030,santa maria,RS
25243a573082033eef3dce30008bc979,3ce1f073f23064622d54167bd161f9a8,99560,sarandi,RS
cf78fe7532c375731b3d6ce693a8600c,05888a33939ad06881d380349c0d0b1c,80230,curitiba,PR
217344c7c334e16c8e76551b4b240c1d,584455f2e1e703ad4ea6618f833ff1ac,86460,abatia,PR
68d54b6b1f24a481a2f472046153c118,f279afbabcada13572ae412aab63644d,29066,vitoria,ES
10baab001a56d35c30388ba757de99ac,0fd239a62abbc756c7fa6c170025d273,13067,campinas,SP
0229d7450ba7ceb9aee1e3fcc74f7dee,b9128514e102f40787b83ba482a44fae,14801,araraquara,SP
17b0a5b70ea69cbaa9623c8946d85bc2,c375bfda01d6951d71d1dcbb50b13ad3,31050,belo horizonte,MG
b33f12eb84ce2fd376a58202dcbb8a67,b7549e5ac3f748f89a217d25c16282a3,5633,sao paulo,SP
81982ee862da4aba30be66bf27406df2,790418b06b177b2a7d8444ba99a6bb35,9321,maua,SP
25b47b76e47894309042c440d0b52481,f01078373d82aca11c26b307140c8545,45590,dario meira,BA
560c8089d5a164844c203f61c55d88c6,6e585effe241882bc947bf1e7bff3fd3,28909,cabo frio,RJ
0324eee00643cd63d11ec25cb930d53e,3d8b5f7499ecd5b1d995bb18d9ef69fe,21770,rio de janeiro,RJ
db55b2c93fa9997f28cdef04794eb027,3c7fe4530d3a53c696ebb86baf38c5d0,30865,belo horizonte,MG
913e1c5bc2d3a433d3886677298dcbf9,2d2b42b5afdd4aef166806ef0c564c47,3923,sao paulo,SP
d2f186ceb055fd3674aa324ef1e43fcc,3ea221da0451d7a2fdb9892f427b0744,18607,botucatu,SP
eb47fece1267f094ec35bc6efb35b9a6,e81fded4dcd87376e7d8ff1bc8e01cf8,13406,piracicaba,SP
0273345e320539cc7bf1f6469b2fa34d,32abc7be8597ca79733508abb1db86c9,15046,sao jose do rio preto,SP
83979a5effa437c8a99f07066147957f,ae177a2510a63a7ae57ad76a9a99b876,85901,toledo,PR
58dfdab06b8627a7ae9dba05c3db2738,9924287cfa47b13db94022c8a00e3386,20551,rio de janeiro,RJ
08c79ba38eb563126e213a0a764eb7a4,229d029f241c7e742bc0614d8113e4e2,17206,jau,SP
ffe1eab23bff108bf37c973b05d4e9ba,6fa76b0d56f88c4685b9e12f1d8a4220,97670,sao borja,RS
d26f92dad3a2f62023e3411cc7ae6721,8aaa1627d1c9bc4c067ea189493a5205,6803,embu das artes,SP
9ef7bea580502adf844b3870ab381495,3bee21d3f6de31be0891d0cd591f33df,37580,monte siao,MG
7dc0de733b2e5f365577ec1440bb762e,4f33256e74e56b333e07e47064ff32fe,17604,tupa,SP
70f455685561519d6a7770423cbb01ee,c81c9108cffad3027309e6f0ff327de4,6704,cotia,SP
37b845ee1198626c1545c4b81f591960,d12130dd085941b280cf5e447e243a1a,14071,ribeirao preto,SP
a400ff8a1b6512b2d1f9fcdaf5e222a6,d9e06320bc4c013895d433332e0b0536,11542,cubatao,SP
96b3ea36ae6536e8d46ac247b72b9364,1ac1c20d54ae0a375b77d6841663762a,27525,resende,RJ
9f4578f809480da7c0bc98fab02c1cc3,da1156ecf6d5c22b6f55a25a22b707e7,5731,sao paulo,SP
8541728bf74c0f7a3277c15c4950a994,236bc753fd717415829966772fd12d58,11673,caraguatatuba,SP
3babbe0f93e94df8a3fc0f70ea9a9053,e3c80e60689c5ee108d6998a704d4cb1,32415,ibirite,MG
be0e2abfe1e57a99b37f471ba7380aa6,fb3520ada3c1bbc8b1b978ab735370aa,65740,pocao de pedras,MA
c178d6d544925594fafab0ba493cd645,d76441ab4a22e389561144ffafdaa19c,13068,campinas,SP
1004ffe8679b2e76e70417c5224b71ee,9445e4dd2324226ebcb8a09243046a76,86840,faxinal,PR
ff0150596f14fb58ab4c45ed2abe04ff,e0d435e159cb71fff2fbd138e71aae33,62430,granja,CE
0f4ac644739f6e49175bb1baf0277b8c,f0dc4035c184f9d29bf0d74c8a57aa9a,4445,sao paulo,SP
9b079dd2ab921fbefaa935054ed0e183,d9d7323fcb35521dd088e0e0ad50e8c7,9691,sao bernardo do campo,SP
e8e3d8d996f2b2945feab63c6c337989,b1502798d0e249048594a2d3e708fcc6,96230,santa vitoria do palmar,RS
1b520c220eb287288d456d947acec195,03366d722c63b3b9e683fc38d5836699,15130,mirassol,SP
636be70d7b46fb1db9836009fa61d6ff,00c19498681c665889d1212be870e8df,94435,viamao,RS
07aab738b58fc42a719e00167d13a7e6,f81cdae246bae1435b5fe3fcc18a7d04,57200,penedo,AL
a5e6bf4ac91d2a0df7e87ad00f4b35b9,159bbeaf58e0b4c5cdca4d998d669fdc,5011,sao paulo,SP
39a3a09af913e6f029e2d845fa0110b7,e266e4669fcc469037c3de148909fa5c,3069,sao paulo,SP
bce05094d02df76af821db9c5df81a35,5440e754f571e30fe2fe6a7bc9ad3776,17605,tupa,SP
868abd036b449e8e53761765bf59bbbf,232446d0f746e3bd076d1072135e941f,88036,florianopolis,SC
9d69cb8a80980be80313e53d52f0d78f,0ffff36c012096ead36aa8fe815337d4,71880,brasilia,DF
7bb5b53c7d838d8ca7e94ce809b7d784,272f0ffe236b0bf765e14f5a2b577a6b,9710,sao bernardo do campo,SP
58a556973edd562151f3346d527427bf,e9b52a3e2e946860b103b1b30fa86429,1050,sao paulo,SP
5914948062fa3526833e5f12ad03539d,48c2efc910e703d1ca5a70fe634a87d4,13454,santa barbara d'oeste,SP
6285f604fa70a13975a094497da3bf6b,b38732950105417b181136c00f9fff9d,69908,rio branco,AC
c8b8fc6a174f7e78125428ff2e452cca,d5abc2b56863ca7eddbeef26361b015e,26310,queimados,RJ
d86db9ba23e719eb8c1ef6ce74c512a6,a9f2ee3ac6f8aeb670c23effec238de2,5416,sao paulo,SP
2b7e2056564c3cf62c3a538efe74ba8e,2db60a76a1976f100c4e94c915a04683,65530,urbano santos,MA
e6c8c89d3ddde215c157724927e7c5f1,5fb14c674c1fbfdd44d19e43087fb6df,34012,nova lima,MG
0984d27d6583310ddaad418a2854ebb7,ce0314fcb20275203d37f911693fb898,12230,sao jose dos campos,SP
836d36fe0e20e7fe17d828cb4af09008,d0b4d070b79dfda98aed0d61463d99ec,17340,barra bonita,SP
8f7e5621fe5515e2d200a90f6643bbb8,d56d3ae6108bcb7aa1b8a58913d3fc5f,13219,jundiai,SP
177f63284a3add187b4d5edde00831b5,aa59643509bd48204e382a171e715290,75830,mineiros,GO
7330d34b5bda6028598cc40d357a8874,d344aa2e0449484a02060bdc34cd8c1a,7144,guarulhos,SP
cc75b9bab7d984b2bb2feac7b5908d68,49d514de457c6c152ac88dc2636be92c,73080,brasilia,DF
b4eb4ca3fef464f5a8778c47da055604,a2af9f0425fce10fc7814c347a275095,39270,pirapora,MG
8f6897eea837b76a043cefd94ddcf4be,0e654cd2ff0c4694a184cf1ebfc0fcd2,96610,encruzilhada do sul,RS
f154c3425ff09d9bd9cf677f7f658bd8,fc4fcc305b7eb5bf85e06e1945587639,8695,suzano,SP
0dd70915d5f46c4cf8afce382e0b5b86,526126c9f6a2a58d226b574d4d6c2278,14020,ribeirao preto,SP
0d9f1ec8ce764e4b5cc17969cf9f6984,c939b3e07fdf6ae8ff15df63db12e56f,27321,barra mansa,RJ
9ab9e1f4d8422cd9331a8fbb2e3eca01,4186b96df8197e7b4982a751c1dde3b6,4416,sao paulo,SP
79e1681d91ea9bec47fbb60e2ce8f9f8,6311c4311d03ba06d1e5f11aa55425b5,6330,carapicuiba,SP
caa3fad70b77994e203633b13ea16118,b617fded6582af145caf2e8276e21a66,19840,maracai,SP
37ae23e3c8ce808a4ba0c0711706b956,d263d3c7ecc90b81eabcbbef12ca5904,95080,caxias do sul,RS
91aff227ee2a5b65210e8f03fd8f46fe,5bee2adfebafd09cb7d9f6050f9d2bc0,13053,campinas,SP
daf60dffd5783e6927f3660ed83ecdd1,3a6de17201bd68a1fca5da3603f90eb6,9390,maua,SP
afbc6182d564eba59eef474055f2bcdf,b17fc45501128edb0442e3b966451e1c,88704,tubarao,SC
feb21f4291037a45288a6266d66a0096,7bc7dbe918ad4e7bd68abd2479727ad6,22620,rio de janeiro,RJ
ccd88d5a028a8673a1f2e9b98af66132,c9ed110b8918fcd831073636349e79a3,3978,sao paulo,SP
a955de2289dd1f2a6d80df6b565860f1,5744cb545c3e8137a49e4078190dcb2c,23026,rio de janeiro,RJ
e630c8a8b546a3a6486ccdca9cc6eb0a,ebcabf25f7c1fe3f0b1dc696cb94f1e7,13411,piracicaba,SP
88927ff4f54b497957d9947e926ec6fe,6320163c8653234370204578f308e39f,14166,sertaozinho,SP
5e03611738b719fa467609220c293474,76cf771cab5ff219f8eadbde84f5617d,23093,rio de janeiro,RJ
25fc5fcd13751095236ea257c9cfb62a,ff4050535c1351cd0b834ccf1c9d07f1,23066,rio de janeiro,RJ
86484b39e159b80d85758985c1463d6d,39b203f2687df866f39a7fc3438e67f8,5051,sao paulo,SP
9c0f4ac6b6891be32bf81369e8bc1ed4,900d1496ce4999f49f045b4b378ee0f3,13660,porto ferreira,SP
81f10b625ff76949f3d454776b55ce31,1eeab563ee7a786bff818839874fba3f,18760,cerqueira cesar,SP
9ec775f536e082ba1878c67534556073,e69799b53c017c8f8d753ab9ae4a10a5,71929,brasilia,DF
b49e004cb84fe0bff90c000396b266b4,8a6669c670e8a115def21587036dba30,1448,sao paulo,SP
b1e427ff221ac2de74bf451c5e3d7206,eb3618a8dc128e314712dd3c251b9ad9,74477,goiania,GO
2443f76198478384b6147d593fc54b95,869d416d0e4f62034466aabe623740c8,32900,igarape,MG
71f6152998635c3ea46ac44cb989ff49,d0346493ab2dfd124ef99d1b12b01b6a,89990,sao lourenco do oeste,SC
f57351f8f87213bbb758f2f902f600c2,20594fdc17c82450f53730cd72ce04c3,11420,guaruja,SP
606526aa253b452a350ce935064f6418,9ebc06ad695ee9ea7a4aa816fbd3f1e6,97015,santa maria,RS
4d6c393e8d157f91ced96c5a89beeb77,6129e19fe543f8818740b4fef70c258d,19050,presidente prudente,SP
13518d3af2e425cc97f19d1c8919808e,7a30c2f4ee4d9f8370e1ed8acf3eefb4,56310,petrolina,PE
15aa00d0e958881f93b3cbd18eeee820,2e7a4f041b8e0880988ef4bd95cbc183,5382,sao paulo,SP
821208246445cf31f4aae41554db9df1,c4cb3db2617e63350cc99480a8a62c45,11730,mongagua,SP
e727269b32ac05dda1a8ac1a8144b288,1439b918601b3fc48b550a2e9925e413,3758,sao paulo,SP
b87ade2343db3a71b9cc7ef696bc54e9,71ce8dfcecc07b3bd169e8928252ffff,5754,sao paulo,SP
371ff128ab740c6a5d7e608520ef898d,84c2b9cf0cc05f748d6ef32a0507dd2d,13024,campinas,SP
1367595e0b2e19af7d65497c6332de14,419013301b30ef6f2c7f5e9bb779bfbd,17013,bauru,SP
f01a6bfcc730456317e4081fe0c9940e,e03dbdf5e56c96b106d8115ac336f47f,35502,divinopolis,MG
fe7374607781a49ec88f4f6e274f5ee5,08ddc0df5b096f928637e6622dc1af6b,91150,porto alegre,RS
fd3d18e3099e04ab5a3b0b6f1802fcfa,38ed5dcf4671ea20f3cc051857efafbe,7043,guarulhos,SP
11c166946c235b3cd5b1fc3fdbcb9215,094fcfe0ec6573b6f2d4146dabaf8d1a,70842,brasilia,DF
ccd36c540240c744dd26146ce739e082,edb64356e3fe3a3c3f807d790469b94d,4458,sao paulo,SP
c60f17355c341bb9008e70012da7ba70,5f64321707b93bbc4a5494c5a77f3580,13278,valinhos,SP
0fab394e37bc2ebe2a39114e86cac205,65908c12daed8110dfe2545a543e36d8,2178,sao paulo,SP
93dd5f88e0f7e9a8f74d27a4b90879ab,eed149db664684d4c477897cb874b390,3520,sao paulo,SP
c941ef68ec553525cb764b07bfd3d650,99e17a94840d9a36f5964d3650e59ff1,13471,americana,SP
e676e40ce5590961bdcc32bb0e61a97e,8ebba27972041f432c9eb499ba66f638,81770,curitiba,PR
ffe7ffb7c7ae0d42808f387578426b3b,1942b890cee1b55dbf8176e925e79e07,90690,porto alegre,RS
ad5f5cd6d22881b872713a934ee9ef28,eafbf44c4e86700a9dec4f01f1500745,32400,ibirite,MG
7b25145539f38697d2da83bce9cb8725,35694662ee96ef8cd104c2e9e9f2156c,25550,sao joao de meriti,RJ
e902cb9d9992a69a267f69dec57aa3a3,28adbfbaf0b9c5e5a0555a8c853a7534,13060,campinas,SP
1047d587287fb7710763586802c0c256,4ea6c3c0ddbe4935ab5766001f06c9e4,89222,joinville,SC
809ad2833c6b78506d5fc64546edc4cb,f51f616a3ef1b481892426fb7c3f1f9e,4949,sao paulo,SP
d78589eeacbfd204322ded214caadbe0,14e5ef541a960b5424c0b5ca8efb0ab4,89620,campos novos,SC
3cf0ae0b8daef388a5106a0f9999fe97,04b3b974dfe285ac9f2eb96a6a9cbb9c,3654,sao paulo,SP
8953cac02ef5531e3b49afc55cc21232,6b016ce767bbafe912ab0b8dce8e245b,88095,florianopolis,SC
9172f54a6e979ee28aaaada718189c9b,f5343b81fc38f6aa6ca92e8c917cfdb9,5025,sao paulo,SP
d71bdcc4e1a87e56ca3b9be916aecdad,21c3cb2e65b7575d9e079f7be7987d3c,27145,barra do pirai,RJ
0e8a0778316431f599840793feaf829c,cc2762041efdd86b816d7f9d560dc83a,88040,florianopolis,SC
f971a3a1f0bff189598bbfb8b62466aa,5899c283996ee4c68070c035065316ac,3012,sao paulo,SP
795c01cbad1e9ef6aa33ffd9064d8df2,833fdc9a07eb87df2bf3424fba6fa7d0,96418,bage,RS
f4514fc7499d3434ea63195c12bfca4f,2157586e083812fbdd11c89877b7c37d,7044,guarulhos,SP
58eac1322f421c65176db804697c9bf4,0655191062e3fe49b0f128131c62d1ae,29985,sao joao do sobrado,ES
1557a1c24daba73fb59e9291482064a4,2d5e5796e7901464c00407e69739c6db,26515,nilopolis,RJ
b12b0e2d548eb838e2ff04eb9358c293,ab2cb7bb06f35fc8568291b0ca36ef82,36640,mar de espanha,MG
ac6f5d2cdbd505344d970017a51bfc43,ce0c46039a9592b6ee052bace25756e0,22041,rio de janeiro,RJ
9cd5dc9af35a13cdb631b0899b32387e,1e5067d5cf5782146157fa0b7817ce43,5387,sao paulo,SP
ef3603c61b3afedf0cd74652a06dca96,90bca2fe011b661a21dcc4cad869f165,35198,ipaba,MG
ff5731378cb5629a451019021cc4cbbf,f11ee8d88b7eef76bed1aabd3a0fc4d0,79150,maracaju,MS
c9c97a0dffedebf3619790954219437f,048a6567af76cdb111594400e03199fd,76940,rolim de moura,RO
8678ce9bb3f23410f28b6caa0813528a,49cee01774f85ef576192e1038cf9cc6,95800,venancio aires,RS
36d39e3b372efc3bbed5188c23d0d1ca,3bd08ce268152ada1de9eccd7d7e0911,28300,itaperuna,RJ
2b2579545226dbc47bbae14b3e983e10,c77a1acd947a35fa2738c22f371645c2,18061,sorocaba,SP
c6a83d4ee4872883d607d09e428d1eda,a624e99e0b6e7d2fe09452b5fa7517fc,35588,arcos,MG
51f34a61223200b58e35b7e7f3b462c3,279f3f41a674c28bd50f61f8b3c20c8b,4533,sao paulo,SP
2351d4314775fcbef54ecdf9c93ad410,825d3949166e60c38be0fa30394176a0,37600,cambui,MG
07e01746e8b90bfb4cab6ef323d33ab2,1b4f9a1919551dbf3bb3d0151557ad73,30170,belo horizonte,MG
d71ad0d7565ff4416f25fb0572a31b2d,c94a4fd71d10049438367c2a3f6b695a,83260,matinhos,PR
a625f7cf467b00ae83700201dce9a6d0,3ae748b0c0cf7d473b7acac5e07a05ca,75190,leopoldo de bulhoes,GO
3ba38209ae8f27771c90ec6b410f2043,91798cca876208ae649532488494682b,88915,maracana,SC
a419883e5bb40642decd2eeea734da73,c1064cacd1347c63effc6657998eac58,20521,rio de janeiro,RJ
3e7a71c05142242bac01cc51841abb3b,942c87794610b49b670506def94b8f17,6544,santana de parnaiba,SP
b14a788b10030beb7ea368ea345caf7e,7272e57415c0b45aacfcc713430ae98a,3685,sao paulo,SP
b12903e05aaab54fe9fa5dfc3fc5a29e,46e390269a061aa8e7208fdc26e5c15c,24355,niteroi,RJ
49adca84db251f78fa14d0aafa04be1c,8367b52b2f70e145740d307e3383e6dd,4021,sao paulo,SP
ae6adbcc62ac5a6b33d5ef24a15bdf5b,f1ca9cf8fb53b6128f4aca42dca47125,76100,sao luis de montes belos,GO
4c2d679c35f8dc6620ccf96fde654f5e,a5c93e7b12545f61cbf92efa2d77f1f3,16200,birigui,SP
83941af59521a5289c43d8f604e847d1,080758a20753e774932dab878d0d5218,35164,ipatinga,MG
9024b6b926dff086c50dfd85762b9a45,a738c21ad87105ec4bcf95afff07f224,22783,rio de janeiro,RJ
6437eb6b4005fd6cb07209f146637db1,6ba1b64784112741f73ac654c4758a17,12919,braganca paulista,SP
8c3c65fe9b99f72cf45b51959a335c0e,465f1e1202e361c430bfd33b4f8e9dc4,4086,sao paulo,SP
5c7595d88d9ae99c0829d2304a39eb9e,2e4a58e5806f654199b348347a7efdeb,3702,sao paulo,SP
8511218eb25a2ad53760f66d63df7659,eb8234d1f983bb9256c0f275dc2d62e8,57305,arapiraca,AL
459f6d9169372a39b0fe1f00e96947b4,cb0a368f530b99e9016493d37fbd52ef,7160,guarulhos,SP
0ca908d0f8c65e51340cf28d99485d2d,ee5c5d0ff3ff8e904b5c2b66dd471b01,6434,barueri,SP
82218c42033c0f36f36f1c4fd3d7935e,86b59358310b208f822e416e59c96672,25959,teresopolis,RJ
3a5695bdd7131d847aa186d3e219a142,d528336ae0fe6ae1086d842aca880d23,85555,palmas,PR
63fed2da86c0786cbc166968a5e6abbd,bdd2db062e160b56deef394d3124eed6,3088,sao paulo,SP
83b30045e891ce55e307dd8b1e6140d3,720f5cf88a42beb4ab6613a97f1c4e35,58704,patos,PB
e1757fdb0a5da58aaa609d9c28a203d5,ef31375aaea63593e90d4fcb4075fff5,19880,candido mota,SP
d6f526d5e848625b6044aeada9bef7f9,39ea1c331342690ef67ea5e6c6113e30,66023,belem,PA
cabb8af06c1bc856f52368fd7772e41f,38d1d975968b0fc361aac11b1b18ab34,38082,uberaba,MG
7822a6861b0a8c3a5b4ed5f42268eab0,7818b82f258568300b10762fe0cdceb3,9861,sao bernardo do campo,SP
4ab64c670b01bdc70c2d4bb3b80e4961,340c5fef7687f820ccd68a7135de4402,70737,brasilia,DF
cb633030180d869d7bb76aa783a78b6d,bdd790f120738cf7ae6c93b292f4dad2,4726,sao paulo,SP
e0c162c722b9ee73b89b93199e774b43,d4f535499419d0b8bbdcd7d9a81e5578,78099,cuiaba,MT
0c0b4497d7324e5a4e31262c93fbc3c4,3595d21a3d79ff7a508581144acf0ed9,6020,osasco,SP
add6b7ed50b1198eae6b78268e07c043,cbd87a98214ca2453df2bb7e141bd266,79610,tres lagoas,MS
b80feb27fb4955a21bca55fdb039af17,fe65c76fc3eb742328d1401c521c95b4,6226,osasco,SP
30fca276feb60858f0292213c46c9756,55b992c01d44cb18a2bf64f4757bb99b,2715,sao paulo,SP
de94f0c27ccec790de091fb1c61a374d,cbb2892690ef7af0ef41ecce0c28cd73,89765,paial,SC
d515bf2f113f96d3dc8907c00ba6f590,ef955ce70c34965f1e0a61e2a659d034,22010,rio de janeiro,RJ
6748df8bad97104336f314fed57ce74e,581a5b2be2703f51621c141635638e61,89300,mafra,SC
a0de49e00efb2ecb7d47d0266b771319,d3c5778b4d8c724436d8c16864177d17,28035,campos dos goytacazes,RJ
f583831c572cc8569de2841fd281fd2b,98e8535b4cfc39e898513803807da125,20520,rio de janeiro,RJ
3295b1d78b7c28090e18c60e726359ce,c90e48690d479db6bd7fde249e50aa50,71919,brasilia,DF
30abcca05e3c8ce1278a2d8f8abbdfc9,48c8add58f6544df93e408ca2f7e9333,8450,sao paulo,SP
35e7e54f7840d659ec8d270cf00a66dc,46a23b5b38c9caebf785829998db475b,58900,cajazeiras,PB
c3537eef72f2b883b3cbc75b1b9480b5,f6b24980bbfdc9bd9420a481a20f5f64,8190,sao paulo,SP
7520f9fd4f9a0764e6abc26bb74a8f80,8a0795f19d1f3cc51debe071cf3e7870,14808,araraquara,SP
c38daf55356a31e900fd1f44eb1609d5,af6a2de82194f10015a08e0def0cf911,36570,vicosa,MG
cf48656f8158483ef39e8c31b49d7033,2ec53a1b618762c17d71cba7442ad27e,18013,sorocaba,SP
ab2e87ad1a915cf88638ab6f43f5450c,7d4ed299c3c41701c0558287cad39827,13874,sao joao da boa vista,SP
53dee9b3304eaaeeb645b5a449759c51,7c04c69b4ac32197d04966494ed66bc8,22010,rio de janeiro,RJ
020c87503e1eeb262f17c9e7c0b556b5,541605c030a175016e7f070836946584,3660,sao paulo,SP
b893fdf0dff65ca2fb524cfbfa9039d2,be847fe4f6e13a787013a802021ca9bc,62670,sao goncalo do amarante,CE
bbeb2d228004bb46b49889f614f80c48,38a3c2eb6f3a9c08efff963c5a551a7c,17012,bauru,SP
d18570550aa0268a73256e98a945ff15,2b0c24260d69145260d2c30ff9edce89,11441,guaruja,SP
fae61b3ca7edec361575b1d0e7da7239,4ed407615f57010083460436a955577b,9791,sao bernardo do campo,SP
cf3038109e0fdb6ce61d3793e1812c11,907c84c0e6acfc71b1265fa48a886b9b,8452,sao paulo,SP
ec980872eea3778facea3e17ec48107c,ed18ac3d4b68e1401845d3e48636a8e8,22440,rio de janeiro,RJ
847e5e92dfff3787cc80378197b06a52,7dd40a0e88edb7575e686a711ff07a0c,65911,imperatriz,MA
cccd5136fc9518bcbf7eea735c6c2ae1,9c159cc781864a35bd6148db6e364aab,5849,sao paulo,SP
8713f2c76cceb801594317bc39ef35bd,aa323e33d8e4117c993934571fd9e59f,12411,pindamonhangaba,SP
0e574048f4fa55bd9b4a068aec2060e2,7a3b43ea0ff9927eb431ce4cbf08bc01,8694,suzano,SP
afa6d3e244287962e2d75435734c5e49,8d8abfd0d01a9c667c0820bb8c9185a8,60050,fortaleza,CE
685eb37a9cadabd8f2ad2259cca7ed97,fb512346f037df411e4a62c3181f5aaf,79070,campo grande,MS
0a917cf6dd04df0ec24e6178401e8569,6d0adae41a0776971a730b8f95be74b2,11040,santos,SP
6ed4bc068468ce67d11a938a9f6691de,3a100431b41b505a8de0150f93a71198,92425,canoas,RS
3ee82f4a953ea7f018f21457044917f3,3080dd7d098635fb30d2c61822d5c055,95780,montenegro,RS
fd5e7ef8ebb833e81b09dc6c1afc92fe,5b143240c381316b9b1dc332176b4a71,36157,piau,MG
bf0233a486e102239a5d72d15d5b0b5b,e29ebd785adfdec69ef56e08c5599ff7,88070,florianopolis,SC
667b5b2ec3ffc38456c616b28951e49c,7dedc655d3280a4f507ee70a9c34c756,89160,rio do sul,SC
083de6cf2da0a625906af6a558106b28,ad3fc343cff9150f99b9528be457a6e1,27925,macae,RJ
bb5815831c084a7c145611052d8063b5,6d5bdbc8e32dd02fa1d2fa4250625af3,18640,pardinho,SP
663b8b90136c0c90b486a72adaafd911,1a0ed4f256ca13df48093fcc7f733be8,5712,sao paulo,SP
c795e55ace97cf16ec76d19128d8af87,138a7cdb83d4045819dce1ced63ce65d,38480,tupaciguara,MG
49427b49e7addb6ad5680c3491475991,b4fa4135930ee86f5625bcce3a2650be,4562,sao paulo,SP
c9b7848f3a59efb83e4b34507faa7c63,8997e8dac4a5c920e4102579ac0633bf,12284,cacapava,SP
67ffd7e91bfa7548cc1738f299de6746,1feb5dc3a11a657cdd12b1cbaed93f65,23059,rio de janeiro,RJ
07c457249ec4f7f19f0244025b671ccc,e5d380f1cd5c220fdab47e0245471013,17690,bastos,SP
01b6593aa123cea222a7b4c18c3e6961,e9063e00898d88b25add862974ee6e20,64280,campo maior,PI
6640da9a0b84cb913692c909108f2dfe,896d1de66758324ec1c3007858f1da61,24430,sao goncalo,RJ
829d3ea58fe45816348ab857d059a6ae,1a8e0392b6e9191dfc159e9688fa1a43,3141,sao paulo,SP
05ad208d1e3ae7d49fc33c89026327d2,94f48c018010de09d9c471e5d819ea05,2041,sao paulo,SP
300cbcf2f05d4b9e0c68b316a05c0057,f5533ec1e61c73fc8457bb73769730fc,14403,franca,SP
57690c2fc610a75de4875a2b9f1826e6,eed928b8e9367862e039a6fc6b99b193,13478,americana,SP
c94c5dd9a5c1799b59a4c29a2ba4a87a,cb5e3100153f9a6abab5b2402814d881,25976,teresopolis,RJ
b61ec458f485a27f475adffc91b6f55f,a1ebfc2e850f3acc3efc6a68eb1a6e87,19062,presidente prudente,SP
1ea72f58ad176621daf1e0753b15f5bd,6fe26faf75fc7f7315498c9fe7eaaf4f,82400,curitiba,PR
670c9152ba9baa4528368ecf851a9bdc,eee0f253ca5999bcafd70545d8704939,4288,sao paulo,SP
fee9143c97f344e2663c67de0ab6eefe,1415faf9e1a59c928c22735663650c6c,2631,sao paulo,SP
41a060626489a94a1a50b8d5b6823070,b573ce2ac3f4286014cef93b3e9c53dc,35400,ouro preto,MG
13b8a8ecfc5fa07a03bbb4449c4358fc,f6654fd4af5fb046fc7ba6521fa69999,33943,ribeirao das neves,MG
8699d0149c8c7df92b6a8c3c0a272639,823166bc0cc518f6b1b0e9de80c691b6,88132,palhoca,SC
7fad2707b753289648fe530a16a6f8d2,a32fd99e791dbe323486039bce9ac35e,37558,pouso alegre,MG
309e974054989e7a4f3fc8805b3bf55e,9ca25c67e315e2a59b00eca2d4797734,20725,rio de janeiro,RJ
c7e36e97f12db1f22a857dd5d6e50215,a4256a04a7078f478e598467d9727225,22640,rio de janeiro,RJ
51e1fc8a17cbfb73d2374b9606c77c3f,65432db1dd83d868469ce900ecbb883b,67113,ananindeua,PA
508477b76a482e31673805fe43e12760,90b8655cad0249a3486a2fd8c8a3f4a6,11065,santos,SP
1d4e1d2283ec54d6b61c685d0f983374,4152b90e8c32c2d1333fa086aa34f58c,5727,sao paulo,SP
ff1d1612f46b4241ffbc70a45912de1d,94dc3af7214d9d6b063c5efc5637bcdd,18035,sorocaba,SP
7cfe835568484ae12607a6700d6aa8ab,42dd36986ade63fd7a225c91ba318f5e,20720,rio de janeiro,RJ
e2e14c8ef1d36f7d465f5299e3a4217a,dc1dac999319e4de0009df7ad0d02104,13225,varzea paulista,SP
f0a961193385015dd1b2789126c34487,ac4b7bdf34250c11948586efbb0f16d6,35270,mendes pimentel,MG
aff2bc2049dba7f43d6997a6e0994a1f,71dbcb0126e65f6f0b396e8f36752972,18025,sorocaba,SP
a5a1d696925fe03b4645c9ac6a417230,d64023c35e5c1452ce568e993ac12c86,8060,sao paulo,SP
036a6fb17c53bf6788807347320e8bf1,20e0ac6b53ce949068aa86ddb08a50fc,65062,sao luis,MA
e89d9baac0b6b9fa7a520be393ff22d0,8ffc2224b31ad590355943adbf22da60,18056,sorocaba,SP
7d66a925cb032def39bd1476c0cfa518,c8d832b1e6f4aa662d0fefabfca04265,56460,petrolandia,PE
907d77f631b9ca3c2e1f6e38c0905d48,e4971a4defaf07a1d7f2ff615a32c809,3110,sao paulo,SP
e8271feaec86ae7151bb633442e366fc,6eac3eae073adc25355cc57f815cd53c,12405,pindamonhangaba,SP
ab5925f86dedb8bf8ee88416ce4004d5,d92c01e741554e58a433e0ad36e26c82,30492,belo horizonte,MG
c512d7bc9c2e0fcd3f3d38c15206b052,5c81b3f2ec597733ddbbbf183d58c844,13295,itupeva,SP
6d03d9c7d95db6de5b59aa4d7218ec07,1cda4924a950d149dc93db0ccf548933,3071,sao paulo,SP
0d14d28bc941474750feb2e030e54460,329932a796b9bc326d71e3b932182cdf,4849,sao paulo,SP
674726e22be3793ff1ca03835381d770,9e8396345edb2e6a17ea3090995f2805,81280,curitiba,PR
da40474632f5b5c599e949b0800e7d64,6de77ffc3e5e321221ec0c1740a0503e,4008,sao paulo,SP
06d338952a08988a496796c25a61d12d,3ab0efc5b3ecd6ede7565b1f7d7516a5,22783,rio de janeiro,RJ
7c70a35d01718282e98dbe56e2765377,e3ae16d19be5cf256fb51663e6bdb073,4243,sao paulo,SP
8bdc3c09b99bbee0dc03992bc03ac828,82b10cac246970ffdf60e1d93a9a9816,88817,criciuma,SC
308979f2faf0919392503a7818aefcb1,0ab747aabaf607069aeb7ed48d97d1f9,41490,salvador,BA
4d916e585f3bb295dbc15dafaeaae8ed,9433a8f8dc53df230460bbde1f7cc734,22060,rio de janeiro,RJ
bbe208ab812ec207b4af5580b64e68cd,6d4f8f9b9520103722945bb5ddf878d2,88036,florianopolis,SC
f481cadc657dd238cf73200b92292644,bd0c1f867e8745eb3ea435b9c5433788,78850,primavera do leste,MT
8b1f6b37bd99fe9ccfb4a3fbffde8d44,9afcd2bb0c19d4b4119e8587ee3792c3,9601,sao bernardo do campo,SP
dfbbddd720e537cd1947405a1a15b585,b8b59f2f9eb5fef9d081df532265ef1a,13070,campinas,SP
94dbca303a9992cbe54a1a2cb78df2a5,0d51e1d665d652b294c5246222e8b716,26165,belford roxo,RJ
c0e2c21e84f18fe6c06cd6bf960cb016,5bff7e6ba295452d98a709c9bef2bf45,69303,boa vista,RR
9c296bfe22d67feac315424199ca7b3d,736f7df93859546941f8c66c4443162a,37190,tres pontas,MG
ac4164b96ade53e05878a89dd03026fe,555f450fff386b6e115543607de6bfc5,82640,curitiba,PR
dfb941d6f7b02f57a44c3b7c3fefb44b,8d50f5eadf50201ccdcedfb9e2ac8455,4045,sao paulo,SP
7f6b2e3e2f12b066757ab8e9f5795d33,06791add1b4b5c8530f8090bb63bb2ab,34400,raposos,MG
abf1a0d261ee8e27ea07f10bf7c9e95d,c128bbc211115b772a1377ae395e043c,93220,sapucaia do sul,RS
7911c4a4ae2d5749ce6f3e40fbdeb5e5,20802dd4d187913c6d5b2b8f605bb817,97800,sao luiz gonzaga,RS
0a939b926ba6773c282fbce261082f9b,e187a4f568431067618a5d9c8f73652a,75940,edeia,GO
23647526d326c88c24aae4523594b0d9,8cc9a827ed019883783b95005b741a74,19015,presidente prudente,SP
0f99c31bedc34957e0dd7689d593a3b6,33b5e70d9b7805b2806caf7f5dbbd5f9,13091,campinas,SP
c913ae1bc977b139a50287f6bd0b1c19,d26b9e4b03f3c35e31689df0835fa1fc,82820,curitiba,PR
a3b126a3b563ea3548afd53d78b7807b,5b3b19201bb81179198a9ce0d26ae56f,28991,saquarema,RJ
de1c64a7f4179d4216ee09d181aa2e6a,dde8dd36a5290a1bfb650e1c8037b88b,70340,brasilia,DF
fbccb4c4114a6cc6255e53ff1970cfd2,5b83a6e579043f9d293af671b3fde86a,4809,sao paulo,SP
1f72dd32d17ef87a76bb334c45094010,6a3dabac1e1385555cd423ea8fef12c9,25561,sao joao de meriti,RJ
d03195784405b22ba42a0d473ce01c26,b18bd9a7d20fe6c7bfb2594647c61495,73890,flores de goias,GO
a7b965e306e0424d1a5750ba287aa2cf,3236f16f98e0f258ccfa3a172cebce64,90010,porto alegre,RS
b970847909a71ab7da63fe4fa663987e,060bd06fe5f9303d3dc2c78a69afb684,15501,votuporanga,SP
075ab615207ab1a9425b22157f9a0941,bdb0cacd07b6749c702221f3a93417f7,7790,cajamar,SP
064accf938ee163832a42a0aee505c25,a014d7633bd0ccd53f42a643c6e43985,6045,osasco,SP
14841ab540bf9dd232bcb84d8135325c,8ea127cdfebf2952bcf1314cb10ec98c,85810,cascavel,PR
8cfb9c9751da0ae0f664b97b2fa0ecc2,0bcb0137639d8010c5fc562d96b4af3c,7600,mairipora,SP
b3f63321d868c01dfd7a025899954ec5,5833091bd6d3920f81518b02adac60cf,26587,mesquita,RJ
06deea7d56068efd37c65f8daff0e03b,58e6013f75c8d79f4138ae9af0861079,36400,conselheiro lafaiete,MG
4f9bbd7e6a8d672cd4cc69e09ffee46f,be9b53a0fdc764c7362bb9f8414090f0,32110,contagem,MG
1bb2273c4c26af24561221cfc4fbd7f1,647afdb8a120547075e55a9dfeba6bcf,8451,sao paulo,SP
a8e569a5a0b98b1e496270dbaae45a27,f093103a10c06aa1cd7914c7f74af3b2,13974,itapira,SP
c57b4ec1791188f1d3b38bc85b208a3c,08356b77e4dd0fa07cfadac1a45eaec7,1033,sao paulo,SP
719ab90ee360e6144da27b3b35fa6936,10358da89f6d391c6e8971ed1a23bdd7,30320,belo horizonte,MG
4ea4d187c0472780eabbf029b425a2c7,5ec5450f2fd590b9dcc0dc9197b6af37,90010,porto alegre,RS
7952d4730e054d5d890d8f38ce6bb6f6,8befc8a892e313fb7f53719381277c24,65058,sao luis,MA
7f0ca17bb33b230b47459437cf0682c7,1dc848c11c2985635c268ff3dea707eb,21853,rio de janeiro,RJ
9596cd16cfef60f8c7ec8c8d78d008f4,1aaf8586442c8d4d86aa61069f858c20,35920,nova era,MG
32aea1e0da2cb689dcf847a444bf252c,223599228dfa6b29974a5e2b57f5d3b2,22245,rio de janeiro,RJ
1f144031daea5ff030f43cbd0fa1a63d,1cb59b42615332de70ac6d65a78ffdba,23575,rio de janeiro,RJ
477b96a7bebf346f0b61baea85b4e2b9,bd89e92f1e1f6a7ec49af109d08aa258,13044,campinas,SP
02edb3a95305c7b4e3d0e666744b1fb9,26ee6866e32b3a70b86545f99bcafe8f,22631,rio de janeiro,RJ
5f6b544cb597780c7495e93d0c470c3d,902e696c3adb44b46a7a5f07517bb884,28880,barra de sao joao,RJ
09ab4ae2ecab51b1bf620bba0027abd9,313d458d078d9c1783ef3b8b93ba56ee,40323,salvador,BA
77c2c6ca2faadc2662dda8c0b92db8cf,32fd74a6ebd7c8c2eea24cee455d4cd3,11432,guaruja,SP
601f0d17fa986363bc18f776bca2d709,377b9a67d0decf21cad74c2b44a13448,14801,araraquara,SP
ff979d3f952328374b41b7b6b52a56f1,b8ad8f9df8b6c2af329e1fd23cc77061,29175,serra,ES
9ea7875477b41433fd8e2f65a65a1d1f,503183539a4cde9ff1be148be92d9fe4,20081,rio de janeiro,RJ
0a53041ab2e72cccb3329613978e2e2e,3bea379b85fffcc323633e986ad706cf,51021,recife,PE
7742c0111a713083af57f1c9961023d5,d3b4ce42a5aa45f6031277950f1661b3,13603,araras,SP
3a3fc10a053a684ea7b581c82916e794,11f9374f0b84ffc98a1ae50698c2112d,22081,rio de janeiro,RJ
57f0329a42dc7c06a16fc1abebc1e84c,801e6d205ff6ea1f0ac9132ccecba63b,5013,sao paulo,SP
34719522510c9db1f9599a1dc98d61a5,619384cde3f360023bb190ab688f1926,9861,sao bernardo do campo,SP
3f5d541c043d1dc244fc7fb2bbcc9e67,2476158e47757b20c1b5a54735d646f8,85904,toledo,PR
d8d77a2b743c3bb40884334bb157954d,18b2874652ddd2664ae6072423ead118,66113,belem,PA
7e1c94909b82d667fde37d090d81d101,3100ac181f080ff2a7beb61813c0517e,87900,loanda,PR
7ee37cd773f9b9d512246953410a97c4,ff04f49cba34f90ad06d1f7b81afd5d8,24716,sao goncalo,RJ
e3f12c713d9d75a7c1fd80b19425880e,d38af04fcd13c9685d0c326c40d973e8,20550,rio de janeiro,RJ
ac09b33a9844b58697576f7e29200f5d,99a83feac8c301cdecf5a388549f8e11,21921,rio de janeiro,RJ
3bdae7f94f5dcf2f6d395ddab50d3596,29fc545bf16307efd8c6f46c5d1d81e2,1522,sao paulo,SP
58cc4d3f5e77f3ea1a9f93f1f751fac0,6d1206f12bfcc03a5eb67892d3a6d86e,87185,florai,PR
67103ece896ea12c89ef860d152ea9a8,e727655f572caa2f3f2dd4e0d1b9f960,7700,caieiras,SP
97aa9c5cc26befddd36f8a548e8ba0f0,705748b59cffa9d676c096f44a227476,5037,sao paulo,SP
aa0633423572bf600bd7f9bda734ed44,73ef942e57c6e44b52506f4b90943073,21740,rio de janeiro,RJ
5dd333426be0c72b783f2a752f1a911f,8dc7e009dbc26db66bc0b02a7882d208,30750,belo horizonte,MG
0aa7617c001d7897e1b3e1efb95dc471,a44d8c451b62aee20189cf53906c9b40,88371,navegantes,SC
5234fd7181ad48cc892aeffb5cca652e,c4aaf56cb82d8cafad1c2281fd3e3bd3,91550,porto alegre,RS
0d8cb40fe23920b0a6078753a31bb617,bff4ef831a377c4d6e06be5dd035a8d3,89115,gaspar,SC
07e4085b7cf2721692374ad112e78f35,9ccca5ef980fee9ab2399aa32eaa4012,30622,belo horizonte,MG
758aedfa7a88fafd333878e149379e0b,ccacb2d2c7e00b77c81f59ab13b8415c,17900,dracena,SP
2d5e77fae689aee9992cc9669cb61710,53fb8b6d4deadd850e6575b70c47a9ce,4145,sao paulo,SP
22a7b639ea009c1e430eb43244204bda,99897fc63e00fd2cdc6d2f3ab36af9a6,18685,lencois paulista,SP
cd77227a76d55b1ebf747cec45ff8b34,2cc21e396d4d9768018db92b43ba7a4a,2306,sao paulo,SP
6b170d60eabcac609caaaf419e9e57f1,f121943f335b4993188fedd3852ea3aa,69037,manaus,AM
f426d0b70890d79f427955fc1037a4de,faddcaf6ef7befeb1058ff5ec1792781,13056,campinas,SP
dea5d6374006a4aa182a73371da9f731,99411da41bbc717063cad61397ddf465,6154,osasco,SP
eef17c66b2901892bc82af4ccbf1d70c,97a74865af92ce3f784fc7df91d9470c,13180,sumare,SP
2e611ee9dde59daf5acfb7471bdd0180,ba00e642078cc9730c38ea5686e071a4,63010,juazeiro do norte,CE
941a225471304a6c4d1e3694b7a19220,eed3d9c8e42c6b95338e0a8b675640e6,11750,peruibe,SP
20deb76fd96659ae3d434ef56d42760b,711c6c5ac4008698e22fecedd6e0abad,28035,campos dos goytacazes,RJ
ebff917ea54bbda6b10b23802b36c8c1,593b05a30b25687fb84c43cd30544b15,95600,taquara,RS
50a6803d938c39638b6f79224598833f,82f41c4dd4139c7e9f486245bf6294db,17190,reginopolis,SP
5a9b4246a7ab1a2994158a7f5d0e5a17,c8d499fd34360bfb33eb2d7dab386445,7056,guarulhos,SP
a72dfdf9a18da0ad52689d418656aa33,91d3cfb7bf03075295fe5debb6f6dc3a,36420,ouro branco,MG
e683a3466324913040a473c89d2395ed,abc3c9ce7f7a422194fc8e0f2c837ac4,70258,brasilia,DF
1ba3856af8b4149496b4dc9ea3c36895,51750a94b6bdec1b46d8da295d3c6147,41612,salvador,BA
40e7aab419643f84ecd6670ff5c8db95,2f9942aadc90941b47564e5a71b34ad3,88054,florianopolis,SC
589a69c58e212423c7bf817269be05df,d1a791fed0df39cc2332cd18e43859ed,13015,campinas,SP
262e3835bb60820bea8ee7847d5cd365,ef55f1ce91275c388c4f411081501d7d,35200,aimores,MG
affa1ae9fc01158bf723814d1dd9d0ce,68662748141dbba8076b5d0e10565c2b,4015,sao paulo,SP
ab8f2b129e54dcdcd7b472dfd41f4712,b37c8b47a52b54d374678d4703a05ab9,3350,sao paulo,SP
f18a529fdb25fa6ac42814aae9bb6431,cea53144530cc3367e429dcb7b697b72,38400,uberlandia,MG
35b0436d8811d628c6cc361c0cacd2f9,c5d50ca6add3a55d9db4261a1dd074d5,64290,altos,PI
222e1556b86ff309b9ee3f03a826567a,90cf6edc2494d9187408de55e8db6fb4,17047,bauru,SP
340ca5d6edd1acd5f533cab61ac899f7,29682242915a222580f388e3515672a4,74343,goiania,GO
22a330de6f63a8d1631ce94b17a4fafe,d2dbd5be475f37efe006c1de35e5db92,29360,castelo,ES
a526ad521f88f610b87a17a8a064a502,f36237ead17ac188cea4f73cceb0d834,5351,sao paulo,SP
4ae24933ab2c07bc898c41418910a9ce,837a2bc40e70b541094e51aff3cce3bc,89237,joinville,SC
724651ac1162e52e750b9c4aa38b7fea,0c4d5f349e9b28aaac6257e91f58c170,6602,jandira,SP
767e7728e2f0597fadd6651fae991b42,90c066c2bf4b7db62318ace373c8387f,12120,tremembe,SP
b253ab4ce264a72304410c04d66e3908,eb558f96a4145d74586480071f6e7c88,35500,divinopolis,MG
0879c47e542184edf3c921d2fee17084,747a3bde8936cc5b862993e65c1b5a48,20521,rio de janeiro,RJ
b5ea05c72a89dbe101d94083e18df207,3e93369535d8f45643c5e1dc4467924d,4075,sao paulo,SP
e1ec5ddd749cd760a0c408a40ae5a4a3,3b253518af1e74199da663e4e5be0ba8,57017,maceio,AL
58a02b0700dd28cd6317626512912c3f,fa91f87f2925e5b688c016eb481a6816,95702,bento goncalves,RS
0fa04554222eb3da449fb457ffcf8d0b,0d2e24833b13e406f851f9b3f088f271,64800,floriano,PI
e9fbe7886163acf808479322d2b87ccb,2f749dd89d87f7152b35121a5693a684,45028,vitoria da conquista,BA
ae697bc1ed176e43ee2032cde856bd82,68626709345049fe1e160e86baa7766b,6083,osasco,SP
0e44a2576bb7c61c931ec4db9f5db5ce,9ab34e7e1538c54bd829cc5f5c9e7add,36307,sao joao del rei,MG
c6955e041a62b1c6ff9bfe57c4ce5b31,d6b2a67c98eb8644a1d3b8c74be35001,21321,rio de janeiro,RJ
7895ebfbdd8fc2dacfde641703e4d481,252c23c8656dd3249b0ab1a8eaa9af21,74884,goiania,GO
b933dffd7bce914ecf44a45630277fdb,05395d5194f09d9fbd21d2215faaef08,20510,rio de janeiro,RJ
7c2abab8ee489e71b5c91a03f49baab3,0ce698163308182b6b1e9c03af6839ff,2179,sao paulo,SP
2a7d2a567dbf4e484dc9ff01ee6a5a29,66b609f84df5b48c06e4c2fee0c1bdb1,29395,ibatiba,ES
6c07c8a3a6cb8b630dcbf91da2cef379,0431f28e915d4ba29d8b4a6bb7fa3bfb,79036,campo grande,MS
4bb7ccd33a3f0a14d73ba4f48abbfc2a,87c089e82d608010357f83dca1a9fb8f,18760,cerqueira cesar,SP
4aa1c9249c489f2b6a739f210c0af109,450019b7e6984fac0454cdcaa3836140,31530,belo horizonte,MG
acaf6410aabbc2e292355a66dd2b38cf,f6b05295c28d5b6a48f53045968b91f9,62380,guaraciaba do norte,CE
1e57c443e89e347a469a7a94b902e9f2,6132767aa5caac525394d64d61de4645,57035,maceio,AL
cee6c6b0f6ac0f9f8c0830152453c3e2,b7c897200ac65c43a131e71b8ae3b8f3,66635,belem,PA
1c0e9715c380fa64e78e153642be4d68,34300cecbdb5c4d59da7bf2402413914,83800,mandirituba,PR
9d13f5da757d6d19132fa0980c9e9729,1cc24255ee6fb748bb8d8d83e0fc7569,13454,santa barbara d'oeste,SP
8f278fe8beaf13805e548072c6d990ab,351adc5674bb62d3b5fea28ad1d9a3cc,11065,santos,SP
98a0dc59ecc82225fd647c39cbdf1494,9dfafc5d068fcc52a9ea9f28a88bc4fc,98300,palmeira das missoes,RS
a973c4e3ad82777add3fa188f91dacea,b4527423469300ee354458e1b5f961be,32223,contagem,MG
024fb58b51f34a34fad7a533363f0c93,0c755a283d5e37c2f0509c7964c4278d,38184,araxa,MG
40eb5b16b04bc62c59d4905857958e82,b9ce93ae35b4cfe939be5356630992a7,18603,botucatu,SP
e9d57c4662295c8b41c050d116d90a04,f9485fa5e9d3f9e2260c90df2eceb058,31170,belo horizonte,MG
fb5cd7daf353a08b6910dcf42312dbc5,8e5611044eee2a2bc452010de22fa131,33825,ribeirao das neves,MG
78a198d1efd0b8219f1be948094c5ff0,411e50bb0499cdfa9748d32ca6f7e92d,18010,sorocaba,SP
220e5bd3db8bb376d06c40093f580649,2b340f83a93754a2bea96e056ddcfe8c,89300,mafra,SC
bc5070ca41ac816753a5644f5940c923,fba9dad1013693b7d732f8f8c838d763,15600,fernandopolis,SP
07c7380ec99877459637515df52ee55a,3799155bba777b02074b6494271aa522,3669,sao paulo,SP
86d44d270b72592dbef78de27ec82d08,e90232e0cd21ee07204d10fd88bb0c97,4042,sao paulo,SP
d0063b73907fed10b23f0dcca4a9bcf3,690dc6aeb81e9ea0606f3817c011077c,9810,sao bernardo do campo,SP
b22eeea84d8a63d56ee0ebb6ec8e0ae0,6aaf7b14b33d2f1f51397037f629106f,35500,divinopolis,MG
b6335bb5ffac3a44fd1f325a4dab8998,32b15895df6710a7c20f648a0a2bdd10,82930,curitiba,PR
29d79aeed09623a1ffc16ff0d5d05ba7,45b74b6e12342b44df029204a0fd7c46,89805,chapeco,SC
771cb90ed752d46f2ab874f2db1fad48,ece10be38947ac6c501e9352ae27d61f,58421,campina grande,PB
dcfca4b1f0b7341e8810ed4b9ebe1b6d,10d868802b4d4a2e983e826abd14fb84,25620,petropolis,RJ
637865664197695fe90f3ff7b19902ae,e18cd71e54e44b7cedb7991214b691a5,3590,sao paulo,SP
3caa046edff3326e7b06ce037829952c,0f7af00e3ead3844a9b0f81369340ebb,5265,sao paulo,SP
427a6293e6afb7796ed327369e5f01da,119cc2a90f406371222111aee7b986ac,26030,nova iguacu,RJ
d43e2e7c5f8e31be75ee558015546c93,461249b7001e9a56d4f4d4c29cd4cfe0,21540,rio de janeiro,RJ
774cf3ab054ac3e3400816870fb0af05,40122235f51e359cc585c558ab783646,4571,sao paulo,SP
48577f823aa2ebde3bda0767a3e1b925,3c697899dd702127f600f0c036eb2a2c,8597,itaquaquecetuba,SP
41f7392232f044ac07529df63336f9bc,533a17479e9f1cbe8d564a3c7673ad32,24240,niteroi,RJ
a6701673062c37eb53daa40b834d1aa7,40f973c53ebd2ea74087766d3256c2b0,96095,pelotas,RS
66ec897fe7dc187b52b3f654bfe0c80c,c9a7082c7fcd2d95243b4c971e996abc,3118,sao paulo,SP
944bb32927c4abd9d6b4b526977583b1,6a3aeedca3ea85cf215bf10009b013af,95600,taquara,RS
92dcd0241fba4e4253f99460cb9270d7,2b2444f1324436d35fd4d96e0c865374,4918,sao paulo,SP
ce667e4b89cd1137f40a8d799354b674,6ba5b2dcb81470882212da717a171539,4854,sao paulo,SP
91d98668d81671694d440add6ff4db2e,7bd43abfde2d6a9a5c35da8749603fb3,4315,sao paulo,SP
db4dd80011bdd47248da15fd40fb05f0,8f26f35594e51e7c9c4617be011581fa,2376,sao paulo,SP
c1caaf8d7b5c8f2d3567fe0c9f96cb6f,1bd726b9d6353e79900935bd9f77b727,5658,sao paulo,SP
8787c72a20002592238d7b80721ab729,6d1213d0a8cccfa5cdb1b693fd388055,79075,campo grande,MS
544df65cf6b7f2cc5d7637b4189edc50,06a35cec0273b785b2b58eb349841fb2,3513,sao paulo,SP
fef445423df985e112e1b8b357f1cbee,64a8ce7bdae54b98e33ce1777b230e9f,13720,sao jose do rio pardo,SP
b74584aa39691bb6fdd0f68571d3ba0b,f72b7208452f18c74743c34dfdfcb37d,62400,camocim,CE
a1ebc1341c41be7604527a96353f2700,3434f88039a4e537867621960b17d7c0,7032,guarulhos,SP
7440dd9d4b5993f2cd33d845b5edab9a,7bb0ef48fca18efd7c9f88bf2141f096,80020,curitiba,PR
9d951c0b8d3b39f81a4e35fd4aa21bf3,82e974b142d5542642c9336e02ad52b7,9861,sao bernardo do campo,SP
a7713e4efe4e926b8b69cf9789d8b3ad,cc06bf1646c799223d5e13807aaf500a,4714,sao paulo,SP
0b92c3b2085fc6ca1af7d396612a2a93,f9e8fc5cd9cda3d485692b6dd3fa662c,30160,belo horizonte,MG
3b0083b0418552bc7b8a1a083d03b56f,2fe5af51eacb6ecea9d47314c8e521ff,9952,diadema,SP
26cad29ce2fd0d9203145f2d71b7aa43,bfe1ecef0f01ad67e5e0cf1860e94e60,17800,adamantina,SP
bfb4818d76854787283fd72c7b5f84f8,9f87499f6c7ccf05c3daa03d76bfdfc0,24737,sao goncalo,RJ
35364204862e86eb7c42936976e8858b,05701e8cd8fe331cc9b4262af27d7ee3,48630,rodelas,BA
fcad74a7e0dff27c33e36cbd78280bf9,1e57acebf9849b1d7af7c21c14c1b99f,71936,brasilia,DF
7c6835555806136bacab36fd7fd8bb70,52b4d6e94fb6a5a216c9df0ac0b90758,79540,cassilandia,MS
acec81168c11c0d01d9d5955a3d507ab,acdc891424230535bd0833a2ac9e4c2f,13846,mogi-guacu,SP
e3d025dfd872e46859d611e7a73f6c2d,b855f7dba22eda6194da91c68e5ead90,13201,jundiai,SP
5e8c1583955ff6508606f33a2ff0066f,70c565c6054a5cf82f753fd1dddcd6eb,50721,recife,PE
75d1ae5c2bcbc14de4a8ec95bfc28dfa,7b45e009442d2c0032485d3a6ab5f509,37410,tres coracoes,MG
4c80c9c4f15db841f85d24b515c68ba2,7f6611fcb714cdefe7b41d8d7ff793d6,28085,campos dos goytacazes,RJ
cf514939041cb2b8724a3e685e2bb43b,9235718f885c9bf03e05ab387f3d82cf,78380,denise,MT
6d7f7138d2c8c74549dd30dc4e2d56e6,9a14a8bafa4097a68f52dd678c82aea0,13283,vinhedo,SP
95948f00bd07df9a0c9b940d7a2ffaa9,1242e85545a001f6224e2263d7791704,4022,sao paulo,SP
8b65ea3a6e826a860f2961630e922c41,796ec09645a8532d92921de19a33d6ed,35160,ipatinga,MG
c606407eec8f9304dcd264811b9f0523,9873d2120338fb542090bc123fe5c47f,58069,joao pessoa,PB
fd5ddf911dca5e102a4856a2ace88a09,69de2f5d39283da764d28336701fa8e8,1013,sao paulo,SP
2bd5509ed2fb45c04d0e44b9094fe195,8ca9a1c6f69824461e8116029f08b43b,96081,pelotas,RS
023a2dda10505c5b757b7f9887f5c41f,7cab13ac15c283902976af92cc304a08,68665,garrafao do norte,PA
bc210337f80918ea78f87fa40d7d2507,487c8bf87aa8420ba0f313346dd9ad69,2235,sao paulo,SP
05fa87701fb77d327e49cb5fb457a5da,c5a4367eb2925eab85a8bd7ba34a7e42,16025,aracatuba,SP
76df5bc8552a4baa36cc3becbedb6dce,278b5ecf13e43351be4735b09b58db8a,14870,jaboticabal,SP
79298f6a8720081178c7741e3eff8216,7ef7e4cd493353520fe3df708dc1cf07,13307,itu,SP
403a14a4926a6ca3866cfb494cfefc20,4f617439bea51df96df53800f5b19aca,4916,sao paulo,SP
dc965c402585418454e732f34c9d3e84,6bb535b0906b43e0041916897667aeed,88495,garopaba,SC
fc3d1daec319d62d49bfb5e1f83123e9,4546caea018ad8c692964e3382debd19,5882,sao paulo,SP
d40b1c3fb65620fac483a0fa38af1681,276e32e47925fc3e069f0c821742dcb3,1203,sao paulo,SP
28d908a1782ec9fd7f094debcbbeecf8,24a795d141018d55ce96ad22d8307775,6266,osasco,SP
01fa32b1d1151078cb954b286256df42,dccd1a4751f4983ea37c63167df47a34,17512,marilia,SP
3925d8a5f225de2b3e2d791e3a547748,5381755c8bc307f642476e3168d1d826,22630,rio de janeiro,RJ
d6880369dd3f36a3f15b849edc8ab8d3,42fbe6ab4be2d0760e5a134370da0ff5,79500,paranaiba,MS
1fb495930adb9f2a8dc5b88a0f925717,1624d1ba2b7d696d0a532aa17f110747,87050,maringa,PR
09033cfedb9bab5c54a33f339fd94ad0,165961169e5ec74a761f2d4cf0feb9a1,4571,sao paulo,SP
08ffdbf0b21cffff0d50f69e34097e6f,35a2b7648173b71e6d64851f211abace,64016,teresina,PI
09aa1b31dfac63e1e90d5ddf79560f86,698ffce09a7b0d5674f46ed3a048bb23,24360,niteroi,RJ
840d738a6f0616378d9a497fd62e812d,63fd77570aaba60f3b4783fc531f5e71,88813,criciuma,SC
b84999d47cecf126835a23650ee4ecb8,04efac4a29eec2c5662b65e87291ec38,70254,brasilia,DF
9974e59c3f6c8186342935125184d014,90f0b71981e1b1804ce0a4e267381ca3,37655,itapeva,MG
69c44cafad4d74413ddd820f77d755a9,b2e2fadc1c50fcc84b22aa326c648b83,59054,natal,RN
8106875d8a76c94534a5cece49730acd,8c164db0690b983e7ab343d1cacfdb06,5344,sao paulo,SP
9998c6bf5ef16b8498d0202e25a2c33c,f645f76d3394485130921c31bbaa471d,34018,nova lima,MG
7b92748fe6ba57a8dc7ca8d421790d16,59f83de84dbeef60a402146e31d8c517,72630,brasilia,DF
6be9823eb869ab196576be1fb27c9f82,9c8ba9b3fd6634a636ba879d594bd2bc,1451,sao paulo,SP
120e344115fc96baed2f4250646e8072,ef561658ff44ece7300119b56879c6ae,2332,sao paulo,SP
b79d85bfccc2df403dc6610e85d2ab71,947b3a5eba30546ed3c37e0c7f1bafc6,28540,cordeiro,RJ
69eefc7588679e6d4a880f2eb9866b5a,7f3900c3b410283fecc31825f9c4e0b6,1306,sao paulo,SP
8a46409d77e905aa6359b32873fd2a1f,2ee8e4dc2718c9e0926901f05277d35b,5523,sao paulo,SP
7041f895a2fb5dd4142139e99ce3ff9e,253398dda9ac868e48c23d933ccf53f2,13080,campinas,SP
170613a781d065db789a866ce2281435,d8da053d4cb055920f2667f2ba038f0c,9841,sao bernardo do campo,SP
0d6bc6ebdbc1b267e8d7e11a8e70d455,9a174e8de7a74b61a786e3f36c04b6ca,62360,ibiapina,CE
e8043e94a03541766bca8246a5af9d8b,04badcbeea122a16bcab6bd3d47bf166,4222,sao paulo,SP
e8fe08cf36af5be20512a9cac36725b8,1ec5df023b06830ce9f97595b72ba625,32140,contagem,MG
3a3276446ad0b799be2122b37c779558,b46c73397917de0e900df2adc02d1e2d,68193,novo progresso,PA
f70f9a6ee135ddbbf3aade75c81d8dfd,5702302afe17e9046f55b40552bd0e7e,80320,curitiba,PR
2ac2009b6df5fb2fe64b6665f29f2405,2c8baf984ba1a5cc7b56b575f7feb9d3,38400,uberlandia,MG
f184af34654e6c42b67146220328aafe,a414f74fdead2bbbb53ad994d9b013c4,11045,santos,SP
4514de42f20ab295bfb4509ce083b763,570d69ff587dc3a79d90851c0bbc80a2,78300,tangara da serra,MT
625d57e5548cfd6cc1a5cb259fee61d6,f13df728bcdb6984053eb041866d0b9b,89203,joinville,SC
77dc1be4c4766a308f7c7516b732a825,ea6f35445410a3f7e74c018be1642995,59151,parnamirim,RN
8a449a22da3672f99e89bc2f720f2270,7ea4bec68d72e5d00c8c28e6a2c557b7,83255,pontal do parana,PR
00abf30c1a93c7c8b509cb80a22e4dd8,d43e7cbf7354f1f46a7a1b30701017b3,6226,osasco,SP
5a94b0b5e939d29d07cb80e1c236ce5b,585ba6a115792c0b0483d65e5ab1f4b6,24210,niteroi,RJ
caedd3b1bebfca71c001c276fb477fa2,d0064751457d0f903bd103e7a6a4998a,28800,rio bonito,RJ
166b36fe485b3846aaec4fb96544b7b5,1356c7cceef6a2fb0c137a4ba41f9142,4109,sao paulo,SP
1677478f9e63c2843cfc7acb65976463,0b6d4f036c07e10854affe43fc4e718c,33855,ribeirao das neves,MG
4efe40b9fdc01c9a7056e25969589d5d,92603fb137176e599427a906f8006c3c,22640,rio de janeiro,RJ
867cbd39f5519fd4062ed75e3567e76e,de8e7d7d1d66fd882a0cadf8b1bfddba,4542,sao paulo,SP
844fefc57b6c9a11bfa1a8eb4b1a6e2b,559a8ee3945ef2efb08cf74e36c8b747,7500,santa isabel,SP
e64d794f227cf73be5dc344cd062a168,aace59eb5e6e0849953e1bdb841e1997,61932,maracanau,CE
3689abfed7e332a5cf585915310c0056,07c9259c1afcbd1f6b416d9985782083,95255,campestre da serra,RS
d6ea3ab260c02dc5a2d6270e7d49286d,ad7c13746d7ff7208d89765f407d40f4,66080,belem,PA
70972230081174ffa0f073a7fa56d95e,c2d79e2aec1562aee14ac1e8abee4c17,3057,sao paulo,SP
670de4316291fd064c67a6dc89b10ca4,621e115832c0d4258a86adb2a4650b6e,18800,piraju,SP
184ab3d6d53ad7db0f980d864012d5df,0122d73327d9135f8088572c7d7f5d54,14750,pitangueiras,SP
cad130372a8e9ca60716caf6ecd9fff6,5f368cf48b83a0e72935486a7a822c51,5360,sao paulo,SP
d29935fdaf4a76f34653da3def4f2a24,c3818f2a1aa9b856afa2cc5adf8e97b7,78652,confresa,MT
2d9d650ab42cedd47f35ce7a7e59a75a,bb5f90cb9fe4e14ba4fa8ede8fdf7e29,8310,sao paulo,SP
a3ec634b294a29ac054260888614fd40,71e55846b128ffcbd7c16b2e5c8b2218,5847,sao paulo,SP
c864ab08bb4dee24abda9f5d464194bb,07121899dee7bf1c04a1b915d29515fa,83321,pinhais,PR
fc63101cdeb7148093b5bf42644568d5,46f6d9edde823b57360186471b35d4ff,4509,sao paulo,SP
e740d1c438e9072d5a23b6dd96e59b8b,efb3bb008222efc04a358f6a21aca4ba,58038,joao pessoa,PB
67ada02dc1c10400e1bd19e1d84541ff,10811ce4adce690edaf95b2e8eb3845a,4144,sao paulo,SP
fc71b69bc2e2341ee7074f4b9396fb95,8522849f103f0c4f01ff87fa53bcf2ab,11432,guaruja,SP
6b32ee41d353d2d019d479408e4a1128,5fb693e616b5ced7fcbcab50be1b1fdf,4010,sao paulo,SP
aa7aba441952b013edbf055028d6e7dd,021ab4ee1c733fef68ef3ddbb6c4ea7e,12954,atibaia,SP
2f61a220c13f883b836164d7938f78f3,fb96aa7fcec2e307d3d4788eb79e687d,65700,bacabal,MA
cabbefcde0d172ce74bc7fd88aea6664,1a73dd8155368497280c8bdcd680c9ad,25015,duque de caxias,RJ
6442854d50234aa44495bcab02c5ce8b,61bc015848fdab0d072046b3f05bffc2,4840,sao paulo,SP
5e2cf044ad5eaafa0fc1ea6e1e06495e,efae50d74a4494f96d7d7fbc11ba2eb5,7080,guarulhos,SP
ac6fcaa127ca5433e6df97fde1892428,0b4d732ce0d9fae6a22b9971f74a2149,20780,rio de janeiro,RJ
01592d05fdd8a6deb7716ed80a0d18a1,ba0c4da87f8b5170876eb429fde7613d,11533,cubatao,SP
25a7aac1dd876892549320c943a19160,dbdf835d7807129fb5cb917e11b1a933,18057,sorocaba,SP
55b570c71025b39fde0bf79e585f1db8,510d2ad55ab5c0d2667afd44c5cfa9c4,6550,pirapora do bom jesus,SP
50ce1380a46e62a29e1749267839d4a3,0c708d5fbbf9563f4c7096f97961f05c,29055,vitoria,ES
f0c4303cda50a26c785fb217713ebd0b,0dbd8ab8acc3621736020f69c5b9bc72,14031,ribeirao preto,SP
fddbbeff104817044cfe82a0c122f473,24a97b56158eb5f55b2840923c8c90d9,86056,londrina,PR
f08742a7082ba21c8f71fd1ff6d32c0d,c9639edb9f341546c199eabecab7b863,4208,sao paulo,SP
3e72dabf2c10a14d047233a3823ddce1,23896bdc733fd3499952f52a390a160f,9182,santo andre,SP
b2da3e1f91052aca033b4d34ab8329ef,0ee2e2a6e5a1353835454ca2df8d1d54,3041,sao paulo,SP
fbb6b1c7deb81cb55bd3c0ccf3414912,4620aa87a466822bd4bd3f69e01e1d5a,89046,blumenau,SC
35ce0878563c58ae6204141b827a6b86,17723093b35bd2dccdba1cc91e0a7101,13272,valinhos,SP
988440a77f06ef4a5885c7dd31833bf4,0927468f5b9af266432a47173a7f8209,1231,sao paulo,SP
74a3a97a002838ad5a227aba4f90ca78,8170c6e6d010d22195bcd959f5de1ea5,6342,carapicuiba,SP
176252fec2dd0959a6a9c12ea3868752,e59fbef6e2e5b2a9795111f9a3e3c8dd,70351,brasilia,DF
aea320a768b6bf82d76979c16260e2a9,11f1da7f54ca7505e5d1b255774ac6d6,31130,belo horizonte,MG
75d90429e22ec177e6c69928ef95a9a4,99a9dd526536f7f19971e4f754cbd729,3985,sao paulo,SP
b181fce3d88831380f95ca8cb2a96945,efde060558616b5395b22c15a18444b3,86010,londrina,PR
b6cd6b55b4870f765704b5dd17285430,6fd93c11a00e88c0ad43712cbfaa5296,11060,santos,SP
4568b6ca77fd9f28ed5ba06a4a8f2e6a,735dd53549c3722fc6e2b61fbcf7afcc,20021,rio de janeiro,RJ
908fefed2615ed41b2880512db12c758,15aa251aeeec331d7ee4e1851397e8f5,4040,sao paulo,SP
9462d88d82a551270b7c345a53aac7f2,77ece4bc1200eebeef65ecb4fe0188ff,37410,tres coracoes,MG
e91474c2e43239738e917b06f84dae5f,c5996b566f3eef42e8de705479c6f8cf,19780,quata,SP
18e2faab25e5ef1ffc283ef3775b9a87,0856d049bb504667a1a2c34d75af0061,32010,contagem,MG
361075ad44ffadb27e3440aaa0271533,656d81ab7f30a1be5709ff381e3f91f6,74275,goiania,GO
64921fede8259055e3944c02d8ba04b8,5f6e8e12bdb0572251404855113d23e0,62595,cruz,CE
8683c94ecfeed1552bd8b944bf81d66d,1d4da7e898d7b434bdc2a1628efdbd4d,26216,nova iguacu,RJ
ad66699beab381d0747605f108cc02b4,29b186723b197669f69b7d63c3e27c07,21044,rio de janeiro,RJ
76cdbc077d1f0ab2a243edcb6dac3ec8,2e0a2166aa23da2472c6a60c4af6f7a6,3573,sao paulo,SP
44e901b8be5f6dd05a27589aa95f7679,3f40b85d9ff61edac538c6092e434d77,3809,sao paulo,SP
742cedd54dad5e81da2cdaf719678e3d,ddbead72efcebad74eb7e952b034e995,8717,mogi das cruzes,SP
c6bd3c920258b9d27dc6d8766cfa0b90,6829a606f6bd8cd46ca15c799d2dd71e,5335,sao paulo,SP
3bd34d2695b29daf46c726ca65adaa76,2902aa119b0d5e66be473e52db5d52d6,65071,sao luis,MA
94fc7152214303f351fb2a3a171d8386,a90d5eb21d1ee630c63f984b78210dc7,2859,sao paulo,SP
48fd5f9b1d184c27ecb32729042a3200,772d34fd17482b75a4e3e1f59db60f27,85819,cascavel,PR
cb2931ea3f789f27dae36f4f94e6c86b,e590250cff422faa26bd9255178f3c96,7144,guarulhos,SP
ded400422478045ec5a02071abaae1c1,14313c31a3be82e11c059f99104364a3,9725,sao bernardo do campo,SP
91a6d980cba73daae8c44f9dc8cbf87c,701aa00d300c1408d5c2411fcd14278f,22270,rio de janeiro,RJ
9dfa54220517b2eceea1134d006e2fba,6e5ae65e6fe7ab42b23fd320e88ea33a,22470,rio de janeiro,RJ
9711a23693eaa23367227bd36040faa5,d1e3e64494186c80b7edf1181b42b0d1,3810,sao paulo,SP
08c95eb831d93a76079d7e24a117db29,e0998bd9b9ddc78c925d8a815f18673a,90540,porto alegre,RS
7ce84e2711055b434ef209ae62eebcdb,745fe69e5cc0a523b9b8858053d2f824,8450,sao paulo,SP
ad7c1f0f24e5bd4681a7646641714f81,132c2e3265b78ffb86797263845c7e0d,90550,porto alegre,RS
ae8ed9c83d32613ae9f7e6c72443cdbb,0f04a72a4b5d5889a83916f2342c9123,9415,ribeirao pires,SP
996dddfbf0751298292794a9341ceb95,c77080f4ce714a19f165e5564cd74875,17290,macatuba,SP
4b63e580a723f5f78ecf8f0d4c81890a,c11274b1c6ddc3cc5c486a2e6cde4026,37701,pocos de caldas,MG
15e479d07cf2a62758cfbe67c4742a1b,bcb287c639175defad2575e03b049151,12320,jacarei,SP
d24107eb048edca15d48a292af14e17a,baf637b5712ea156a982d4f469a035f7,18030,sorocaba,SP
ab85203400c4ddb2933ef58e6d6716f9,5c1f384911d84580a244b2fa4d8c950f,36016,juiz de fora,MG
072495211b56605859c385bdbd35103a,a7aa43bfb35e39fb77b26123d0effbbb,18055,sorocaba,SP
83515b26846c0c6375ce1d237e5f8bf8,e38d5a8b4338ca4e8c1d5f0442fffbae,3077,sao paulo,SP
2b710f598151f86cea8be84007ac53e7,a7de0c8480d07cef1e8f55f8c61f548f,21660,rio de janeiro,RJ
51f6210c02eb2afeda1b62f940bc39b8,3490168e3acaf7c79dc72a00dfaa500b,5051,sao paulo,SP
aaa423fb52f4106f477683490cbd5845,8a898880a61e551c80bacadfb4356255,6449,barueri,SP
fd50af22f5637b7daafbab8605f402ef,50cf4cf4581da5c885d489fea967bd48,88815,criciuma,SC
27cda559c51079a52420a3366d38517e,0b516f76aa9396c53be2527ceb5479aa,18115,votorantim,SP
880f0ba5c07d5b9d97c38814323106d7,3084108ab6a05c325f137b7cbaf6e283,97670,sao borja,RS
3ea720b336a4ee1c2a5fa2b77cec0d48,ee3f2b083f171af669ce297c27b14df3,15030,sao jose do rio preto,SP
410487a17df8bb033e4173a7ab925f66,d3cb1ff6f56fbf14dff73e4b24bfd600,2418,sao paulo,SP
fa93ce4834c0f048dfd4b15cb6542beb,2c0e71415fe77e6fcc74d50c42ebe0a9,75804,jatai,GO
6d257eb6ad859a44e9f7815a121cc9e7,0b6fd62cf64dcca5a883c0d159a90e9d,55814,carpina,PE
a974da127096592544c80544ddd26149,b83cd264c4a0dd6f1a227daf305b8504,35430,ponte nova,MG
43420e2e2af1b2b21dbaaea745dced95,e07a8bc8e478560073ce5e5f14092970,7054,guarulhos,SP
f6917e239b9f9f34309ae169d4adf084,fde381fe79993303957d1fcf9cd6bf4a,18035,sorocaba,SP
8df60f4b5c7991242bdbde7c034f2057,d651f48b3c453fe39afce7628bc8269f,58085,joao pessoa,PB
0ee42e5f18aa18fdf9ff7735e67dfead,09f3234bcb9df3668469a42d4f37c31f,90850,porto alegre,RS
aeed83f14583aecd0c82d49c45a833a8,961e5601bd093eed69dd3e864ff4238d,54080,jaboatao dos guararapes,PE
1557f8381ff99fe787e0f0403ec62aae,11d01e1db16fb2bd4550dafeaa531dfb,80030,curitiba,PR
7d9b51f3660c368ea526bacbc9fb6915,6601512778b46c301f29d2d16848cc28,19200,pirapozinho,SP
48487a92b4fd416acf46a06f981ab31e,023196e0c7c9f50e21677e45cc6d539a,3362,sao paulo,SP
76f71522a4d0db001ac6caf99763656f,397f33f299dc46f1961bc7d2262a96cd,38600,paracatu,MG
5023bc2931283adb435a1ef20a8ae944,45a484fff4ed3199e9590e6a404bc771,97503,uruguaiana,RS
ffca23943c4b620ea24812018373fa3f,e2421eb09087faf4f51661d176aee08d,45810,porto seguro,BA
17c77aee53b37e65c31f475ed30b5832,c4d9283195f6ed693c3ec224f26f9101,86047,londrina,PR
98fe6ae8410f2e46f8169623ccfa5e6d,801be759d8867e392827a1fa5bac26d7,4746,sao paulo,SP
846a4b8f5a1ef6bb498fdea341f425a3,e307b1e265fb8e6fbf392aaf8f4fc93b,5092,sao paulo,SP
4caac2b083c3e53c597c4362c61f2598,f4714ce5ac2fe6ebca5ba8f8a4756b00,41620,salvador,BA
9997d3fac97d1dd96ce13a68158e84ce,79377f2dd1a1b92c1c06fba32f1bc1eb,24903,marica,RJ
f67ec457fd8fe9c46d977349219d81a3,9187018c5b351a6debc702dc7a0c0763,13473,americana,SP
d00682c2eaf70db1869809d2fbaf7aba,556ae943ba81f78f9d6db9e9b7ce38d2,30180,belo horizonte,MG
092c59785bad44d0412797caf8867e5c,5c4f76d4e8b8ca0dc5119acbf1052223,11070,santos,SP
9eb45fdc6a2ce8a586c45c00c905ba81,db49b0cc5455bb95b2511a5b3f9bdafd,42804,camacari,BA
a9558995b6d102f6216229476ff11b3b,081affba07da7870a82f39adbaa0b5d0,66615,belem,PA
26280c295879b204d2d3c0452e0fed88,ffe780a8995715d9560ca10f3351710f,22260,rio de janeiro,RJ
f1f47119f889031980d7fad6a0b0c62f,e9fcfa1ff75dd047ce6a054c2fa22caa,1252,sao paulo,SP
3f2c91cf99f9896186902778e28051a9,0dd40ed947e3bfce516044118429afb0,68138,placas,PA
1bed328bed3e5501868523f4d8a3b646,1efb4a0f5e6617e5441eb67e2a176067,8773,mogi das cruzes,SP
15dce1bee53a5e570eced9cedc29e302,4a3db5579b3d8bcb6923779323e0189f,18530,tiete,SP
dee3552c1fc38b7497a491fdf5e76c4b,1455eed41cb077c362c1163b937e823f,39402,montes claros,MG
39532dc2af2baa5bd9140a31c5c66e98,5bf62dde3184c792f5b6ca13a7aa746a,78640,canarana,MT
0264f4e581481a3f01d4f341d38a46ed,44f4209da2cfe8bdaa9072ac8a80858a,90470,porto alegre,RS
df56b790a5c58d941f96283941ad0c42,8afe6e31f63f36732766138fb463064c,78115,varzea grande,MT
d8fb8c9aa1bcbcbb0b883be6c45f2ea1,65f95ff8f1b2f2a617b558f0917da27c,9241,santo andre,SP
0c759d0ffa38b978922b8a00506f6159,7c67f115342d01560cd438fad6346a3c,19700,paraguacu paulista,SP
b02b96a13a1933796f5aafbe5a477e1b,1a96a430370a119eb2a756d97f4ba6b8,79780,bataguassu,MS
954cfe56edc8052d49bc5b4715efbdf3,986d4433885f533fdcde85845bb9a39f,59125,natal,RN
4c99e4d80794cc4520af0b07913b4d6e,ec4eae53da65a677322d51eee281661c,36930,simonesia,MG
81807f6e141a41c8b2005b775042a5f4,29a75a384924d941f43321d6330f55a5,66087,belem,PA
b1c9a1e6aa6d7fcd06fbe3c647ff34df,780a9088ee40f66cf21b3c360646fd45,35400,ouro preto,MG
4721c721366c0149c5f5e89bfa7b57ef,e979216ae0e169f03bbf3499350509af,40040,salvador,BA
be914b8a12f44c21a6a7070f585e2e42,886aeeb2ed14cfff6830116322de8e4f,88200,tijucas,SC
8f66a46e622f40e6f5428034d16b4192,ea90216e3da4bcbf02469a47730f5edc,36230,bias fortes,MG
163a1a773e83bb4ec009b749a84e9666,6e34fc248820623116a0758654503707,45780,itarantim,BA
722dd6e14d2f43121531d24edae4e1e7,98f8611de8d2946b6992c022899bcbbe,4087,sao paulo,SP
e4b73f0c9ebdea67a8300aaad25ff939,06e745bbbf3c1a18558ced1547ea819a,36235,santa rita do ibitipoca,MG
ed06bdbc21c55e3174bb8aae5e36366e,5533503420b3db94f2ed0571b986edcf,14800,araraquara,SP
1b647f8a54bfd8baa6a26e3fadac97c4,8987280b085470a9fb0ee97d75342411,51020,recife,PE
44c788d8ffa07a4963c9b8bd8017d151,f672d4ae866d742fc72d3b4c4d2cf23d,4119,sao paulo,SP
3cb66f1169b5dd1fc680f9a951641612,6bb535b0906b43e0041916897667aeed,88495,garopaba,SC
5feeb43744a61e50a53346dc3169225e,0ea72bc8d992598af459f73c9969837d,20560,rio de janeiro,RJ
bbef00095c712ca0e62584d68cb9fdfa,768b4f16e9602b6f6f92cdddf3cc582c,48850,itiuba,BA
9302b40e3cbf7c43daae0cf4bf7e8895,3cbe4dacbf014deb61bf6a4b2b7e24ab,33600,pedro leopoldo,MG
fd650b09ca50cbec651acc566907b2b4,5c592a4a6e10497444ac1f7c46d8c51f,62910,palhano,CE
f9f0c70f7f91d4bebab7ed1cb0206489,a410644642278171ab477d7eaff0d877,23894,seropedica,RJ
795d2de5fab854dd2b68a6c1fbaa1f21,106f4773e01af29c551f2906583a4bfd,79096,campo grande,MS
9f865243eedd5290cf1d0f8b5d2d1d5f,2c8c7b6bbfa1eccdb70ca22be6739a7e,13403,piracicaba,SP
efabb2b271a2d7ced97c99c3cbbe3870,bafc5f1997ceb7c62d72da3e4e43739b,17064,bauru,SP
059571e02973e94b854b30987635dcb1,d5e4bc3ab51abd788eaf77fce19a12d3,14403,franca,SP
ed3b435e402f52f7895ef9d01d8e2e2b,2cdea5548dc91c876f311a4530c75f1e,6194,osasco,SP
3de618a738030339345d8dfbf28560ad,d1e8e8b6b4fe73615245aafece2c391d,21941,rio de janeiro,RJ
9a460b0b588e9ecea4e4fd2b169809fb,2571f41727577645737ff6b834e9043b,31525,belo horizonte,MG
80acb244f16eb759ec0bafcb47c21cce,837525782a99405a7e8d6f3795240da8,22030,rio de janeiro,RJ
3c39516a1b33d6d890f3d1094267e54e,14cbaed6f27a7aab94b666fefa33d5d4,56780,tabira,PE
e11c517db05b111d2682bcb3ab61e327,4f36b8f2e592e796ecf4c62f299b7a66,68633,dom eliseu,PA
f3c417aa727ef55b2a9eb68bda276dd9,ef643d635cab1ffb3111e14641861d72,89560,videira,SC
d53b4f45e70cf4ffa40c191672179c64,9dec569f601fee3c623817ab3d57b844,40230,salvador,BA
16fbb85003b2c83ea0ff31ed5022b9eb,3a1a5bba121ea1fc98060d58d3c812de,6823,embu das artes,SP
1624ad809098f4d1504b6115b8073660,d0bce8dc54dd1b03b682ebfa95c38ec1,14600,sao joaquim da barra,SP
4c3741130dccdca5d4fce3bb2822c9d7,5b8830979a628eba896bc7638f62d926,35500,divinopolis,MG
aa0533eb31ed3be79086f11bb2bec430,a490d5875edefe9bb8f5101ec2f6b56f,13870,sao joao da boa vista,SP
f89dfd053604484eaa990ca4f8a0ece2,6620b53e2b76b2ccf10995144d060bd6,12605,lorena,SP
e899e0c8c1ff8d71c53bcf89ce519cfd,f1440f8518da4d35fbe868fe12d586aa,11431,guaruja,SP
5941cab9faecc602df8b6e69150b9d65,1a84bb2f089e3c719176f7cb5648276c,49490,poco verde,SE
f0654b836659036175a0103e9fcb2e4e,1d5ce9d5c71fc935ec888aa182100703,4805,sao paulo,SP
3142d98ec0bda2129bacbddf0c8fdd17,7e42381962b8490f0d3a5003b769af73,39740,guanhaes,MG
b58a766d3cf723d63294d515102ae165,e93f117267972c3da0f8836ea0a8c903,35450,itabirito,MG
99e92a4ae3b87639d2b55ee0319dee00,964eb1b98713e4527eb11bce9a0ac1fe,1008,sao paulo,SP
4515197a9cb2fa62285ccf9a2ccc148e,5b87097b1bf3d4c9234bfcef45c6c8b1,5374,sao paulo,SP
a746774b7095aff23fd5bbdcd85c29d5,72cdf2264908e2d1d30146e63fbb092b,74355,goiania,GO
91530372f9c5ba8c930edc3dbea6f2c3,368e91ac2ee2407d82d8b02551d2cd18,4844,sao paulo,SP
d53c6b90e37d56179bc7524f9570c4fa,f567a12b251dc3a5eadcd126e00d4f4d,16200,birigui,SP
bbcd801cba7b655a6aab583778eb6af8,4007a2d7f7a4fee746b203c1320c5408,88070,florianopolis,SC
610c0a7ee3f1db8e079a647e473156b4,d6d8339509a0cc78756ef99d44a0a805,5857,sao paulo,SP
4f6d55f91cc55993f83d3f289af748ff,187d82b46dc280f75368cdb8d62a97c1,29160,serra,ES
06d529bccb0825265d8b5b73c66e53d8,8f2afd41c8f5e3862f4882dbc9f624b3,55644,gravata,PE
a7c23222a85de41cffd488ed80857a19,7822407d4ff4275ce4e812b092cc1576,4134,sao paulo,SP
921b4d839d9b65c512648e14bd29293d,456a2b794566e6029a193699223e52e0,88309,itajai,SC
1a6619159ba150721453e7a7650ae0ab,e7928873aa29a8b16ac777ce228c92cb,32673,betim,MG
0320b57550ef2aea72c685cc12c09ecd,41995900207768dc89a07a2e3413c99b,13035,campinas,SP
7536b44a83b05083df3c3834d161b373,34e183eaeaed3c11d190177a1efd96d1,1258,sao paulo,SP
565f86d78a5b057917366c58362a85c4,05b18010a8a20bb7103a7c67b1b37800,20270,rio de janeiro,RJ
7185fdbf483003e78b65e2571d89976f,c012dc15bf0773671a901e6b6e032c95,56328,petrolina,PE
fea16654c631c5cd6997fc0414c3a201,28b532ed2ae560bc90687b4d466d458b,1424,sao paulo,SP
95c1444daa9e7372d604f64f3ee1a567,b87b4adb59a1927310f7eb20b9b622d8,58900,cajazeiras,PB
d38d6629ae21f5962e9ab76b553360ca,ff1a8a9c9f33c1b295bac1eb7e11ab99,12324,jacarei,SP
626da291c796ef2695981deb0bbc9eed,2dad8f2b565b14983d2792369429b34f,95950,nova brescia,RS
c6a3e1a0af3891b7f81c78d1ccb16f5b,44a22a3351d7f1bb3d337d1be11b41fb,18072,sorocaba,SP
ca308ab8422277857a637369e1797daa,fbc767f7d120296a000f4aec92ce717a,56308,petrolina,PE
3f0bd16414d5fee5cb1d19769c3c825e,6c20a0d058797463344295d2df549503,2613,sao paulo,SP
cc7e12aed3bd2a272471c6060f80f543,9724716fc9d0ddb2116e706c2f696925,60510,fortaleza,CE
9434829a6ad0625a50a8904f8a90a24e,6c9588c03409d1e550705653ca2b30b2,17605,tupa,SP
7add403a697858f1a47857c3e396b54d,12e7b097386af1c4279a1d3bc9bee056,72025,brasilia,DF
8ee3752ed676be5e448ebda2266e87e5,d669236ac05e274f48c19d950f806bae,13063,campinas,SP
6633e658356d7a598fe1cd44a46cbf34,cb8a48f552b6dfba01c3362d4eec7e79,48790,tucano,BA
4ffeacfa8b6ea5a14800c504dad2f46a,6db237ce2f0442b62f401b0939ee970d,5203,sao paulo,SP
976def33b41838395939fe28ca651b37,7608e43d277f4b8c8d0e5756f6ea019e,20520,rio de janeiro,RJ
937afb3c743cbde0849c9f8463628d15,7e152bb52633a3cb351bf4bc2a75e0bd,38407,uberlandia,MG
3452bc25e2ce8675c1e0731cf3933b33,a68c9c34242f5364df4ff3e06debd8c7,88330,balneario camboriu,SC
f6aa4b1360cc4c6186561ebc2caf14bc,c9864f4701491e0dd2d49c0c8a7e98eb,4116,sao paulo,SP
2ef4b4c4630ad3c0f379af495307470a,110934758b1585194afe1c0134c1dd35,73270,brasilia,DF
001028b78fd413e19704b3867c369d3a,e57a935f49ffd73b93c18eaaa04efa84,5387,sao paulo,SP
f5a4c00b35faeaa5df60b49a2a5695de,f9ac9d674ba2b542a6b9491820388c7a,88330,balneario camboriu,SC
6da4a9737f336aa2e82f44bb0e868cdb,8db46442665a3e2c2addba356d0e8354,25042,duque de caxias,RJ
1eb544acef426d2268c038b8e3ff1b23,bcfc9032cea53ef734a6008742d954fc,5302,sao paulo,SP
c4ab9534c84e6ebbc22853ff357ea2ae,803370695e05d515d9e3b347a425d2da,12312,jacarei,SP
7e09a5c3c28c8e14e5a17696712430f3,f1c0607e690eda4689270d3358c1a7f8,92200,canoas,RS
f97c2ca5646ebbad59fcb3c97791e5a4,d8a65ab5c2ef747532d08ced01992d20,47850,luis eduardo magalhaes,BA
250d070dccc06bf15a6e4e2f2b1b5870,a62f8fe9d5dca0dfb914de5fe07762e2,94910,cachoeirinha,RS
3a04eb9c6f03e8bff298d4172dc8ae5f,13bcdaa9c02a8e5be34bc7cce74dacf8,23587,rio de janeiro,RJ
fc21178c7e1580988c8d748736a40bea,e9ad5caff152c5ae76c97266e53878b6,4536,sao paulo,SP
51a8d592336a414fea21f12534b0f797,5a6d092525ea183026c9b405b903fe0c,4363,sao paulo,SP
ce1fc521645083f008569f9ab85325cf,87d2cb1d11a2494ee3b37e2816ad442a,73813,formosa,GO
9f546895f9d0841df86f8681992083b9,de7c0cdd4a7d9336e71adfbfdc11334c,13098,campinas,SP
49514292b7c96900328c314056e19641,7f873e2c98b19dfcae0db3c0ba919905,86975,mandaguari,PR
bf96e70ffefc1f625f3db89f1949af48,ab6bff1069c7a985a00a92e7d1f0f321,13453,santa barbara d'oeste,SP
4e157f7a1f67d7f847355a56eadf0512,8abc71015fc29ed9233e71a9c0bdb451,87015,maringa,PR
98bbc5fd5c70c1331d7e5382c6d8f19f,18d61a27f478cd6201df948578f814f9,13206,jundiai,SP
7558e6beb7efdd069ac43b97f4f8e67d,975fd7a50474637f35629c9f8028b093,37200,lavras,MG
659dbb4ebaf7a20e6b542adcc862c6f4,4f42c1f9500147ce3ec31983e207f52f,8676,suzano,SP
638080b723966c4c61bb9169ead9c097,20d55aefec63f14a88817c6c28125682,11900,registro,SP
5990f7c1a76e6442f8759da9aa555d21,4f0bcf23a531b9474114b7f81b7243ee,7810,franco da rocha,SP
b1dd715db389a2077f43174e7a675d07,a8dd81392e5eee5d979c629a76abec2a,13059,campinas,SP
574bc1bc07d89145ec04fd7a5eca5c3e,4b79e4b6db0bcfb76c85b5d88649fa45,72005,brasilia,DF
aadf2752fbf607535468b271f7f7d094,6e24457b3e5fbcb86beab8de6c1e9c21,39100,diamantina,MG
f8de0ee717bedd4c6d63936c7ed0250f,5a309baa12d5c4d5de6c02eccef13046,79200,aquidauana,MS
fd4d2add7fddcbb3074920019da1290a,a57dd66fd536be4cb7fc34159260aa28,96211,rio grande,RS
60c394acebd6100502ef3258182dc805,af3de24774685d8efb4d30f2879074b2,13715,itobi,SP
6a66c358fee2cf939437c490b2f408ef,4826ee6e1e5a8779b343bd3f9ad078a5,13382,nova odessa,SP
a190f4bbd7900a0fc820f0be7cbbded1,325cd8136f7faafac47864d906106957,58432,campina grande,PB
7dfb9a9908de354be283cb44589f723d,127a3d6fb12d12762df4562d90060a3f,1231,sao paulo,SP
26666e8b9d1f89876ea83c70e529812c,573dbf27284994be3c41507aa9f093ab,63300,lavras da mangabeira,CE
be72b301165d5c4dc4028dae36aa1a83,d427bffb4e8538a429204b773b6f64ae,4455,sao paulo,SP
6bf7cea1d53d6e27e5debdb2d5049ff6,86d8261e5b348801fec7bf7ed0726e39,15053,sao jose do rio preto,SP
d3eac6f3d395fdf17814107b34247c62,3e720608d10c93f40324a355df2f15d8,82600,curitiba,PR
b750aedcc3389221ea73e964bdca62b3,66e775ac24247ce2c55890a835fb0484,38051,uberaba,MG
88be27a75dbfc841ea1fec58b8fbb33f,9c6f374501444b54a26449766b9ac301,99700,erechim,RS
7ccd57bc5c4e0f34fcbc9209b2d4bdfa,71d5e9bcbe05f2adfa08c33a109c12e0,13290,louveira,SP
567e09a51ff57f2f6ef54ef2dcb742e8,17dcb8c62667824b3e3755a5b680ebc6,6540,santana de parnaiba,SP
a023e60d1438c4241673afd111cd1cf3,7de6d654e4d5b71483c3799468bc27e6,6775,taboao da serra,SP
b9662bb6c6a36059b08d2ade7f499d65,21f86e97c14e9524ace161a8c9decf5a,2408,sao paulo,SP
47e4d87e021a20a49ead4ef11a9b466f,4b7a71c96db21017913cfee51622f797,65470,sao mateus do maranhao,MA
42a2af95bbf8a66f1eef9611be7231b2,92e0da7e678f9544ce9a1f6119c0fc20,88390,barra velha,SC
958b47e797d9db0979238d3b7fc08b9b,ab1396beb942dfd3e0f7ac83938bbbd1,58600,santa luzia,PB
ba3d3c02e06168e577af7ef349c9313d,719a735ece4d49f8f918d1fdd319cb2f,95900,lajeado,RS
85c67e22ad636abe63a496aa08b83e62,85bef48ea3240619e6971a9c676d7807,1233,sao paulo,SP
6363e2618ebebe92ac570fa7e9fdf82f,938f894ba82b487c35a6a6eeb1349248,37120,paraguacu,MG
cd8297dac73c55a89cc61dddf4027a55,3a38d5fe04391bba71a05db868f1229a,38900,bambui,MG
8e017b4671087e525f876be6b8a73938,4572e4b70e1c7573250c2c47aaa30210,5886,sao paulo,SP
f3ae118e5eb686a675b68f49b722cc79,a9de4efb940367eb09af3c9a4f184a76,3333,sao paulo,SP
8ebae1632217e6669b1a563f319d238e,2554ff0cffbc4eb10d6b71f41b3428eb,95840,triunfo,RS
ed27c886ecb4713fb8f8508a2e9560df,19c536531db4a7685fae8423edfc72c2,6730,vargem grande paulista,SP
1571123ba3a4790706ced4a3addabac3,73b5f947969081c175393cc0779f04af,38411,uberlandia,MG
59ef7c50fcc758b78b09072d7ca5eefc,46c51ce6e24e741e88ca37942f0926ae,29980,pinheiros,ES
540a2be873e8d6d01db05d4e9e472aeb,513c9e0028a7ec60a40cff40de4eb223,3729,sao paulo,SP
709116483105e4198b439016da66d4d0,aaaf358226ca4a9f20077806de76473f,81315,curitiba,PR
27f177e980768599b6824ed895ad0a24,8690d9f8dc239155126a7c6fe5e7f82b,39402,montes claros,MG
41cf71109d64452d0b2a886144df4b19,1f508e60fbbe74dbec28e4013599d0ff,9941,diadema,SP
1a2c6469954e0f56da59bf0ac75007ed,c4886396b3611751be07179df0696331,77021,palmas,TO
4b3e7362d1817574e08899f1f72db97e,2cec43a244a9f58f29ddcd0a951dec3a,68552,redencao,PA
ca6f288f99561aedae10f44e948e7e61,59a51cda6d5d34bd1bc68d383921bf01,30550,belo horizonte,MG
27b939024664f89f9ed6d687e1265de0,487e9e85b88b68f2fb0a84d0296936f6,24940,marica,RJ
699378662a662906118d5c91b689e7db,bd010f70857d171233c8a51ef0bfcac7,3574,sao paulo,SP
7a999a63fd38a91b7c1061ef82ec71f0,d7aea2b2d4d7ed200746d41776fbe9af,22745,rio de janeiro,RJ
eafb79051e59ba4934b1ca0452fc6720,b37b521e9947a4fc51cd2c7375cfc4d6,88495,garopaba,SC
33b83055b03f489566ebb99c68d45cee,068b73f9995e1550291624093d1a2853,15950,santa adelia,SP
f9731a0309dae925dac8a35ef104a199,a90cf5a43a177612976f70bdccffbd0e,95084,caxias do sul,RS
82141426f5565b47a8b8433342024da7,7b15d3cbd163f636a2e28c3edaea9a2b,13188,hortolandia,SP
8514e0aeceab9ef5bc9c2e86392cd6e6,1f53a28536539df3fecec45ae1e212e8,84196,colonia castrolanda,PR
a8ce6a904d2d16b128b6260b147734aa,5605dfe001a21496976e0a8b1047df4a,48930,curaca,BA
615063e4a4d4fc2ef9cda7c7358e2d4e,c7cc16762ed76df489e315d56eb1a031,4433,sao paulo,SP
7ce0426376134feab67c24da8660c2ee,c4ca8994984553d0b0fcf2d989033118,5633,sao paulo,SP
add7aa6095dd2aae6b8d70d022bae3e5,a5bbd6eeb5346baf703a636f93182379,65066,sao luis,MA
0d4a5cdbedc3aa83305c5d5ea18a19de,c4d97ae02f462bc5e0733b1cb84156d3,4537,sao paulo,SP
01d259010afdcc421652fd14d9ea6d6c,e24fdc72d520d237279a174651401f64,24120,niteroi,RJ
633210c5368f5e3bcc3751459e1e3a4d,e940b2ae9eb0e786ee83a5eb06c4b7fb,17380,brotas,SP
2decf78a79d783fb2baaede413ff35ab,729a8e5e518f1221401092b5959e42c1,20220,rio de janeiro,RJ
a42adaaa0467568a702ec76c3876984b,f5e97d4f5d39a2e38e76b6833982e41a,21930,rio de janeiro,RJ
d73e02185ff717a508033f6befb48778,93b4278bf1261e2e9880fedb439a73c5,39402,montes claros,MG
a536fed4f2a97c5dea43c049d0850f1b,818977c72a9a9db58e112e4704137f91,13630,pirassununga,SP
689bfbfc2b6153e94e7ca8a1b52e3308,51306146642e25ee1722f7d435ce8e94,85045,guarapuava,PR
0355544e5f4818d9553faa520fedf38b,c2eef4e8cfe88848c34e81a5cf62b4be,6630,jandira,SP
7d14393ae77ef2bae04901d86cbab86d,5819ea210e979b86b3cd16e2f02fbfa4,13186,hortolandia,SP
a428e5191099df106128d583a47ebf9c,aac5520514c03a4fb4b45c93b6aff2b1,22723,rio de janeiro,RJ
2c5d4df0decd36ab2ebd65bccd80be05,3025f2b0d2fb8fc5db3586d307ae890c,8041,sao paulo,SP
dbd8419d89e2d12f79322167e68e6225,0046311f458d8041b00063cb99482903,8270,sao paulo,SP
e4f40bdeaa197235f19f136666ffbaa9,994aad8dfed8763cbc0123b0aed99285,93540,novo hamburgo,RS
36a52cbef5f4a32aed0c0215995985d4,bdf66f18d41be7aa7fc10dc72e188357,63125,crato,CE
26edf51b99d1817a0d9890fc86cf8e63,966991f3fb9b67695c643670dafa8c7c,4513,sao paulo,SP
533a3d75aeb7abdd7d803dd264c9851e,0af92d2ac166e21f4c91e660504a5d47,74360,goiania,GO
9b276b965cf5220a0fcfa70a8da435e6,fdaa79b9ae7e3cccf3ad02f2c5be4f8f,65058,sao luis,MA
6647005ddd01b3f7964cfa2ead34abaa,2943cb28b4bbc9bf82c5cb361e563653,7120,guarulhos,SP
f31e6301ab31f25b5603bb6567861c43,f0fd988c7c2a4cba167138a8adada6ca,48840,cansancao,BA
8866a052aebe7f7cee97bace65b379b2,000e309254ab1fc5ba99dd469d36bdb4,72872,valparaiso de goias,GO
ade30c33d12f41fb6a80e79d43656cf6,39071f970af0c193c6349207f7d890ea,14783,barretos,SP
515dcc3641e65fbef358398ae6dc91cb,31cdd1df0a1e5ae952d89a5fe0d6eb15,95700,bento goncalves,RS
9d4d8a6556530ce85b30147f9ecb799c,1d88af8122b6279cc2e9be6d3daec0df,13060,campinas,SP
961071125f29a1927a25ae916455ef78,f411e629562709be496c105c033c6b4e,68658,aurora do para,PA
ce24092edd3791e3991bdabf0c09778f,dcdfef6e28d0a7435f0cc0fe0483283a,24120,niteroi,RJ
c8aacd5c3222b0fcd0c71843092fcf09,085a8954d39a215f3f222a9e9c72507b,35920,nova era,MG
797b1107c9db6e7610141a5edc125009,fde381fe79993303957d1fcf9cd6bf4a,18035,sorocaba,SP
0e74405d8d09a75bba4ddf3407975a80,7346abb69e5a8e6df3525914dd961213,37550,pouso alegre,MG
e09c6265f1f8647749be9898aa511e98,59e9260732bd3ec2fbb4bebd61acbffc,1424,sao paulo,SP
d3c58deab42f2cd260f84d6f6a3d7769,7ee13600d2ecddb57d72a4d092189215,4335,sao paulo,SP
0bd97783f923de852985314ab0ef2f53,983a584e1adcb4f3fad8211db435b162,68682,quatro bocas,PA
18f711d8d5d66c0a2d470f4b851e8038,7653c3f4b98d701843c6d9a411ff6479,13380,nova odessa,SP
a43be428f03e58fe060cbc93599c1881,09d7f104b8988cb8b209d8e190c491ee,60190,fortaleza,CE
1d1675fc8bb113d2244bf8778d7074e5,f8f3ecaf1bfba1d0c6b2152653235d91,20720,rio de janeiro,RJ
ae6a700eaa60e0dcc1165f90e391a8ae,e567d742c4bcefa278fdeb018074f155,95520,osorio,RS
c015a1e9dfe7e60a802b1e3bdc882e08,9b9d638e6673129d226f92a30574911f,72878,valparaiso de goias,GO
968608ae5dd04c867ce28fda6b8642e9,7c5f9342acbf10fe530bd1af65dcd739,3804,sao paulo,SP
2b8a2569bb942d6448c531e427cc2193,c6badd3aeda17c4835f1c40f75853e47,90150,porto alegre,RS
f859fb23e2e8315da5d17d72d4f372f5,226d199a40aad52319f9dba92f46db66,30380,belo horizonte,MG
4f45d57597e28593ae50b9c4fea31173,67e59a85e9ff085410ba377fb4226f52,4343,sao paulo,SP
603dd05a409bcfe63ca922996c72bdfb,a6f05f77ad475fa43a454923be0c97e8,12320,jacarei,SP
089525d394be31397b994bcf92c6b31a,b20a79d27fe8a421efc278c4d6367ea2,13467,americana,SP
ef1ee73b331068f9213db9fc2ab2611a,bc90f90d4399cf8c10d0889e17d2cb97,13207,jundiai,SP
1734f37a2e5d5c62d02c58c28fd08c75,2c865eacd7c3a6501b17f1eeede48c0c,74610,goiania,GO
504d673e906e4eb7fffbbcaf8afe0469,4e80f06fbdfe09aae8439ef1244e2d7f,17300,dois corregos,SP
a9de781d4ae2abccfde1d5396d8f604c,8d203a683909b4305725d13368f1aa09,5396,sao paulo,SP
84ff6882397b2bfccaca1644c4c9f37d,7aae4a80365ca3d33b239e57884d9508,13280,vinhedo,SP
ea4446b4fe6639ea64c2bd4483f494f2,459759c02362af7a218dd2fe035b3c07,61906,maracanau,CE
ab8c0f0638baa6bf18c7533cc06d83c1,6cc97df6f83c4d09d9c75bc9cf2afd50,22610,rio de janeiro,RJ
00f6217307f712298d8e47215f0bf2ad,8be158f05b793cd72d5fde01365b5d2c,13224,varzea paulista,SP
e67ca606dd04696d0ab6e2ed2d63a126,809ea1c56f165109936fe5c51003fbfb,4674,sao paulo,SP
d2cbd9146c1cee46f887d3731fee7e89,650f7ae068374c90be1549e3b258b886,24315,niteroi,RJ
ef1da686c3cbeb7aad736391842d0446,12270c749995eb62a6320c411f4baa3c,2998,sao paulo,SP
994cace97b0f7461dd1b9912f0714560,251e2b5f0f765503f7a20ee1dd259b40,7097,guarulhos,SP
7e4afd20ae143f73bec2e0ce84be702f,9625dbb5638f8509d01ce8a4e5708395,38302,ituiutaba,MG
ea2caaeb89337bb02c4795b08b1fd8fb,99a8b672dd67ab3b9fb1a94ba8a37ffe,2756,sao paulo,SP
2ed91b89dc143b6e37e3adbec2c52fb8,bb9fddd85d9e155939f6ec13193d713f,22290,rio de janeiro,RJ
09d1bc53f084c9c2a597d1a7d6329ecb,4617687e1243576cb864646dc3c5e323,70655,brasilia,DF
4f5228be61dda0c073c8e0aa01521fd7,6107bc2e5c7c1afd90c49aad9059322c,88070,florianopolis,SC
5f4e8d05ec1f8bb24733577690c48f5f,041e38de03ec3b5f23ba5f5030a52b20,30441,belo horizonte,MG
e4f90f5388455b2dc99224808218a4c9,983f07294fd03fcddab80e39a2a468f5,88200,tijucas,SC
8c4a739a0897f0706505e419d7f1e4ac,a24b6a5a883426cbe71b43fd0a3d508a,44713,quixabeira,BA
8660acab447e174648d0923d3f0e94d7,651a1728146b7407dfd0d29005d848e4,17400,garca,SP
e85df93b88aa497ab874a3afadc56bb0,eda50d1b4b64e6dc8058e29f5fe65c79,35902,itabira,MG
c9f3088ce9c367359bf7c688da45a639,fbedba1e3c0af3b2c628927cfe4fbd0b,4001,sao paulo,SP
da417b8e179c3b4ac3b584c684c1e651,d7a3a62600b5265613c14c6d10ff6fe7,13273,valinhos,SP
ebc1ecd2befa0f6f97917b209c14e78d,9affcba8e231edba53426f43d1de562b,96460,hulha negra,RS
8846f3bf9edb9b9abd019336b3b8d3a7,3c6934aa81e9b87adc82413bc4617873,5541,sao paulo,SP
9d2d86df6192506a8173991de7e90b17,dcb8a4fcc85196356fd964e56bce77f5,85650,santa izabel do oeste,PR
5e98755f49cf29e4e9e87d81d2f86db2,8959d4251989df68934d67c1d32c5718,39390,bocaiuva,MG
4c188e7804452934753b45b54f5d2bb0,1dd6de4475b080a041f5cf46dc577bcd,45026,vitoria da conquista,BA
1b87dde95bf20a1e1a2f023369c7f7db,553ddce64bc3802244fe88160fbdbd34,87083,maringa,PR
0fa8935c3781f2a89ea2db7dee3aaadb,08bc1c085458de2b392e8fc83c629775,9783,sao bernardo do campo,SP
cbbb38942ea7e6eaecd622d228fec2b7,e78838df9c44e102b6ac84cc5eea7d5c,36780,astolfo dutra,MG
439adb41e2c206f3f1a7825ce4708083,350879f9e91bfdd2f0ce335234c07cf6,50910,recife,PE
fe4143a722d469f05fc854784279da06,dd19277025613729e0d8260011ce15fa,96201,rio grande,RS
00a860aeb15fb205efdb0c689d8f9c6a,ca7e51a36f9ace4d07d6548599785bab,9821,sao bernardo do campo,SP
47ae8245cfea34ac0c57a04fb956a80a,a4bdd0ff2e35ee74e8482600c5c0db53,67200,marituba,PA
44b7421de4760857c604d484db9844f4,d0c1a14ee80beb24f6c5534541975ddf,18052,sorocaba,SP
802b04a8ed4c7b303d6d5277ae02b2b0,7dff45aa5970ec6fb93ef8bce6e4ac1f,70745,brasilia,DF
0da03c17bb6e78ca54c42dd0332b5847,6a8733ff8b8426816669b13aa1f07501,29196,aracruz,ES
9b0ca7ce354778d017ea016dd199f9ee,4ed82d2c4fb7be1abe53c72f75c4e269,38041,uberaba,MG
d85a1facca20ed298fa0936c7af6e7e4,d4277abfcc67f0a3b4e054f14f3e59ec,35179,santana do paraiso,MG
3770b28ef0626cf945d6f4129077c7ae,b6c719d00d65f2461bfda7e80a5cc1cb,65790,sao domingos do maranhao,MA
15308b044c9608fc82e57f2e5d6878f6,fc44fbafeb777f4758880f91e2a33fe2,2307,sao paulo,SP
a20811645f9c1838f984ff3de897e00c,49d717e896631c2b2624dd30d8e36a2a,23535,rio de janeiro,RJ
f6750b796dc102521e62579639ad43b1,4a2068cc616de2b18994f46cfe1a3d4d,72450,brasilia,DF
6da7fdc344021e769a846085968f48f0,4db04f3853752458316271e5a12f422d,89600,joacaba,SC
c86f7c54e57bc83cdfcb2406c144f038,5cdcf64f2091cc0e0fd58913e46d2ec4,5734,sao paulo,SP
eb9f81343ccb0361b66606660a0941c2,4795256d9c0959d639c3e8cb2cf730d2,54753,camaragibe,PE
9c033575d6b8818ce82640aa5674494c,78d448a4ba93427cc4455949fb162ab8,15600,fernandopolis,SP
91da5278c565f5d5d22b3724ec4839fd,83d4f03665f228247540e9d373cbc65d,89037,blumenau,SC
f396261ffae591f9905c76e28c3ac59b,42d60475f8cf01c632ca7a63f9c5ffee,83535,campo magro,PR
ac7787b04da7c05fe6037343bd8bf577,04b6b856b16a682a6906b6ff778f7479,94852,alvorada,RS
4d54b8539ffd28f47200ad625299b839,94c78fbcb30456aa60064d87f14165f6,27250,volta redonda,RJ
c83de831b03523421671013ffb35372c,cc2ece250c5699e811b557504549509d,8421,sao paulo,SP
9e14ac0a443b8dbca65c6d5b535caeb1,89d2fbbea2cf6e5ac5a350af1e02cecb,4195,sao paulo,SP
cb3ee5f55f9cbc6ed99ee638a4c72613,a37fc2f55cb2f185411e5c9b7b0f0bdf,7600,mairipora,SP
ebd0a03792856e6dc6dfef1fe8b522cd,be48df1546e5fce03140a2725c4d297c,8391,sao paulo,SP
f4eaf5d95978c53f17c3395c1d4262b2,608ed47c0df9537adfd562832cde783f,39401,montes claros,MG
8c6d6ced29074dffd258f47c91c215a3,cda22de6c3a0a75fec9d8edc168dad35,58037,joao pessoa,PB
9ef5831c1ecc3fcac9e45c3b873c1bf9,c90ba74656203f81d15fc73a18ab9944,78550,sinop,MT
54942d591ae054cab4f5e166f5d03037,5c9513d1c3b15c7a08a6ba86ca23e487,12236,sao jose dos campos,SP
61375a3b2e9b6df142bef5986b176e2a,bcf93ec8143c2c7829ade1a365360838,8430,sao paulo,SP
59227a9b6b75b6c0612c26336eec0a47,edd5bf7a832faf132ed09bd37bd78438,14115,guatapara,SP
820ce34afc3dd20ca42a649b9104336a,8f5b9dd8e6bff17502e06b7d31e4ff68,29208,guarapari,ES
6842592a4cdd735bf3fd43ce522773ef,376fc5da2c32f3f7b67de2f142d38c5f,1228,sao paulo,SP
ca54a515b761ade8c4c0e1bd239d5001,963d0a82132a191b74838b150186315e,69025,manaus,AM
0764fd70cf180925814aac76754a1a65,7925dcb5128b04977f3ea47fb374a177,15600,fernandopolis,SP
24455809d8e25059274e820cc202b50a,4628eb5d381e37b130a6b0cb32110558,9843,sao bernardo do campo,SP
6b9ee4546cd2f41bea3fcdaf318d04b7,68a86584e83424bd03a1af57d79c693f,4476,sao paulo,SP
3a31dade13063f1e0591135c8d811491,77a1941e1240e00af4be4e1f18b13297,8740,mogi das cruzes,SP
f1e7fdffd7bac5ba4e53b092a314ed45,406b3f44f5f94a0bd14d6672e0de4266,24416,sao goncalo,RJ
8a4f9a65cf1e6a64ebaba3578c868d1d,6d3db38fba37e90265c4c641fdcf8228,13173,sumare,SP
3e9aca248d1d381339c86c8682cd7647,ba91ddb8d6474f175375b4ced893eef9,97574,santana do livramento,RS
f0fbeb9756b77e7f9fab29a9eab784a6,10c009dd098e5e448e7ba617e26adec9,95703,bento goncalves,RS
73c5b90f781d271fe81aad2a4f3fdb09,88fa5cefa0ddcf019e8c75e50ae0c703,12282,cacapava,SP
650a73a3bd9b9aa96aa43406dd84fdab,da213261705e114a5d85e48535abf562,4455,sao paulo,SP
bdab8bc8ecc3b284ddf047a31601cd33,ba56ffd32142f42c44f18beab89aae6b,13178,sumare,SP
6ab968193fb67b718afdf6bf6cee1f5e,129a2123eaeed37487cf969f38fa4de2,79290,bonito,MS
9a4578c9dd9dce6517d583cb5eca0276,1b6c7548a2a1f9037c1fd3ddfed95f33,38301,ituiutaba,MG
7f6cc609946a187554550e1a9192a46f,35da9093ca6f1782bbad4b328e31f35f,3378,sao paulo,SP
1bd769ab11ed47fa02eb91e4c56d5344,e18710d3789036872914c059859fd728,44571,santo antonio de jesus,BA
d4e42bf2dbba00d9f8b380de725b9d90,83b4a40f95e870ed87dab271eaa053c2,13468,americana,SP
b288fbdf739c5aaaa7bb5ebe0ed315e1,7018a5e068b8fd0912fed2d02952df23,31030,belo horizonte,MG
498fa6a4a7e975bd0c9ec575e936c1ca,658ede7e14aaa922aaff5ff2f05c1c99,87015,maringa,PR
6d765526989aaae489cdb8d1afafbb15,ccd47fd96a99cdd5e022168e70a2ce2d,72135,brasilia,DF
a5cc05472dc39567d79da21664133388,d984dee7d1584f0e6f2141b680f7dc32,88750,braco do norte,SC
76b432ca295f27833e5ccb04faec8297,0f0e92fe8525b178d019f3b88af077f4,13219,jundiai,SP
ce03e1248f6753a907cf1e5fc9013939,fb6f9af66cfaf3d4bde172deb0e927eb,35900,itabira,MG
6a0ce72a507b9ca7bdf5ab4f1a875a46,a5649030a6a7f0b0378708b5a342d7db,1551,sao paulo,SP
15377ad18854e02069af4900c8e4039f,4338059435dc4de9f8f3ab662f62ab01,96211,rio grande,RS
b259aacf66c74aaeb0d7c585e1a35be4,2615f18f801b0156237b068570d64217,13305,itu,SP
9388bb1d7e8b53211cff72e787efb6e7,5d9e7d998439876056905e04fd60c5b0,22291,rio de janeiro,RJ
c85c1adead3ced3636c148be7270ab62,9c17da3c39b62e86f3438aee6a348a91,17690,bastos,SP
1bb9aec4f2cee2853d9083e747f00db4,189ad8f756f2949a129404227b25b34a,88034,florianopolis,SC
533363729bbb70f47f8324cc1079350a,859e6dcbe7240d1465c094366131b28b,5813,sao paulo,SP
276b9e5886dacbd1a37c6d7c55ab0220,14ff856d57670825d6225d367accd9dc,38402,uberlandia,MG
df36c3d696e5167eaf8dad13008e5f3c,a0f575c70c2eb6e4ba6843930b50f8f5,18250,guarei,SP
548f3459f5efd20ef8bce6959a001175,5d74ffb0743c1017e3940ab2fbdd83ee,97400,sao pedro do sul,RS
c445359b5a2478c8b99696562ad4a2fd,61e32ff7e0509ddd8884143f08643318,41830,salvador,BA
871215ee1ebfbec40e40094a0e69fa65,d45e0ff6c8a8b9db15004f8a7391a009,89500,cacador,SC
a51b373c427132a77b112ca10f502c4f,995fe9426f030109b1614044edaf46d9,2537,sao paulo,SP
0040b00970e2139e8c43b647c0da5305,8dfb9fff0eac6a63f34ed7707068e988,12942,atibaia,SP
d6e5282ef68aa9ed7c6d9f38731872ff,f5d32f2ee3d4caec1870de481c276bd8,74620,goiania,GO
fce48cdc0473d52a614efabbb7820add,9ee554a619106eea8aad534209f8b566,6768,taboao da serra,SP
a8a69725fa8daeaf353b71d2bee13b59,fe698f543a90dd31d997b24dec8c20db,37705,pocos de caldas,MG
f95fb411cd509902774af543e8d0caf1,2d8a21423efd8bf9a64b30d88f87529b,13087,campinas,SP
482106fe3dfb5d9b889c62e60e51273f,a00a134e5138a58ff0ea77d6248dc949,9371,maua,SP
6ce8d858d8b836c2ae35f7888e1c82cd,0dde4f121445745b6d05665e42032a37,95600,taquara,RS
afc216c58cdbe8ed9cebe1495b155a86,5ba3404c4dea10b76ed8db6f1999b012,37504,itajuba,MG
3088d567d9a1e008db4e3be276708b80,7ad4c35f80df773844abb3ff3d6cc298,4608,sao paulo,SP
dbce625996b257695026f8bd3c5ee160,80ac9b7155f022c3478998f6f0cd8043,4763,sao paulo,SP
a62a5baefbc81700a250ec92a072809e,2aef74550c311993ba8d7542acae3621,73250,brasilia,DF
5a91625bc8965ebc869d9e5247df4673,1ca4f00dcc2c13e13a12565449fa87db,6816,embu das artes,SP
7100e029840cace5a1d56ccc75b83ccb,f59e3e14cfa2eb6f8865aaef2fe83acf,13175,sumare,SP
5a43a37dd0e6fc32b37baaf86f2a438d,e17ffe64ded26a060871b2c6cb77dc69,13501,rio claro,SP
9c53c2a649b93665d44f6e1ab072c987,0ae22802e24c51cad6288c838effa0e0,9110,santo andre,SP
cd75b28ea8d1a20fcea43122a93c551c,c14352ede8e9591c01fe88d6f4d6275d,12329,jacarei,SP
f40f31f8bfcc5f74d9d246354b90af09,8e62db6f625288ad4792855f994abefd,31050,belo horizonte,MG
e0bdc76109fff228c2f4a5f09b47f3ea,d5f1c791525848bf42d8a44630128f2f,22051,rio de janeiro,RJ
a7565b77bb0f0894d7e42dc03ea3f850,c457245989f08dd0359f5cc3ff904893,21843,rio de janeiro,RJ
f211d9a5df865e35ec0010fdb6122f85,668ddbdd3ee99d4339eadfef21531d45,22760,rio de janeiro,RJ
ca5f917f62d02f04d32f056723123cec,68f3a52343959c68d75e042cf82726cd,88110,sao jose,SC
791e2999c57aaaf4919b414931385ea1,47aa51c0c41934c130a5022658fdebd9,7714,caieiras,SP
dcfcc8796b47089b9fb9d73e06011085,9808ee5ebb65190e6144a2df4c5b57fb,4206,sao paulo,SP
ea13ed4c5895346a9bc1edb29a2f26ec,590a34e4c1d027bd20b9e3b5325efe09,2732,sao paulo,SP
406c0e75c679a46577815134afa52837,48dfb1ef4302af2fbe7327e379ac9903,28230,sao francisco de itabapoana,RJ
3e2adca6ca503c06bee11ad4ebbdd009,937ccb37e4aff745a55e6ab4d55f1034,24020,niteroi,RJ
a7b3bd7ba727dae2bc4a68b78b7a7c64,86f5ea139f5fb8d91a5a340d85b128e4,75690,caldas novas,GO
24d945b1286e8a0d63718f7e90c272df,f44b655b40aa692aaed9327b403ba3b5,59067,natal,RN
2308f7af7226e2922e8f3612783bf836,032c36a3e0e337f241a5910aa6ef3077,37570,ouro fino,MG
f680ea76654a400d48f8ca6d16a20442,916264d8ad4f14f096a33c663343178c,11630,ilhabela,SP
82df80d0b10227cfb73163fe5c9a30f5,636f3c8273a58f046ed964f00f3153db,38401,uberlandia,MG
10e63f80462d8c370b091205b8f6d005,165da6d1832da52e2e9de79d562975b1,46400,caetite,BA
6aa2e736a418317d16990916230e0c78,1cd16ce517f08cc091d89796bd1076d2,96080,pelotas,RS
2c2fada471b6383ccf74a3d333b26a4f,df6d6ea015b45aacedc8cc1040784a0e,18057,sorocaba,SP
4148787d8f2962b2cc882879f242b2d7,2570d167ddea00454cd45ced0222d6b1,88040,florianopolis,SC
757c2dd6ddfe021260303dea1b58b33f,670938c07220d50e8f258eef5f3e6872,18401,itapeva,SP
5c0a13726f1fdc75fb023894e1b64590,62aed189592f119e0232b2491de646e1,13059,campinas,SP
bcd0281b473e8ed4e0a1e37d73e059f6,79562ecc27202f3eb4722d854306c3a1,50741,recife,PE
6d8b84bc65ad63bb703b96c994e3f18d,6a8dcfadfdfb2795650598f3487d4b1d,9710,sao bernardo do campo,SP
a5a79d9745f4fa50300664e5a4efd247,706806c8617b39ccf0b7d8d1a7c9dbce,21832,rio de janeiro,RJ
b3add2a91f41661317ee98d39d720fcf,45e8dd7b91bddaa63eb5c62fde09d5f2,31814,belo horizonte,MG
181726b449c55cd7f8338b5d4609c2dc,7cacb8e960b2e07264dac972eb1acf29,35460,brumadinho,MG
db11097c553077145c655a714f2ee1a8,b4e9b707c8e4df7d8500e81c6e8b18e0,26087,nova iguacu,RJ
be9b4677cc49e1c4b270e489033ce381,64e410dc546626ce977fad0c5dd47301,28470,santo antonio de padua,RJ
7be7ac0cd4778f818f1bf044ba846f7d,cf45b6e21666d552a6dcf564c42da8a7,99700,erechim,RS
70b9ad9eaa6800e9849917e4c819b340,46cdc197649be5063e3e5ac996770eab,88111,sao jose,SC
7f6a163f7d28e407e5eaa735bf7014c5,3e13e5843eacac8a8ec14b42e8a7174c,70767,brasilia,DF
98ee0e7037a72a373dde3cb7eb3dff5b,ef2a6a46966c323b241c5d77a1920458,13466,americana,SP
76c645adfb10bdaf744e6ec0649fe610,57e22b0694a02a656f0af314b1bff705,4858,sao paulo,SP
11f0c49caade1b82c30832ba7cb8fb5c,c165b645d4f9deefb1f21f9d244375aa,8670,suzano,SP
cdc52f69c17d2edb73646f3834bf5488,4ae7d01b0aa2f9fad107ecbfb6943225,56330,petrolina,PE
8b574f4c72ba3539b5a1cfe2429352a4,9300ffeb6ecbaeb37ebdb2120a28e1aa,26221,nova iguacu,RJ
e4721b61e8d2b4b85d606809f6baa292,dfe0f45b0b8cf0ce9c4cfb41c0808240,4023,sao paulo,SP
291ae85099302fb8d13e152abecc5691,525b8e6fa72c37912e8f77312abd8591,79060,campo grande,MS
daf42b4ca0bdcc543c7059047a122897,687c8082beea27b62d88da5d0885f5fa,8421,sao paulo,SP
3eda5c7e6340baf62f38dec00856a877,fcecfb187df6e865659cfdc0620b06af,4230,sao paulo,SP
83b048e87ab6bc8d7f04a7bd976d9c31,be702ead111ea16e09aba67f992c46c6,41213,salvador,BA
18715b86f15b55cc06dcaef3708656c7,f1222bacdff89a25eb29e54eeaabbe6b,27281,volta redonda,RJ
e95bf722477e76e8bec8c721acbdb418,309cefe2828348f0bba9a66189da5b26,4244,sao paulo,SP
1521c5e9bf82979a6b8794e90692097d,92b0705c6923fe44dd71b2b737687a7c,37540,santa rita do sapucai,MG
1a71c3ead49ef67aed93c31aacc4d046,3c08c0c9890175f3be7d4a99d4ef91c7,63515,quixelo,CE
da8a74c5ac056c3961c84a67b7939aa2,87e843365700cec571278edea904be15,9310,maua,SP
8f017d0d38c8cc245c816da55fe4a590,c1d47a6886013c01fc605347defed7c6,12226,sao jose dos campos,SP
2fd14b072ea7ff170527396ceca430d0,f0aa9a24f330070e4bf9b5320c898ce7,47813,barreiras,BA
cc2f295002062005243ef38ca0f95ebe,4d4882fc0915bf794b1270689b2c8072,14783,barretos,SP
f868fe1bf45c95f76ed9626126de5f8c,93427465b223bc8292b51bb86077b695,60866,fortaleza,CE
616ee49a34c54a09dd48d105944aa843,c4ce884d80af81a83b7646e4d39d8085,38412,uberlandia,MG
bff2b870ee120640525a516318df69f2,8b5a45659215b387ebb353876141c833,66080,belem,PA
5c662da3721a7e6cd69388f0a26c04a5,8355cff9b50ff80ef5775d734a0fcd6e,37555,pouso alegre,MG
d5ed95e0e0e9e8aa11659f41ab6534b3,719a09b8a1b5dd4f44c6f7a837476231,6606,jandira,SP
911ddd6a22200fb5be95414c01dbab72,243b20ebf709615111e1151da9995cfc,97250,nova palma,RS
1b4882c34491435a12de614bb4fcce03,a297a4fdb23af830bd780bd848858017,35690,florestal,MG
f04bc3f68cb2a1fff4fb642b10c6ecdb,91f0db1a51449898b8f41e565fcffaca,30668,belo horizonte,MG
ceaeed79bef0496075037b3cc8eab28b,7e2b5ad4ce455201b8264ff03f72ab6b,12216,sao jose dos campos,SP
e8945aceed698580f92f6d9e4ecaf34e,71048f40f553973d48d6fe35d01a3afb,66914,belem,PA
548d14db00395dec9825ea9673c7e672,bb78901615bf2df3f75b52cd41813869,3134,sao paulo,SP
c90951deb7ca17b49eb1dbee767171b9,c5ea985ee9f8e60eb2c8461c7ec7aac1,81650,curitiba,PR
894337b29433786ec770ef5bf5475cba,872cc08a1ec02f94f728a1eccfa7a80b,9290,santo andre,SP
7e1e4e8bf61282660be2b5237bbd451c,077c3df601847549b013bfa66198fd22,17603,tupa,SP
0c24eb9748620ef4c1a57fbcb77f5ff6,d4bfb52232b293647e88915939ceb6ca,3227,sao paulo,SP
d4821ee155d89b0b1b5b3460c88fafb1,28bb17381dcd233eeb29142b4693c257,13220,varzea paulista,SP
f4e44e3ea4c94245350d2ff7e85816f6,15a38a0c1bf789e06ec42d24e485e794,9912,diadema,SP
49c23f19788a952bc6bccd97314d3185,5da812ba78edf4151612ede627e1192c,3524,sao paulo,SP
e8d04906f39accaf787450a1fbf3ad60,564e41612fe5386af042e5f4977ffa28,15155,jaci,SP
58304aef21701bf4312b0e0c34a03906,be1d0995c5d2e3db5a79087d9590eda9,13177,sumare,SP
6066d537b297112e9ad8737b8c8a2eb6,721b54017d86a9ceb21b520a2cc14860,13432,piracicaba,SP
412d6c1ff4aa0c2a06f3dca0b237e464,22402241a536f3b7f3379cb89384565c,2442,sao paulo,SP
ac578952e6d0be848f907f8c4f4ac86a,dcb0a43ddd8d5cbf5c5a7bd636e218e1,54520,cabo de santo agostinho,PE
38189f2abad60e8555889178b232b953,d46587a19ca3839ca9c3ece22f681a06,55330,bom conselho,PE
3fceae1db8d9a8ea20c73ebb3348932e,b98bd5ea1963622e6f76c3aa00869862,95250,antonio prado,RS
1472468d6d56167600d5b11dfc70f7b1,b1cbc02f2581d4296235ad9a5e4ea4cb,5763,sao paulo,SP
c7b9d36724242fbe5ac804ae521215a0,41f66d4f1c1a574d1e474617387ee3cd,85780,boa vista da aparecida,PR
bff5a17c6a2c64100921da9fe9591a43,95ca2c58fa0c3425b47e477d1c7bb829,45836,itamaraju,BA
fee356a6202f0d1a5b2933afa5d55306,f8451003016dc60320a73ecfd66d165d,37553,pouso alegre,MG
623a1b562fdff1fa192d04fd4272394f,c758dd4fe61c38dc6fd93fdfdfec0b0c,13165,engenheiro coelho,SP
58ef17eb85a447ae62ef8be1c5f06b0e,8ff20423e83c5bbbca415e6f808e4403,13067,campinas,SP
20aa562a8eb327bf99b5c3d425712beb,2b7a6611fe5722fbb667e1758ccf772b,4543,sao paulo,SP
75de575b1ac67f10d725383d4ae0b0ae,9039374bda410ee8513eca78503e2ab3,95045,caxias do sul,RS
f3aa1c92c018f313579899999ea7ec40,233e5d96500f59984c19ecc4b6883ed6,54080,jaboatao dos guararapes,PE
5133dfd79e71fc9244e60dde0bb6229a,4b4c2d367706e25e519323e9d57271b6,13171,sumare,SP
c8830d8a8312a8b3b74370c4e61202ec,8b433c0e7b7d2a1f1148b4277cc673f8,1221,sao paulo,SP
7771a8ecef3af2654be29d574b299911,a714aca54537fffe0b3bb96dd4f468c2,58840,pombal,PB
ea307d84349255edf7b95f7a6f53dc98,f98a54095b1171a5af8b49c5de6c0538,38401,uberlandia,MG
87e802b8e48b28d75c1ace4856bec0cc,cb2d91d129a0a3cab85e25d446a710a1,29055,vitoria,ES
91f92cfee46b79581b05aa974dd57ce5,9eca552063680b7cd2ed0e8aea002b21,81280,curitiba,PR
a7bc004b32eb75e7546d6b81d5b8fe44,7e7730c025f8195d40ac4d0050fcf37f,31160,belo horizonte,MG
bd1f394952ce93642d6134297a23a4f2,88fa6fb23f3cfe3c1fa5f1e1ce1dce6d,90840,porto alegre,RS
a53f827b1dbbefc7db9951541abe454e,7d92000409c85ca917fc36293235bede,9530,sao caetano do sul,SP
8c13e5ab23851a6fdf5000a1db2378db,25f2a384fa2be0af7d759ec22bd5e88e,48110,catu,BA
3630110a4717d9f7969032afa285b469,3a56452dccc454b0a79012761fc871d3,26980,avelar,RJ
973a00fde4f53076b6eb120482a4a76a,0a2d50253b6e0f18cd0c7dba3b075378,24241,niteroi,RJ
d51cc254970c57a60ae33775ce9d7322,7ac556717358b407f895dcd15b583b1b,79833,dourados,MS
245b9846289a6fed5a08328a36122dc1,64b7bea5aa47bc135dfff846a7b799b5,36730,pirapetinga,MG
01295bcfd2311c7b510c4c697f82b6be,081db5695359e3bcd5b781ff97dd60b4,22733,rio de janeiro,RJ
9ba535d9f016f0b68a7fa5817b8ce979,db0940e1012fa77e4e19a6e38f4105fd,11020,santos,SP
170d57b7b1038cf7158b12025161b890,aaba095fa2a2258b9deca8d73264320e,21511,rio de janeiro,RJ
1d811f8b00a528ee91e12ddcd26e958a,712285b21e58e753e86b93a8358dd1a2,20230,rio de janeiro,RJ
b000b36b33814dba6443ca09f8662bf6,5e4d57b5217587ccb9234555c17e303f,35450,itabirito,MG
c45bf3cd714e56d9b6604c76ff05547a,1dc7f464821ba2f35e66d7591703b51f,29398,irupi,ES
79af00341a7edf65ba773dee228d5008,aea237c2c4df22724a09c622f75633c2,25545,sao joao de meriti,RJ
0fe01041704b943d5c7905323ea63a2b,7bc69a06edaaaa9d75b6950546ec94bc,95703,bento goncalves,RS
3f9c2ab2dba880b58557d8bc27f43da2,07319d7b7677470c57d132ed034858ec,13083,campinas,SP
6efbee10da96b631dcd2c0f3dcfccbd1,f80352378d6ff6454ac8cbb9b68ad4a7,18074,sorocaba,SP
ace1a8511961e8466d5dcacfa5da3185,b7be742fcfc8447746fe153645c1ff95,28995,saquarema,RJ
f7aa2936b821e2ec5e7c9922f6375e6e,9ff3ae8f4903e1f8c744a718f45ec759,11900,registro,SP
0a160d7838c9baf60991f2b623ea69ab,253a63a026e59e4e13818379476836b5,29128,vila velha,ES
9816d0326859ba1eb4e164f69079c447,ecd089b0d574032823af505ff4817513,21311,rio de janeiro,RJ
60759d1a0d02d7e2d74834df707b597a,3a01046c309a105bb4688bf2174df242,8290,sao paulo,SP
39f008f05281376690e251346106e6e8,64423fdadaa5ba5ca1b957a61bbea26f,5409,sao paulo,SP
2fee3bd742b24eac0910410fcb57085b,9d42d5ee226121b6dc867197ce0529cc,76230,piranhas,GO
fabefdcffb5a0ee7e20d81f3e24785e9,9c9f02b5c53391f4313ffe0dff1ba387,26041,nova iguacu,RJ
df1c0d10b952370cfaf589b4f7c615b5,f63ba17b6bf60a96c5b82a5106a10fee,3471,sao paulo,SP
a4c949266758d95f0a1aae3ffd688954,71b9d8684d625ae5ab4933702f75dd6d,83045,sao jose dos pinhais,PR
1d4ed7b29c69512e9a142a6a5c52f5d0,cae76dd4d838ce8f3f152baf0784c9b1,20251,rio de janeiro,RJ
1ce361e264c832e9920f1000dd243982,ac5e2c0c69290b3fb44f7c584ff3af2f,9618,sao bernardo do campo,SP
29a3828421400c1fb4c396a89a3bc4f9,ead982afdbd7acd1f6a87c57f9177291,23035,rio de janeiro,RJ
10c155b954e1a9bb97996ba6d87175b6,3dad96d340e339f8730b01c9b679fa35,4674,sao paulo,SP
6c4b7dd5c99515fe3de7a8a79f0c5dac,687974d957a0b4ffd69c57b449238b3f,76801,porto velho,RO
23304f69dac259edcc18688d38ab9250,535d35b2288cbdeb6a7ba74ca2173213,20940,rio de janeiro,RJ
5229e43884ffd6794e9397bd346ab7dd,fa8e13c098119467f86bf2d108eaeadd,34001,nova lima,MG
3a96280db571ee2cd795421518e3fe66,438075c81d9754683acd493b24660f76,13087,campinas,SP
4c821ba0470f6b6f5e0bc7f230f8d143,379d171e0e9e9c93992d8ad87d9f7513,39900,almenara,MG
c40329c5ca94144e1c4a130166521b66,9d95d5b59bb358271f0999a86f02c074,6795,taboao da serra,SP
68451b39b1314302c08c65a29f1140fc,781ae350edb16842380e81d7c7feb431,20740,rio de janeiro,RJ
2a5ed0328806da6241e75520ed74d9e6,b49b24b28a12e3d89eef761792dd3aa7,14230,serra azul,SP
7dfac2f8b35d57481de621c401fa4733,46b6a239a832256313fe411679bf0473,6528,santana de parnaiba,SP
deaa5dd4f21cf2d8741e476989fe7d5d,8afaf1b7859bb5b215d1053bb9ab3dd1,6783,taboao da serra,SP
fdec684fa0be036ee7039f3edf5a0323,fae0d2da216f5c93d4a04188cac2c52a,91215,porto alegre,RS
f1622b5b691cbc9c39f10ff359043335,d58f7cb9d4f025430011a96c1a7c1c7d,12041,taubate,SP
eb9e4ffb14ee9484e33031726c7ec185,8637ac34deb9ac3edb1dd11e7680379e,86037,londrina,PR
e44da066db72fa43e6bc6322590784db,fe3a33b7358670c417e6fcc2718b6109,23810,itaguai,RJ
7786e89e083495d8466993cd6b3fde4f,21d2d2a8120b8d9a6b5642ddd53d14fc,5015,sao paulo,SP
051cfab9a2157fdd2150d0b4aa0128ba,02a12dc286c290872d5a263fb9af0dfd,5886,sao paulo,SP
752c20c019899b96b3740dcf1e43ba3d,56ad93070fca7acd5e5acda9413d079c,82320,curitiba,PR
47236502c05ba94b54a18feb382a6a59,60ab50a68e50e803b56030bc364f0365,60320,fortaleza,CE
962035fb0c0ccd8650d59f5d5ee43f62,5fadd0a075fbb60f6a94d6c38e055835,3591,sao paulo,SP
e2ee6c95afa33fb8a44f3539e9eb5ebe,900d20b0dbc4b3b72bcdcbc78931f477,2401,sao paulo,SP
58f2a48696b2cf8da50fcb21f8512c14,706c6cfe5101366f274a332a11671fa2,30315,belo horizonte,MG
37c3aedbb5e47029dfacc96860f24058,f8308de7370e6293120c537a031f4cff,39508,jaiba,MG
3fddf2d86128110da11753b3c78b844e,e9f9c5d80e8af76d270545cae57bbced,91330,porto alegre,RS
707460e412768135516dc216222de9da,a63dd805e228fc1eead58609c7e7e830,85910,toledo,PR
4154a7bfad13391d383b6b30cb06f639,d07556020597ac72fd704ff047eb4e8a,23017,rio de janeiro,RJ
9c0d915161e62f50f04235c9fafce51b,6e135ee2582e4594c3bb59e831e86d73,13481,limeira,SP
bebdd0fa741d459ddb69cf8862bb641c,b7ea44d55e6a749aece828fa7192e9fb,5625,sao paulo,SP
cd92831d081459b09202ffe74875631b,b94ccf1b18e4cb26dba7ad3f6138b7b6,4265,sao paulo,SP
016187b76ffe3a8b7709732077de2fc2,49a46a9ac7e72f7ce9e2a6007f4d33e4,31330,belo horizonte,MG
11438b1c01227d2058484d74b0d71a54,c1a7a7783c5ec6e784b2ecb34107d8c3,11030,santos,SP
864ac617f28e226558e823780f171c9f,a1aad80f12918aa399ec076ed078e5d9,48410,cicero dantas,BA
10bf225850ad702ff45fb5f9016bd1bd,fe28d443ab89dc67f5858bc2beda299a,20251,rio de janeiro,RJ
89e206778d5691ee3bbe40bc2f6bb541,d341b26e5d0d7a324c86102bbc892360,65071,sao luis,MA
60dd5ea5f8bfa751e88c6ba644c486d7,06f660202926f97c1f4fda2b62b64d10,77500,porto nacional,TO
38a210aed00016125db0e5206d6f300f,5a989673ac02813d30ffee0254885032,76812,porto velho,RO
c100ccb56a508a6c51e0356f2acd003d,0bcb3e81d072ed713829e94af9cf157f,9270,santo andre,SP
eab8d39b5241abcb22eebeca69547491,585eb4f23058fdf743cacc442469e263,4081,sao paulo,SP
525c3f7c085645bbf6d28c15536e0da7,7a9f8e1de055e7a5fe742e4de5c28d19,38701,patos de minas,MG
83f98a31688d3ce5de0bc10d5c375ce0,da1350640cb6f44df284977b3acef692,71919,brasilia,DF
596333805ac932042fad7eeb3f2b9362,1f33de2860252339c526feb6de7f1b91,36500,uba,MG
27b151e6441fb44c683868ebf2a123dd,f49078ecf4fecfb88188135da275b4b5,6268,osasco,SP
0058153a752ee674162564afb1191d25,da6c70612a3d7484427e8442ff96056c,13214,jundiai,SP
df9432f68e31773dc4b20fb916f2f647,81b133c3f4e30a14a6585a2f20ff150f,1445,sao paulo,SP
57a7b1cbfec726fba56e8adaf98caa0d,216488bb7fe19d4c1044ac25d62eee53,18053,sorocaba,SP
7eb46835088fbcb521879c97a9e250c0,4e8ac8f8c8437c809703dac113601ca4,84172,castro,PR
0781f7137f42f48c0121b25b06a9587a,67ac6cb44629d3f7b3183a375232a658,22790,rio de janeiro,RJ
a8d980404042b0e0e8c75c965f61d036,f49120b9ad722f4972c5c2a601df6685,81330,curitiba,PR
006b5498d9494c061f8c2f80a6c2f343,6b1070bfaad94d225e6cab57b47e2326,91360,porto alegre,RS
3488c223952176954f711d33db8c20a4,7ac51a9e42528f933b21dd8be915e774,31275,belo horizonte,MG
2f7001da9e597c4b707313a341a20614,38c576114024f3c3e45f83e7b5ee0c56,59965,alexandria,RN
925ec3754a8d9564f2c424924db3a937,697ec8baca2a81f1ebee54b59b1e8ec9,87340,mambore,PR
1fa1869a410018e63e73c5a1fe358492,eaa290405cf65ee6d656ec9c4000b297,29450,apiaca,ES
373facce3e17d33fec7df11c961c6ff1,c27fe69be20acb0c44a690e39d19ec07,5353,sao paulo,SP
9cdd2de18cb0bfec28ca0c4babb6f253,ade3b1e61f3ba2966b1a22324d46d3ae,21825,rio de janeiro,RJ
070ae6a687b800200c1f7dd6a2671c75,c88d886ca8a1b9bd1a01e4e4bfe40781,39990,aguas vermelhas,MG
090c54303fddc5393a9386f0ce454d62,87e23f836bf7853cf7056d6b33ce09f4,13219,jundiai,SP
769ff3a041b439485ac1e0db67d72fcb,f3ea9af565ef202ad15bcfde52697efc,39690,malacacheta,MG
892022d497c9598ce4a313f64ceaa87e,d789900b27c0988cf06890bb619520a0,5587,sao paulo,SP
8349c37874abf342822f4ae6c20ae949,6cde5ed6a701131f96b598d4490ce710,88311,itajai,SC
5f4b01693b0d9f9e14c5f0a69496b9d6,8d3b2ce00ba479b2d5d33d16a7d120b7,23520,rio de janeiro,RJ
3ebebafcab1829291818288df19d4def,7311b47a208b4f5af09ccc62fafea9e2,20040,rio de janeiro,RJ
3c3cc3aa98327a4a14d761d165a30f32,aa819d3931d5810f7310bc3e322d52c0,13280,vinhedo,SP
2eaeb6168aa4c77889f4c92ff8923288,c620bb6fa0152207cc1258d7360e16aa,17526,marilia,SP
6ea6599690fba2aad65f1ac0433a3af2,b2a8277624dd3a5048145024016f980f,3343,sao paulo,SP
eda92d7762b9301345afe83928e464b2,4c1bb90d126fa7126288a57161b58573,70648,brasilia,DF
36280de836e519ab5004690b9219df9b,a0872c0aa5ed3ec37de9002123a9ec7a,74366,goiania,GO
a7dd8bd4bdbdc55196a8ee7fd336dde7,a9747b164275fabdd901a9fc169c5251,26173,belford roxo,RJ
8fcebad47cb22e7a7576c02a882a66ed,1dc64a765cc16cb5c9962dcb25491751,7193,guarulhos,SP
5ad1822b8f9f79c3b54bcc1346280bcc,73b8cd05f8b04f402a513776ed53f5e0,74366,goiania,GO
f4114c3a49ac4dfbe34464e0df196f1e,f418aaecfb78ed876345df7daf813ad4,5145,sao paulo,SP
2e57ca0d2c4b939fd528fe677acca228,40ba2f93181124ee1d17d12baaea40df,60175,fortaleza,CE
390998295b49e0086703894e31d9e512,f42b136b817fc56506451c4dcc4f2b0b,86010,londrina,PR
4f8eccc9715d609c5524da78c3f072ad,34336d34daf6f0fc2e2a594e817d773e,83325,pinhais,PR
ace09d14d303bd3ca7346b9273f3a824,e74efa7a06c5b068cc808f5baba88e83,87020,maringa,PR
1e74b00cee8d685addcb531edfd5c745,4db837094d22e1632a19781892b37c84,24412,sao goncalo,RJ
3a0d9464f949d26dc04a2d4a13e1aac2,443ed0c23fac9e05d9726d72b9d5d6b5,96201,rio grande,RS
652590e825b424ac6fd3eb87ebe70f59,c802e50d933f12271605d5fe61f36caa,4809,sao paulo,SP
067715fac053f8972e3887e3784e38f4,4fb2e7406e0e99946ce171d6d7350e1f,4022,sao paulo,SP
18ad953cb2e41768f9d27a594bde4efa,11a3148cf0bc61a3fa3f4b46a79825a1,85465,espigao alto do iguacu,PR
316753cec5369bfd78e86ba7d93c3e67,91f9a9a13a5c222bb480e5acf8c5d04a,26030,nova iguacu,RJ
38015a7eb67f32e373806cf89e4900fc,cc17c5ea1deeab0f2f1b8c7dd51c3ece,8340,sao paulo,SP
bb4fbeef783542784ff2f38a4f81ddb0,991bf31517f1ad4ad10cfaf20c9d720b,7240,guarulhos,SP
a9f4551ff7d2289c309aa713c0d26cf3,c9b33c9f1440ff1ebc8d4fe9b182614e,4144,sao paulo,SP
24cddae2e51926ae7ac40c628a8338ca,8111e35251e270e133f321c2c39b2a9e,88058,florianopolis,SC
6c99c2743ac8c7f04fc33d796f7b93a2,5f88aa929c85ba484b884c2670662dfe,5015,sao paulo,SP
94f306aa0409590067dd3c13fb2cfb4d,4f23cc21e6413746db6eb95b63b1a3f5,32223,contagem,MG
06feba89747b8e9e2a482ca08e3b1c3b,b9e14a9f4a31ac62d6161da7825ed62e,89202,joinville,SC
b46f53945d890c2f7ab73763bb6fca0f,0f2e0b4dd28e255a8ae9f056a4b7bb06,13460,nova odessa,SP
882896d692d85d2479ca46626b4ae39f,cfd496bb3bcc8daa1a7d1c0e3dd8bb43,18190,aracoiaba da serra,SP
bd7ca23c050b88950225b16f05d65e35,1985f70726392d294f0c9a247cb95590,55296,garanhuns,PE
57de18af3ee9319c436bc09bfb515b5d,6879d467c6969cf149a17b5813535837,5018,sao paulo,SP
de9ebceca7f056c08928dfa4bb245205,bba3f4be9f3287f353960e7730bd12cb,7183,guarulhos,SP
92f1d4d2f1a2a03f858f7afea11ff0b9,1790885e6c2d93df9965833b2040c6f5,12414,pindamonhangaba,SP
9ea5e80f52a670b0bccb10c1a4ce2463,5818716896e61882c80b6044380c0795,39404,montes claros,MG
5d403e9930692daa08e3a13f8a68d462,d3a8c1250bd58172865ddbec02f31620,37190,tres pontas,MG
7a5aaaaec11d575445323b17c38189f3,3e0845420cb8ea26325cda9cb7cc4d8a,20550,rio de janeiro,RJ
7095f9b891c923ab4e2298b22649e6ca,f3aa14594942821a50e8347e0899b046,89120,timbo,SC
2d48c9765cb9dafa7459c2d3570d358f,ccdc8077ddf73967d6c6e658cced7d4a,65950,barra do corda,MA
6995decf2663f921e8dfb49b3e7b5b9c,5f7960decfccb628cea4c3f2c4c7c370,13087,campinas,SP
4b1e20bda0003d900c4360a80836442a,721cd98006f87bb6fb104f620fc0979c,13503,rio claro,SP
2f2b6326403a1044d7c1c951fa3867f0,f728be7f9d69b14f9d1673a016184b1a,51020,recife,PE
4effb0c115d3623a11c524295db4150c,1a391ee8180cea7235bcb454aef7f5ed,24858,itaborai,RJ
3f4ea183de6009df33cf21c4363cb2f2,8a4945ba37651a97cafc08c45e63986a,2362,sao paulo,SP
ecb17e6e5633358935ce41e8d84cf3d4,019c20bc411068e6f296cd471ac8425b,1452,sao paulo,SP
b29169462571611d1417abbb0c788dca,82c01a7c6ad994bc5b31f5443d568463,1404,sao paulo,SP
fef6ee8cb0a99f0fa68808e0fadca078,886c8a8c924043f8fa45387ddd9a16f7,19906,ourinhos,SP
5e8845ceb28e6e145e2ca71942e50785,392edf1cf51107f71da16dcd173e68d9,79020,campo grande,MS
fdeadc944f1c280e9126ac6ca10473a2,fa66f98a662e32060b9fe20739150a53,36546,divinesia,MG
2f3e2d8073267f019f4b470612a159ac,176d02f8cd5f4b1be1486d07509ee2b9,55036,caruaru,PE
f6c018413a69afd6bbcfa38e7b392dfd,964751adbadc2423f8fc9d924239fffc,45880,camacan,BA
bf6181a85bbb4115736c0a8db1a53be3,634420a0ea42302205032ed44ac7fccc,27175,pirai,RJ
ef679ddb34f8f011599d10e88c859117,48a91a904cbb4f4f4de08f6c74f39407,23081,rio de janeiro,RJ
f67f5e54df9b0d1e64d7f8bdb40aba79,cea77860bd914a494d05aa2d74d8dbe9,6872,itapecerica da serra,SP
396f0d7e58d965bbf8dc3d6c451b6ac9,cd8b5aa70e36da03df140f7a62637588,20720,rio de janeiro,RJ
190b936129e075641c5557538def8b25,b118d6ef1262db7e0bf20ccff0b32432,6445,barueri,SP
b6d0ae20431d0f3e9d26bbf4c311914e,81e1a781cd5925decbbd918b8cb5fd24,8710,mogi das cruzes,SP
dd68aa8587cf16acac6821866ea125a0,e135b109a7bb11f2f9da0dbd1ed10e46,11533,cubatao,SP
e6f635217be521e389d16f31394cae5f,eaa7b2692a101caba7c02906259231d6,80035,curitiba,PR
ba9aef23b79c16ffd75994ead61491d8,e715d72ff36112e6b739623648bd6802,2927,sao paulo,SP
1b866cf3a2f6c85e99d9b07c73951689,c77dcf1fc66bff10f3dfc9a8113a995b,73105,brasilia,DF
f196d37d8e1f7f90f133e063d58fd132,2707694d2e0e2505aa0e5aae6bf6d936,5797,sao paulo,SP
c93cde10296df75c3bd18bdce1cbfffc,24115a0c9fc9115c586e54fd5f42e8d1,1306,sao paulo,SP
48c208518654e81be736c1950e522b9a,05ddcb65dcf77c362a1b60bdc5ef86e8,50761,recife,PE
1b2fccd64ead0637991ff28c1971d9a7,b4487f7becb51a93d4d0ef1256e60d99,25935,mage,RJ
9538bc63a8c734af9f456e5e932af9e9,f5dcd5178c6c7ce8b09aa0b13589bb62,92310,canoas,RS
1a825a018a70af4a34062710e7df0965,072a81b5a11139d7781a0024a03a2cb4,24241,niteroi,RJ
4ccfc3a8ef510c3a3c2492f64b5bb9ef,b4472cb7107b18e32c3cafa45d2a3e73,14680,jardinopolis,SP
034ecc550de79becac426a8ed79722f9,ce0640b5ebf6dd6badf3f245d2cd60d0,40140,salvador,BA
6863efdb7b49c05aac8bf15b2fe41f70,027ca2556afdb5bb0741b214c6380bb2,12446,pindamonhangaba,SP
e93744b7309b885171f62e915a68d068,085033608b541063e51eccbfe96dec31,13403,piracicaba,SP
da5bd8e328c797b2d8f4d7199d5e94d5,374435e2f0f48d047373cdcf1df86d8c,6780,taboao da serra,SP
b962d24bb3c12996d839400f1dea145e,8020122f905630db7791d7f176b7982e,95780,montenegro,RS
e3ca9adedf7464a8e2c2802ed1fe3757,9d962709ced8c31f3b89ac1cadab00ba,11441,guaruja,SP
2ef3c7de1b6079d40773f9efb4bceab8,605e2c9d8eab9c7e0bfddeb7be5effde,76330,jaragua,GO
5c2de499c8b3e854beda15e1a3962e8d,f05fa2c1130ab3c89ea4323d3bf98495,25555,sao joao de meriti,RJ
19cd19a792b8ba4bc826a9a3874159dc,18f22ea849f56a8767b93cf03343ecf2,18702,avare,SP
ee0db2a3ee802980f1813ace8677cd85,2329201bd8c3ed28729e118c40b67ffc,90840,porto alegre,RS
4109c63be22f97950143c4acbfa68e4d,02880ecd2c905f0a16fa1ae3d0884b1b,9434,ribeirao pires,SP
81afed8247ed97666d7b8e7408463781,16c91aa7711af8833f7f78777f9677a3,24230,niteroi,RJ
b195e38bf691c3171e5861b9c431f4bf,aa89c9ffe0bd4f4795c3ea49b59b7be0,7193,guarulhos,SP
cce1f6220c57f2f73f32ab3929e2df07,b4c0401af3cc3af9b0f47ba1c90b1ee0,19050,presidente prudente,SP
3e4d5f8f67400f2829ce7e9dec5ecb78,cf1a4c878349bdca75ca44c3417b9ad6,31748,belo horizonte,MG
8c3d04e424d330c628d1c1f62342915b,bcc0c7953de6300fd23a4715ad9867e1,6705,cotia,SP
fef23f5010429d851aee180c61c39efe,4cd31b3036748096f530bd7559999565,30431,belo horizonte,MG
b8733d346bac6859519abd26e409fd6a,b010c55c8b77285afc3eda1fc35f390c,29703,colatina,ES
60e093ac8d54443ac856eab58b48a492,a1bf02afe06f2e42599a39c4f4487831,18081,sorocaba,SP
ba24dd2a357ed4fed5ab575862f41b61,f5c7eba6f2feb6baa7bc3daa2e7baa98,23094,rio de janeiro,RJ
df26ca4971ed6b416836e89a20d4fe13,442634173364ecd07f5749a010e12a3e,8290,sao paulo,SP
a7b36afcf7e2bba79696b9d6cba06154,bac04b9d6dfdc669ef95582d71743517,91910,porto alegre,RS
b3a679397fd9fc5140a33c5033458395,ecac0115f3d5db1b8336990cb105d307,36050,juiz de fora,MG
68b3e1831221e63cd8e1ed2c2817c0d1,f04be0cc31fe4e1778daa3d6c8929a0a,13025,campinas,SP
2cfec1970705b37e4a308bb0d39113f0,4c8b8da10358565e26bfe9da92eaeba8,29164,serra,ES
a5b871d84fbfb35508252ecd5cf62046,9ef0c12fa87fd32e3dce56c5892f0964,28051,campos dos goytacazes,RJ
cb3f24783eb4c4a37cfd6e35b41f3e4c,7c6fc58a573a35da82e23588f6c0b42b,5438,sao paulo,SP
b544075a6d77dcd06337afdb49927000,3d9792f2eb1cac3a0e4c59b80198b555,9540,sao caetano do sul,SP
c0fd6186a94fc6fe13f085e45a2b5045,5b4270eb80fe2d60cde8289dc6a20fe4,64078,teresina,PI
32b22fd151e7677bbc6a1ccd0bd05366,50bdc8000409d9bc4100c3268c9ac579,4696,sao paulo,SP
575ef70c7539be8b334b433a37246097,afcaa603b2034ed8d7c3bd09586ff15a,9321,maua,SP
67e3893327f25b943d07ec4a97f6a203,6ceba80b09219eea72938cca246b5339,2216,sao paulo,SP
905c64238c028ba8ea9cbe01d51d38b9,190865db43b4d2a34a1d72df724d1622,98700,ijui,RS
62027a3235ec0eb7e75e53ac09ad6e55,79138ecb5d2fbbedb5b03b630b6cd6ed,11990,cananeia,SP
9fe64e39becf76961f0e4a73514d7630,8fbf6ea3ed2dcc9a1284e74264d0c5a5,91787,porto alegre,RS
a1611dd64649bd4c6ff1de1b4b5fdfd7,45582c7de3129a0aeff8e5e2bf045d48,17900,dracena,SP
ceec04c1f9846950a467eee17ccdfb85,34962563ebeec9ee2399336065fb09e0,5351,sao paulo,SP
1f843b666464a2b8e2f0c82b1f4ef82b,63c78253a65d7ae0ade8cf3282a2b190,23047,rio de janeiro,RJ
fcfcb8bcd054a54262f2698d0e9c4a3c,58342363392a944b31562a971498bc9d,11070,santos,SP
066bdd46da5e8a7f24e244574e3f51aa,0dd971dd4cd409105778aefba5f7fb38,98700,ijui,RS
20b9c1c22b268584d60d38d65e92f10f,cbe0a91cf3a681a322429756a15a7885,9846,sao bernardo do campo,SP
fb51887c8244b5ca1d8f1f9e1b3bf4e7,673e1a98d359aa4eebe7722f4864c86f,95520,osorio,RS
b417a9a4c05c243aacb8d35106ed5361,bffc4415e44bfe97f6a0267d81c294fe,24436,sao goncalo,RJ
c8d818c5d5c614a9042ce8e23ad8f125,d284ecb456463236872501e99961bd52,85903,toledo,PR
073b17ed858e674f538ce7dc938c8e5c,e0233c751408137ec5cdde0c37e6a61a,37558,pouso alegre,MG
bf1f1943a062f996e5d32bcb5662b10f,f377461b37160ea383bbb3535714ba31,37589,silvianopolis,MG
746047d2a62ce1a4813b29d7dc1be6f6,3bc2576ef69da2477d0c9a4b1ecf4086,23820,itaguai,RJ
d225478ebc7787b9b8774397fd3ae56b,e494f4ef3cef10788bbe8917c274727f,89289,sao bento do sul,SC
bbc9f2a768855a2c3184259d2d8d7047,01cad597bb1c8c79b2115a6204ab7f8c,99250,serafina correa,RS
c96e84fe010b6c64f16216b8786fa0a9,1570fd02cc445d9818f908de84103127,1225,sao paulo,SP
2b2cdde08e3dfef7b01d635917ec54a1,c2279d745ab2b9347f3b8826a8ed513c,48601,paulo afonso,BA
a94ee852869d015626bae46e38e459ec,c42b9e935256a28bcf4cf95a632f8842,48480,crisopolis,BA
b77ef6aa11b50074739e74d4a78ae4a9,b992ba5b73d1e67d34f48d71a5617e88,75805,jatai,GO
1badfbfeee64a427f1e3fcd009ddcee0,36205e613ed685ef7d9bce698fc86e70,41510,salvador,BA
e725ee0c4279d554a9ab8740b3f4e963,d28ed46e7f35515ee6cd6fee3a7998d0,83065,sao jose dos pinhais,PR
62accea67b06839b7e2f1cb694952ed6,3d69c76d4691b0003a23c63b24843d97,32672,betim,MG
6384399c57d1a00e1de8a4d66df1fc92,2c45999a395dcc8bf915f81adcce7b9d,5711,sao paulo,SP
7f575cf716dfc615c5db8a2135cae948,12b33c7a486cea99a21bd222f15e8d24,78025,cuiaba,MT
a5f4ce5c4e85ffdeec9c44b6da6288c1,df2303f3a52e675813bd5bb8152ba3ba,2319,sao paulo,SP
0ee225c7d86cc69c69f5ba43f36a3696,5a83ed9c112da985d12f9d1a3762008c,78250,pontes e lacerda,MT
06757e2a216429d601d7cda36642769d,b53e90bdb9be63dcba58f88a54f7e936,14177,sertaozinho,SP
27c1ce1f47c189fc4e1b35d8f64dba8d,c61a102ea9a78d4b4f148453fdc09d43,37420,cambuquira,MG
c4866f0b17eceb1322854c023648a596,d2e88d9c50422550ee9b0fc82c8208c4,95084,caxias do sul,RS
35f96e58f8d8dbc038a306283c9b4b4b,51e44a2ff755a990daa6186a1bfb502b,81710,curitiba,PR
865564d43efdb4ace7fee99697e74e7e,4d6acb02cb5c8492d36a041288091ead,12020,taubate,SP
0fc58fd3e7d793da0de9dadc042c3259,9a51a02b8d385a60eabd5606eea6ea66,23013,rio de janeiro,RJ
6cbea8a57483ec9eefcffbf5241657ee,ff28720521c749234b1ba19c9c986f4c,1405,sao paulo,SP
ee92860167192bbbbf68f161674745e1,075f9dd6470835295f76e7f15b791e82,96402,bage,RS
ce7d16764477add502f5571e29f6dce3,5109f7fd585cefada4f7c30a10abaace,67200,marituba,PA
3ee7951cbdbf56ac257be470c8baa4fa,fa99df1c130d029b5cb2077284790259,18800,piraju,SP
70b9a93d19b044822d5e5af9e673f250,d5f10de578a314bd35362e14c61a7bc0,35701,sete lagoas,MG
9393744f4214f430a813fee1316567e2,927c1b4bd2d326409fd16eeedaa9ea30,48080,alagoinhas,BA
34b06cf331da94f4737ed7aca9acd194,e532b5d8af846af30fb31f0d87ba0c9d,29101,vila velha,ES
0c6e74d3848e590888f197074ee1f5ff,58aa424ba24df5dc745e1a3941abc5a3,8593,itaquaquecetuba,SP
c947bd7320af6ca068c7ef4389693173,28b358cbc7d077bc3bfcc788bade155c,4561,sao paulo,SP
c645112b5c938ad3082211e7bd71423d,63dfbd8f45b63fcf5c5aa1f023209592,9090,santo andre,SP
9e28e7712d72035236cfbd785851e4b1,47c05993d6a2369558d2f63dddabcf0e,86900,jandaia do sul,PR
2ec48d47b79cd3db9fdccb0d4a2b3509,d0885399c9dcbd60afa7783d9796f6d0,26700,mendes,RJ
64a3fc4483005564628533c1d14de25e,df8ea15cce41abd80d24724d9db3b535,56306,petrolina,PE
629ce319646ea85f733c21603bf3609d,82fc16a18a1d9ca6b49dc067f206fb2b,15076,sao jose do rio preto,SP
79d8872425bf0cea7e133d08e0e45f1a,580ab375a0b236bb0ceb400abb2e0a63,31270,belo horizonte,MG
5ca683b344929c41668368dcf9d5b168,f0a16779a7adc4efb88a1a329b15474b,31170,belo horizonte,MG
cdb5bda2e2203d57f2880dac0d661f43,1dedf503639fdb47865028c62383868b,51230,recife,PE
244c5781e9005c4d4ed312232b155b00,4ee952a26c5e8af732f1e08c163dff5f,14783,barretos,SP
617fc8fd035377d90276d2ce8cebfa6f,0550075d442dc3ba0369e9e034795a7e,7043,guarulhos,SP
ea3acd2d48472322455ab1b6ed05f253,b83c15aacd2ade90cfadb49b5b9f881f,4421,sao paulo,SP
041c1b581b3d75b637507c4bc0e4905f,186faf3198f9fb8a82531e639b54db8a,17514,marilia,SP
f2d6a280d9aadd9fc04f2e1e4660e2b7,07395d6e7fd36ef9c2c1c7fc2f0a2bf0,45700,itapetinga,BA
9959467a8562a7937386de4cdc07ae13,9a532d267519fc583312ee894c9fa405,21351,rio de janeiro,RJ
93d186739ba905a3489bf2f239a97167,dcd27efb93b723b301f8bac00e5d7e01,91370,porto alegre,RS
8e7952773b680825d0c65e05592440e7,b9d9da6805f069d2324edb4952e9d0c7,15685,ouroeste,SP
1479ff715a4d0d50f559fb434ffaac23,67d6a4689d69970e70ea9a37ec01b17e,22753,rio de janeiro,RJ
058b94ef521255536e17b2760fbf9674,66f12d134c2a22e83415adbe796c02b5,79103,campo grande,MS
c889eec026a928be2c4ddde850ef4919,f1074cf981af1ffe480a9781f1d0b0bb,13405,piracicaba,SP
30cfec2cfb4af26925989a3ed824d45b,ad42aaf1833e2a64136a9d9f823d77ab,41320,salvador,BA
72439ef3181cd62d5b508cb9beb48c4c,6a9228e8188372259d9a1db0e80b5af8,13505,rio claro,SP
70dadea89e8294361606fe742fceabec,5880e398144a5fc8dbcd185521e3f6bc,95560,torres,RS
8219dbbbff05552e56dabd762e39de3a,f1485c238a50f4d2a48be2fcd6c22a61,59069,natal,RN
ad0a1c45e76e4608a273cfc5616042de,5d483354cd9a5cc8193a395910f51fb8,41810,salvador,BA
78d5661572968e9b17462be561afa42c,904a6a8c41db7927d4bb241b306e539d,84350,ortigueira,PR
0a60a71e2886cc3c0d92fb7618073020,685217c8a7f64006b29129d207c29e47,48895,sao domingos,BA
e65cbda166eab6494bd038552411332e,d9b6a81c4d9253f5879e8329d2496e22,9181,santo andre,SP
269ebe5042123ff1dfbfc95d52eae825,c818ec5c41404938a0bec244f3f81cbf,88160,biguacu,SC
5b9e676ba4af242f149ba51d095d4f5d,adda0d6fc1c16cde6a95d6bf6041558f,86084,londrina,PR
c5cdbbfb12f3ef65f0580b2899571775,8ec1dbe8a5e435ff67eed21bbf78b170,11065,santos,SP
29c35fc91fc13fb5073c8f30505d860d,7e1a5ca61b572d76b64b6688b9f96473,62700,caninde,CE
4f478a1b6fdf3b0ea05cba4ca2aa473b,91e896ede1ad968d626db06bf3363652,18021,sorocaba,SP
e6dfd24ec0d6e4e7002fa6dca5bf55a0,7a76f872eec388119a13858df1571b2b,47950,cristopolis,BA
6ba6fd4d14d09e8ee136c92ace6f508b,fc57c67b40be8cafee83b482391654cb,32341,contagem,MG
5fdda35530bccd97623de0d77924e337,aea4d758cf1a6af26b5e7c143a99127f,18701,avare,SP
a568e815557dfe95e3b3ff832812486b,54cda4f6faa16b619c230cddfd5da778,72312,brasilia,DF
0fc720fc8c292a9f931206b6dcaf5245,f4c1cc657910890bcc0d15070508e490,15350,auriflama,SP
3274aedc859b9aa7d7e5db28cfb7768d,00ba737b18a7996f68cb8a99556bedd4,29167,serra,ES
160cc5a8d976cb41c7c1d059a01c8cd8,deb50cb0b385739250de8a449814bef1,84261,telemaco borba,PR
8fc70dea5665d92f2c43ea665c223563,68ff795f56b9fa2dee4c346fa66c3942,64330,sao miguel do tapuio,PI
6a2896a95ecb9df4c195ac3ba4139cf7,cdde22c7e6dc9dbda225bb26300a5ec2,6515,santana de parnaiba,SP
b01ba1be15ad4df27ef280937c538efb,3e4a19f91f7f77010b20bdd4d2522012,7600,mairipora,SP
c4781eecc0840edcc02c29277533004c,2c14db46aee6245ff5a01f7f69544f73,11250,bertioga,SP
d88eebd3a037a6f876bcc103d794fef7,6a7ab554bd7fea69443fe5794ddd1ee4,5410,sao paulo,SP
7c575b8659a41d814e8a76f4b91146fa,f26ee4cddd4ad02b262b34ee93b1c639,11035,santos,SP
0143daf7466a5e7886eb9d1738d293b6,51e1a99e6888fce6fe3a58ef48cc8fe1,44550,sao felipe,BA
545b3f9dcf5aebe2020cbdcc23c06101,9dfffbf5ae6ed8a0ba6958a4adb29c8b,95520,osorio,RS
8af79516f6e41a5dbf47396cf9e60311,4bb9e97914075938aced10f428e688b5,63765,sucesso,CE
ab9a07d930e7adf06ad5602f6aa8c35f,244ffde1b09f71f6f43e03d989465ec5,11680,ubatuba,SP
89308d2e180453477f64c286806350f5,043aee247e71edff7045664609f4d806,15707,jales,SP
35d376a8a1c37a0b47c5b0d69f0d60f2,ed1356ee8c0f1caf7e8e3adc4685a6da,23062,rio de janeiro,RJ
c05f28559c8e384f6a00edf36d6846a1,3c52c4fdbf340c9319b30037df0e722f,90440,porto alegre,RS
710f531a591d1042892eb71a78499cd5,956a5b68d7a800491cb49a2a10f00d0c,56304,petrolina,PE
927e550cffb5caa83ce9afd6ec0d886e,ed5688c53d9ed28e74523ae79410acb8,71692,brasilia,DF
9a3d1f2c161063cdfa6944e31352c45c,77c4a4387dcb76a531043fc00e15043a,35350,raul soares,MG
e2eed9d273e12f782167ef6b5a5a1bce,95503ba2ecf3a1e14d68c6599601b9ab,73080,brasilia,DF
fc067032141f0ab1eebb2097755ed067,5c8c5935b0473e4c5c7681b8dc75adff,24315,niteroi,RJ
e28c7984cdad31abb88f1e19cd8621e1,9159c04b88895d995741dd5b9b7a5f1d,28035,campos dos goytacazes,RJ
4d575680ce2505bef7485ecf1badf1d6,067d22395c78dfe68b327a9444ea48f6,9661,sao bernardo do campo,SP
f0307c65ff008db4b9a8460f76132e1e,6f43a3caf66e172755857e20e4401c7a,64002,teresina,PI
0f3bd0bd44140c8d4d481fd7c47c1c2f,f7530477517d7fe88e4840b95faa5264,61631,caucaia,CE
feaef48e150d4f22138e748bb313698c,291a27ec3b888e036ec2a199bd76554d,95200,vacaria,RS
122b566031d84d7f2b2c3ee360200e84,77cd94f2618513f51ba0714c37ee335b,89190,taio,SC
3008ef16956251f42daab39f8e3a87af,3e309610ac2bde864374c18e8d8fe8f8,28027,campos dos goytacazes,RJ
b36aecddfe5ccb0971ba9de40729416e,29ca20390ebb1a670b4f22c0bf757b7c,13070,campinas,SP
526633186ddc00e185c117db06d78d33,d8aafab80ae2e5e85c3c42e53acc6d92,3211,sao paulo,SP
23090a6b2fc85e04dcd36563dcfa1af5,bf3ea1f12c45857c553757b918beecf4,13049,campinas,SP
417caa83b98e9b42752f0e84711fa107,04ff08a6fc4cc4a9704ec3c21a89755c,14783,barretos,SP
5b4a17cdf8e611b47a912e232cdf6441,5924dbae905fc6023d7297db2d613855,1050,sao paulo,SP
8bb9547aec97f493e91a078f66fa7ac5,630331e73a79ae9a2ba821bd326ea298,88850,forquilhinha,SC
5cec8085bb0230910a0a091f25e27df5,6df09d94fdc9778210ca001e53325cff,93334,novo hamburgo,RS
833f9bfebc6895534e9567939653e933,cf58b0a3959d683b2702baafc2544673,28907,cabo frio,RJ
e8833ec036ef5a31782fc90de8a6efc1,01ab4b660bfe57375e0486a07bbe31eb,18095,sorocaba,SP
21691bb6e6986524cbbaa74ce9086c98,44fffb630b6f1fe30a24335fa467d905,60175,fortaleza,CE
d372ffc23da2cea9222083a79c94ede9,d277892816aee9101b17cecd451657b0,25620,petropolis,RJ
c9bdc48300c66ba95c1e5839d8b4a26d,34f783ac3f2faa9038877834eadc3eaa,91430,porto alegre,RS
6d91da53c1c48b756d84ef4eb54550ab,c5ac119ab2aa65ff15488f1cca9a13d5,58037,joao pessoa,PB
2dc6da2422b959b13272324bc019347f,a1fd66a5170821b74be2a153e6c567cd,5805,sao paulo,SP
97396993d63e820df7610ffaa26f14fd,cd933f89d0e65296590a361e50416a0b,30441,belo horizonte,MG
8f56c275bc7f5d95b20b4e961602ab39,9e98e4329d3644ac09aafdcfb03913ec,4456,sao paulo,SP
adf523f65682ebee63b7bc4810e19bee,0885697bf4809cb17c520fb4075ca3cc,86015,londrina,PR
7a85a823eed61d724a4682d535d7342f,5f506529aa7a96a70d1ae4514757490e,65640,parnarama,MA
15fd5733c1312d72925697670522a4b1,65998ec766d8ff89498bea626d226af4,1313,sao paulo,SP
c5dcbae0ea1c8dd42c20a11d05c43e65,cdf383f13f96c61bd90f57506714664e,7160,guarulhos,SP
8b70e14114ad1b6f5050481b48c24a24,ad9f17317092cd1f0c69407fe5e2107d,9720,sao bernardo do campo,SP
6e99733532423390e0d537024ac60812,9a74735754d42a0593bcf6356ab369e2,95920,boqueirao do leao,RS
8dddf27adc934a43b2ab68289ec22651,142ed0dad12a73d4e9eac64b4918fe2a,72810,luziania,GO
f8260ac0cb6df254a4c7ec7dd62a3aaa,ad1d97ae7b11b3578425bce235b34058,99950,tapejara,RS
a6676c68128a3af44c5df985bc3f8d67,f5031e7b5561df1775e8db6a3eb37cc6,1506,sao paulo,SP
9733f3332e2c91eb2270b54c9bbf7685,477025a77b847be1745bd7e0c955647a,5352,sao paulo,SP
d9d2cd20127873b3196b6847b7810504,bf9605839bc246e37340382e39491e79,2989,sao paulo,SP
6dc751bd314035e5cd07b5783799f84c,7481797e13001bd487ac70f296b11be2,70299,brasilia,DF
e6f40fd97b2ae5d03f8a2a211fa042b2,3c5ff761d061ce0996eacf738795e760,9751,sao bernardo do campo,SP
4fd717f8365e738dcca2baa0ff70a52d,990d8ee178bf5e1724e920166ded0c64,13940,aguas de lindoia,SP
b4723aaa1b0372ec3faa788d944a1e82,08857f0c2773c0834c299cecba198500,9780,sao bernardo do campo,SP
8bb0928c36fbf8a37b88a419e3cb0ffa,4f50fe31bd8b72604c6df88381f54b6f,14802,araraquara,SP
933da2a653210f730747c28a49d54d8e,638b990b3b08f2b36b0eb8dc89cc11f4,72007,brasilia,DF
dade896e95a36c520a0bcd0703385b74,0afda703a26e922406236b41a54ed08b,62022,sobral,CE
678316fc81f8e125073131039e379c77,d4b85792b332960764a216fccc6ad779,79550,costa rica,MS
65198f9bf91d5406161513a753121467,5a6ee664ac58f92ab168430a8d60af0d,21321,rio de janeiro,RJ
4f86e2b6bb393847cfaca4bf4b1b82f6,7e5641367b72c03fbc85a214e150060f,15685,ouroeste,SP
4af472ab3d969ee3066c37f7a11b7f62,70c784e56dbb76f5bbbbeda25af36807,98005,cruz alta,RS
8f399738d7135634f6501aaeb70c953b,c5eb2c6dfde09c4abc054526ed8a728d,74250,goiania,GO
09c5222856be1228af5bc3c2dd8842fe,4c0c0aaace4f4f653104ae52e4811ec6,9841,sao bernardo do campo,SP
f7c89da122bf0065f6157a4c19bfe24e,f03010990971a88c965c821171f93010,80250,curitiba,PR
ebeaca016b045dff2d2282d10e2bfa52,78d3e255b3ad3aac95d3a8abc75539d1,7152,guarulhos,SP
e8cada88df871b1ff0f51fcbd2a724ca,eaeb17740d6fb4704a839ed30b3db9df,1415,sao paulo,SP
246295516c97fc54aa274c6fd2222602,7d3d94b4740895a17760e976797f9f0e,73752,planaltina,GO
a2b04cadccfc3b95ff49974295621275,243a13817da930ae2d53ec46b181a2ec,13054,campinas,SP
79549bf1ee85aa08fa9007af4f4a6dde,ca49534fcedb73b42c18dbd99b0a0d22,22753,rio de janeiro,RJ
a04dce798419f82084975adb9d6a79d2,3b9413f9d2b6d5aa9e39ec9b906ca0d2,20520,rio de janeiro,RJ
7010333c051d9116f2df834f27ed380f,2bd5a30d87455c3dc885897d5f561bc8,57074,maceio,AL
daada56f7d2e74dfd291d652b7e03ac2,b830bedf28690adc283cc2fc24a61768,17160,arealva,SP
e68996d7ba9225ec61f16385285d3ae2,1b25a34c8e47da8c942c2a9b3bab1a05,60712,fortaleza,CE
448c7012ea9044144e5006640fe2709e,4cc442b5cc7d361e4da6bf55b07fe23f,42600,madre de deus,BA
17d871c2a8aaebdb6d8b7dc48398afae,e85cead1b63c9aafe00a0b0d4238d26e,38701,patos de minas,MG
e8b75845a700bb574b2346b8f489736a,7983fe58c2fbc0c8ef3ebd2afc39a7cd,5051,sao paulo,SP
1f02ba98e5ac2c5d7e3561429733c129,3398f68dfa1b687d6d4610817c6de23d,21221,rio de janeiro,RJ
4f431dee2efccd72a2b5707929dc85bf,59a2c18c257098c550b92d28d79d7e36,59054,natal,RN
227b4936c1389b6feb5a4b2d5a1a168c,6e44eae728cc7202d1f6e3f5643a7977,4057,sao paulo,SP
26696cdfe4c66b1abbb78c250b2e9cd5,097c970d4d48da9a92847e353c8f1686,13820,jaguariuna,SP
bdab5a5fa56036a42d69344ae3006d0b,66f545356c968f0aea66107cd8c2da7f,6720,cotia,SP
ac9d00289136be90ac64557222f2e9fd,12c54f6dfd4b723a6c76c4c989494422,68750,curuca,PA
52f3ff878b892c17fcdc6030dcad7e7b,35b2bbd27795a44fda466212e338e9cc,43700,simoes filho,BA
053f9f6d14eae73c5dcd35952b42f44b,5a217b57456380cc037f0466c4772f48,6871,itapecerica da serra,SP
1a5a3898747599fccb25a7201c603bf3,17e873c00e3fef97c9f1347c6681bd1a,5684,sao paulo,SP
a13f6cf0d876947e0559f572d69e59f9,5e2a5e8ba51f24c1e13f99720473fa0d,98900,santa rosa,RS
f418fa622ecaa0dc1bc8524446faf6fd,40682a6bda55c041ac28f77b0818868a,1307,sao paulo,SP
500e98ff3cb33cf1f3095ac781234e29,55d9dfbb0709232b92bd2781c2d03858,2755,sao paulo,SP
4c36169fa0fb2131640c936269b87ea5,19af6e0c256fc911a7a63c644a38d34c,50810,recife,PE
7713e861b6b25bb555804711dc1a57e8,495ad99889726f38d2a0df657921a832,35900,itabira,MG
9c9216f8fa659fc786c005ed7672ecee,264a20874923afec499b9734e81037dc,74905,aparecida de goiania,GO
563ee9398fd0dfedece958762eb57a42,88e6b41cf1ad95a95cbb7d4e9d2a148b,79904,ponta pora,MS
c4b3853cb43c44b695d2b86cb2b0b9b4,fe723a20cfca7bef0e6b4e7f2fe1c802,6663,itapevi,SP
c3944031f7a763edadfa03361c9aa06d,529d9951adf27f4afea7121d109ad61b,40280,salvador,BA
c761ebec64b4f7a47b094442b3dbfe0d,d4d43f25b59d9e22be5c238a77c52eb3,22040,rio de janeiro,RJ
aacaa4169ad65e20c67f8cdc04ba074a,9862e3727209fff2adf2ba40190dbe1a,31260,belo horizonte,MG
7008f7f2a9a222280115cc2a4f2e5b34,95417d239104acddb6fe868a21aaa641,32140,contagem,MG
13cd366fe64b37786a0c7cf845d1711f,5b976dd4f77ac841d7027290494b8dbe,1228,sao paulo,SP
30641a4862b6f5885e2f9d8e14b03809,970d5a05f1dd6679c374db78c839733c,64015,teresina,PI
425ce6f29109ed3511a62cd0f92d7170,bbf65e7823171a84e70a495dd6c34ceb,11030,santos,SP
6f31890dab6b8c8287e5a0d7a58c7302,4f202913eca1279994ea1a1709088921,13045,campinas,SP
0ec1d2c13f8309ab79e431af6dc72245,b6b5367f6d344682c90126fe86594604,23088,rio de janeiro,RJ
9ef02e0bb31e88a1fde897b4adc31233,abc44d14ce112d264ff9637967e98106,84925,pinhalao,PR
a7a56d427f0a809b2f1a427783feca20,c3807b5e102688c2dde01ce0292c7aa8,89163,rio do sul,SC
f0f41eec87eb3d31733d349395eeb741,20688d09e8fcae9548135adcf702d36d,41760,salvador,BA
a12427487c970a4a75dbeb5884f126a8,c5e94cf711798a7bdde48952d2b3ee28,4474,sao paulo,SP
dc707154393bfd176a45a7bdd7e496a0,4e67cc12e03d84ff4d5d51d246135778,2616,sao paulo,SP
68f3666fedabd658c5aae67697b67e61,eefdc2443e8e4f93e0eb1df1956047d7,12297,cacapava,SP
469eac1e2fe2a69a8ade2d146e9cbb9a,ef5b1600dec607d23bd5f56c0e4aecbd,64260,piripiri,PI
33c7436be4e08a85eb14b56f24f4506f,7c7549c421f7dfb5b3b993c83ccb1274,88063,florianopolis,SC
6426d43df496b0f659d56d69355d41b9,2b0c1564bcf7138c8efacec0bb084c43,88106,sao jose,SC
89129b4134df3289d76b155160d6e441,21bde4e982c4681021edabb899bcebfe,38701,patos de minas,MG
cd66c6ddcfc749e99c24294f5c10d76d,e48b3a859d9f9cd1ab8aa7fe4f5f5c36,20270,rio de janeiro,RJ
8953f8bf10bed387ad35f83d268ecf2a,a9e548f8d73f58feb2aa94dc33f67fcf,2135,sao paulo,SP
145ff990454414f00ef6c1ea1ba6f60b,298a2a12276b2f2ae86d8bc02eadcf07,88111,sao jose,SC
b9633b9cf51f58d7c6facdc197862501,221d59abddcd719f3ec72c50078b9e31,25655,petropolis,RJ
aa9d3f79c16ee27706637d123f425b8e,48aa7753f2622c7b4a1bb3e59d880ebc,24220,niteroi,RJ
0a2925db137872f11303a21dfde59d99,da90ce986b770be13138f9bb6ebdab7c,22441,rio de janeiro,RJ
86d870bc6aaa37f7c193f9b2d19b8015,4d72e3ea2d331c774abb707030dd9ce5,50771,recife,PE
94298cbe7a6c41305c767c411762afd5,0fb9128a2668effe2575de5eb9472aa2,5011,sao paulo,SP
0f5cb52a437e2f6062863423966ccb54,df7491b778a4f160e6d0441eaeb59856,17020,bauru,SP
a0b74b6766104f9ae731fe5750fb4f96,c498826286bdf04d6eb8a4b29f09cca3,54440,jaboatao dos guararapes,PE
87edd217bd6fc063e3bcaded331967a7,c6e5e7192bb1b04db14cc0bc5068daa4,15950,santa adelia,SP
6643c99ffb651f9b5002aba628853005,de3a3d7d80594efdfee27a0fd466844a,4738,sao paulo,SP
8468e974307cf0404f6e3d5af0ad1b9d,b33655881531e0e8a90b2fd264c9a0f3,13088,campinas,SP
6c9c8a2de23ec5eaed4eae5905a1f9a5,610fde09a3a48292e490155f452c78b4,37640,extrema,MG
3ca581e4a4ee0b48467bb142750e2bfb,28f336041a6dc38b53719353255170e5,36033,juiz de fora,MG
96368b660b3b57393e669836011087ee,f090bc718c8e695fed3f714dc62c7755,17360,torrinha,SP
37deb7c0c365cbec914968988aad92f6,080acede34dc0ae044967011924a273a,35350,raul soares,MG
cc25be330141b5bf8171b447274988dd,ed65e3fde3b08f3d0561e21a458f4fc0,6033,osasco,SP
5d19e4ad46b3ba65d54ae635288c391d,d375c3a3a6bff030c08c6d4109b3f226,3985,sao paulo,SP
4b8ddc64bbb358f9251fa9e8ec035899,c444c7c4b0de93c29af05dea038a08cb,49020,aracaju,SE
daa2305279978c8d98ad9b317c9a9965,703cb1bb156410ae57a261ef0d0e7e1f,74115,goiania,GO
a825f9cda9b9fb692610242a7374ff21,a635e8b3829057ed83b1ba0e60fffb94,15062,sao jose do rio preto,SP
438bad05055d60b6e82e9f244a8a1024,893bcb1f52357312bb153f111912097b,90820,porto alegre,RS
d122755f5989b6f6702431c0fe0dc767,1287bfd3869aaec082aa683512e593b5,78048,cuiaba,MT
cf3c35f463f6a234d0dc10d33dacb41e,fe25d225d2494b252321b09821ebdbdf,27420,quatis,RJ
d3cafb429363e1c6b3a3af369e31728a,7f7126b230207b8c24086dfb5f408ec3,99062,passo fundo,RS
71401d6f3ab1671cd5569779cdb9480d,a482e030e2517ddbf0f93d8798d8cd48,54310,jaboatao dos guararapes,PE
1fcf84818399307346d0e48d203133b1,615492e523c31c8d198fac0b9fa5ec72,91110,porto alegre,RS
e0228d0d1af80aa872001373c79171df,e9e1835cdd42b98c00a9901f3560b498,14811,araraquara,SP
f68cfaf4a6855d3b1f631852dfd2b2e5,08a14d6f05e910296326bdfd02e0da04,5727,sao paulo,SP
5fb9d23a8af73d1d81be9447185a10f7,4d1816adb92709672c1c049f8756f542,6702,cotia,SP
ab3b5999d3734808f5045e52702b8117,83c7278a2af7e5f3338b1c1aaae608ab,23056,rio de janeiro,RJ
d19ba09dec1d11149f807993731a324d,07224bcb76e1fe56487694f4b4f2b9da,35790,curvelo,MG
cb6b298a2a15ea89e712248ae05dbab4,dcf94500cedf7c5c153937b663a6cd4f,55330,bom conselho,PE
212faae3e5c3646879daad76a9f106b3,72535bb4d0048ab6c69d0364ce0dee54,94500,viamao,RS
7d3b9525b38ede555351e75caf596b4d,a08308dfb30f3ed8b21866524b6f9098,22060,rio de janeiro,RJ
2941af76d38100e0f8740a374f1a5dc3,e1f01a1bd6485e58ad3c769a5427d8a8,8230,sao paulo,SP
5f0a81d48ee9e8197044530b42532849,dab37b78cef7cd1cfe1cc34420c07a93,84040,ponta grossa,PR
dfabae7548b656d6a0d4b68896377ddc,6f84e5f81b7daece37fdddcc6cf99ad4,93270,esteio,RS
a2a2f4426885e3ee4df54503d1ea80c8,ce7b5d4879aea885f31257253b1064be,60165,fortaleza,CE
b7a7e149c4a6120ec3938bd2752683c2,1fd4f857b3f68f5622ebde22e2b328a6,37470,sao lourenco,MG
ab4c9e7ca64df4b924904624092ddeb7,4c91f30875e2482c09e9b81ef600985a,23520,rio de janeiro,RJ
95fd46b89a4174004b2407d01069a6d7,dff712b02bbaed94147ee35e29296897,88115,sao jose,SC
4bec6258afa662db2ba5c04e01df955f,85b483b4f7f7bb9fe94d3ece0a3cab93,11095,santos,SP
1958ecc55a91fb365b6c5671f4c4b9b8,40869b13ac99c716ffdd80b9df43e110,72460,brasilia,DF
111a2956d57d20d510a33b3e06281f02,8ad100bc542bf49fb222d70f6b0953db,25943,guapimirim,RJ
a3b09b4fc25b4b48df431cd3d6a4aee9,d6e7a6b07d3527476527cfff9de20827,13720,sao jose do rio pardo,SP
6b80d613d3378576251d9ec0e13eedc1,a0795e3e219e3081be7f7a19662daaf0,29960,conceicao da barra,ES
17523021fe9a32dce622cb883869fa4d,c931bb3ad6ae15130b8553d01de249b1,92310,canoas,RS
2c5519c36277c3f69df911c68cc97e50,2ee0d7587a1a04de482c6211ea2988bc,5596,sao paulo,SP
43d9053de5513d2459433ffab5bd7599,ff5f6731168d5441f57407f27b1e154d,75640,piracanjuba,GO
759402811612c3837b9e688e4ddc26bf,b8f20ea4c97c0b9d62a5c41ff89eb36b,70361,brasilia,DF
7e7f09357837fdeeaea18c4605c2be77,548805ac8de1ba63dc69c45bfd65c2e7,20040,rio de janeiro,RJ
d8d953c123168b787dceec29e08d08d3,157cba90d59357f1e82a211874b89e59,41720,salvador,BA
737a7651cb45d8669d7b056c7c0f9444,a5b002dd1d73428332e6679c7a98f1d8,96820,santa cruz do sul,RS
4dd6b4d96472044939e2bf6143a90712,348d2d19d28a3abf896ed5e58fc34069,91260,porto alegre,RS
e87047759f9456e7b684908529381df9,d6899f280d9ddca47bebaa7f4d3d1c53,20240,rio de janeiro,RJ
152b39d7f829538d9a25281cc20b0af6,dbe3f4e2e46a955ca13fc1554528dd5e,22631,rio de janeiro,RJ
fe15b3297ddaaa9458ae5489b2bd8791,a239b8e2fbce33780f1f1912e2ee5275,69054,manaus,AM
a095450e0630a3f9776ba4196dac1da1,2ee479e29ac6b1736028a090f8ef923c,66065,belem,PA
5681c6fa141b43aaa13277dd0fd30b76,6edb6d37f4e385515f898b31dafe8fde,89270,guaramirim,SC
8c033b565b53f0b593b0c0a9d3b9dcd8,8162d9416ce46917802d7d5beca1ca48,37165,campo do meio,MG
fc0946b162054edb8bb00e624f2d1ce0,072945b21324f687f6cee9e0bfa82c52,85570,sao joao,PR
e62addf0b004f6b6785542df9821b423,7ff94a3b88a95eb8d8c2202a50797781,6756,taboao da serra,SP
c32e37aa05c6b07e8b63defaa08a010d,3ea4185126195c34ed9949d8e406d570,30140,belo horizonte,MG
d71d0786dd993461821ec16125a0f013,bb115f38be57f6772f404c3cecb780da,47806,barreiras,BA
6cad8bda4d24c4f8c23b060739f09d50,d042146c4da00e3add955504c7740785,83323,pinhais,PR
6c26787bd0d839f80a4450e527d0586b,3201915c3f25b7f281e5a5e0a89fab6d,18530,tiete,SP
2c524b1989927b7eccfc590b30e2f174,15b44b3aaf9255a983365b2a175b4a65,79415,sonora,MS
887193b0e6d96de4991ec1858cf75220,5317c09d1475f22e0e3bcfa4fb04f32b,29703,colatina,ES
48ecbda544d2f1197f4255e6a93751f3,03a25b12f34df3b5045fadf047b83d00,18130,sao roque,SP
6656caf59604b25703d86b9a8ea0f814,60e2c1c1b1d94d1a3f157741545ffc39,35450,itabirito,MG
c16e1ee1f43fc784a849789cbf31c9b9,e87260d4d3d29ef93c4c1811f1af7433,57017,maceio,AL
847a65ac1b1b67459d7fe6e1a1af3c83,601d7421c2ded8c1caffb014b9f19d79,13339,indaiatuba,SP
a6472fafe286c66c40540fa2b3217657,8dff9b4552dd014ec5d661e447fbfc4f,88303,itajai,SC
bc4e6f215af91483d54431baacb9506f,934bc5960242b4b13910b02da54a6499,33080,santa luzia,MG
1be3deb75d2f1f4fdfbd22c4650136f6,d144a54689821ddb869b47752b536cef,28941,sao pedro da aldeia,RJ
b2b247504d20b61cd474e775de587cff,b55fb2799bf92225fc54fdb4cb7b82e2,9330,maua,SP
c0ca3b0cd457d58573982009c592f913,0d153268371aa25450d4117ff070277e,29314,cachoeiro de itapemirim,ES
cb047fed186785a0792371ff0b2aff8d,ad3746717b7b8e9d0fba89de1c6d20c9,24723,sao goncalo,RJ
2ab251c4e8580a85814a7f81f26c58cf,af5fd2c262af3311c430ff0bea378836,28635,nova friburgo,RJ
d8c691db81a5838b59f3bd3ae93e5291,eb9829b9e4003dcb7ffe5a6fb98682a1,81240,curitiba,PR
e1b7d36c6112647b0f4e0c3bd46085bd,0ce90ebb62619ade569740d7d7e7d623,12405,pindamonhangaba,SP
b673b484323799ff5180c63588f44eba,868c964d8398c4dc109d6593641cf23a,65500,chapadinha,MA
a428b29ed08b54ee2ba2c4f06f1a0172,bdfd71dfee6faa67122cc7cdbc14d9f7,3707,sao paulo,SP
306236b26cb49de7dc58a2c121dbf0f8,d716ab725d80838dd42154a479e4b5a6,19060,presidente prudente,SP
49528d004e8825f533e6457b98baa342,b3d1abff5f1b7c3756990fd32ce68ba4,34003,nova lima,MG
669e56d17b7df023ff7559d3c8484222,7a4411f897334f8415bc8bd3f2e64d78,60192,fortaleza,CE
c1ba054116e13a367a09a45be363525c,bacfd927a67bc4cdbd5912606e830e35,38570,guarda-mor,MG
ff03e2ac07d6dd7580a7cc349e3b37a6,1d4b025b1f238bb3eb386db7d01660e8,5577,sao paulo,SP
64986afd0f3863810521731e53f92463,44ab76c25210de009b75d6fef6c02335,56250,trindade,PE
460a1052bb04a53c2d748b89ef49f1c5,130e47a42ad5259d8843abe21bf87d5d,71691,brasilia,DF
c0dcfd2700b2e97ff3cb6534b72e7bfb,4c23b91b0edcf82b1c9a5ede94ca3536,44550,sao felipe,BA
7a64c18ffb58f65aecd1d238aac34344,ddcf879b970abe56ab899ac045120667,11740,itanhaem,SP
132d5620a1c47ef79eec69e780422b17,9a45034c604e0dd71ed1aad487bead72,19913,ourinhos,SP
bfc848a6094c161f69be50d12014e12f,92649146edafde492ace2d29a1fde6af,11990,cananeia,SP
45e6b3e3126887fc3767adefb71c97d3,0f64cafdb3e1e4806c99ff165305e27f,12929,braganca paulista,SP
aa19484ec6282b1a5a8a73035bb402ed,947bb4afae73d38f9abf4505d5876995,28020,campos dos goytacazes,RJ
190a654dff9117bfb0b69bbe3f5d581b,4f963f138bf8ef946e0a881236bdd7b6,40270,salvador,BA
abb81fc0cb80ca9d4e384afc58e49717,4ba3fc2bf6dd04b40cb624ad09c8cc8c,2141,sao paulo,SP
79c2c3143dcf3a48ed21bbf402991b60,cbed4d504a35901fc8c4c0fd0339cf19,74230,goiania,GO
a368e7a5ecc4fbc5f7c9bbd5b809244d,f504a7ed99f2a37120d9cc0164bd5765,28085,campos dos goytacazes,RJ
9d71e1cf1662cfda7aeafb61975a3e78,ae4395be33e633d0c87010d59847e5ed,6233,osasco,SP
987792d50bb54634e7d921c843a4c0c9,c2693a7cf9b97a0d610da608731669c8,13870,sao joao da boa vista,SP
025ce7b097bd128c2d494aeac94d62ea,8485723ea4c23f245f2bad68833199ae,13157,cosmopolis,SP
2110656d0356c5d1d3c7f1c7bce0e319,1545f2408959aa8478cb267d8429e642,41830,salvador,BA
627ed432c94cb78c7372b6f7cade43b5,736f5dd51ba596512ab19214081058a6,17900,dracena,SP
acb3477acf26f7afd9714d9470c23552,479f918c055f351de04937dcabb3b308,6033,osasco,SP
d367c5c78d7c17bff967e788d84518d1,9293e1027b075828bdd3cee644ab667a,15086,sao jose do rio preto,SP
18207bfa3ee93516926cc203d7558453,3ba794446d7dcd78767a2683f3ebcfa7,9891,sao bernardo do campo,SP
1fc29088df4d8add848a6b7304f7a9e0,17b83aab01ad7464bc016d72a928f3ea,25261,duque de caxias,RJ
e65509bad7e534de9c1f202b06901672,a0e5e99b85fa7db55a095f1dc2ec6f86,20540,rio de janeiro,RJ
7fe98b2b2fa5e20a973f275bd5121c2a,9a23e1dd0907387c8828590da70648ee,39390,bocaiuva,MG
0040a8417928d0d5abd5169cd7877181,96e147852028a3ce1d25c86f03032023,12288,cacapava,SP
9694eb57fcab7bd8fbbf7a174c9c0913,d5a1fe6e2423a6bed0629ed1e6ede746,20210,rio de janeiro,RJ
5f05de07772c3e69f3a019b70a0c97e9,b73f9b2eb9963a26663976fff2cece8e,88840,urussanga,SC
98a703465d366addf75344ff4d63fba1,619c98a8b880fa1bc4636f6b3d9f21f6,72323,brasilia,DF
7dea9815eda7c64b6e839879d428e458,ef7ccf8e6acbf1ac71af305967e708c3,31330,belo horizonte,MG
b91429d5af5d399493d72675dd0f157f,fa20a344d2bf1c88c1c84d1f8c91f5b2,13214,jundiai,SP
50ff7fc5ed9bd9bb79a4313f9924c6e0,5b65c2693d8103d23aa910cd33d68daa,3058,sao paulo,SP
223f5e3208f2fa202a8ff706a4d9b206,fe86d9409d83a3c561ce16e64d2d55e6,17208,jau,SP
ddf98a7aaeadf47dbd2a7fa2e82eb3ed,766c81a2c833af9ca5fa917a7f1a506f,8674,suzano,SP
b443cbafebdbd5c74e00d344cd9924f3,d522defe17a69684126a50885b063c22,13301,itu,SP
887161ac86a185362955d1b9383647ff,c31a0532ac4b77687d61f7fe1483d4a4,85950,palotina,PR
b131df50e42e825b93ca23fa215df7d8,c691a79acf53373763ed547bb1c6dc8d,29500,alegre,ES
cb3e59ee986f4594de1982df4ae214f7,5fba1267f14b938597891c1cca2aec83,13087,campinas,SP
24099e5fbb7f1218d905043eec4c5b8b,50eab3228443cbd92f3da8c2ced092ce,9015,santo andre,SP
7e01705680a54dc5c98635ed83de8508,2b5c7a27f76c03d6a6923819bbaaa7e6,41180,salvador,BA
d4ef7f273c01134ab9dbdde58bca08c0,ba93b30c40aeedd1996a5218a0edb45f,11065,santos,SP
d2b82dc17fa9036f3f7608c89e3f27cf,c7933dccab945c35bc980f4035aa0e8a,35057,governador valadares,MG
fa7dffdd159e0b0d624a60f7b72497a5,77c6e9a44e36ffa7ed7327ced5e11673,8450,sao paulo,SP
2c07b6a19d97919269fb1402e7b51b44,5ebe8ca3c0fdd3ba40a4cac58da4260c,13835,conchal,SP
53670c76d6102c1c558d62d6d6346b6d,a3c22bbd3ae5d6200ac82078b67eec2a,9130,santo andre,SP
0115fdf642d451174def967bd1d55350,99463c65dc4f7d011709ce9966da32f4,37800,guaxupe,MG
c577a3560a4ef759e583df6ba85764d4,9f4d01541a4f4810af5622a067a9b873,78640,canarana,MT
a78737fe65e513541043cdb631b4d3df,c3e59cb3cbc7ca4c864a9e57b1bc5c70,7210,guarulhos,SP
33e2cd7c514ebcf5664c6aaee40686f6,942830bc527cd27e13dbd6e9c37f73c1,32605,betim,MG
b6e90c9642ff01784741d3aabd4c94a1,f58d944f8ac78d84a1b8788ddf0636fb,95047,caxias do sul,RS
1aeec9b1de1f7ff20d46b615a0f05f0a,a99131aa4ede565c3792806fb9334498,13059,campinas,SP
181d85c587921142b36f4e1546d35102,9e823cb684444e4ff997099a6c110539,2131,sao paulo,SP
901d7a385e775e24d2adb6ea1d28ff10,e039686ac81ec2da584dda89863a28cc,25240,duque de caxias,RJ
54a313a0e979a0881b26acc884f03197,b8affe8e3a225085a972932d63116602,37901,passos,MG
6311aafaf7186f5608e95b78e7f7a7ba,d71c3f7cd026b2df577188d0a806a6d0,1527,sao paulo,SP
b704f6bff2b0add361439bc7ff6891b9,87c966979c823236e0d541e7618f12d1,20510,rio de janeiro,RJ
1fa24fc6e59f9057e4122afbd1cde978,a220343cfac0d96c59aa3c46a2687c56,23028,rio de janeiro,RJ
d750ae01f955a2ee39b07ad92760cbc0,4c2fff3d2df31cd85717420a7cf590da,43700,simoes filho,BA
f0c20eb716fdd6eee9527ec291b182e6,911d70d16b6a072a40b2786f1b9e7b29,48602,paulo afonso,BA
b837fbe55a9289fedd7301de6731f643,4fd108f5f7abef94264971be7542bcf6,31741,belo horizonte,MG
1066173000b6d215df54fb72fb1f99d1,2aa6299511b1833e92e3ecae00a3d79e,5405,sao paulo,SP
f6f71a017148c4026116257e000e95a7,6315571ea4d67f9ced8931cd633a0d91,5835,sao paulo,SP
aea1dc2400dfb8eed8cc28b4f8f84faf,558f30ef40ea639bb2a653de68b87c96,13760,tapiratiba,SP
a577a139c2344a82239c539b29d9e66f,aa4baf893fa81bf5c57a380869bb4cdb,88303,itajai,SC
73e4c635d08b25002d658862b34ee054,55b488a273c6ec9ca293736e9a69d0b3,18045,sorocaba,SP
45c715dfcbdc6bda7b1190def7ab948a,78d2387fac855bae2dc8d728314d7b65,27274,volta redonda,RJ
89fe1107a7a7a8e70a256454d3da5335,cd8b7fb73501d01b71552fa7dd310083,5415,sao paulo,SP
02acb1d49edb6c09b61d2f496afc61b5,bfe14bfa136397036c4fd0cade75c68c,29142,cariacica,ES
9d4f09256e5f25a5524be3683a133cec,37a72688e390d6518a34aba45b02e5b5,2751,sao paulo,SP
77eca4439004e4aad223924d6f254f3f,b523bbcb047483480ac0ac7ea454efb4,35500,divinopolis,MG
70eb2dbf20da55dcfb3bbe2cb2cf1fe2,6c005d6d2d21634f3eabb0720c780d75,4010,sao paulo,SP
0238124998cd8eddd5b3ea04d4c1e658,4fefe0e53334d2252f3b920db8df4776,9416,ribeirao pires,SP
fb8d76cc917e3fc3c6ac3a9beb0d6831,2096056b14a7360e261fa10b778563bf,35450,itabirito,MG
51413f058e230f8746d80916d2036794,2394cb19e85fbde68fca1939414879fa,5345,sao paulo,SP
d48576ca60e60c16d78400f3ac8ad9ed,28f80b66e9e383851a63274ed51b72de,89828,lajeado grande,SC
6230e73c5f002546937e160fd6dcf9b3,ecf144adda25e846d468789b37589770,25233,duque de caxias,RJ
2368e38c19fd581f0953057716cad811,f81bd58e79b9717dc8a5edb0c4f0b502,5622,sao paulo,SP
e61b859a115436605a21c45e607fa6b7,4de93895e4c385de095e271b71691f5c,22440,rio de janeiro,RJ
9632189e7c39675d6984fda2932d81d2,4488b467710402ee5ae26b004c68b53c,1451,sao paulo,SP
6e487c18c49fbce6f7cabc4b4565e156,ed1b93b5f34254686f7765a2af95a6f8,28905,cabo frio,RJ
dc83ffd29dd6cea0fa7b7cca9eeede05,b03aa163081830aaa95d121e90ec2e3d,30330,belo horizonte,MG
6fac131de8408ec8e5fc464cfb07c9fc,0648b4016d8661a8100de1dad7a7e12d,4128,sao paulo,SP
4ae48f8e3942147402a1286118601c83,dce5a2ec04713ca71d7fd432f45b70cc,28640,carmo,RJ
af1789225641b6acc60f97f3f32f5673,15fa1715ed2fd2ac6a67e6234d4d5128,13940,aguas de lindoia,SP
c564529ffd5238e134307140271dd186,6b595d38cb0d0c5dca0ca4de1b97b116,89825,xaxim,SC
88a9b809cb9f14bee2a9756e44680552,4a7b98c63e40adcaf751c0e495f36218,7600,mairipora,SP
43cde3a4c7519b7d40a8c0ca102754b5,288e46708730f4af31b2d37e265fbbc9,54440,jaboatao dos guararapes,PE
b8eff644a59838c6d4bb2db5b5e22d3f,c7cf316c752d0adbf0d47feed7fdd0ef,93344,novo hamburgo,RS
705e036ad050f41b861c6284af74090b,af32e1e7796545fbce814d0a271dc824,13212,jundiai,SP
9111c8e96c761096f6fbe14a3a539f5d,aa682fe324897a3a7e73bf2591ffc4ba,13223,varzea paulista,SP
b29c3d10654537da46f9c7c3ab921972,15137f519afb6f361104b49a67c949dd,31330,belo horizonte,MG
2e3c87a1fe28dc56e695f7584818c62b,bfb7efceb9d7151266cdbaee986d2296,7023,guarulhos,SP
aa3e69930a8912ca423373a6b5ac4f56,8c1f36ef68d459b06466c01063b7ec19,28230,sao francisco de itabapoana,RJ
cf25c789086e690ac0787d83feaec0fc,e0fe50284ea35e5d7a1ed290174f4560,2358,sao paulo,SP
d7c6f5abd3a5d2d8104fcfcd7d532537,0326524848da9311350236471586bd61,17014,bauru,SP
4fa46009da47af602ccafa5acbc6d49b,4d27bd8d0da996a6aeeea0d9f31afb99,9331,maua,SP
b17ac2d4ba142dda51133ec4ccc22314,41a8699b6fdd90adff4bfb8575e5a261,5791,sao paulo,SP
8b0d2a7469a834be66121a363b65bf20,52073a48dbde224bc02e3392ccd262c4,85340,rio bonito do iguacu,PR
db76ebd0d51c2b3cc44d84cd6df46336,22b05429f5f6165b033dd8ee7cee1150,37701,pocos de caldas,MG
670ec71eb17d748055f9fa2a0d111979,64f153180018c78a3d75afacb057b284,34800,caete,MG
4ab0b8cd1e875e4d28abc70289f1e90e,f71da337f7e2b3a70c74fa505f0f6ac9,98170,tupancireta,RS
d398ba7b07e152f0a90538e6c0a9be96,ee4544f656aed462ebbaecd9d3e7deb1,38446,araguari,MG
c54f1cbae6276adf60d6e66d6543a1ee,900403954518736c75167e1536f5a9a6,11320,sao vicente,SP
d62db763ef217a63fb356a1b08f55f30,4f3789687cd4e7a0df0a6b04d4c98f03,2013,sao paulo,SP
0bb7a259af35271edd61b190f9cb78be,f468e6ec723b96c71219660b45a1a1af,29101,vila velha,ES
72304a5b10384c9f55714eb77abb1965,86c7ca0abbc14188bf9f946e10702f95,13026,campinas,SP
e29679a0f9c46f3c88b77731fb9af798,9267eee401886f5bc5e6d1bbac5afa18,94930,cachoeirinha,RS
9d58f19e8d5d306f2d15eb225c3adeb5,d4c6b63dd3d9b0d762db0eb3af615756,6543,santana de parnaiba,SP
a3f635854bf35a6dd0eb28c5bf205147,44ed0c448cc846105450afa7ce2573cc,45120,barra do choca,BA
11b8d5bca945346e1096f142d0e423e0,feeb3c8abc9b9f2566108e37cf124b3c,93010,sao leopoldo,RS
b915de450bfcf26fb15d9d80656184c9,ebb9914d899db85a307221d01335af6f,38182,araxa,MG
20c678bfce3c8252288f70dd2bee5e51,a59129ed35da4c3e3f2a005b4c6582fc,86081,londrina,PR
fbf9c2e3c687f16df64422a9c855b8e2,6059cde3ff567c063cc2af56ca7c47df,21750,rio de janeiro,RJ
fcd5f6483d41d80112a58322955bf9f1,478ce3f933a0762be611698dc878dd93,45530,itacare,BA
6f3ff429d5c4b068e63ef27beeace380,beb9a932b5131b25944dcf8cee8ada78,72220,brasilia,DF
10c8f06ca229e96a955682147530cb03,741fbfbd28935099fea8a0088f2470e1,27260,volta redonda,RJ
df1ff2ee71213d4b45436b9112ef71ec,89e01d672c0a04d18ed2cc070fbc842e,78830,dom aquino,MT
ba7414163652126c43ce52deef540a4a,a841a5e7147983b977e25fd23766863c,3132,sao paulo,SP
44116229bacbe481f496fbf77059a987,4c2648c5850ac8a3f7105333ef641e6b,73369,brasilia,DF
ff6b00a007b6c413a1106354f2588a07,6752b6a9eaae810242a2428c7b1a6699,28040,campos dos goytacazes,RJ
435f592ccbe131348a3d9d496b7ab5a0,d88f5d844261ba522471376bd5c505e3,22790,rio de janeiro,RJ
3365f99d277e162bfa8eec5b9596212e,d88ab33b7eb886fea1b8ff195c9a9781,13502,rio claro,SP
ab1c95ee88c4f010e6cdc59b1e925228,18bdaceade9716414163675e2ce002d8,4211,sao paulo,SP
a1d11c86c04b7d1902367e61fb144d79,8329985f1dee7a65c9111793c4b98f5c,24230,niteroi,RJ
138c289139c20975e732feabd97f3983,6fcc1fbcfb53492479620eced99b191c,79002,campo grande,MS
9f8afaa4902b9196098e0c341bbe683a,6da978ae0a1651e61c566f73e571f279,13208,jundiai,SP
f3df5c58c90ca274dfeb4c9bc6e62c92,6727b0932d03a7dd420b9ddffcc51257,89711,concordia,SC
eeabcb01e63849e3bbf72d5d7aaf564e,51252143811075696d23d668dcb57791,89218,joinville,SC
835c64056c71ad9d093dc7166f22a8a8,ff2879fe71a6d417933aa4ecc6ea8754,38280,iturama,MG
9e2974fe836024cfbba8ed46b8baf767,9d234cde9f3c90fad3a9ccfefa681c0b,13040,campinas,SP
8c8ebb03344906d2201f54daafd859cf,cb91b5b25e1e383e3b16135d40fef818,95240,ipe,RS
fdb23f61fc434280c9c4775870bb3e25,3f2b884de3dec8afd74690566c328abb,54705,sao lourenco da mata,PE
f8fd2c4852d04dafce46ff9d0e194e41,49d0b00a8a500a6ef459945d7132f29b,88475,anitapolis,SC
5239179f060acba3aae48fdc19d479ea,5d6ebee8a8bd2d5012d04e7be94ea5e6,9852,sao bernardo do campo,SP
7838d18f32fd8c01bf0712b588663c16,4f565e623a2b39b6b3d36aa1678f9e92,16072,aracatuba,SP
62ba6f8841829d032db206fd02c03406,5a61458586c926813840fbc48a62112f,90640,porto alegre,RS
624089fe851f3deb7223ffca03a829c8,56bf02d284b41876f8ceedda0ea1e1e9,2730,sao paulo,SP
0fd9e022d3e82c6e05d0104ce129466c,8a90c3e2b92d45ef07713a65eaddb41e,4302,sao paulo,SP
eb14560bdf0397941f4146f43f653496,0d997d092f93b5c58d0f9b4bd0643d16,13206,jundiai,SP
ca010bab03307159bd329c6c806b98dd,c4b8822f61acaef4c35b95a6372a0dd5,64260,piripiri,PI
bd3d0f3d1788cdcc21aa86f223d60b7b,79f227df52caf2b68d36e990ff3fc652,27700,vassouras,RJ
5b4464a3fd4e23e7871335d735b458a7,f2034cdca385d1d64b608bfd73d407ba,92330,canoas,RS
5f4d146ec198ef05d2582c0744068489,a0668f386d869212ec24abf9fab0bc84,72735,brasilia,DF
173eb0a63edb9a9d7bb1e87322d3cb32,b5644fac32c2e169bea093b7ef916e65,85420,corbelia,PR
329970820ec5088911fd6d9c1926a73a,b02f8d4c8c69decddc438e6daf08982e,13890,aguas da prata,SP
46a2b8ea7034da1afc0b9999cd33d679,5fcce9584c278b76076b93720089b546,3361,sao paulo,SP
2be913efdd5e87b86e959381ef909b74,965dbf9eabd957a0a48e5b4b1b32c6b7,81910,curitiba,PR
31a8654d467ab5c0d7a4a273272c460f,86fae602a67c384fa4d64cd55fc51c52,13315,cabreuva,SP
d1dac904be59e9a142e30ad313465c2d,6c046e8d29ded86ad39d782170edf524,1228,sao paulo,SP
f3d5f4d7dfe0ba7806d68a521836f436,eabaccde0fe3120d2cbbcfc93e2b4177,13420,piracicaba,SP
5d2c31fb208857c95e5fe089f10e0479,5c4ebb8ce7676ef6aaf26df2a48fb102,76908,ji-parana,RO
6f1f14b51bbc02c293a1429fc4d79826,16534282c820ca754b8de47754bb6d1a,13480,limeira,SP
64db84b65ce929e0a68373aece3e6acd,0e89380610546ea4278427f16f0412e3,9041,santo andre,SP
baffd01d37d60eed6f4980ed9989b397,a7a6d8b62390ec8014d5a46ee36644c4,21331,rio de janeiro,RJ
5f302af18bb0da175bc7b0eff5307451,c0536ee7a009264e0f1bf1c8f4c54ad3,14020,ribeirao preto,SP
55a0c3e86baf62169bf4ec368c02193f,33aa7fb9d2429916573aee9c36263647,14095,ribeirao preto,SP
f6d75d8498810818be46ed80d304c77a,f7a8d2048d960614025bce070ffc91bd,88063,florianopolis,SC
eca75e9adc8c91318ff3031a136b5130,2ec904e60190e21e22178cf6b3c44a7e,9040,santo andre,SP
d6432abaa147482576f7efa196cb47db,e741604c468509cab635806118e2a80f,13340,indaiatuba,SP
8fc9381fb48de46be39e00f9cac972fd,2c137b2f03299b962587ea9bd06a6fef,75780,ipameri,GO
60a5aba7b553b44da85505197830d17f,92194b068ea27de300852fd169d8bf69,28300,itaperuna,RJ
59fa4d3923b20aed0ae89cc86febe83d,6a612d163c494321a5a32bca5f558296,1325,sao paulo,SP
a34cb9acedf3c08390532e4df4f38ac7,4db005ae588356c526a21122bb436852,99074,passo fundo,RS
b70d5f83bd11f46b13a82b2ee6392eb2,56e4f649cb3c7534c9a74660a8c804fa,37558,pouso alegre,MG
07d8a1e034609304f93d2fcb6b567c0a,c1182f24672758536f897605a3306ad0,59086,natal,RN
b35a12036c527e0cc8e2310bc04c14a4,c0e66c87594dc652671df374b55c5661,53110,olinda,PE
f2d64a61cd105a8b332ab077f5f04683,63b002017ea9b6a67a3fce4780dcf90f,65800,balsas,MA
f2ac1a7631ac7ddebc1adcd171f7e2ac,54f4544f28cadcb2b350e8c84b260868,12231,sao jose dos campos,SP
7ebbd71d486f47070362e2e9be10898b,16a860be408af5ee2e9f8a8dad56ef17,70800,brasilia,DF
ac96fff137547e21caa549300bfae114,e81ef5982b279bccee91dd084b3652ca,2874,sao paulo,SP
0c34c6b2040903846896ec9e587e61d6,1eba2c022ae2202d0999a7c547671f7f,49090,aracaju,SE
686427538716525c9b1b699caa2bd8f7,5b8a75e77489899ad9e6d57273aafd7f,86960,barbosa ferraz,PR
b4111141220267ae8e763af405bc6469,5d9cec5f168ee6cdd275168ed54797f7,63011,juazeiro do norte,CE
2f7a0d01d00f7711a9334e4266cf0cfb,8ed2447ace7f204bf94f070f0dfffbb0,24240,niteroi,RJ
12168c42925f55a232b6fb7e0bb32007,028610eb2f6daf6bb4c37e1bd2b42210,82820,curitiba,PR
4c905422f491aa302e218b77cc8b3e88,e3828c5fa1f5cf7d01c462c465606f0c,7084,guarulhos,SP
fa8aaa18814fdd364807cf2de3b57fa5,840739182853bbdd69938b37f6d87c1e,28770,santa maria madalena,RJ
9737559a7914a851aa3edce6312afdc1,445642b02794d88371dc24b5cd446f91,12120,tremembe,SP
b84d3d35ec76f19c7eeadc496e823390,6ee675c835d3c74e813ba0c547d28c38,12510,guaratingueta,SP
df56491c32230f0ef86a5c35dac4e0e8,c94878ba8984da578f5b2674727fd748,8510,ferraz de vasconcelos,SP
a8b2feb6b27345e7706e17607e869eb5,51f145ebac223f064570d43d35dca418,22081,rio de janeiro,RJ
024a05bd7b940e8cf5827498ed1e039d,1fd2a9687047f9b9644852f25dc8aa65,13049,campinas,SP
7eb773e1a901936644a0514e3f20d8e0,240f8b8a71d0eed942b62661cb593ab8,9771,sao bernardo do campo,SP
e1848973a1112ee837932651fd29470f,e998fe2c90ef3b9651190d78d026eea9,75524,itumbiara,GO
418e8d9a30cdd26678265116e8f06ca6,4b52b581adde85cafdb0b04a130e5d6d,7083,guarulhos,SP
099dd240798668d46c5989ed873226c2,ff62140413ed2eb86784fb43d2003e48,6083,osasco,SP
71dd1c2bbcb2590101080d3921cfc540,2cadb76aacfa6da3ace580c24e895364,4618,sao paulo,SP
ae8103a85db8c3dfc90a0473e90db207,39d84f98d086e195f0879818e81a6767,89259,jaragua do sul,SC
75cf84d6780222c5fa6285b1a93532cc,afe9d6d9c6f3392215b71f8b2b0c11a7,30770,belo horizonte,MG
39ed53d31627390f1a8fa1470cef1b5f,98ec8f34699b3551d97011b3fa201265,5812,sao paulo,SP
f128ed11b295f1d94750deca9a92b354,7bac6eccf7d44be2e87d13a24e1499f4,94185,gravatai,RS
510183129e0db0787eb3d485c0367f0b,76a99432e54f558a374707afa8385c87,32260,contagem,MG
bc9b1d17c0cea5e7ff2d2b42a184ea85,e079539df7ff5d68daa7906cf04e9917,77300,dianopolis,TO
e787ddf38676914ffe9704e1766096ab,5e0e18fbc2af5e1582f7c30d03df2cfd,98870,girua,RS
8ccfd0edf3aec24594113e478aa88d7f,9038dd32ed258ebd68e9a6c609442ba8,70383,brasilia,DF
97a93a4bdba637fac900b164e11b7e98,41d2b8774ddeb697794fb7af7bc05880,7133,guarulhos,SP
0c322573ba503cd7e758af29de300dc3,f058a2cc5e2d85f398f29928af6436d9,28685,japuiba,RJ
0a9b989d01b6dcfb690b128b24ab3221,4a333e04d23005c217ed0c15b132c94f,28880,barra de sao joao,RJ
25b8803dbdbaa9c9aee9b10282b73ead,7ae8089a22511ba68911bbb259713c0e,13044,campinas,SP
161bbf41f242e91075dcd075c9034992,019f29cee4d4031f59fed390d3cd0bc7,9811,sao bernardo do campo,SP
0da511c15dd976bb8df4ece33cfc38dc,77a0c1a957bc24577d9ebee73c3a4b12,1420,sao paulo,SP
1cb19e72dbe69d9091b464032caebb40,20998bddec67bba3cc5765fc21ed6f89,28908,cabo frio,RJ
59409983803dc8c6d5420c64f8fbb75e,bef842662c9d89ad4d16c0f042fb6101,21360,rio de janeiro,RJ
4f35ebb1592ee75a4a0d34f4c9615090,506851dc3dcb46d6d3780857def2576f,42739,lauro de freitas,BA
680e38a70d371582570f41cc47dc2791,713110abe5de675d1513356694fe095a,13503,rio claro,SP
33b34046e628d2c93d9ca4d7385b79d3,3306bb0fba2158eab5efeccddc6dd5e1,13060,campinas,SP
4233f443bac7d7de2c4e6782763fa516,ed7a7ddd472228e549caaa460f9d53ce,44200,santo amaro,BA
6c8a03b35eb1de3c0012232b0ff0522d,700a5f7e65dfd8b3fb6be10dff7e1065,65306,santa ines,MA
6d5d8bf0bd779f372db4ed11ca72b514,c7857120b6ce21cfc0a1654d4397eb9e,93425,novo hamburgo,RS
93a991179d5b741e60819f8adc163df3,021dbb48a965542d846e18a6799d37c0,37750,machado,MG
39bb2424304a318278cf4516500c657c,cdc6cd6f0a8b8f844db9a61e779055b3,6270,osasco,SP
236c0490b8ca680df0093921b3d182f5,22259e5811897acb32be121c6c959644,76600,goias,GO
8f1ef83e4c4114368bfa4e4cd446ad51,970942ba437aa919201fe7c050e9bf71,5789,sao paulo,SP
cb97d1bf364dd9bbb2a3897fef633e52,9be8b648a3f4659c46c7edf85f538d61,88050,florianopolis,SC
c2c67639ee959564126f62c5f03328ce,eb47ff8b5057b9083f363e947831e696,86010,londrina,PR
22b9321f022b2c6574492c71012dcc2f,81dafc2d9616f0d5673120d0318b5de5,26280,nova iguacu,RJ
2a22ba1cb2f182b16cfd4b7620ea6114,33e2ec99a0b818a86def54a73031892a,1327,sao paulo,SP
0cb1ec7f7b0d209fdfbb7c3592b32634,dc60c9d2751e2ec174e8d7cb3ac63147,81810,curitiba,PR
d43a38a1b87c85d51d3c00ab2dd19390,e906b389ad2bfb4058e80f63e73b3458,73252,brasilia,DF
e377314dfa6e23684f1fae454fe8d8d0,eb0c8f36a5a4d82d68050a1b95ff2faa,9361,maua,SP
9a745c47c228743d4a7bbb9c94e943e9,725342ad8f24e89e3d5c7d28e329a892,88503,lages,SC
7a22cc2284c8c071bb159fb99289c831,fb8bc250f9f12a9121282d4b0d59485b,76811,porto velho,RO
7372fb39ddd5b2bcfb9466a66fa69dd3,6aa828fc903b810472cff927dd42b500,37504,itajuba,MG
72b4434c1b3bfa28203ef23a7b4aae78,70a4250cbbffa9b3e3542eb6c84430d2,11665,caraguatatuba,SP
3f3aa91e753c454557cb29ee5a852eab,4c2759131ea45bbf124a6fd133ed3114,3138,sao paulo,SP
3416e45f6c9842bfc863fe211e22a261,36f8e4ca148a3c0916e6233c825b13c0,4662,sao paulo,SP
1ba3670c68bda95d41ac806d86976ab0,20262965ae07d2db3b197caaa56a623e,21815,rio de janeiro,RJ
15f640f1f2a963a27f1dffbdb1360e9c,7d8d80420cca4d15cbd9b927f6b11c92,80040,curitiba,PR
7675705e45e86c1b4e8778de97056428,b87b0071e55738a3e261aae59cf211be,16260,coroados,SP
8d6b89c0cd78938a832e751972e394f2,eaf894ef068f49c62fc6fa7d625fd767,22050,rio de janeiro,RJ
6573d9e5a363a91f158ecbc52ad1e72c,37cef7fb8127b7b3f4810de5942df2cd,4001,sao paulo,SP
8cfccb3fb973f58b56ba50e213092e4c,eefe1ea56c1116469d9f0a77b903a188,13311,itu,SP
af34fed7ecd8d47bc98023d6f9330188,6bff5803c1611ebd780deaca03241950,19911,ourinhos,SP
349c4a594c6aa6384e7b42ebc6d10856,d5380b9d27712e28cc9006954ce55fa2,20511,rio de janeiro,RJ
d61f1bb2f426b1574f8f4542ed70f00b,24ff41997b5dd6b39d3dd6a38de4f9ba,31170,belo horizonte,MG
b87ab7515bb1025b80d8f9bc5c860f83,0598dd4eaa6611265e192ffa2e8133aa,75533,itumbiara,GO
3c84e38052e77f837c05363ad8a2b16b,a4931ede16fa41135066b3c7f054e287,85509,pato branco,PR
fef16d4748e573e3e48809c20be99bb3,04aedd3815fd63024eeb9d426a857d55,25260,duque de caxias,RJ
3956d1e55818b7dc872d5a1de09e4ddc,f80c7e4cf2fa8ff3532323f19bf603ba,1422,sao paulo,SP
165fd0e9f08674d04684807264f3d58f,9c0e3316782850f36b7d0209c5020ff8,30626,belo horizonte,MG
8a21af9ec38175daa9779d3d5d120334,0471a0535e61dc7ed1f3b023b82a88f0,37558,pouso alegre,MG
f8a3f90054427bb63eed0ec42ed00e70,02a81ef75e80450061b235f691600dc0,12514,guaratingueta,SP
679199777b88ed8041f6cfe369cf722e,3b9a0d6e823e479d97f3642fcc157c3e,1015,sao paulo,SP
d1943e0a3f0529cfc9c4e5e9465bd470,1a3be4ae5993ce2c5e7e6a9591e2be60,12223,sao jose dos campos,SP
852109343137246de7cddbded7f4ba64,ef50a01aedcfd085ba81c7ec9902a451,39270,pirapora,MG
aca9f3d4889f7141d94840387c9e3d5a,039a597bb045646b899477a8480bdd93,13453,santa barbara d oeste,SP
d8c4f44803e6a10deb628cc91e68b327,efb164704e9f4fc3867f6f59f5f6dbd6,81630,curitiba,PR
750ff04084edf735dbe15e7765795ce9,d2f2f9c150ecab358a53100f4b13f7cf,3471,sao paulo,SP
7cfa3cb5ae1ae9ae5ffcc1904141b47e,c3b1652b28fd90f007ac0319804f6c91,41635,salvador,BA
c38c4b830f5c4a3825eea988694fb0af,05c2f0afd235cae744d0cd6c31d8813f,93280,esteio,RS
c4e7077f422f07fc99fcf2e215004ad3,0869556a74c1037d07dce30201d21d91,30315,belo horizonte,MG
b0103288d3ba083d3c76003e1c164b86,8dc4412f2ddf5ffee6cf50e6278b37fd,5182,sao paulo,SP
c8e6468dc0ef9ffaf13b7d8ff21f694c,12c40c03555116b42dbbe7264a597d35,61814,pacatuba,CE
c441fa2338335316a37f3d372ae24a3c,ecca690a3a84e03ad5b875b366cd1a41,2993,sao paulo,SP
0cf035c6dba87ba8ca506f64719663dd,721406d1edfabad2de3f86155356d8e0,77305,conceicao do tocantins,TO
0c0202f6f6b9ce5a9aa8f9fa0a7580c4,6f028dec6f26ff16182703be1453bfd4,49030,aracaju,SE
ec5b2ba62e574342386871631fafd3fc,763c8b1c9c68a0229c42c9fc6f662b93,29102,vila velha,ES
cd24dfdff8d99033e3794d9b104c95d0,a4d4a76b47ccec27db5ea63da11debf5,41386,salvador,BA
eb0c867b626b00b70a9995eb0333ff47,231d7c4162f5f1fb24a3066d21f6bd67,4112,sao paulo,SP
9aacda4060fd4835ee6541958cb9a1f7,fcb8b95b64932fc27a1a9189fe6ef713,8225,sao paulo,SP
fe1b16c1d48fd1f7318eeb68ee25bf59,179fe68c83cfea484e8d91f2861a5d45,38413,uberlandia,MG
af2ad7b99991563a69a5f25d9a6c3e40,87b6a4306bbfd8437e64850e01823828,62030,sobral,CE
d14a98aaff22268ebdcbcd6acb7161be,2af0911d94538ca50b926691a15d98d3,36884,muriae,MG
97923f8039a8e507b87d33d7f77f2f55,3dbf5550a66b1e9172706dfa48e2b2ef,9785,sao bernardo do campo,SP
a26d969df103529ca7d2dc3b8f8a1e5a,c1d17de7f48b64a544769023500456f0,14403,franca,SP
651a93e609de83580b7e073e997f7631,6ffea6177ea740295d4e08a8fea2c144,3165,sao paulo,SP
d8f2b7c4dca5dbd34d5e86fbb6f905c8,cd9a044f87d915231595e7fd53afc858,81070,curitiba,PR
a66712c31e8c65998902f67af30ec475,c49760f3652f57abae1908ae0a452350,87023,maringa,PR
55cfd643760b0684490f43423cb21c4a,44e088218c7acc74f92b1adee3ee8afc,29216,guarapari,ES
a2591f825643f634e74804d71261369c,2ce0650b500ba0f95e44b3481d435520,22010,rio de janeiro,RJ
86a1b4e2bb98478774726fae917521e2,a8d9996df2746151fe72bc5beca5ae24,2461,sao paulo,SP
82750cc54b85f69aa3d33e87bcbfd55c,8bd394096fe3c0b6536a35812de0f403,15150,monte aprazivel,SP
21b90719d24eb01136a753197b79bb3b,9121f592f90cedc51e357b735f9bdbb0,9040,santo andre,SP
77ffb9a3ea5446ccfa121c32a4692029,500e7eb862f666f1b2d9072ae9678e69,2035,sao paulo,SP
f8632d63578cbb03bf05ac11ece8b238,69265054c8f3bbe54909219e9b2e6af7,64077,teresina,PI
