order_id,order_item_id,product_id,seller_id,shipping_limit_date,price,freight_value
00275bce676303c3bfd7292aefdfa223,1,6490b9f63b0b595e1c1402b46b0f50ad,99eaacc9e6046db1c82b163c5f84869f,2017-12-04 03:32:47,279.9,13.46
00471463a6106056c1a2a809f70de640,1,9df0e8a7eef2a38b74e6d5c0e224b11f,7c67e1448b00f6e969d365cea6b010ab,2017-10-03 22:46:14,179.99,85.97
008a40c2b8b21893e04945ce58854b55,1,016711f78a6a87696645db0a6a834826,a5cba26a62b8b4d0145b68b841e62e7f,2018-05-04 20:54:23,99.0,13.0
00b402e8a76d3da83714c52d3977cc2d,1,72d6074ef5c81ec3102b3f2a052c5f49,edb1ef5e36e0c8cd84eb3c9b003e486d,2018-01-05 18:11:33,139.65,26.26
00b47ee856118583dbec7d1f9b18d847,1,0e40b1ed4cfd3da1962ec91913e54ba8,8b321bb669392f5163d04c59e235e066,2018-03-30 20:10:20,13.65,15.23
00c47cfa491ef55779ec7557673087fc,1,e62d582ddb7630168d7227ca1f9edbd2,1c56ffe0e9dea2657fc6e95b53f40b13,2018-07-27 13:31:22,59.0,13.07
00f1bb0af030935db1745ee28367ea26,1,677d8ace413e0060fa8686cde56eaf10,4869f7a5dfa277a7dca6462dcf3b52b2,2018-08-08 23:31:34,268.9,19.98
00fc308dd7f0937682698becaa9dcc45,1,940d38f0ef286bd93612fcdc91dd38ed,53e4c6e0f4312d4d2107a8c9cddf45cd,2018-08-23 20:10:12,85.71,18.4
01156b662f3f47b249b5a8881d205f08,1,6a8631b72a2f8729b91514db87e771c0,128639473a139ac0f3e5f5ade55873a5,2017-09-19 20:50:11,27.9,15.1
01235dc626dcf13283207ba7f36a959a,1,176faef125e3675b4eeaa6083ada61e1,855668e0971d4dfd7bef1b6a4133b41b,2018-08-06 02:50:16,25.99,5.31
01235dc626dcf13283207ba7f36a959a,2,10dae91e0aba95747e90280edeffe883,855668e0971d4dfd7bef1b6a4133b41b,2018-08-06 02:50:16,25.99,9.57
0124e0c5bfae1979838a91e47df53f14,1,0bcc3eeca39e1064258aa1e932269894,1f50f920176fa81dab994f9023523100,2018-02-14 16:31:36,49.9,12.48
0149c597dcc0963d7315f904495b631c,1,b0ed7fe63babb3e705115f53fa74b20c,dbd66278cbfe1aa1000f90a217ca4695,2018-05-03 03:15:13,29.0,8.88
019536ad39a0dea8bb75c00359a0386b,1,f646af315b0f3a597f69213537ca2199,3df020b72d3d44b3af9d110fa3940b65,2017-09-08 16:10:14,49.9,35.67
01c0514b1f2a7375948323b959cc5682,1,1bef08f119466a85a83919d5b80facd3,d2374cbcbb3ca4ab1086534108cc3ab7,2017-08-02 20:50:19,15.9,16.79
01e7138289b75d9624b04dfe12379c1d,1,5d66715cc928aadd0074f61332698593,128639473a139ac0f3e5f5ade55873a5,2018-02-07 20:14:01,19.9,12.48
01e7138289b75d9624b04dfe12379c1d,2,5d66715cc928aadd0074f61332698593,128639473a139ac0f3e5f5ade55873a5,2018-02-07 20:14:01,19.9,12.48
020f04b3da1d597b9a00b825762299ba,1,77f217636750a5d2e21017effe0a634d,c092292535a57dacd95a8765f5518f87,2018-07-11 16:31:25,125.0,18.98
023af4b88d12c9f3f56bcb55da0450c5,1,fb55982be901439613a95940feefd9ee,3d871de0142ce09b7081e2b9d1733cb1,2017-12-14 17:50:26,79.0,32.49
023af4b88d12c9f3f56bcb55da0450c5,2,f1b067568bb39768f754b0d1ab1abcf6,3d871de0142ce09b7081e2b9d1733cb1,2017-12-14 17:50:26,99.0,3.25
02680f764ca402aabbb86572ed2731ef,1,af62192c9415dbf2b36c294762acd9ed,63b464dbf392c7b80d12d932fa7cafed,2017-06-08 17:30:17,169.0,16.89
027ae252d37e5527c2e109e268b222e2,1,422879e10f46682990de24d770e7f83d,1f50f920176fa81dab994f9023523100,2018-05-24 22:18:42,53.9,14.47
02a98752595ee9d94c570ad3e18055b4,1,11dcc970f7a5581e1bf777b6da3f7096,06579cb253ecd5a3a12a9e6eb6bf8f47,2018-08-06 13:04:18,68.9,11.5
02b7e7c49710de373ce4bb83fd4bf81d,1,095cb863f2b04911455ad33f5177062e,2059c39f76271d4ca3f15b5ffaccc8b8,2017-05-16 07:35:07,53.9,13.4
02bee300cb834a5d334ae42fdc325e7a,1,0b6a32b32a7dc68b12e8a0e0805c44d5,fa1c13f2614d7b5c4749cbc52fecda94,2018-06-21 18:22:56,195.9,8.63
02dbd29bc7a490d582762fae9f0fd997,1,c863f578eb77e9238bfc0db8d0ffa3c8,b4ffb71f0cb1b1c3d63fad021ecf93e1,2017-12-04 12:11:19,48.3,21.15
02e8498a91ec0e72dfaff47b27c805a3,1,76f4d017416dbf316f05abe3a1aa04df,7142540dd4c91e2237acb7e911c4eba2,2017-11-21 07:30:31,84.9,17.84
03181fddac1b424c893821ec539b2abf,1,f60e19fc3b0ee38735e6a6fefe937bdf,6481e96574816ead57975da2c0f6d80d,2018-05-10 16:53:39,7.9,7.87
0355ae43910316435f24cb54605a820d,1,d12ad7f92749db41296a64e02c0bd5c8,8b321bb669392f5163d04c59e235e066,2018-04-10 03:15:23,12.95,7.39
03572de4ee0598b00c48f6de965fcf78,1,e303dfa61ada1f0823b4775f192606b3,058cb5aeb36d7c0fcae20fc85d5e0a59,2018-08-01 14:04:22,148.5,165.32
037e725440b59939735ae0aff888a015,1,1c33c71830d320620439a3236a1c4ae1,527801b552d0077ffd170872eb49683b,2017-11-23 20:31:15,108.9,21.25
03d3db2eb72705d4b4dd30987cf610f8,1,9545d45c37449ccbc376de3a04c66e71,431af27f296bc6519d890aa5a05fdb11,2018-04-16 00:15:47,135.9,21.88
03da04c1427d7b8bff38d76efca1029d,1,638882546765f357dc667b5987ceb69d,f67efa3f0b6761102a7f8c6b7b571f5d,2017-12-21 02:17:46,95.99,12.38
03da04c1427d7b8bff38d76efca1029d,2,638882546765f357dc667b5987ceb69d,f67efa3f0b6761102a7f8c6b7b571f5d,2017-12-21 02:17:46,95.99,12.38
042649285cd08ef7c546445419b43407,1,927225847efa8853ebf52c9b5b9b8cc6,855668e0971d4dfd7bef1b6a4133b41b,2018-03-28 15:35:36,59.99,18.35
04287a84357d7a29361c0948ee9bb4b4,1,7564c1759c04fc0a38f2aa84f7a370ee,6860153b69cc696d5dcfe1cdaaafcf62,2018-06-26 18:15:19,42.97,23.1
042c384c3edbe39a47895217eb5e90a4,1,b3cd491b3a347c8becc23fa5515440f9,b6d44737c043328708f6749c2dbe50bd,2017-05-09 14:02:33,145.0,28.2
042cfa84b1415cdcea821bcbc1bb8f4c,1,03552ec45033c8658713c541f6af9f05,2e1c9f22be269ef4643f826c9e650a52,2017-12-21 11:14:12,54.49,7.78
043f43899c67438005004d160d18f55c,1,8032bb148ff355a9d402573fbd6c4b89,1f1bb1f0859883505541bdd6606193e5,2018-06-19 20:21:11,225.0,8.84
044bcd01474ba715e7cb11d5a70ccf0e,1,aca2eb7d00ea1a7b8ebd4e68314663af,955fee9216a65b617aa5c0531780ce60,2018-03-29 16:15:24,69.9,20.06
0452166f3b0d8e378179ecea1efdfe05,1,40df4be4429553e18755913ac3cfeac5,ff1e15b778c700abdd4d239b81ac466d,2018-08-14 11:35:23,59.9,11.91
04689f2d82bbf4efb4cd3300961d4211,1,619d72a5e53d41d7646274a3fa20c2c4,3bb548e3cb7f70f28e3f11ee9dce0e59,2017-06-15 20:05:10,79.9,15.31
048f3e9b77a965f84a501a7f29076128,1,022ff42cced44a2b2cca57061cabb526,c3867b4666c7d76867627c2f7fb22e21,2017-08-03 01:20:06,439.9,14.58
04a59fe46fc5aa341da5378c195ed53c,1,2a15783d3cb601f8d9a6a86806b037b3,855668e0971d4dfd7bef1b6a4133b41b,2017-12-04 09:31:11,60.0,15.18
04c3465b312fdf85de8e4cf4dc186600,1,47376be1404bbe927766e8a9011714cb,fcb5ace8bcc92f75707dc0f01a27d269,2017-12-14 16:54:51,28.7,7.78
04ca915235b56ef2ce81703cdaa6a24b,1,3354a4e684f5e7199f9407db70ccd92b,7a67c85e85bb2ce8582c35f2203ad736,2018-07-09 21:31:41,89.99,23.43
04ee5eeac980a849efb5ac99abf87259,1,99a4788cb24856965c36a24e339b6058,4a3ca9315b744ce9f8e9374361493884,2017-08-29 16:10:38,89.9,13.65
04ee5eeac980a849efb5ac99abf87259,2,99a4788cb24856965c36a24e339b6058,4a3ca9315b744ce9f8e9374361493884,2017-08-29 16:10:38,89.9,13.65
04f6cdae6a85ade2864cd5fc811fb9ba,1,bae8ac5e125a98fe445bc17714104709,655220df33262c7e0c4949a147366f94,2018-05-18 11:58:42,139.0,41.02
04f6cdae6a85ade2864cd5fc811fb9ba,2,bae8ac5e125a98fe445bc17714104709,655220df33262c7e0c4949a147366f94,2018-05-18 11:58:42,139.0,41.02
04f6cdae6a85ade2864cd5fc811fb9ba,3,bae8ac5e125a98fe445bc17714104709,655220df33262c7e0c4949a147366f94,2018-05-18 11:58:42,139.0,41.02
04f92792b1960e9302825742e0751a5c,1,8ed094bfe076c568f6bb10feada3f75d,7c67e1448b00f6e969d365cea6b010ab,2018-05-29 09:14:41,179.9,66.98
0510f632b86f01064ebbde67deb63bb5,1,10070e29929f7c7d609ee3201f236b8e,8a130737016f838139d31878787a39c9,2018-06-29 00:31:25,95.2,18.47
052121d17f8eab43c577497c9b1451e2,1,3a21e6f5a154a5b03b6edb8fc6b24c5d,bf3c6d2a28b2b5501e6c15448982dcc9,2017-09-19 22:05:50,49.9,14.1
0546ac640227025eb2df422b1f613f66,1,11fd9d7ba552e1d28872e008acf1e050,cb8bcce248bb1fb274ba762d8b971456,2017-06-22 15:42:59,139.9,13.11
0553f54e437f2d7fddccf81ae9a646c6,1,d5c263f4d651ba657c900ce70a4be7de,dd55f1bb788714a40e7954c3be6df745,2018-05-14 03:52:03,47.9,15.23
056a1317ffaefaa2dff2d9ecb54fc7bc,1,ff5f8606556b625613f069a5a9a48966,8cbac7e12637ed9cffa18c7875207478,2018-02-28 15:35:56,47.5,20.84
0589d8b975f21fea2ad626ea99527911,1,ba01cebc5a3c2494d0a97d4713ec8938,a416b6a846a11724393025641d4edd5e,2018-03-06 16:31:15,201.34,25.96
0611e51b65ca1c2274c5a2463141dcb6,1,7bc637a5504e0cfdf08490124d681fd3,1987cd4be10fe09ee50454f9c354d1c6,2017-10-18 16:06:47,430.0,36.81
061eb3fa9ee22a8dc3c90060e5a637c9,1,a95b8621d9c2434bd66a426fa6dc959b,dfa0c4c6229ab200a4a1336b4d7128ff,2018-06-05 12:29:37,49.9,15.23
062bddc5be851fec2b59598cc33498cd,1,b1035b3d307f0aeb6157fdd3e09f8119,0873d9f8f36123f8d910f4760e788cfb,2018-05-11 20:35:27,1520.88,28.53
063de687a6d9389fb6f6934d19d447f8,1,f8b49b0f49ab5467c1d3685cba5d9190,08ad4ac1388e4420ca531c3edfc46198,2018-07-04 21:50:16,43.44,8.46
06a6627d9cc91a04e9d146bf65fee0a2,1,996ae0a67e63b78b427a1f8d07543e86,dc4a0fc896dc34b0d5bfec8438291c80,2017-07-20 10:35:14,99.9,13.72
06aa0aa8c22027ebb953d501c4238512,1,cd2c0529e45020c77a7c05b4ef2408fd,0885aaf116795758dfeb5f1032487bcd,2018-05-02 20:31:06,69.9,8.88
06b2c7035561ef12b16045ef4bf459e2,1,f7a17d2c51d9df89a4f1711c4ac17f33,f8db351d8c4c4c22c6835c19a46f01b0,2017-07-11 17:28:03,52.9,15.12
06c07d5b2696b9631375e2877c955b3b,1,08574b074924071f4e201e151b152b4e,001cca7ae9ae17fb1caed9dfb1094831,2017-11-13 18:15:29,99.0,33.08
06c6a92df74580db95364b36aeb8f5b9,1,0354c6a8cb8961e29b70e564b93861fe,a3a38f4affed601eb87a97788c949667,2017-05-24 07:50:15,34.99,12.6
0707e2f91c707859b79e711d852150c8,1,888bc229e8f4a4bb412bdea51c650a49,0db783cfcd3b73998abc6e10e59a102f,2017-04-03 03:55:23,36.9,16.05
07083f97580544bb7ba3372759150f49,1,d2f1cd931c7b76fefa93547cc1b4881b,f7720c4fa8e3aba4546301ab80ea1f1b,2018-04-02 16:29:14,18.75,17.06
0724cc371750e7fdfe769d2a8bdd5b92,1,05a9dadb8402b6b7ae3dd28f7da187b5,522620dcb18a6b31cd7bdf73665113a9,2018-01-30 15:36:57,159.0,25.95
07294ed0ece67bb004a4813c77dfc3e3,1,7564c1759c04fc0a38f2aa84f7a370ee,6860153b69cc696d5dcfe1cdaaafcf62,2018-07-19 20:30:16,45.97,19.51
0733aab1e972ab531705cf45a1e77281,1,af6ab2d196af959df0ce35fc5ea50278,aac29b1b99776be73c3049939652091d,2018-05-04 14:10:22,61.9,14.51
0739104e30e20de6c0956c0889a9b9dc,1,2f07e976774b91520e17dd3b2dba73c3,11742f81550ac064cc9a40f67151d9ad,2018-08-23 19:10:44,369.9,24.41
07440dff5293ea24c5fac25a473c2eef,1,dbdbf17a51049bf883b4d622a357b75b,d97df38225e5abadaff1e72cb72b823c,2018-04-04 23:07:36,75.0,51.03
076f1fe978468db6b826f40f714da65f,1,3dd2a17168ec895c781a9191c1e95ad7,de722cd6dad950a92b7d4f82673f8833,2018-06-13 11:50:17,149.9,18.98
078012a290408a687e5802ac7ad6c0aa,1,6c712952b8ef62f8d06a0314917400c8,04aba03279157f6d4e0fe8ccaf21963c,2017-05-23 16:15:16,126.0,15.63
078c9d6d720f254fc10c5a162169197f,1,c33d78b97260227119fb2b71be168fca,a3e9a2c700480d9bb01fba070ba80a0e,2018-06-07 20:55:41,89.9,13.99
078f6e79012194cd9eb77b10f6753d77,1,e3dd5a5b73bfbb610ada4ed74a6612b6,70c27847eca8195c983ed7e798c56743,2018-08-10 15:15:15,69.99,15.59
078f6e79012194cd9eb77b10f6753d77,2,e3dd5a5b73bfbb610ada4ed74a6612b6,70c27847eca8195c983ed7e798c56743,2018-08-10 15:15:15,69.99,15.59
07bebe0626c8053ad425381fe0882655,1,53759a2ecddad2bb87a079a1f1519f73,1f50f920176fa81dab994f9023523100,2017-10-02 04:07:12,59.9,17.67
07e5349fe32847b4bc266836cda0705c,1,7fb04722aba7a2b632bac8f9819796f3,f3b80352b986ab4d1057a4b724be19d0,2017-12-01 16:52:37,69.0,18.72
07e74b39ce62a7c6f7063b3168748191,1,b0acce29b45d9b1236d4787813058afd,d566c37fa119d5e66c4e9052e83ee4ea,2018-08-06 15:43:58,56.9,11.42
07e74b39ce62a7c6f7063b3168748191,2,b0acce29b45d9b1236d4787813058afd,d566c37fa119d5e66c4e9052e83ee4ea,2018-08-06 15:43:58,56.9,11.42
07f9acd4e59411df700a59f89d4da8ed,1,0c5b17c1b54fc1dc48752ddb8caab6fc,2ff97219cb8622eaf3cd89b7d9c09824,2018-08-06 22:05:15,66.0,19.65
0814daa4d12a646aeb73c429d5852f4d,1,540a93038cc8b4c42ef0821b2cf067d3,17ca9b9e9b9ef8fdb529001b49ebb50f,2018-08-01 16:45:36,49.97,23.34
08202fbf5047a2f85a0983ac291a69fb,1,bf128711128b70eaa9e07df69e9a75e2,75d34ebb1bd0bd7dde40dd507b8169c3,2017-04-17 08:50:09,119.99,21.29
083ade26303c53b4aa1c779b67d44485,1,044f125d78e0a631b0479182a37aab8c,d6ab728cf30867cf3f1a2e216ae2f9b7,2018-06-17 21:31:53,61.0,15.31
084ac56b13107e32ab92934f70638bc9,1,c9d067f785507045799795719e6e6131,52f976b17ea7f2f087f56dcc419328f6,2017-11-30 13:54:29,1141.0,130.98
086f617d66181efa193629791e0a9076,1,a01801e4d348c3375e43643085a6b576,6e4a902d1054e4e17aa6eab87fac1c75,2018-08-15 13:04:45,92.9,18.75
087c44ddc65697d4a3a2af9234c5a22b,1,4ce9ab528124f89e091b17d11aa2e97c,7e3f87d16fb353f408d467e74fbd8014,2018-04-12 20:30:04,49.3,16.95
088858a852d62de0c175c9cc4bc0ddb6,1,bfc275f6de912665e4dcd8da32f43c10,71271995e85f5b8530be99ed54a91b89,2018-05-17 13:52:16,97.0,14.76
08cd76ff1d27c6e6c522bbaead822fd7,1,5d6bea33648f018dbb563f3a2fab09f3,1025f0e2d44d7041d6cf58b6550e0bfa,2018-08-01 13:24:14,150.0,16.35
08d3b6ee17b7cb32e530f4488c3f6abf,1,5999995b8f64d769dbc6f592b86d6f8a,c013e57c075a06e5b5c48ee03c525719,2018-07-31 14:45:08,36.99,14.57
08f5487befe25744feabb3203a4dc09b,1,a8115d34a4b7b74388da609692162c37,85d9eb9ddc5d00ca9336a2219c97bb13,2018-03-15 02:49:00,31.9,16.79
09138fb3bbda7e400f9aac03c238385c,1,186fe07c8b8005ec6a498587ffbc1352,6560211a19b47992c3666cc44a7e94c0,2018-03-22 18:30:29,29.0,19.04
09324a6d203673f8d0b62bd726f25a87,1,c3e275e10cfd7f3b56f7f657699cfafe,da8622b14eb17ae2831f4ac5b9dab84a,2017-12-25 23:51:35,134.9,18.19
09356cee7d8fee33dcb3ee80c1ccb14f,1,0aabfb375647d9738ad0f7b4ea3653b1,37515688008a7a40ac93e3b2e4ab203f,2017-10-18 17:35:44,19.9,15.1
094dbecbb0ab054a620f21c04e82df03,1,4ebab6a2135a2477b657bda38646b64b,7aa4334be125fcdd2ba64b3180029f14,2017-10-05 13:49:22,25.6,16.11
094f7614f77e85fb05c77ecb164afdc3,1,67d2c4ee8fd08752a32aae5f878740aa,ef506c96320abeedfb894c34db06f478,2018-03-07 11:50:34,22.99,11.85
0965b209e76b9ac20f7dc673c735ade3,1,5a848e4ab52fd5445cdc07aab1c40e48,c826c40d7b19f62a09e2d7c5e7295ee2,2018-02-15 02:55:51,122.99,14.61
096b267153128e0d7f9e593bba803956,1,6263969289f84cd8bde876597407657d,b2ba3715d723d245138f291a6fe42594,2017-06-29 02:30:26,69.9,15.28
098e4bd227693adc9a292cf3a42ea7a4,1,4cc07f390b20092747e033df35805a15,fd386aa7bed2af3c7035c65506c9b4a3,2018-04-24 11:10:55,32.0,15.23
099b01b8cc6b861aa593247b2f7e0b7b,1,d986e4bd747ca20b348abcd013cd1303,440dd6ab244315c632130ecfb63827b1,2017-06-07 11:10:21,154.9,14.1
09a0d7c2cc6f652acd3537e7a91c7000,1,34d6306314a47fe15c1efdbc23302020,229c3efbfb0ea2058de4ccdfbc3d784a,2017-05-19 14:15:23,69.0,12.61
09fd9b0402ed675bbd1ee1e81171ac7c,1,774ea72f37a7fbf1fb32b973a18f2348,f80edd2c5aaa505cc4b0a3b219abf4b8,2018-08-20 22:09:31,144.9,65.46
0a03f10c3075f5566e5cdbef7c487e14,1,0d12d1b700e15453260b6cbc961c04e8,6a8b085f816a1f75f92dbac6eb545f8f,2018-01-25 14:31:05,16.9,11.85
0a15572811e0bc23e2963de1cdf344f0,1,2b0c892ab2b8e600a0b186db31f5947d,54a1852d1b8f10312c55e906355666ee,2018-04-25 11:30:55,79.99,23.14
0a457a7e838f772d804eebe8d6261ed0,1,d04857e7b4b708ee8b8b9921163edba3,9f505651f4a6abe901a56cdc21508025,2018-08-13 03:45:15,74.99,8.69
0a56861d762ee1f82f5cdc2de2b1f71a,1,d92cb9e1e8b1ea99285f24efdfdba088,1da3aeb70d7989d1e6d9b0e887f97c23,2018-07-02 02:15:47,24.99,8.34
0a6e242b5cf18e140304453da637866b,1,1d7db62a21ffb4f220d3e8a05fa77e02,643214e62b870443ccbe55ab29a4dccf,2017-12-18 03:38:24,32.0,25.63
0a7f4604ee9cab65020038275efe1d76,1,67ff96903c597ba4b1d7f668734bc3a4,66d5ae34537110d3affc56174dad2b2f,2018-07-16 04:35:13,11.27,12.79
0a7f4604ee9cab65020038275efe1d76,2,67ff96903c597ba4b1d7f668734bc3a4,66d5ae34537110d3affc56174dad2b2f,2018-07-16 04:35:13,11.27,12.79
0a7f4604ee9cab65020038275efe1d76,3,67ff96903c597ba4b1d7f668734bc3a4,66d5ae34537110d3affc56174dad2b2f,2018-07-16 04:35:13,11.27,12.79
0a9d793da20eb89ec326c840c46d7a9b,1,4473f3e5c65952b074ef987fa5c24662,ea8482cd71df3c1969d7b9473ff13abc,2018-01-29 01:14:43,29.99,7.78
0ac372f92fbec55ca27ef4fa99a6a13a,1,b60856ce32d90658dbf99b9485327c25,8b321bb669392f5163d04c59e235e066,2018-01-17 14:12:26,9.0,14.1
0ad0006728103ff08cda112f7940bcd1,1,e0bbe6292471ff5ab3752414baf78111,fa1c13f2614d7b5c4749cbc52fecda94,2017-12-20 21:32:03,319.9,15.99
0ad01dd05d74bc7891d57312627ec33b,1,23bcd6822a33df5534f9b290216eec1f,ac3508719a1d8f5b7614b798f70af136,2017-11-21 10:47:57,129.8,28.29
0b2a43ec15f983f589ecd097455b283d,1,88f723b1cc87199862c31b071276b0f5,4b5f66b7adcf57f1ecc0d3c07dd6b177,2017-04-10 05:50:45,224.99,15.74
0b40648d6c533ac73822cb32caf5cfa3,1,0a17941f41b99d2f070fab54b458a4a4,9d5a9018aee56acb367ba9c3f05d1d6a,2017-08-21 11:34:15,114.9,21.6
0b6626697a43f34edff9135fdd0a564c,1,75c06ee06b201f9b6301d2b5e72993f8,3c7c4a49ec3c6550809089c6a2ca9370,2018-02-12 04:32:15,13.99,15.1
0b87d9e59c7c19b041fe36e77aa33a42,1,437c05a395e9e47f9762e677a7068ce7,f84fa566034f5e8e880a07ec624c56af,2018-05-23 11:35:24,53.79,10.83
0b95f3147f8a038de06187063d90008e,1,c708ba7c6269161f89ce0683cdd7c432,6560211a19b47992c3666cc44a7e94c0,2017-10-26 21:49:23,49.0,7.78
0bb273d0289520ad7addfc985468f5bb,1,5b71073dc2a8c72a945d7c5000c3c199,9d4db00d65d7760644ac0c14edb5fd86,2018-03-16 17:10:42,33.9,7.87
0bc16cf0c58995bbc893af2e151534d0,1,8e48c45980a3fee42f12f7986a4b68d5,e5e33c0d8e7e002f398f5dc4cbbb338f,2018-06-11 19:52:19,415.7,20.79
0bcb914e60bb0de6160699483722bc0d,1,2c0c951471371afa81e47d7bf8d20522,850913d59ce317156b00f3705f1c3edb,2018-05-11 09:56:10,42.0,12.76
0bdba50744ca6b6e2c44940e00050e5f,1,2109e8aeedbade2096a471740fb9e798,1025f0e2d44d7041d6cf58b6550e0bfa,2018-05-21 17:57:45,108.0,40.15
0be5691eb4c245d190a1e194494f754d,1,f4b952dd7ab601c02bb1bd06395f45f6,86ccac0b835037332a596a33b6949ee1,2017-09-12 15:50:35,79.9,17.81
0bfd90889de46373db5089b3bb941135,1,0faa4ca558654b554d4d09abd8fe33d2,8d956fec2e4337affcb520f56fd8cbfd,2018-06-13 20:31:52,22.49,7.39
0c11df2b80d95b1eabdcdf3790bb3347,1,3fedaec688964ccf38949f271a51c888,eba88037e1dca898cd02881f67ced679,2018-03-15 17:45:25,180.5,23.84
0c3190b4838c596fd1d6cd74e0436120,1,10d2b7a176cd8a35bcae7c15e0e7626e,8d956fec2e4337affcb520f56fd8cbfd,2018-03-07 08:15:27,68.99,8.72
0c31953b008c5e98882d436f4298cde0,1,cac9e5692471a0700418aa3400b9b2b1,7ea5bfa6c340f58f8e71fc1f0412b0d6,2018-05-07 02:15:40,99.49,8.81
0c50644a967084c645a3bfdf0cc47545,1,1349eb7b72fc4394d408917c76464af8,6c1b6d0c604b776f844125f911eb7377,2017-02-24 14:29:37,16.77,10.96
0c5c8063a673f3c44b6499053e534ccb,1,5a848e4ab52fd5445cdc07aab1c40e48,c826c40d7b19f62a09e2d7c5e7295ee2,2018-01-12 20:12:30,122.99,15.61
0c5f595f24dcb36af04ddd9c0655d4ab,1,235458528f907463ec55ebb1e16b69f0,dbc22125167c298ef99da25668e1011f,2017-09-06 08:10:09,45.9,16.11
0c7f78afde3e635c59eef76c3f1a5ea5,1,2535db191954746776aa1f51dc1a9651,ca7c6bd577e559472af1c699de9e764e,2018-03-29 19:27:37,18.5,8.29
0c7f78afde3e635c59eef76c3f1a5ea5,2,2535db191954746776aa1f51dc1a9651,ca7c6bd577e559472af1c699de9e764e,2018-03-29 19:27:37,18.5,8.29
0c91c4102d1858f4ced29970f55e54a0,1,07c055536ebf10dfbb6c6db6dbfc36e5,cca3071e3e9bb7d12640c9fbe2301306,2017-03-15 11:01:46,45.9,10.96
0c9f4cd9a2f5e3783d9ec0f4daa33741,1,06a47d0ecd4561565deab3dfd7d3c0ff,80e6699fe29150b372a0c8a1ebf7dcc8,2017-09-05 13:45:18,58.9,25.44
0c9f8646d592c21c2015b929996427af,1,d3f4f3de0f4576184674937d1e9cecca,3d871de0142ce09b7081e2b9d1733cb1,2018-03-27 02:50:35,34.9,22.06
0ca1bac7f133e0eced641bff853f52ea,1,c6336fa91fbd87c359e44f5dca5a90ed,4c2b230173bb36f9b240f2b8ac11786e,2017-11-08 03:15:34,45.9,15.1
0cc7bb57999d251da473822051388086,1,d2347fba1e60ea51f533960fc555baff,b499c00f28f4b7069ff6550af8c1348a,2018-08-10 17:30:12,44.99,7.58
0cdea1c34ce2e9ca670b2e6df1d6c207,1,43423cdffde7fda63d0414ed38c11a73,b1fc4f64df5a0e8b6913ab38803c57a9,2018-03-20 14:31:57,54.99,15.26
0ce94e50ed7d28e7856f3d127990d17c,1,3a53c1796dd7e4050fdfd2f5d4c90f70,3c010235b7345c92f125d14ee232a76b,2018-08-03 09:25:08,315.0,36.5
0cf3d6e83dcc1117999a235fd6dae842,1,e5f20b4eb944eaae0a13bed3187201d3,8daab2245ebdc277c51098d01c5ad8ef,2018-06-06 03:31:04,93.0,19.62
0d3e289cfc790ac7f02c3445a077d569,1,3f994ee4a0b20760d1b173aa65037c95,ceaec5548eefc6e23e6607c5435102e7,2018-02-22 09:30:41,215.0,21.0
0d56e8508b66a43c6f5141863185c917,1,aba86c093ccdbac75b09111d57e50004,7c67e1448b00f6e969d365cea6b010ab,2018-03-16 02:16:42,116.6,18.53
0d5fb8614978748bcfbef448c8a74a17,1,5194b6f4fa50ae9404bfd3e48ebe3911,17e34d8224d27a541263c4c64b11a56b,2018-08-10 10:15:30,181.5,20.46
0d6b94a6fbdff968503c0aa3e7bffdbf,1,6490b9f63b0b595e1c1402b46b0f50ad,99eaacc9e6046db1c82b163c5f84869f,2017-08-11 20:03:15,280.0,16.71
0d6fee6350875c4d645f6490e7f3ee5b,1,a35a9f46dcee0a67c8c7ad8493eb4135,85d9eb9ddc5d00ca9336a2219c97bb13,2018-03-06 13:10:49,31.9,12.48
0d902dd22c7c40a55b0edbd70ab87fc3,1,cf1709a941039d6e24f0dde0978570de,ba90964cff9b9e0e6f32b23b82465f7b,2018-05-10 10:51:59,159.0,21.16
0da06a931a4d76045f42c40211501383,1,389d119b48cf3043d311335e499d9c6b,1f50f920176fa81dab994f9023523100,2017-11-23 03:55:41,59.9,13.44
0df120be8a76db470b19ce0fbcf170da,1,cf1817039c1c86d9f7a5991817794083,9674754b5a0cb32b638cec001178f799,2017-12-04 12:27:18,63.14,16.2
0e2d7ec6702478f04fd7b14b55b906b0,1,bfc0d01be79d9038c7720f983bf954e0,634964b17796e64304cadf1ad3050fb7,2018-03-28 02:49:49,137.0,18.84
0e31f844aae10fe7dc2369bc0340bf21,1,15fdd6032f35d4add5066fb90be28630,6560211a19b47992c3666cc44a7e94c0,2017-10-23 17:46:49,89.0,15.37
0e6844f9954c0a475641b6490c3f9739,1,8b51c6ccc9c0548c951214e1cd1547ff,609e1a9a6c2539919b8205cf7c4e6ff0,2018-06-13 16:55:41,59.9,19.39
0e6844f9954c0a475641b6490c3f9739,2,af680b3406a3179e4a4c2051c5384cfd,609e1a9a6c2539919b8205cf7c4e6ff0,2018-06-13 16:55:41,59.9,19.39
0e6844f9954c0a475641b6490c3f9739,3,5bd7e57735a44e529bf066fee83a9c60,609e1a9a6c2539919b8205cf7c4e6ff0,2018-06-13 16:55:41,59.9,19.39
0e6844f9954c0a475641b6490c3f9739,4,f35013cb05a9538a4428fa6161b2c96b,609e1a9a6c2539919b8205cf7c4e6ff0,2018-06-13 16:55:41,59.9,19.39
0e80321be8a729339d21fdcfb58967bd,1,543fd1c1fba9cfa6e424473dd4d830f0,2e1c9f22be269ef4643f826c9e650a52,2018-03-22 09:10:35,104.49,8.5
0e94db37ea63222e95092a0f870f8e9a,1,389d119b48cf3043d311335e499d9c6b,1f50f920176fa81dab994f9023523100,2018-02-01 20:11:06,49.9,13.37
0ea322b0cc5c5a359a4b83e2cae08390,1,7da9810448a8f92f73339d58b1dd73a9,2138ccb85b11a4ec1e37afbd1c8eda1f,2017-04-27 09:22:07,18.99,10.96
0eac9f8e158a0eadfce8c9da8547a8ce,1,e2600770da5cfd446d3e971c1d41b44c,080102cd0a76b09e0dcf55fcacc60e05,2018-05-10 17:10:17,69.9,18.37
0eb43791d78d71f1098d5cb2b46e4c7b,1,f4f67ccaece962d013a4e1d7dc3a61f7,8581055ce74af1daba164fdbd55a40de,2017-03-30 15:10:16,241.1,22.0
0eb7aec5fc39bddda0c24ee5cf824415,1,3047d2ab7a976a0149292daad0acba79,6fd52c528dcb38be2eea044946b811f8,2018-04-10 02:10:59,168.98,25.31
0f187bdbef138399bae3eeee9ec1d48e,1,fc8e852906ed3985a6e1ea67eb1dfdf9,5a8e7d5003a1f221f9e1d6e411de7c23,2018-05-10 17:31:08,59.9,8.29
0f1c3e42f560452d091c6906f9accb48,1,3b60d513e90300a4e9833e5cda1f1d61,c826c40d7b19f62a09e2d7c5e7295ee2,2018-04-04 19:08:11,159.77,21.17
0f286dcb49da58061b9ae488027e4033,1,b761e337aed465b70aa4bf86f1b12f2d,0be8ff43f22e456b4e0371b2245e4d01,2018-01-29 13:18:22,49.9,7.78
0f2f7e210f5079ed1f797cb4aed6dfbc,1,d011223de539cd224b5c5c8082313d46,1025f0e2d44d7041d6cf58b6550e0bfa,2018-05-08 16:19:50,196.8,15.72
0f33fb71f898568a0193fcbc892cf511,1,fb7a100ec8c7b34f60cec22b1a9a10e0,d98eec89afa3380e14463da2aabaea72,2017-09-07 21:55:18,49.99,14.1
0f6ce0bef7443fbfd5076ab3abfceaa2,1,ea5774e69135147e6f0e1eb593d9b105,3d2531eccfbde1d7c8db7a3a12fb267a,2018-07-09 19:10:40,349.9,19.38
0f9d568730bf125dbbfed4fc655ff91a,1,ef69b63fe95d8d9ff6ac136f213db1bc,dd2bdf855a9172734fbc3744021ae9b9,2017-04-18 09:56:29,259.9,24.81
0fb3b7bbfc3693b115aa62a83fad2714,1,de36d205f68196c28c2575937b9e737e,ad8ada0ffa993cb1197d102d9ab21a3e,2018-03-20 21:31:16,299.9,28.18
0fb3b7bbfc3693b115aa62a83fad2714,2,de36d205f68196c28c2575937b9e737e,ad8ada0ffa993cb1197d102d9ab21a3e,2018-03-20 21:31:16,299.9,28.18
0fcb1b4cfdb2f127f9ae4d732352dfc7,1,7620a27f1d6747511f1c6f0ddb63c0ef,8bb48dc19fccaa8613b6229bf7f452a2,2018-03-21 03:30:53,29.89,13.71
0fe8b4edfb85dd0eb662345e71b30378,1,e03102efbc2229024c89be731f0aedcb,2c9e548be18521d1c43cde1c582c6de8,2018-01-03 14:48:47,39.9,16.11
102a6b13aa973c8c169ba1d62ffa4cce,1,b42f9966116a4518f832f1a13ec8456a,8b321bb669392f5163d04c59e235e066,2018-06-12 03:13:10,15.0,15.23
1067b1fed93022ff928077f4db144386,1,40e8b425d1a26e2d9cb77363523e05ce,d93919c944be9cff128f6c9cb899eacb,2018-02-09 15:55:50,79.9,18.45
111ba12ad74e09e86c3d2918f56ccd20,1,8f5b9d7258ddc83215b7efa05e73825f,83a75eea11694e36e56dd0cb2240229a,2018-03-19 16:27:20,159.0,13.55
114e12eca60507f3e3153182f258684d,1,e27c4dd075a521097a085bced0631ce7,701938c450705b8ae65fc923b70f35c7,2017-08-22 03:26:11,115.97,45.27
115abcb04c714f37dea22d04e52f35cd,1,7413f40201dadc558699e8de1cbfa922,50c9975695009e5e6473912e83a6d1da,2017-12-13 03:13:08,112.5,112.15
115abcb04c714f37dea22d04e52f35cd,2,88c20c5a22f2ca169af8cfc2df00a7a2,f08c008c8a8d31417763738a1788a2a8,2017-12-13 03:13:08,69.9,0.28
115abcb04c714f37dea22d04e52f35cd,3,7413f40201dadc558699e8de1cbfa922,50c9975695009e5e6473912e83a6d1da,2017-12-13 03:13:08,112.5,112.15
115cf7c242febcbed832ad6d631db40e,1,ae6b739ab6e9d7991fb2ddd70f9c0b6b,53e4c6e0f4312d4d2107a8c9cddf45cd,2017-05-18 02:45:08,46.2,9.74
1162cd6cea2c1d4d79492aef88f50618,1,d696750e550fd0f733979dd7e5dff921,9de4643a8dbde634fe55621059d92273,2018-02-15 07:15:18,169.99,16.95
1162cd6cea2c1d4d79492aef88f50618,2,d696750e550fd0f733979dd7e5dff921,9de4643a8dbde634fe55621059d92273,2018-02-15 07:15:18,169.99,16.95
1166ac5af4262300b61e079c496223c6,1,e0d64dcfaa3b6db5c54ca298ae101d05,4869f7a5dfa277a7dca6462dcf3b52b2,2018-08-17 20:55:23,145.0,19.12
117f055ca23c0229d5cef27ba164f90d,1,d6bbda35f0b8505c2f824f1d90295855,fa40cc5b934574b62717c68f3d678b6d,2017-12-14 15:31:38,54.99,7.78
1184c1bbcfb488132ee2bca2c07cd743,1,7564c1759c04fc0a38f2aa84f7a370ee,6860153b69cc696d5dcfe1cdaaafcf62,2018-08-20 11:45:09,45.97,13.9
1187f5498f05e7604440a54cc0c9aa92,1,c2bd6687fd8abe764233efb9c4a3c27d,850f4f8af5ea87287ac68de36e29107f,2017-06-06 21:05:09,49.99,15.11
1187f5498f05e7604440a54cc0c9aa92,2,c2bd6687fd8abe764233efb9c4a3c27d,850f4f8af5ea87287ac68de36e29107f,2017-06-06 21:05:09,49.99,15.11
11921adcbd013757ba6f287c03929bb4,1,24e8c79f39c68fbdbd57a5813ae72b94,4869f7a5dfa277a7dca6462dcf3b52b2,2018-05-04 01:55:18,63.9,18.33
11a6156f787eb963fb211db50db44d99,1,0433830caca22b01a0f477d31307b043,ba90964cff9b9e0e6f32b23b82465f7b,2018-05-17 20:57:13,1799.0,44.85
11b6318ec732b94b5593c66ef1f37863,1,65266b2da20d04dbe00c5c2d3bb7859e,2c9e548be18521d1c43cde1c582c6de8,2018-05-18 11:19:00,23.9,8.29
1217de8bb29e23b3b4ca52c564fb143a,1,b249cf5fcf68f70e13515489f0fcb627,df560393f3a51e74553ab94004ba5c87,2017-05-16 15:22:49,69.9,15.7
121c96617b2e0acee04016a0f37c1c7b,1,6e40985ec667ded54668d2b70a7aa0a2,95e03ca3d4146e4011985981aeb959b9,2017-07-11 13:30:14,39.9,15.1
1226bc7c4bdd186e5e12d4c3ced73cac,1,156fef830e2c8871e3f1bf4dadf8e312,d8c7ba53e7e38711eaef8c2849d6d2e1,2018-06-27 23:31:30,29.99,14.51
1227f9af3b2ddb0b95060aab8e5b3dc7,1,b59b5899ecf4bcc294a72fdd48adaa94,562fc2f2c2863ab7e79a9e4388a58a14,2018-05-16 15:11:25,29.99,17.06
12281975d2de5af133e549f49a1b9093,1,e44030e694bab50c9fdfb329cc114833,83645b1645cdee8953ee54c29ceed564,2017-10-23 04:25:12,99.0,16.45
122e2899f5b25c99d52cece91999b676,1,c03d44fcdfabbabd5185c8eb60f77aea,48436dade18ac8b2bce089ec2a041202,2017-08-22 03:24:57,48.9,17.92
12aab7cb25bc6ae86c66cb3e7dc35a76,1,c8c073a1cae6a98799d7581958ede514,ad97a199236354e53fcd91a5a913e9a2,2017-12-29 17:31:56,522.5,24.15
12aef789cfc998f5f44ddf27c24e354d,1,29427de7f8a9ee983d9dbc51cec569b4,7a67c85e85bb2ce8582c35f2203ad736,2017-08-03 11:32:39,99.99,38.25
12cfc50e5dd5eb78bd329c22b46da0b1,1,a14aea6067b93158e956612c50b74cfa,4e8dacf3d38f281ae26c3e0321d92d88,2017-06-09 14:31:23,499.99,20.78
12d8f84b2205c7654fdf6768718d243d,1,c33a764dad4f6747f7c56115bb8d5bb7,de9727ca376d1be6ec121b110aa7954c,2018-07-09 22:10:06,60.9,13.77
12f55fbb20dd8ff71113349776b5642a,1,abaa4c2633cbc40dda16b575531db57b,f4c4daa86e30c7e5a553a8d518ac03a5,2017-10-05 00:07:13,132.6,15.68
13188f2e3cfdae1480d1552e58d19d7d,1,38db388d2fc1b20662fcfd3f38b0be28,f125f3a310c2e5f822d116147de1e474,2018-07-27 02:44:22,151.3,12.08
131bcb82ecd96d251fa7eb8bb1f1baca,1,097d5a4bed2be012b4e46e6f5ae0694b,17eea220a40cc0d2c0c5346379682398,2017-09-20 10:45:13,358.99,16.26
132ab6f8e1c86c21b064ee8832129bb1,1,349ce46a0e2e20054aa9d80c48af8816,d6b1ce66b035a475f00c017792ff9769,2018-08-23 04:31:39,169.99,23.99
132e2cd17bdaa2f84fc9cea118197634,1,fc2351bcf24c714e5d21b44ad41198b7,855668e0971d4dfd7bef1b6a4133b41b,2018-01-04 23:26:59,52.0,16.61
1388a23b57206bf7673819fd3a30d4de,1,3fbc0ef745950c7932d5f2a446189725,06a2c3af7b3aee5d69171b0e14f0ee87,2018-06-20 11:15:24,66.99,22.97
1389d3b1fab26d87e40c382d11a8ac3c,1,06edb72f1e0c64b14c5b79353f7abea3,391fc6631aebcf3004804e51b40bcf1e,2018-08-20 23:05:22,38.79,18.37
13b32cf595a5b647550ed0e6f4f11415,1,7bdb28a55646012fb3348058d629d9bc,d23019c84ffae2d5ef2270367b8605fc,2018-05-24 11:51:20,59.9,38.25
13cde3630a835cffb389eee14cbc0e1a,1,753a7c03962394fbdf40fbe595048b89,0be8ff43f22e456b4e0371b2245e4d01,2018-03-12 06:30:31,49.9,19.95
1415b17c0425330751b1b6770dc5db23,1,4a266296cc64880551c3efad9739fb2e,f5a590cf36251cf1162ea35bef76fe84,2018-04-26 14:31:42,315.0,20.29
141d3bf5aa7128f40bf2a60cef620b93,1,93a12c289ca2b78e7069e469f5053ef2,88460e8ebdecbfecb5f9601833981930,2018-05-08 16:38:16,144.9,14.13
1436cba3294812a22fe0868db7581b68,1,0ff3339eba4028a9dc569a61229c465a,9f505651f4a6abe901a56cdc21508025,2017-12-20 02:11:58,18.99,17.63
1445aacacc53a181a1bcf5bfb9520377,1,b24af8bca8813bcde4140ff8562f5e47,ea8482cd71df3c1969d7b9473ff13abc,2017-12-18 03:35:36,43.99,7.78
1452442fe3e8cc6d3a1a8d8fc92dc019,1,eb2e510c7e0f62651d0156e769928970,1d4587203296c8f4ad134dc286fa6db0,2018-04-26 17:30:50,24.9,15.23
145b75a554e404852b520d70c50c9f9c,1,a453b4ccccf554efba31d5ada5a59a60,ea8482cd71df3c1969d7b9473ff13abc,2018-08-09 04:30:28,27.99,12.86
1486436c20fbfcb9dbce0d90820b86a1,1,500870614ddcf5bd84f7d26861026c8a,92eb0f42c21942b6552362b9b114707d,2018-08-21 00:04:38,11.87,12.79
1498b25563986950783a674b05e9a526,1,3f4a7c8646dfebf0d04ed19adab8e9cb,da8622b14eb17ae2831f4ac5b9dab84a,2018-02-01 03:16:52,149.9,18.3
14b3ab242ab978f908ac651dcae21b8f,1,50fd2b788dc166edd20512370dac54df,8b321bb669392f5163d04c59e235e066,2018-01-08 10:31:30,21.9,14.1
14bc0695cb3e3a338887d250c7cfafb9,1,657247f6f60543b93e3cc708a8e6329c,7ddcbb64b5bc1ef36ca8c151f6ec77df,2018-01-19 17:51:35,248.99,60.29
14e3b02a42f36ad7bdcdc8a0df427be3,1,ee0c1cf2fbeae95205b4aa506f1469f0,cc419e0650a3c5ba77189a1882b7556a,2018-03-16 17:40:44,53.99,18.26
151137bf7ab537c1a2da6bba1368d87d,1,03a20f79e4c056b48ce29b3e30beb0fb,6fc26fe110feebd80a433e1f012a84f9,2017-09-12 14:05:17,59.0,16.17
151137bf7ab537c1a2da6bba1368d87d,2,03a20f79e4c056b48ce29b3e30beb0fb,6fc26fe110feebd80a433e1f012a84f9,2017-09-12 14:05:17,59.0,16.17
1516bc58e1b5b8020aa6595d2e27e858,1,c3da6347b3df112e52de0d6f9443158b,7ecef8194babfec876ca720714327841,2018-01-24 22:18:28,489.0,17.17
1527028c6f0d2ca7a42e5337dc2762e5,1,672a21bf17c63f71edbe01ecb9b14814,dd7ddc04e1b6c2c614352b383efe2d36,2018-05-14 21:11:51,35.9,11.15
1539409c01ad8a5e32a2574668ad975e,1,80d702d8e2231e25bee9d145c2c86b6f,0c7533c71df861ec58ad7ff999ed0e8d,2018-02-01 00:15:50,39.9,7.78
153d12e2d5e7765786be73cb3900a442,1,c8cfa622661e047ea2499f8bce4731a5,4b9750c8ad28220fe6702d4ecb7c898f,2018-05-16 09:30:53,134.9,19.91
1550ad5373660bdeb5c52239b456396e,1,cf78006a2a6b0429b9663edd99bb38f9,710e3548e02bc1d2831dfc4f1b5b14d4,2017-07-07 19:25:16,299.99,24.97
156164b0c009c68c766b1ce1213cee18,1,641444946fe3a839d726c32804cd1aff,4a3ca9315b744ce9f8e9374361493884,2017-08-14 18:15:17,299.9,13.6
15821a9a831a9a665df5d5e1568da975,1,b7e524f8ef0d4d4fe3a7a57fcc5c9073,96493fab2fbb13a14d0c0e8772eef5c3,2017-09-14 15:55:19,96.0,9.49
15de6843350851629a5466a37d2b3486,1,34dabb8af33b3756cf72df05fb327011,0db783cfcd3b73998abc6e10e59a102f,2017-06-13 19:55:16,99.0,9.44
166a835dcb0ffdb5d917db2a93358502,1,1c5b28beb34835f960261f45ba22a136,0c7533c71df861ec58ad7ff999ed0e8d,2017-07-17 23:25:18,69.9,9.45
166a835dcb0ffdb5d917db2a93358502,2,4299cf45bc9aa8ef5bd9337035c286e5,0c7533c71df861ec58ad7ff999ed0e8d,2017-07-17 23:25:18,42.9,18.89
1674cd4deb921f97a794a8401ce9017b,1,2adbf3f442344a158c04cb59b8db107a,3a490ba60afa30ece0e7d50cfe74a4f0,2017-12-22 20:31:27,189.9,38.88
167b62d7c79628cf5f36776281be5731,1,f699b297070aa38aaf3de9639302506a,c3867b4666c7d76867627c2f7fb22e21,2018-06-18 20:06:39,125.0,47.93
167d05678f810589a854d30460ae62f0,1,8a2fde854a6f41aae89ce99303a847e8,d05ae8f7a5bd1d2a690a44cd079e4e27,2018-02-07 23:10:27,192.0,17.78
168777f697d19208fbd441b4029e441a,1,6f3b5b605d91b7439c5e3f5a8dffeea7,4869f7a5dfa277a7dca6462dcf3b52b2,2018-04-27 14:30:24,145.9,37.71
16bf4bebb63fe2842793fa1e3fbb83d9,1,3b82e71cc658bc6deadebef95075ac55,bbad7e518d7af88a0897397ffdca1979,2017-10-04 02:49:30,19.9,7.78
16d65d58409db5d0534f2fb1817696b0,1,84c79830527ae823029ee6b904cf948c,11d4c477d09821164bca4f70a2eae031,2017-09-01 20:55:16,32.7,17.06
16e38caa92e342c7780f68832f832d4d,1,4a1ccd2d546bbea7809a0cf98863eb50,b1a81260566c1bac3114a6d124413f27,2018-05-11 16:52:39,189.9,53.46
16fcb558c864b7eb62bfbf4a55be23d2,1,96530fd162c17a87b70830cc5fb0f45c,612170e34b97004b3ba37eae81836b4c,2018-07-05 20:07:45,89.5,27.91
171b2216b2d1b1f42bc9481f06dfaa40,1,542d6af4881a5a647cde02c201f43916,1835b56ce799e6a4dc4eddc053f04066,2018-08-10 12:35:17,38.99,19.46
17229fc3b255deaf774bd892c1673951,1,50571d0f0f8ffbeec1c64cefeec01135,d57e18d5f73c7ccb7f7339b61166898d,2018-06-14 02:54:27,83.9,13.95
17241db677e74dd094059c24370fb785,1,b3bce4552b02817249347cc257c9e61a,6560211a19b47992c3666cc44a7e94c0,2017-12-13 20:11:42,95.0,7.92
17421d31a07ce8e9c61fe6b1adecfdaf,1,e4d325bd1eea550509bdbbc5c3301fc1,7178f9f4dd81dcef02f62acdf8151e01,2017-08-01 08:35:18,340.0,17.13
17697f8b42c55a20565782a3b9c1a595,1,f484aa505452986f295eb1205a44debd,7e93a43ef30c4f03f38b393420bc753a,2017-11-28 17:16:33,649.99,16.05
178f859d222729f650b08c3c8417f9bb,1,8e35752c1597713f370e8e63cf0dd338,45ba18c210d42734ec52c0c1c574e9ee,2018-05-14 20:30:23,10.99,12.79
178f859d222729f650b08c3c8417f9bb,2,8e35752c1597713f370e8e63cf0dd338,45ba18c210d42734ec52c0c1c574e9ee,2018-05-14 20:30:23,10.99,12.79
17b64a39e956f1ff14d42a2f76a37305,1,c389f712c4b4510bc997cee93e8b1a28,bfd27a966d91cfaafdb25d076585f0da,2018-02-01 16:15:06,289.0,82.19
17ba08ab21ccbb0c886139aa8557ca7a,1,93c902b021a9e594f658ab1b0351602a,2e90cb1677d35cfe24eef47d441b7c87,2018-03-30 10:50:29,97.9,16.99
17ba08ab21ccbb0c886139aa8557ca7a,2,93c902b021a9e594f658ab1b0351602a,2e90cb1677d35cfe24eef47d441b7c87,2018-03-30 10:50:29,97.9,16.99
17d018174e8bb3a09152f926cc684ad2,1,abe236a52dbc43e90bad00fe6d794582,6426d21aca402a131fc0a5d0960a3c90,2017-08-08 16:30:19,59.9,16.18
181ba9a81073ea2d653d9a7338f4cf98,1,d918b3f4aa5272c2c3cd088d087ca069,8c0de775f52fe41590b376a3b7c50f68,2018-05-11 18:09:43,137.5,27.04
1853610c46a77ba436f5e06e16ec8302,1,1029c7348ca63cafc3b859dec2d705d3,2a7c6c0b0d5efde2bf75ec1e1cec2d41,2017-12-07 16:49:40,59.8,15.17
186d853ccb29e4bc2470952ec61dbb39,1,52261c8a90724edab7b960c69dbf7a9c,98dddbc4601dd4443ca174359b237166,2018-07-19 03:10:19,79.0,14.85
18914d929964317dc0a002fcbbd70d06,1,67d2c4ee8fd08752a32aae5f878740aa,ef506c96320abeedfb894c34db06f478,2018-03-30 12:10:36,22.99,18.23
18ad70ae2189f1e18a644ab94300c46f,1,af54833766006d685742bf140e6f0086,d91fb3b7d041e83b64a00a3edfb37e4f,2018-02-14 07:49:46,56.2,9.94
18d0a01d343f9a3789e7ae38fc92f907,1,a0bcb790b8f1249bec0369de04a72d33,f4ce8ca9fa7157e3b33f536ac9a4487d,2018-07-23 04:31:52,39.9,12.94
18f3d3d3d8f47205c56d03799039c61a,1,37d007abbb05d792773dcf090208e077,8c16d1f32a54d92897cc437244442e1b,2018-02-13 16:50:40,118.9,21.32
19196153dd04a2d8685e3928185e498b,1,c1ad8ac66c91ad301cefc322ba2adf31,2eb70248d66e0e3ef83659f71b244378,2018-05-28 23:30:56,532.99,10.6
19230cac8f45f89fc992b4048422b72e,1,93846cfcd171609cebb8b3f8c553d23f,54a1852d1b8f10312c55e906355666ee,2018-03-01 17:30:27,74.99,15.28
19367a2c7e1dce7c26afa959e0581da2,1,89b190a046022486c635022524a974a8,f326006815956455b2859abd58fe7e39,2018-02-05 04:30:39,65.49,12.8
19367a2c7e1dce7c26afa959e0581da2,2,89b190a046022486c635022524a974a8,f326006815956455b2859abd58fe7e39,2018-02-05 04:30:39,65.49,12.8
19367a2c7e1dce7c26afa959e0581da2,3,89b190a046022486c635022524a974a8,f326006815956455b2859abd58fe7e39,2018-02-05 04:30:39,65.49,12.8
19367a2c7e1dce7c26afa959e0581da2,4,89b190a046022486c635022524a974a8,f326006815956455b2859abd58fe7e39,2018-02-05 04:30:39,65.49,12.8
19367a2c7e1dce7c26afa959e0581da2,5,89b190a046022486c635022524a974a8,f326006815956455b2859abd58fe7e39,2018-02-05 04:30:39,65.49,12.8
194722a4c1cad67f5b368dce6edcc88a,1,980036ff323e235a27b7999d343a8990,e883aa812c37a7413226856f4579fe91,2018-04-03 16:47:58,69.9,8.29
1955e6384cd6fc6cb02799b1e458b2d7,1,a92930c327948861c015c919a0bcb4a8,6560211a19b47992c3666cc44a7e94c0,2018-08-08 00:24:14,78.0,7.81
196750f3a540bf20f0d449337221bd1f,1,a4d44eb9f68b301db3a15c9a346f395c,bfd27a966d91cfaafdb25d076585f0da,2017-10-18 02:14:09,229.0,26.44
1973095f2596945f9dcc773608d8cad2,1,242edc6b84c00f0d48c664a020a92c52,6cd68b3ed6d59aaa9fece558ad360c0a,2017-02-12 21:42:21,54.9,14.14
199c544290f4c34265e9b01c137baecd,1,497bf3fd2bfb679b5fb1bdbde4950ff1,df47da4ae86fa4db890d05aaf24e21d8,2018-07-30 09:17:42,74.9,7.78
19aeea45917083f03541b7d11afc8e2b,1,495f9290868e1bde785d3c372608ad54,228e4c1a0be164f613d41c24345f9d2c,2018-06-18 19:31:59,109.9,22.7
19cfcf45fc399af9d3e9d1d98638997b,1,78efe838c04bbc568be034082200ac20,0241d4d5d36f10f80c644447315af0bd,2017-12-22 14:16:17,99.9,21.19
19dc396137b147d804b74b9e5bbb9875,1,18f0c077dff7331d813fd82f7dd05a6e,b2ba3715d723d245138f291a6fe42594,2017-07-03 03:43:24,19.9,15.1
1a122ca21948df08789d7d88094ff11f,1,34dc9ba20762290886d4d94d07a102e3,5b925e1d006e9476d738aa200751b73b,2018-01-12 13:29:30,119.0,17.37
1a537f94e57acdda6cfad59696759417,1,d493f5a208254fe85b3ab55d898461a1,9b013e03b2ab786505a1d3b5c0756754,2018-02-08 07:11:48,19.49,9.27
1a537f94e57acdda6cfad59696759417,2,d493f5a208254fe85b3ab55d898461a1,9b013e03b2ab786505a1d3b5c0756754,2018-02-08 07:11:48,19.49,9.27
1a537f94e57acdda6cfad59696759417,3,d493f5a208254fe85b3ab55d898461a1,9b013e03b2ab786505a1d3b5c0756754,2018-02-08 07:11:48,19.49,9.27
1a537f94e57acdda6cfad59696759417,4,d493f5a208254fe85b3ab55d898461a1,9b013e03b2ab786505a1d3b5c0756754,2018-02-08 07:11:48,19.49,9.27
1a537f94e57acdda6cfad59696759417,5,d493f5a208254fe85b3ab55d898461a1,9b013e03b2ab786505a1d3b5c0756754,2018-02-08 07:11:48,19.49,9.27
1a66f333fc14fa09a218cbb11f00233d,1,b0cd550945da1de6eb9cb69595d540df,6b243f80ed07b10f0e8aa0f21a205f3c,2017-08-10 12:20:09,84.9,27.44
1aa78d3a94e9d8054d63fd230c076bf6,1,083d6108def7421be9778dd0ecd11fa6,f5a590cf36251cf1162ea35bef76fe84,2017-11-29 22:14:11,299.99,10.91
1ac605c3c8e2ee53279c7b0bd52c6aec,1,1697727d6c82c23c7149c6c773683d2c,e89c4adbe7b1d0819dbb636e16461cf1,2018-03-16 09:48:39,159.0,18.02
1ad01d500af41c23f0f84509df94f797,1,500870614ddcf5bd84f7d26861026c8a,ef506c96320abeedfb894c34db06f478,2017-11-17 16:30:38,34.99,14.1
1ae35fdd1e36d167c790179f16cad2e0,1,4e72c18c19fee00460f9504012cb244d,391fc6631aebcf3004804e51b40bcf1e,2018-01-16 22:08:35,59.88,13.44
1b0ca0c3b2421d7ffde52594b571c020,1,c6dd917a0be2a704582055949915ab32,7a67c85e85bb2ce8582c35f2203ad736,2017-12-18 18:10:54,99.99,16.95
1b0e1058a094f333948edf16f4248323,1,d1a57f4402dbfe2cb1c271ad0da64311,2ff97219cb8622eaf3cd89b7d9c09824,2018-07-11 20:05:37,29.9,9.52
1b211e29b1a6d0431f4f9daff2f2e207,1,f76b8eae9da79861cd75f86a1020879e,94e93ce877be27a515118dbfd2c2be41,2017-05-29 19:35:15,237.99,18.92
1b27565cc48efbd53ada61fe61bb9c2a,1,368c6c730842d78016ad823897a372db,1f50f920176fa81dab994f9023523100,2017-09-14 15:55:21,59.9,17.67
1b34f3de23ae790473c7e4ef6ac0b1f1,1,4fe644d766c7566dbc46fb851363cb3b,c31eff8334d6b3047ed34bebd4d62c36,2018-08-31 02:55:18,69.99,11.72
1b3870263ab7aa66a5e2ca30df8fd3d7,1,092be1e8336fc404c57bd5970d056886,cbd996ad3c1b7dc71fd0e5f5df9087e2,2018-06-07 11:10:13,63.87,13.81
1b90587d2255b7eb1dcc4d2c7eba1c54,1,75c06ee06b201f9b6301d2b5e72993f8,3c7c4a49ec3c6550809089c6a2ca9370,2018-01-25 02:38:48,13.99,14.1
1beaf0622df76c7b2b3be0746722f381,1,fb310009e56c0ab32657c9c674bd402c,058fd0aa2bfdb2274e05e1ae971dabb6,2018-04-06 08:48:53,72.0,7.39
1c487b52a0823daeced375367d5f73de,1,42a2c92a0979a949ca4ea89ec5c7b934,813348c996469b40f2e028d5429d3495,2017-06-26 15:15:16,59.9,21.26
1c487b52a0823daeced375367d5f73de,2,42a2c92a0979a949ca4ea89ec5c7b934,813348c996469b40f2e028d5429d3495,2017-06-26 15:15:16,59.9,21.26
1c4b283e95602be28c975207016558f1,1,00a985c524adbb97a4211e4ce17aabec,ea8482cd71df3c1969d7b9473ff13abc,2018-08-03 02:50:21,24.99,12.84
1c5072c286f0b04c4cbd03de8af6136d,1,3319ec949aa117693a4d6fd941858af9,02f5837340d7eb4f653d676c7256523a,2018-06-17 22:31:33,115.99,18.39
1c5ea09d670777647e55f734e3d784b2,1,7eb9c68704af5effea1cee6f3a6b4b4b,7142540dd4c91e2237acb7e911c4eba2,2017-11-17 12:35:11,84.9,13.61
1c7c35deaf3a1639e247ce03babdfded,1,b2b748240f8b4fd833d2f61ec84d8ce5,562fc2f2c2863ab7e79a9e4388a58a14,2018-07-18 16:45:10,24.99,12.84
1c9ac08a8e474b38e9231382778f7eb9,1,6e514bdf6cbd5137a3795ff90e3ec1a1,f00e21b1e91a79653163b7fd8f293ff1,2017-08-18 19:05:13,70.9,15.25
1cb9cb32b2b54f1580e375ba45d744c4,1,a8d952e8e5436a6fe36d24c402d100de,ea8482cd71df3c1969d7b9473ff13abc,2018-01-02 18:32:22,21.99,7.78
1cbfc1686ec52edcda358b248aae81fd,1,aca2eb7d00ea1a7b8ebd4e68314663af,955fee9216a65b617aa5c0531780ce60,2017-11-24 20:30:46,75.0,13.08
1cbfc1686ec52edcda358b248aae81fd,2,aca2eb7d00ea1a7b8ebd4e68314663af,955fee9216a65b617aa5c0531780ce60,2017-11-24 20:30:46,75.0,13.08
1cc4e549e16c732db4d9228fce789407,1,921d31a1daa51460b7a95ea5f3ab64d5,0df3984f9dfb3d49ac6366acbd3bbb85,2018-03-06 13:15:30,88.9,42.65
1cdbaaa0377025fdc1847dd3619f88db,1,341d85d688ecc3353cf2a968e7ad0dbf,620c87c171fb2a6dd6e8bb4dec959fc6,2018-03-07 22:30:44,119.9,15.59
1ce624df940711ffea6e5176a18eee87,1,12b2d0d0afbc40130f01e2f2f591444c,213b25e6f54661939f11710a6fddb871,2018-07-24 10:55:11,79.9,19.75
1cf471f71a04b68d1cda071b51d7e391,1,a92930c327948861c015c919a0bcb4a8,6560211a19b47992c3666cc44a7e94c0,2018-07-25 08:25:22,78.0,37.46
1d28f6017289eba334290b00546ea432,1,4bb4fb9c85785b75ab4f6559900c7ca1,ef506c96320abeedfb894c34db06f478,2017-03-06 21:30:12,37.99,20.4
1d637e7a91e7c3e0e94a91cdf693855e,1,415800ba8edc079e255fcc4ee5790376,a416b6a846a11724393025641d4edd5e,2017-11-30 16:52:30,55.92,17.64
1d699c4fd2ee485c965116e9c3fae0b3,1,8844bd4b8ca8f93603694ca2bceb77e9,cc419e0650a3c5ba77189a1882b7556a,2017-08-28 22:15:08,84.99,15.34
1d75f74f2b35e491804fe25e4c5fd4dc,1,98d61056e0568ba048e5d78038790e77,8581055ce74af1daba164fdbd55a40de,2017-06-23 08:03:08,169.0,27.5
1d8c63ae552e28d9aab13aa5a92dc389,1,0aabfb375647d9738ad0f7b4ea3653b1,37515688008a7a40ac93e3b2e4ab203f,2018-05-04 12:51:01,36.2,12.76
1d911134e95ec6f299e80fe19b5b88c5,1,cb9d764f38ee4d0c00af64d5c388f837,ea1776927851da2532aa70d6a32c095a,2018-08-09 22:35:17,34.9,15.34
1d92d2ce1ae2e0510b5ce50c5be578c6,1,8844bd4b8ca8f93603694ca2bceb77e9,cc419e0650a3c5ba77189a1882b7556a,2017-12-07 23:32:23,84.99,25.04
1dc15f1603f062d0d4b587b55dea3006,1,1dec4c88c685d5a07bf01dcb0f8bf9f8,712e6ed8aa4aa1fa65dab41fed5737e4,2017-12-20 11:12:41,559.0,80.98
1dd524259037e53865e1fbee3697183b,1,67d9cf5b0dc7a0b9fb091efc68b14140,d50d79cb34e38265a8649c383dcffd48,2017-06-27 15:30:33,269.99,32.92
1dfdbd592873be9e467a641589b7595e,1,bc0246e1fa0a21cfceaed952d3e9cd38,c8b0e2b0a7095e5d8219575d5e7e1181,2018-03-08 02:51:26,119.99,15.6
1e05735291d8969fddb706f4fabe8725,1,af0a99476d96dcc1a1baa7c0d9ff6b9d,edb1ef5e36e0c8cd84eb3c9b003e486d,2018-01-18 10:28:15,649.65,19.3
1e2b94b476c8738fbc5aed69524f2da4,1,b520b78a494cbd6e36d7a1c64cdffe0b,b3f19518fcec265b2e97af287725f981,2017-08-11 13:15:20,41.99,16.11
1e48c52ecdb582b211ad22ae74ad2247,1,b4e319cb48642fd748a387fb88c31c35,42bde9fef835393bb8a8849cb6b7f245,2017-09-04 19:15:15,499.0,18.25
1e73ecf14966e33e06e79c339fb3f7cd,1,7c1e2b3fa0233e46fb3bcdcb9919a72f,788e857f317e53de488d393e65a80f45,2018-06-05 16:51:38,110.0,7.63
1e8653b2cbcdd39e513300acd653dd60,1,23bcd6822a33df5534f9b290216eec1f,ac3508719a1d8f5b7614b798f70af136,2017-05-31 02:45:28,109.9,36.94
1e9a53e194e98b64434abc52aeedae1e,1,a9e0e7b3976de987fdbd2773ec699f0c,cca3071e3e9bb7d12640c9fbe2301306,2017-02-12 08:50:31,149.9,19.33
1ed0a0954b445954a0117c4aaf449e28,1,bdca5879b3afce0e138e71a68ad26d04,17306570e772e7718c92a562d33f5f1d,2017-11-21 02:50:42,219.9,22.03
1f0e3e7a13d98443333a705e4ea42148,1,d4548e7ab697993ec51d864766a8ea4f,4869f7a5dfa277a7dca6462dcf3b52b2,2018-08-21 04:35:11,153.9,13.74
1f11f0ab2b0ec59d0ec45f7f810a04f8,1,37cc742be07708b53a98702e77a21a02,d91fb3b7d041e83b64a00a3edfb37e4f,2017-06-21 07:10:06,10.4,16.79
1f18d6138f5af59adb5a379ea575d555,1,53759a2ecddad2bb87a079a1f1519f73,1f50f920176fa81dab994f9023523100,2018-06-07 02:15:21,49.9,19.32
1f1d34c2ba3f3ae5f852175df49f079c,1,972362b8b232932af39c3b4b03b3bda2,77a515caa36327151d1cc6c32a9f00e1,2018-06-11 16:50:36,105.0,15.64
1f38d4b0b64e26e3aa96c3e8a4afe95e,1,0d85c435fd60b277ffb9e9b0f88f927a,f457c46070d02cadd8a68551231220dd,2018-02-19 14:07:43,68.9,12.61
1f38d4b0b64e26e3aa96c3e8a4afe95e,2,0d85c435fd60b277ffb9e9b0f88f927a,f457c46070d02cadd8a68551231220dd,2018-02-19 14:07:43,68.9,12.61
1f3c0a87c88ece858b2f766ae1952dc2,1,422879e10f46682990de24d770e7f83d,1f50f920176fa81dab994f9023523100,2017-05-18 06:35:18,59.9,17.67
1f559479dd8bfb2e398b0372cad1c2a2,1,06435c7fcaee30b55bdd89feb2ec9be7,d20b021d3efdf267a402c402a48ea64b,2018-04-23 04:35:22,46.99,19.32
1f9102e61cbd0d6147b706875c920a72,1,cdc4af478fef19f03f1d0353c00271cd,3d871de0142ce09b7081e2b9d1733cb1,2017-12-04 03:18:38,29.9,12.69
1fb42df5f777c1b9bf5790d888e15075,1,19c91ef95d509ea33eda93495c4d3481,06a2c3af7b3aee5d69171b0e14f0ee87,2018-06-27 14:00:26,122.99,30.11
1fba572d64e0fa6d6bbfdd06b5704e6c,1,0bcc3eeca39e1064258aa1e932269894,1f50f920176fa81dab994f9023523100,2017-12-21 17:31:59,59.0,17.66
1fbebbbba3149f89e410951ca531cae2,1,3552627a68384dc559f0fd4cce173269,3c487ae8f8d7542beff5788e2e0aea83,2018-04-09 05:50:26,199.9,38.09
201691efe89d4d71f36e5ea279a8759a,1,9ecadb84c81da840dbf3564378b586e9,1025f0e2d44d7041d6cf58b6550e0bfa,2018-02-28 14:31:06,38.4,15.11
201691efe89d4d71f36e5ea279a8759a,2,9ecadb84c81da840dbf3564378b586e9,1025f0e2d44d7041d6cf58b6550e0bfa,2018-02-28 14:31:06,38.4,15.11
205f0525fe708de4db2434516fe7c376,1,fe7f10e5c9d36a294333b0c35ccc24ad,cc63f0dd2acba93ffed4fe9f8e0321fa,2018-07-23 15:35:20,72.0,23.3
205f0525fe708de4db2434516fe7c376,2,fe7f10e5c9d36a294333b0c35ccc24ad,cc63f0dd2acba93ffed4fe9f8e0321fa,2018-07-23 15:35:20,72.0,23.3
2064a88a243add2e2cc03b9c6043e616,1,722dc14e0848efdb771dca6de2929c41,7178f9f4dd81dcef02f62acdf8151e01,2017-10-10 02:14:42,79.0,16.99
20682401f377f9713842c128b03fc43f,1,0c761b0e33d708e6a3694a94ac4b82c4,bccf933e006e9b94a6184af782963e77,2018-02-28 00:30:06,149.99,16.68
20682401f377f9713842c128b03fc43f,2,0c761b0e33d708e6a3694a94ac4b82c4,bccf933e006e9b94a6184af782963e77,2018-02-28 00:30:06,149.99,16.68
2074522aabccf07984a2e77f7219ece5,1,c1678c7353738f1698430b8ea0d6a488,b4f8921fcc4ff77b66bea6dda43dcd51,2018-08-14 18:50:19,599.99,69.41
2094b975f1178cef2cf51c4e73ff0e94,1,6109d0cae3bcb57d579bc0fab6e61814,dbc22125167c298ef99da25668e1011f,2017-10-18 21:28:13,84.9,19.83
20b1d8c9683a66f9810b31604fc5f540,1,44a879f6d43c4750534a30dea1f6d804,381c83fdca332ea6afd896da20bf6e4a,2017-11-17 14:10:31,982.0,24.12
20cae0a28869a4321d8fe372731f80e0,1,a92930c327948861c015c919a0bcb4a8,6560211a19b47992c3666cc44a7e94c0,2018-01-21 23:53:31,78.0,7.8
20e001ef9eed26db199b0b95f59512f9,1,b4693721011686a49e4b8fac4e527dde,1025f0e2d44d7041d6cf58b6550e0bfa,2017-09-29 04:32:20,38.4,34.15
20e001ef9eed26db199b0b95f59512f9,2,b4693721011686a49e4b8fac4e527dde,1025f0e2d44d7041d6cf58b6550e0bfa,2017-09-29 04:32:20,38.4,34.15
210e60465099814a1d2c7635e4065153,1,b69eb25e3a4def8e9cddee18712e0c5e,8ed8ea9a57c862f2c18c2fe41f601d56,2018-05-11 18:54:13,199.0,32.79
2147876cd801aed5f273ba360d0960ac,1,e282624d8c82e04983f125e167eb4521,2138ccb85b11a4ec1e37afbd1c8eda1f,2017-03-09 02:10:41,18.99,14.52
21c03a286e71d3afc682942e4c8eb2bf,1,78efe838c04bbc568be034082200ac20,0241d4d5d36f10f80c644447315af0bd,2018-01-11 12:47:22,99.9,43.11
21c9855588b3946347dcaa1f159edcd8,1,214182ef6dd2635420e172166e7ee047,98dac6635aee4995d501a3972e047414,2018-06-11 12:51:57,12.9,8.88
21ccfd8ee777c40d2407604c5ddd2db1,1,194163a8a65a48a8c95623c399a9d4a7,0c8380b62e38e8a1e6adbeba7eb9688c,2017-02-10 17:56:25,99.9,18.98
22393c9bb58fd23ba0aaf68dab5094cc,1,0a57f7d2c983bcf8188589a5fea4a8da,4869f7a5dfa277a7dca6462dcf3b52b2,2018-05-23 11:15:18,99.0,6.57
223cd404de0ec7eabc319bed69fa1079,1,e66c00a9093ec6803dc123140914b5e5,25e6ffe976bd75618accfe16cefcbd0d,2017-06-28 21:50:10,79.9,15.32
2259c28617dcf9c2ed34e78bb3dfb562,1,abaefce0c17047c6829ff4078f2005d0,669ae81880e08f269a64487cfb287169,2017-12-21 00:12:12,24.99,19.14
2259c28617dcf9c2ed34e78bb3dfb562,2,211293b50935ced8d4370f552c482d74,e9779976487b77c6d4ac45f75ec7afe9,2017-12-21 00:12:12,19.49,7.73
2261ff9e6868359245db75320f7e768c,1,49d89239eb92d383e390b38b9bb792c6,3d621842b2ed28e2b474132480edac3c,2017-12-07 04:39:03,14.99,7.78
227881fdf69e55ab7906b7a818dd5e39,1,8ae7db511529da9af9685c9d0375bd82,612170e34b97004b3ba37eae81836b4c,2018-07-06 19:11:56,154.9,20.27
2282f08c7a3e5bc3e7b84bb444d6e1e6,1,3c5b70965b3d63c66a18dd46881a58c9,b6d44737c043328708f6749c2dbe50bd,2018-04-17 11:50:28,29.9,16.32
229d2824e311bf2592b6b7ce32af04a8,1,315274d6751133f612a67ccfa00c0522,7b0df942f46435babab05d49b744b2c4,2018-04-27 13:31:12,397.79,39.47
22a1a580ac153c5e2f469d27ad6a4e3d,1,8ccac7e503c0ba1f7e7b3aafeae52cca,710e3548e02bc1d2831dfc4f1b5b14d4,2018-04-19 13:55:18,88.99,19.68
22c129d6b11c5113aafece4670d8719d,1,e30d5b80f5e85b8f9e7c627b5d594b38,1336efc61c316ddf92c899eb817f7cae,2018-02-15 23:50:34,39.0,17.92
22caa724849d26dec4cd73ffc70bc133,1,51945302d0858fe2efed398e1fa2df04,951e8cef368f09bb3f3d03c00ca4702c,2018-06-26 17:21:20,64.99,18.56
22df89b611e2a03b4957043cf949e51f,1,d51f9e208b88e49c98f6a55649d5df35,65febd49fd28ec955651299159b1f527,2018-08-24 09:30:20,55.0,11.41
233f0d86db908dbeb6c2ae5675b31e71,1,ba9943916136c9959e24f71bdae28faa,8c16d1f32a54d92897cc437244442e1b,2017-11-21 21:10:33,44.9,15.1
2343d4a98379202b11d3ec66c322ab57,1,a9410f6e58948e056b9eae0653aa0c75,729b2d09b2a0bdab221076327f13d050,2018-03-29 02:15:43,33.4,12.79
23858bdc4cab9cf5b5de163b1f12ea71,1,e8dca0ae20e339a356e9d598fefc3be5,4e922959ae960d389249c378d1c939f5,2017-02-24 11:40:16,60.0,11.03
23e328eaf02d129b3928e8012ffe85fc,1,b79f1c3ee8b26b90db738fb3c4abc1ce,2e1c9f22be269ef4643f826c9e650a52,2017-09-01 15:30:18,46.99,7.78
23fb5e6768dd0cf8df7aaa74d80f8ec6,1,c770c3d5ab511e88a96d387bdb0b6ce0,e06f09ec0a4aca210779cf1cfc63cf19,2017-12-26 00:10:41,55.0,20.88
23fd789ce06f3c54f212b3b9d358579f,1,138d7037b59dcee052810952c983033b,218d46b86c1881d022bce9c68a7d4b15,2018-03-07 12:15:36,148.0,18.29
24016340d5156f96d37500c78a7fe591,1,330a8a8d810e84c45bf6fece44e082c8,9c0e69c7bf2619675bbadf47b43f655a,2017-08-31 09:30:19,175.91,9.41
24016340d5156f96d37500c78a7fe591,2,3ce943997ff85cad84ec6770b35d6bcd,9c0e69c7bf2619675bbadf47b43f655a,2017-08-31 09:30:19,175.9,11.89
241c2b89490a7f6f12808716cd51c45c,1,35535e9b73528a87eb39b134a72a6544,4e922959ae960d389249c378d1c939f5,2017-12-07 03:23:46,270.0,18.33
2430b57b60423269e56d188b55d8eec7,1,eda64e6f9a82d6ce803c2e1a6790bd06,7e3f87d16fb353f408d467e74fbd8014,2017-11-20 10:46:54,103.9,15.49
243312dbb316253ab77bb0140d94803c,1,4178e16324fd0c9a8e18463caf390cc6,ceaec5548eefc6e23e6607c5435102e7,2018-03-28 08:49:39,269.0,16.79
2459150b1b6791d5e62fc0752dcf6b91,1,0cf13ac73dbcf6586ba63b89dd1f780a,b14db04aa7881970e83ffa9426897925,2017-07-12 22:50:15,47.0,16.11
246e0ec5d427eaa6bd4569ac799d4f37,1,ca169d8dceee80e88508bc636a2aac96,da8622b14eb17ae2831f4ac5b9dab84a,2017-05-04 15:05:11,114.9,14.57
2475c5c954f98701b93b7ceb0f5bb669,1,e336c656869480e20d04ca9389b12167,cca3071e3e9bb7d12640c9fbe2301306,2017-07-26 13:50:12,59.9,16.18
249ec92a8757d3abe81210827a19f08f,1,cc74107a3eceb1b0c1c000edae5a8431,0be8ff43f22e456b4e0371b2245e4d01,2018-06-21 10:57:42,89.9,7.89
24bfe29693d0dbabd5e08b3b3bf1064c,1,235b4ddb049ab79478e058d0d3609bae,744dac408745240a2c2528fb1b6028f3,2017-05-30 10:30:13,199.0,22.19
24c6142a989e2c7774a57791c8cd449d,1,6f030babbca059aa3951ea26d5bbbe0d,7299e27ed73d2ad986de7f7c77d919fa,2017-09-15 00:35:22,49.99,9.46
24c6142a989e2c7774a57791c8cd449d,2,4baf15e171b06455c5cd23453db0cab3,45d33f715e24d15a6ccf5c17b3a23e3c,2017-09-15 00:35:22,53.49,14.18
24c6142a989e2c7774a57791c8cd449d,3,bf53d80c6cb1cbf63ba17e2175d521a5,c6bda72e4dbf5c5866b13cb1810c6d03,2017-09-15 00:35:22,119.9,23.64
24ceed9729a86f5e36fd61ae94183817,1,1d94d1e0c7fb2dcf2811e093d2ca303b,004c9cd9d87a3c30c522c48c4fc07416,2018-05-10 10:15:17,179.5,133.73
24df3585323f6a191abb565d1706daf2,1,d9fcf1be6830bf510f03d9e6c979e4df,058cb5aeb36d7c0fcae20fc85d5e0a59,2018-08-21 23:31:50,148.5,54.32
25329aedc3217909f194254caa1e2bb1,1,ee9d3ff88f7800b3144967778bb000de,8a432f4e5b471f8da497d7dc517666e2,2018-05-09 12:54:57,43.0,18.23
25348d7abfa3893731e3836aab2f6a6c,1,df480c7d3f979093ac4c2d1109e78289,2eb70248d66e0e3ef83659f71b244378,2018-07-23 08:25:47,699.9,13.65
253c8653b64a17c18b729399e14c42cb,1,e074a31cddeee80c21fc613445def7bc,13fa2a6c6b9d0f43cb588d7c82117a12,2017-07-06 12:04:25,569.0,26.3
25461ae3c4bf9bf6e41a3a163f763c8f,1,eeb185c268c344e2308a3eca19154cee,7ff588a03c2aeae4fbd23f9ae64b760d,2018-08-14 21:05:14,56.54,7.66
255cc1a34da986dba8ba04bc67dc4d03,1,165f86fe8b799a708a20ee4ba125c289,7ddcbb64b5bc1ef36ca8c151f6ec77df,2018-01-11 21:09:15,166.99,50.83
257b54c7aa667fa7865055803a58a737,1,496f6bd86011e5a9ddea8dc96e802340,cca3071e3e9bb7d12640c9fbe2301306,2018-02-06 14:32:35,72.9,12.85
2591fdd6cc7718bac11436b57abd8163,1,53759a2ecddad2bb87a079a1f1519f73,1f50f920176fa81dab994f9023523100,2018-02-16 14:10:41,49.9,17.6
2591fdd6cc7718bac11436b57abd8163,2,368c6c730842d78016ad823897a372db,1f50f920176fa81dab994f9023523100,2018-02-16 14:10:41,49.9,17.6
25d3716d0097db13efad1ec47ea26551,1,4520766ec412348b8d4caa5e8a18c464,16090f2ca825584b5a147ab24aa30c86,2018-08-08 21:10:15,29.99,18.31
25d7504420f738317dcbb29f7e565976,1,5bfc7506459ae2a7b4b573fe557a58e1,4a3ca9315b744ce9f8e9374361493884,2018-04-09 17:28:55,69.9,19.46
2608e8f1fa4c7e37526b68e2fd2e6d10,1,0d85c435fd60b277ffb9e9b0f88f927a,f457c46070d02cadd8a68551231220dd,2018-03-28 11:15:51,72.0,13.62
261e71d2349c713eafa9f3df5972b95d,1,ad88641611c35ebd59ecda07a9f17099,c826c40d7b19f62a09e2d7c5e7295ee2,2018-01-25 12:37:13,157.77,14.85
26543fb8b34f4547bcbbd431f998ee76,1,35afc973633aaeb6b877ff57b2793310,4a3ca9315b744ce9f8e9374361493884,2017-11-14 16:30:42,89.9,13.65
265b23c0727e5d7a2a3e36f5aac03d67,1,e26445edc4d665a7950a4b60461fc58d,527801b552d0077ffd170872eb49683b,2018-02-22 10:06:34,84.9,171.32
269c345570f1003630764953f56f6abd,1,46a4b4529fb2c8fbb84be938c9bb8b02,6aa3928696eab49a19a466e665a649fd,2018-05-22 04:16:22,455.0,23.9
26bfc6c6251ef7eda55f7bc7f11e9647,1,14ad6805c263d8d758d648f46a06570e,9d5a9018aee56acb367ba9c3f05d1d6a,2017-07-11 17:36:54,46.33,17.56
26bfc6c6251ef7eda55f7bc7f11e9647,2,103aed057190376889bc9e796affa24e,9d5a9018aee56acb367ba9c3f05d1d6a,2017-07-11 17:36:54,149.33,51.44
26c032093452825fab1ef0adcde581ac,1,ca5c923962558430573f83661dbe36d6,66922902710d126a0e7d26b0e3805106,2018-08-16 16:55:34,105.0,23.54
2721cdbb603d7ab34553d2e44a6f9ae0,1,b980f3256c981fc178514325143b1fc8,4e922959ae960d389249c378d1c939f5,2017-07-26 05:55:20,89.0,15.37
277652d641a561b871127afe3f44b952,1,cf1387ec1ba3615f21a7924ec648e94a,5656537e588803a555b8eb41f07a944b,2018-04-20 10:10:52,24.89,15.23
27778e8302a1880621730425fd82fb60,1,054515fd15bc1a2029f10de97ffa9120,e9779976487b77c6d4ac45f75ec7afe9,2018-05-25 12:30:32,43.0,7.87
2777dd73cc83e92e814ebb6126f236d4,1,0eb8e03d4ef83152c4642b606b5bbdec,cac4c8e7b1ca6252d8f20b2fc1a2e4af,2018-05-16 11:31:49,29.99,12.13
2783cfcf916c2cef168f19a7a2e45e45,1,703d742887bb9267f89b675608ba7aa0,640e21a7d01df7614a3b4923e990d40c,2018-07-27 09:35:21,56.1,19.58
278ffae8d541775ba53338a54ee391a3,1,b8355aca8662d7e0c913ed67412d8ecc,da8622b14eb17ae2831f4ac5b9dab84a,2017-10-09 14:49:17,39.9,17.92
2790c1db6fab421570c3a789c96ffd46,1,3d3204ab08bb14fe5114502ad7809384,d673a59aac7a70d8b01e6902bf090a11,2017-11-08 02:31:17,65.5,16.22
27cd425460b501230b37206f151711a6,1,6416e0ecd625ef4adf18658a9aca2e10,620c87c171fb2a6dd6e8bb4dec959fc6,2017-09-27 19:05:42,39.9,16.11
27d38402a9bf35d21de2f99946b1c1ae,1,8f79800a347de2da5104a414bc791a0b,f7720c4fa8e3aba4546301ab80ea1f1b,2017-05-11 03:10:09,16.9,10.96
27d59d6c52a0d2dbb8e2ea86ff71f962,1,7c6fbb3a5346dfd607386155c6f628f8,c70c1b0d8ca86052f45a432a38b73958,2018-06-18 20:02:14,110.32,8.03
27d6233886151ecc1ed368ce120ec5cf,1,b40bd352960044e281fa405937aac605,d921b68bf747894be13a97ae52b0f386,2018-05-21 22:31:14,215.9,19.39
27d7ae4ad298e3686566ac8e9ff928e5,1,a3ceb95649a48c0c54ae4bd1dd66d035,6c177e38df6d3f34182b1f1d427231bf,2017-09-04 13:50:17,140.0,26.01
27ea1775a86c796168b08511e529d0a3,1,ae52eeb8383b94455f0a08b1f88ad002,8e6d7754bc7e0f22c96d255ebda59eba,2018-03-05 11:30:58,69.9,9.94
28037715728a348c84215e5db015de7e,1,4c1fdadeda244374699fdc31917e5b34,3d871de0142ce09b7081e2b9d1733cb1,2017-10-05 15:56:17,168.0,32.21
2804400973412de4efdaf1399281199c,1,23bcd6822a33df5534f9b290216eec1f,ac3508719a1d8f5b7614b798f70af136,2017-11-20 14:55:27,129.8,24.29
285b9fa3d538bc3e3391de43dd51e3c9,1,61a4100ccd6d9c4c808a1fd954ddb8ad,05ff92fedb5be47920fea08e501238b9,2017-07-20 22:25:14,399.0,22.03
285b9fa3d538bc3e3391de43dd51e3c9,2,61a4100ccd6d9c4c808a1fd954ddb8ad,05ff92fedb5be47920fea08e501238b9,2017-07-20 22:25:14,399.0,22.03
28f079a1f1568fda3a17841d6fe48390,1,4ba9263261711e19aa09a61e3ab72316,3d5d0dc7073a299e31fa718ce1bc00b6,2018-06-22 13:16:52,50.0,16.54
2901c587ddc2733afdf68e81b98d2c0f,1,e7c8819338fc9a87e81ea2d90898f612,eeb6de78f79159600292e314a77cbd18,2017-05-12 13:10:20,449.0,26.0
290673dd0e92d677725fdb80ce26d46f,1,e6e2f011de12dc9071763c2baed69a2c,f680f85bee2d253556ac91be391d2c82,2017-11-30 20:52:49,39.9,15.11
291595e7702bf69af75b873bc983601f,1,b623b7cb05ee3248fbe4a6ecbeed79a4,7aa4334be125fcdd2ba64b3180029f14,2017-10-19 19:34:20,73.76,19.76
29182856a24c6eeb1d7b81ba1fe63190,1,fb783e3e545937820b57fe539b2c5a6c,da8622b14eb17ae2831f4ac5b9dab84a,2017-07-26 17:05:16,99.9,17.95
291db83cebe0c7179310b62e0a7e2714,1,19c91ef95d509ea33eda93495c4d3481,06a2c3af7b3aee5d69171b0e14f0ee87,2018-05-14 19:31:52,119.99,29.87
292fa4655c8e30747b2b465a8f4d14f7,1,19421075ae0b585f2dc13ff149e2119d,4c2b230173bb36f9b240f2b8ac11786e,2018-03-05 13:48:42,45.9,7.78
2939b6d48c2488e276205bc547c56aac,1,85b2e22dc10456c8ce7b81f78ba8624b,da8622b14eb17ae2831f4ac5b9dab84a,2018-01-11 02:38:00,179.9,15.46
295bbf539c1fe97db23dffa5e84387ad,1,74ae869eb82594d9cbe6e934cf143e0c,ea8482cd71df3c1969d7b9473ff13abc,2018-02-06 02:53:38,39.99,14.1
296487514bc938361dae8cac848688ac,1,30dd245a5cc5a0def5b5d42b024a17b0,3dbbce181edfaa4a597ec858c382d2ec,2017-04-25 03:50:29,119.9,17.58
29985fe387407ff7f6904b294fb89028,1,3edc3d3ffe806f5115118f86cbf5a021,ce33c6211beaa8fef4cae8b52db39862,2017-02-16 15:53:19,49.0,14.52
29ba75517c9ad2e541a05d0d3098dcd9,1,c36a269550e11c349965d2c033470074,7e93a43ef30c4f03f38b393420bc753a,2018-03-05 16:30:38,119.0,14.58
29d3f2fc23b7f95b28dbe5e3ef783d93,1,73fdc89a7474d12e91ebb4a38341fd84,5bc24d989e71e93c33e50a7782431b0e,2018-08-08 14:05:20,249.9,37.1
29e2ad0dc7d3e40270b43dae7133c30b,1,a3cc2811456002f4baf5a88ab9ff3427,2745f798279e0ed033addcc1474776d7,2018-04-10 18:48:28,66.76,16.4
2a677120e5ddca4e25eea9768d3a67fe,1,dfb97c88e066dc22165f31648efe1312,8581055ce74af1daba164fdbd55a40de,2017-12-27 12:57:36,139.0,30.01
2a713182dbde7d2e65a7202532650f44,1,2a6d3f9c3a96e62e0ca38559cbf6410b,128639473a139ac0f3e5f5ade55873a5,2018-04-09 12:09:27,18.9,13.47
2a713182dbde7d2e65a7202532650f44,2,2a6d3f9c3a96e62e0ca38559cbf6410b,128639473a139ac0f3e5f5ade55873a5,2018-04-09 12:09:27,18.9,13.47
2aa34343b80af35eb485d6511edf7a1d,1,cd360a9f341f57c25699dbac377f5efd,411f3b52d857390502ee4e4d5ceabc2d,2018-07-10 10:15:25,24.33,18.32
2ab274c9a5e207ca4445d7c6ab29e46a,1,06dce482ace017e78349b6f1fa83a022,f7ccf836d21b2fb1de37564105216cc1,2018-05-08 11:13:46,39.0,18.23
2ac00a6a0a00ee7f8e2b235f8e361006,1,485aa17cb179a6624fb0c9e12cc639d1,f8201cab383e484733266d1906e2fdfa,2018-01-05 16:46:31,99.9,23.02
2aca6ae53d657c0a06f585816ca6781d,1,353356a910b2a42aa75a888a5d348997,d921b68bf747894be13a97ae52b0f386,2018-05-10 09:30:27,320.0,20.12
2b4dd5231bfa1c6ad0442c5f1964044c,1,e475b26e5db4c91fa1cd25927908eac2,d12c926d74ceff0a90a21184466ce161,2017-04-06 09:02:50,49.9,10.96
2b8964f15c12ac5df6946804df101d82,1,88bffa97ba651ca4ee0710fa7e0e9653,bf00385a5f7fc1ef39a13c2e9ee50a5f,2018-07-18 21:45:41,19.9,8.89
2b9319f90cac6853394132c982ff27bf,1,2a2d22ae30e026f1893083c8405ca522,1a3df491d1c4f1589fc2b934ada68bf2,2018-01-24 03:51:17,148.9,23.91
2ba1f687634de479f8b6f7c483597793,1,2d110366dd24a714cb50dddc30b4101c,9b00ed88b7fdb95d6ff76e27c1b52d16,2018-03-16 08:31:02,33.9,12.79
2bad074d8cb50fea70e0a12bc2ee304e,1,be5353e2c543ba4f67831f95d3775420,f4aba7c0bca51484c30ab7bdc34bcdd1,2017-06-08 13:01:52,19.9,7.78
2bc1eac46ee8d6fad3f7369668f1bdf0,1,e251a68000f75257cf9ef16bcea51976,aba1721a889e04decc910aa13b768ef4,2018-07-25 16:15:11,85.0,15.7
2beb7e011571a837462a006a779881e8,1,090d6db6ad440d35cef0726b5a8bec14,152ee17e4c8aaf53dac99f3462e4999b,2017-07-31 15:41:33,62.99,15.19
2bec039adcca39ad3a2d76a949e6c99d,1,d1c427060a0f73f6b889a5c7c61f2ac4,a1043bafd471dff536d0c462352beb48,2018-07-31 13:04:27,119.99,44.64
2bec039adcca39ad3a2d76a949e6c99d,2,d1c427060a0f73f6b889a5c7c61f2ac4,a1043bafd471dff536d0c462352beb48,2018-07-31 13:04:27,119.99,44.64
2bf01051ff9e5195111fd7ffaf865240,1,472e6464088101bf2ec351d222c415ab,87142160b41353c4e5fca2360caf6f92,2018-07-27 02:35:11,69.9,15.59
2bfd14409ba8ba1153ce42b2abc44bb8,1,15b0e8706bf37a95f2bb3665c4cc4c6c,4bf2f4ee540798a61f9636d12cd9cc80,2017-12-22 18:52:09,152.0,15.81
2c203f4297ffa221e33a90171c24249d,1,97017430754804328eb9597b7f85da03,ea8482cd71df3c1969d7b9473ff13abc,2018-02-08 09:35:36,27.99,7.78
2c353c9011928609140c2fe8c3f925a5,1,60142008404f92c16972d1cb6dd0e3c8,98dac6635aee4995d501a3972e047414,2018-02-12 04:31:58,52.11,15.11
2c5871f32e23db4f41bf1c58df2f1bee,1,389d119b48cf3043d311335e499d9c6b,1f50f920176fa81dab994f9023523100,2017-10-18 10:34:54,59.9,13.44
2c62dbd00c329b2e3310383124183d37,1,35afc973633aaeb6b877ff57b2793310,4a3ca9315b744ce9f8e9374361493884,2017-12-21 10:57:29,86.9,13.63
2c6e3395e4f4716fc4d23742912ff80d,1,59f09deeea7c839a9212a19f3416b892,729f06993dac8e860d4f02d7088ca48a,2018-03-02 12:11:14,379.9,124.45
2cb099a54d7344bfd05b445214be4e7f,1,2e274768896aa2c7635b9689423a5d34,6d803cb79cc31c41c4c789a75933b3c7,2017-08-04 11:55:18,44.9,15.98
2cb2f557ab7119a8f1e9e00b7bf75547,1,c36140521283624c2368a1f6c2fec1ab,7a67c85e85bb2ce8582c35f2203ad736,2018-05-14 03:55:18,94.99,18.54
2d0a9e6d2de5c45b98c59fdd868f2076,1,09c3a2ea33f044aebffecd6681e00133,1025f0e2d44d7041d6cf58b6550e0bfa,2018-05-21 03:30:37,40.0,15.23
2d2fa725a6a15bb11defd40be0a0f79e,1,30f2abe62a0f5fb21e4361e83e19f3d8,cab85505710c7cb9b720bceb52b01cee,2018-05-18 08:12:41,79.9,13.0
2d30bcdaaf18c2598140aa6f7f230216,1,87716aafd7c6269cddb3403f85e4102e,06579cb253ecd5a3a12a9e6eb6bf8f47,2018-06-05 11:31:43,43.9,22.85
2d395688fd6ae7eb8d492b8fd1ce287c,1,ac44def10e24998cdee20a208d691127,8160255418d5aaa7dbdc9f4c64ebda44,2018-02-28 14:30:36,85.9,13.62
2d3c3cbfc3286b15ef13547f94567459,1,42a2bd596fda1baef5719cb74f73030c,da8622b14eb17ae2831f4ac5b9dab84a,2017-04-19 23:25:13,79.9,17.3
2d3dbe1773426d039d73770335867829,1,32ad146ce66014dd98fdc2190bc995d6,b6dc74ed30f124f95227bed4e43a3bed,2017-09-21 10:25:41,33.8,12.48
2d5a9031ce30f2732d18bb3722b887a4,1,9048cbd294fe0c1a3ec8c8248bc2cadd,6d66611d7c44cc30ce351abc49a68421,2017-05-26 14:50:07,69.9,17.74
2d856083b0b7c9f8a7bd4f59986eafec,1,ee14580a079d31644603ec91e37c7ed2,d3674f271c91f824f82d24d92011f669,2018-08-14 21:05:09,98.0,17.62
2d8a0bc4abbb7bbb3a420f2219f02f93,1,7c4a8bec217df1de0df2b5aaf8175b65,7040e82f899a04d1b434b795a43b4617,2018-06-27 21:58:43,14.9,18.23
2d9ea2efa410b1efd6bbd47d126819b6,1,9df634af5c467f3b07f3d92f7765aa64,8bd0f31cf0a614c658f6763bd02dea69,2018-02-23 01:47:38,82.0,16.82
2dd14275918584fb2a28d4a4300d01e0,1,f4116e296faeae4edac03ac7a501da81,0df3984f9dfb3d49ac6366acbd3bbb85,2017-07-18 21:10:15,37.9,16.79
2df5ebb637dfe6f39497c081655a0275,1,8d4f2bb7e93e6710a28f34fa83ee7d28,7040e82f899a04d1b434b795a43b4617,2018-02-07 02:10:33,19.9,16.79
2df86a1fe8ce1dbff076f3eef50a664e,1,907c096bf89737ef081eeba5c13991b0,0c7533c71df861ec58ad7ff999ed0e8d,2018-03-06 19:08:48,6.5,7.78
2df86a1fe8ce1dbff076f3eef50a664e,2,907c096bf89737ef081eeba5c13991b0,0c7533c71df861ec58ad7ff999ed0e8d,2018-03-06 19:08:48,6.5,7.78
2df86a1fe8ce1dbff076f3eef50a664e,3,907c096bf89737ef081eeba5c13991b0,0c7533c71df861ec58ad7ff999ed0e8d,2018-03-06 19:08:48,6.5,7.78
2e233dded5d8af5e2baa5c1fca89a6c6,1,8ae2a62356fe10b4261e16268508ddb5,e06f09ec0a4aca210779cf1cfc63cf19,2017-12-21 14:52:16,159.9,15.87
2e2a0af256d902ab2e816447f6f531be,1,05a9dadb8402b6b7ae3dd28f7da187b5,522620dcb18a6b31cd7bdf73665113a9,2018-04-09 03:10:19,159.0,34.65
2e39e94b6b5f7944f872ba6bf39b758b,1,fc931a514a3e080c336911cccd59145b,116ccb1a1604bc88e4d234a8c23f33de,2017-11-22 17:15:55,53.0,7.78
2e4d78cc067d04eaaf791ecbfb2bc3ce,1,3aa87ff048f23ae9ac589dd73c21d98c,5f7300535881cef3b625fd683cf7d145,2018-04-19 09:30:50,89.17,9.36
2e58b7c9ceac16033e568d728d30d620,1,c6336fa91fbd87c359e44f5dca5a90ed,4c2b230173bb36f9b240f2b8ac11786e,2018-08-27 03:09:50,49.9,18.45
2e612a3508e4bce75344e6bfb68f28e0,1,0f4a3e29a1c122f94fe4c48c49d9cfa9,955fee9216a65b617aa5c0531780ce60,2018-02-15 21:50:27,169.0,27.5
2e61fdb90c06ee4a04c2ed31a1092574,1,43423cdffde7fda63d0414ed38c11a73,b1fc4f64df5a0e8b6913ab38803c57a9,2018-03-28 23:47:32,54.99,14.19
2e7afd467bd078429896367562ec0727,1,5c692818d313aa12864b48ac0c2472c2,6560211a19b47992c3666cc44a7e94c0,2018-02-22 08:50:25,29.0,17.63
2e823fe077401bf3d30b8a47e324571f,1,50cada320c34c3d63fa8598fdda8e06e,63bc58679c44e8a998792119fd7ad23e,2017-02-23 13:38:14,19.9,14.11
2e87d5b27ba52796b2b5250002426561,1,aeb2db5f8c0fe1e55a951d49dd331fc3,85d9eb9ddc5d00ca9336a2219c97bb13,2018-06-21 13:11:36,38.9,15.23
2eb455a9ac809470168098ddf4e2a25b,1,210a8305d79b2f5719cbafb2c026797f,f8db351d8c4c4c22c6835c19a46f01b0,2017-11-09 22:10:55,36.9,12.69
2ef02afb7f805f2864894d1477e29443,1,6cff6d6aec600f9164a32e927f72a6fa,5b67882648febfb6e1225e6ad7164f6b,2017-11-27 08:57:25,51.99,13.51
2ef077f0887173cd2d434c424d15fa21,1,8307d6d6781b40a6b3b4c222da56f274,b5e3e38609125694d2ea2417522a60b7,2017-05-05 15:15:18,109.99,16.47
2f5112688e80d5d79344cac900d6bd0b,1,d34c07a2d817ac73f4caf8c574215fed,e7d5b006eb624f13074497221eb37807,2018-07-31 13:10:22,29.99,18.31
2f53a7c846aa70472520bd18b081ebbb,1,4cc8bfa581f41841ce5e24aba773a44a,1835b56ce799e6a4dc4eddc053f04066,2017-09-18 10:15:24,56.99,15.15
2f5c5719818df4d83050dd5174ca0288,1,4d9e8a6d8d07e4f47e093b8c2999ae01,e9d99831abad74458942f21e16f33f92,2017-04-24 10:22:27,48.99,14.52
2f609f51e21add184869268ce7e16048,1,04f6c1fd057cc96a63e1f9579ddb942b,8648b1e89e9b349e32d3741b30ec737e,2018-03-14 13:50:28,38.0,8.94
2f63fa144638f7ade6cb643585538161,1,9739d07ec835e1c66eedb9a6df402bd5,ce69a8021d18961dd2a40269b7c2c293,2018-07-27 13:04:18,91.9,19.83
2f6e1ce2926b6a1f5f9ea11d94b58cb0,1,f775e44f7a8609df5fc7a00faa8b458e,7142540dd4c91e2237acb7e911c4eba2,2017-06-09 13:10:23,71.82,13.52
2f8f31eb2f7b6572836d662a6625c8e4,1,5415fa4d6c000c97cddafcf0419b09f7,0ea22c1cfbdc755f86b9b54b39c16043,2017-02-11 22:52:44,34.9,10.96
2f8f31eb2f7b6572836d662a6625c8e4,2,f59ff3f667dc8dc2b42117736585c1ba,0ea22c1cfbdc755f86b9b54b39c16043,2017-02-11 22:52:44,34.9,10.96
2f8f31eb2f7b6572836d662a6625c8e4,3,3c025396e63ff6925a3b68781e8b3456,0ea22c1cfbdc755f86b9b54b39c16043,2017-02-11 22:52:44,24.9,10.96
2fc4ba497db1306b9048aceaf0f7e5a9,1,7686fe49c98ae1c537b5cc51992f5d20,9d5a9018aee56acb367ba9c3f05d1d6a,2017-09-28 02:30:13,172.33,12.4
2fc4ba497db1306b9048aceaf0f7e5a9,2,9ddc4249779322828f89d2a9c04f7ee1,9d5a9018aee56acb367ba9c3f05d1d6a,2017-09-28 02:30:13,112.33,27.28
2fcae632b06e40088d1800fc1cfc3e69,1,922ee69fced8c701d47470e02811d22a,3bdff180c7e1f6551a643b99c265a120,2018-02-14 09:55:30,16.9,14.1
2ffb8e2050ae93716f72226de572ab0d,1,96b7d9d0248d6f0f688e1a1987642733,02b72cdeb9cfcc429f1af6f4e3f3b737,2018-08-17 19:04:04,135.5,67.54
305af4823119256511e64863ca221c60,1,044f05bc9de36e8a693a83e4bc79dd0d,ea8482cd71df3c1969d7b9473ff13abc,2018-05-21 05:14:47,24.99,50.85
306193c0f58d9f95461c43563b65166c,1,4d272fe20c57c64dc74b3db191fc31ef,d2374cbcbb3ca4ab1086534108cc3ab7,2017-10-19 18:28:09,24.9,9.94
309de5faf9baa8961fd068f3f4e44dcd,1,a12c9204f6f9e90ad1d8ba5571fbfed2,f262cbc1c910c83959f849465454ddd3,2018-02-06 00:50:40,29.99,14.1
30b2ad103e6982881929c367f930ab29,1,2add772ac1b21ad0f2a8f7bfda8723db,610f72e407cdd7caaa2f8167b0163fd8,2018-09-04 16:05:18,656.43,40.93
30fe274ae9909568c501af6539d4306f,1,a59fb60fddcc72a9878b7ed5cb69d8e4,7040e82f899a04d1b434b795a43b4617,2018-07-04 15:30:37,14.9,8.29
312f43273284b7ab987d5bc4d880d5ef,1,f8a7665279f140d238371c8e7604c204,6861de0f40cacb0602e473c51639f980,2018-07-09 20:31:35,25.0,16.37
314639bc2e41647756681b0f2afdb306,1,cc02ea01817f1cb21e6708bc19f1ee20,eeb6de78f79159600292e314a77cbd18,2017-06-12 12:43:28,131.0,23.79
3164a0591e7349349b8f57437a76133a,1,6c81db10f914c4d032b14fa93aa0a818,d98eec89afa3380e14463da2aabaea72,2017-11-30 11:55:41,29.99,20.61
3164a0591e7349349b8f57437a76133a,2,80ac250f5bffe3fff8097929c3c4a938,891071be6ba827b591264c90c2ae8a63,2017-11-30 11:55:41,19.99,9.62
3164a0591e7349349b8f57437a76133a,3,0b0c04563408d8d1187cdbd6292a89fa,891071be6ba827b591264c90c2ae8a63,2017-11-30 11:55:41,29.99,1.37
317c2c773295f70b67e5511ccd55f81c,1,53b36df67ebb7c41585e8d54d6772e08,4869f7a5dfa277a7dca6462dcf3b52b2,2017-08-07 00:43:11,159.9,12.62
318160e821f4c754080f46f95afc1ded,1,57f2de7e1c6028c7d38a50cff155c794,9616352088dcf83a7c06637f4ebf1c80,2017-10-26 02:49:49,39.0,17.92
31b5594fc512aedc5f790621219fd23b,1,596e3ace8e8329beb05bb40700a659f7,e9511df20ccd82658a30c37b7fb343af,2018-08-01 20:24:30,16.5,19.32
31be4a9a42c356eb746eee159757c1b5,1,827c4a77226a3e7ef259d61eaa775df9,b14db04aa7881970e83ffa9426897925,2017-07-13 14:55:12,39.9,12.48
31c2a4ddeb6a9db03922009a2dfcb254,1,1600dcf1cea8c0c83702e07b577ab231,6560211a19b47992c3666cc44a7e94c0,2017-10-31 19:07:43,44.0,15.1
31c97425f34d48507d57e56e0ec2986b,1,a0f27f57faa493eaa9d1609c45f7d16d,3d0cd21d41671c46f82cd11176bf7277,2017-09-08 20:03:45,35.9,26.89
31ca199ff8e0748b9d065f1bfa90450b,1,0e362037e5f02f62c8ce89f49cb9d520,d3674f271c91f824f82d24d92011f669,2017-08-10 02:50:11,39.9,16.79
31cad6ec7ac19b48d3eca43d624f6cfd,1,80df62ce491a20d390c9f69402310f0a,85d9eb9ddc5d00ca9336a2219c97bb13,2018-08-03 04:55:28,38.9,13.61
31eab59cdc8b996f70446d918f2f782e,1,aef5dacb8cffba210a6e307dd01e4923,4b9750c8ad28220fe6702d4ecb7c898f,2017-12-07 20:35:32,49.9,12.04
31eab59cdc8b996f70446d918f2f782e,2,85df978207ed4024ea16570dbb64fd6e,10076e5788b8ee532724bcd460baf762,2017-12-07 20:35:32,24.0,12.04
31f49b876b40d899bdb6c403b4d2b20b,1,43f88c8353708451babf9bcdd1fda92a,cab85505710c7cb9b720bceb52b01cee,2017-05-15 09:50:18,49.9,7.78
3208081336d844f7752b1e939dd1bbac,1,75f95431890ea981914bdb4772341221,d1b9d4be4b6f9ebd85f8acd6745ba612,2018-03-07 00:08:30,84.65,8.18
3218aff04047889f8c6eaafbbcb4ea4e,1,87c9f9f88ecd5b9de26a0a61e06e1d67,3fd1e727ba94cfe122d165e176ce7967,2017-12-14 18:50:10,21.9,15.1
32339685fefe9062d33175a4bc12d555,1,a8557b8cc2880e245f6e7b7dbb0cfb04,0adac9fbd9a2b63cccaac4f8756c1ca8,2017-01-26 20:25:54,32.9,10.96
323bbdc2ccee2a7f26f2a66fca94e58b,1,aaa391b7c35a628a6318851e8e933e0b,e5a3438891c0bfdb9394643f95273d8e,2017-10-10 03:04:04,20.3,8.11
32733fc014b67ef70fa6039dd8c6ba82,1,e5a19f25b139394121110bbaab05087c,75d34ebb1bd0bd7dde40dd507b8169c3,2017-09-12 02:50:24,229.99,26.06
327fed75f27dc1aa02c6e3d33ee29ea8,1,c82a4bcc05f054e3084e20df4ee969cf,e5d4b2b0c3bca22085f7a19a28de0c42,2017-08-31 13:55:08,75.0,16.29
329eb66ed3125473bd5c70dc291b2621,1,03c1fa561b6e1d70f9fa22ab1f08c762,cca3071e3e9bb7d12640c9fbe2301306,2017-06-06 20:30:20,284.9,34.44
32a5bc9d3f2a71d05c275cfb8d2adccf,1,389d119b48cf3043d311335e499d9c6b,1f50f920176fa81dab994f9023523100,2017-07-26 13:55:10,59.9,17.67
32a5bc9d3f2a71d05c275cfb8d2adccf,2,389d119b48cf3043d311335e499d9c6b,1f50f920176fa81dab994f9023523100,2017-07-26 13:55:10,59.9,17.67
32bc89adafbfd38be0cf6931769c6a6d,1,8cdb9ebdf8dcdd09f8495eec1851b0ae,688756f717c462a206ad854c5027a64a,2018-07-26 09:50:11,49.0,24.69
32d29d9903eaaae11d418d087f442fbd,1,e0d64dcfaa3b6db5c54ca298ae101d05,4869f7a5dfa277a7dca6462dcf3b52b2,2017-09-11 13:10:09,179.9,12.76
32e3f54d03f202e02cfc79f9fd91fd06,1,69474edea9d9def8b68de248373f1ad4,0747d5bb69f0586cc869d8af4c50f93e,2017-04-24 13:25:18,23.9,14.52
32f0db75abd9599736ef815f021c684f,1,fc1449f3ffc59fd2eb9640505aea0581,25c5c91f63607446a97b143d2d535d31,2017-11-21 03:50:31,149.87,18.3
32f0db75abd9599736ef815f021c684f,2,fc1449f3ffc59fd2eb9640505aea0581,25c5c91f63607446a97b143d2d535d31,2017-11-21 03:50:31,149.87,18.3
32f0db75abd9599736ef815f021c684f,3,fc1449f3ffc59fd2eb9640505aea0581,25c5c91f63607446a97b143d2d535d31,2017-11-21 03:50:31,149.87,18.3
32f7f9fd01c6b5592202b48442caa441,1,372124d6931c4bc48dd0d56075ebee7c,da8622b14eb17ae2831f4ac5b9dab84a,2017-08-16 21:15:20,24.9,15.1
3335f13449d5b75804a0a49611cf11a4,1,5b99f79ba0d929b0f3270ab0f0f5911f,b0b346d3a89f5eb4c2968af3f083cd43,2017-12-07 20:32:21,40.0,17.6
3341f48b8cd985f52c4cf432a582efe1,1,db6677c6f890ba1730c0b75bd8132579,cc419e0650a3c5ba77189a1882b7556a,2018-04-12 21:10:45,59.99,22.48
334fcd4953d5e5b64f124a0ba7ecb317,1,422879e10f46682990de24d770e7f83d,1f50f920176fa81dab994f9023523100,2017-12-04 03:21:38,49.0,17.64
3354a9e699cdd99dae33906e55a8ca17,1,d4a3b5aa064bf44e74f1e71862bea22a,57c764b4a836300be881e2ff86e449f9,2018-01-19 10:30:24,9.9,16.79
338be6220254203898339bb8b6021138,1,389d119b48cf3043d311335e499d9c6b,1f50f920176fa81dab994f9023523100,2018-05-24 02:58:57,53.9,8.11
338be6220254203898339bb8b6021138,2,389d119b48cf3043d311335e499d9c6b,1f50f920176fa81dab994f9023523100,2018-05-24 02:58:57,53.9,8.11
33ab2dc79c51648bd7787cdf4d64f656,1,404a57563d487aecbc2b1a01d9b89aab,4a3ca9315b744ce9f8e9374361493884,2017-05-29 19:30:17,220.0,13.04
33c1911ef3652a03c6cb098b9399b1d3,1,d35825dd1741eee134506022d73f4e71,4c498c7345e89aebad651544829beca0,2018-07-09 15:31:46,79.69,18.66
33cd2b3de2ec32a78518fd9a66c98641,1,7c4a8bec217df1de0df2b5aaf8175b65,7040e82f899a04d1b434b795a43b4617,2017-11-17 11:10:36,19.9,7.78
33d4257aa190f034f74c6626a12b6e53,1,7aac5971b0560a816c14f6b6e9185bcc,40d54b51e962dbe09cabbcfd33298dee,2017-09-21 23:10:18,209.99,18.72
3431dbb0c64629bd76dc81b736c46e4d,1,2c52e710fd7c065119722cad50607252,b33e7c55446eabf8fe1a42d037ac7d6d,2018-03-22 23:50:32,379.0,15.09
343a5573915ce27b1a6200e1656b5049,1,955ef07f4e61b2033c9d6af6a6b61783,da8622b14eb17ae2831f4ac5b9dab84a,2017-04-05 19:50:16,84.9,13.17
343ee80178e16012130cb0007eac5888,1,48640118918b5bd6454e3fee20ad637b,2a7dc43cecabf23403078e2188437d1d,2017-11-30 16:31:26,294.0,28.2
345a398e91fef84fbffb9c07611c9959,1,4039e5b67d430bc9a4078e814d7fafc9,e4253cef933647000a82ff39c67b7bde,2017-05-11 23:05:13,29.0,25.63
3464de846f6595e07bdee9f5a234743c,1,2a2d22ae30e026f1893083c8405ca522,1a3df491d1c4f1589fc2b934ada68bf2,2018-01-19 13:28:53,148.9,17.69
347610961383f5990e1d0ce3fd0afa5a,1,90ebb732ad20456afe8516eb5fbf75f6,bd23da7354813347129d751591d1a6e2,2018-08-21 09:29:42,299.9,14.4
34a254b2668083c77b9158c151571877,1,e4d1cdc6559e08672c98c73a21305521,d354c38a7182125a748cb10474fe963b,2017-10-13 17:26:39,18.99,15.1
34b426d7bae7fa280beff9a3cda190da,1,d2f5484cbffe4ca766301b21ab9246dd,36a968b544695394e4e9d7572688598f,2018-06-25 01:30:57,12.88,18.23
34d9e89f7b783901742e22fdbd182a59,1,b69eb25e3a4def8e9cddee18712e0c5e,8ed8ea9a57c862f2c18c2fe41f601d56,2018-05-14 18:57:41,199.0,32.79
34e52c9f5c9ec68a599473a73c06a782,1,be0dbdc3d67d55727a65d4cd696ca73c,8e6d7754bc7e0f22c96d255ebda59eba,2018-02-28 08:08:13,79.79,15.31
34e6d418f368f8079ae152bc178bc66a,1,8215db96a612d69839c27866feabf350,c794dab4928dd97beb41d05514441e86,2018-01-18 19:54:25,33.8,15.1
34e974a7933cdef65a81519b29e3bb26,1,53b36df67ebb7c41585e8d54d6772e08,7d13fca15225358621be4086e1eb0964,2018-03-06 09:29:32,128.89,15.65
34fd3e758f03c7fe6169308d0fa11582,1,308f901f3cbc9dd383146e97562ef8ed,4869f7a5dfa277a7dca6462dcf3b52b2,2018-08-01 08:30:10,129.0,51.62
351c9272da4d3af9d74d3b30ee84cdde,1,2b4609f8948be18874494203496bc318,cc419e0650a3c5ba77189a1882b7556a,2018-02-26 12:06:39,89.99,16.39
3522a71840bea6bd1cd78ae529622ff4,1,4cde3ff89f4a66c712c088e5542ee7a6,cca3071e3e9bb7d12640c9fbe2301306,2017-03-20 19:34:45,129.9,20.99
35484f2865463bc3be59efbdc0b218a1,1,60495adb1f1a49c8aea75e5e56a47a48,0df3984f9dfb3d49ac6366acbd3bbb85,2017-09-21 12:50:20,92.9,17.09
354894de6c4b417d6144c2f4a054416f,1,418d480693f2f01e9cf4568db0346d28,12b9676b00f60f3b700e83af21824c0e,2018-04-05 02:15:43,199.0,15.11
354d1019e78710d25e0d7240ec6c0792,1,4ebb87ba41ca446326804d0e7f8dcc93,7a67c85e85bb2ce8582c35f2203ad736,2017-02-26 18:37:41,119.99,17.58
354fc19d43cbb0ad997bd631a02fd169,1,1a6c9da4039deae58c2b769f049ae121,ed4311e67debd72b8610a5347a743087,2018-07-11 09:30:48,97.0,27.34
356108ac93685d12f65fe827e25bb138,1,bc74f63361c15c1a5baa5b97ac432e62,4869f7a5dfa277a7dca6462dcf3b52b2,2017-12-20 02:12:13,234.9,16.39
35774167bb17537229f8ffb6e662981c,1,2c004d873fda9131eb12f6b71538087a,b2479f944e1b90cf8a5de1bbfde284d6,2018-02-28 23:10:22,44.99,13.37
3598d5876c343ad3d9699be24dc09b8a,1,76b7fa5da50b22fe17d1e7bbde661106,2a261b5b644fa05f4f2700eb93544f2c,2018-05-22 02:14:37,45.0,19.32
35b93dcd988cc9e90dd933769bb196c4,1,9ef3514cbcbf73d8b7d294036f99737f,b33aaadd1a8891d2dfef0c4c3bdf0371,2018-05-07 16:35:19,87.0,27.79
360d1b0085f85a626f77b5fe558e8ae8,1,d04857e7b4b708ee8b8b9921163edba3,9f505651f4a6abe901a56cdc21508025,2018-07-20 12:22:21,69.99,15.59
360ea8da05d9705bd651981c6cfc9a22,1,f6e0b7ccc34e4decc1b855f8da06a5fc,2a7dc43cecabf23403078e2188437d1d,2017-11-30 12:12:53,129.9,12.11
3612774010df99c2dbad4a7dbebfff59,1,30f2abe62a0f5fb21e4361e83e19f3d8,cab85505710c7cb9b720bceb52b01cee,2018-07-25 16:30:44,79.9,7.82
3619a073d29c01c4cfb83078a695f13e,1,0bcc3eeca39e1064258aa1e932269894,1f50f920176fa81dab994f9023523100,2018-03-05 03:36:02,53.9,13.4
36252698cf1f3b91960c60cb2524ae78,1,07821918ef487fd64eb20b3c8aeb897f,e9bc59e7b60fc3063eb2290deda4cced,2018-06-19 02:55:12,144.0,14.13
36252698cf1f3b91960c60cb2524ae78,2,07821918ef487fd64eb20b3c8aeb897f,e9bc59e7b60fc3063eb2290deda4cced,2018-06-19 02:55:12,144.0,14.13
362cd36939c1c4638bad780d01b3fd68,1,05f0fe07929d35be0748fac56eecbeb2,c70c1b0d8ca86052f45a432a38b73958,2018-06-29 03:32:39,110.32,8.03
366446679f4ddbffb2d8934f1abef1f8,1,f35927953ed82e19d06ad3aac2f06353,669ae81880e08f269a64487cfb287169,2018-04-26 23:31:07,115.0,18.69
366446679f4ddbffb2d8934f1abef1f8,2,f35927953ed82e19d06ad3aac2f06353,669ae81880e08f269a64487cfb287169,2018-04-26 23:31:07,115.0,18.69
366cd70c12d03e78401252dea8e27bf4,1,d5ad1429503cdb3871407ed2e8fbf859,6edacfd9f9074789dad6d62ba7950b9c,2017-06-22 04:43:57,140.9,13.54
3671c63de5b229f79f8ada4644a3d995,1,3db8ae718c645f8d0de8d1042bd9acd6,4d6d651bd7684af3fffabd5f08d12e5a,2018-02-26 13:27:54,99.0,8.44
368df49737936bddc9d47a700a1920b9,1,f78c2e2b9562f4eb436a275b2a230531,620c87c171fb2a6dd6e8bb4dec959fc6,2018-08-14 03:55:22,69.9,23.29
36b99cb18912a8b79b8b49685d71503a,1,89321f94e35fc6d7903d36f74e351d40,16090f2ca825584b5a147ab24aa30c86,2018-05-16 19:35:31,27.9,12.94
36f3f1d96022b41043bf6db3266453cd,1,2de5c479fb0c490a0f2a2f3ab36e71b6,dfc5fb7259bb2b599ca565e6e9448f0f,2018-06-01 12:31:27,174.99,20.19
37478cd0f9c2bb79fe9027f43f6e28c3,1,31a2f42a87890f87d77daebdfabc182e,4c03b9dd4c11ee2cb35c96c49efc9420,2017-06-07 14:22:44,149.0,13.25
374d4811c6f3657ec62ffec582801ccd,1,3a4113a7009a9fda9cc0021c98b74332,89de2d6f23e9746ff309705b23581faa,2018-08-09 18:24:00,50.0,19.54
375e5c646664c609938372d3f62da9d6,1,bee2e070c39f3dd2f6883a17a5f0da45,4e922959ae960d389249c378d1c939f5,2018-02-09 19:49:49,180.0,9.46
3762c0ef92b5bc397671e6d7e6d5672f,1,422879e10f46682990de24d770e7f83d,1f50f920176fa81dab994f9023523100,2017-08-21 23:30:19,59.9,13.44
3772bd82db6b988f9a7008bdb3a4b729,1,9e4a852f41aff52bafff133d9deb5eee,3d871de0142ce09b7081e2b9d1733cb1,2017-09-08 06:24:30,99.0,17.94
377627ea55b004e8d55a2af17ba3c0e1,1,e8ac63e69971f9cf0bd7a7f78b8841ab,6560211a19b47992c3666cc44a7e94c0,2018-05-22 14:18:58,199.0,8.26
378035ea5017f82d47a885f52fff9be1,1,e168af8b2f0d9319737c6a7a37904f9e,3586b8580d9c917874e053a1bb37b5ff,2017-05-19 09:43:18,18.9,14.52
3785ffb02b0b201a23df7daf357c271d,1,2052b3c5e08893e567c2fb7778476c75,be8e909810184b9b19e886129149d8e5,2017-10-09 13:49:19,44.99,9.94
378895a1dc15cc571051e1b1c2e0c27d,1,c48c077b8b116d8da988077363070d9b,a5cba26a62b8b4d0145b68b841e62e7f,2018-02-21 18:10:28,299.0,44.12
378e4ea286514bf3ca1356670c708ac2,1,5ae2f57d379f89f995f9444cdb6d5c60,d594982fd877af63ace38ea1fca27c76,2018-07-05 18:09:59,27.19,12.85
379fed4a1ab7b5a3e8126fe0b76b9ebe,1,57f2bc497c1a3ebe41ba7a06d78ed159,6560211a19b47992c3666cc44a7e94c0,2018-07-31 13:20:11,55.0,7.65
37a5627c7451cf77174dbb624b22f8d4,1,aca2eb7d00ea1a7b8ebd4e68314663af,955fee9216a65b617aa5c0531780ce60,2018-01-04 04:07:42,75.0,13.08
37b9ae736e1038316332953137270003,1,09dbbe2c4f26cad4d560aea043f9632c,c6bda72e4dbf5c5866b13cb1810c6d03,2018-02-12 20:49:48,109.9,9.58
37c8cbbb816470ceb8a3026653cf3d3c,1,3ac52f93c2299daa201fbb7ff36546f7,7e3f87d16fb353f408d467e74fbd8014,2018-03-08 02:10:01,43.89,25.63
37d24e9a88068283d102aebd4f765133,1,b45755e01d70d935e074cdde682bed74,0c8380b62e38e8a1e6adbeba7eb9688c,2017-01-26 23:08:14,89.9,17.37
37f6cceb272b1ae10ed4bd8cc0d4a98a,1,7564c1759c04fc0a38f2aa84f7a370ee,6860153b69cc696d5dcfe1cdaaafcf62,2018-08-08 13:35:17,45.97,19.51
382fe4c08d9dc3aec94cd1aeca20b992,1,9b37a918bcf2c8e1064e867cf1df4637,f27e33c6d29b5138fa9967bcd445b6d5,2017-12-05 02:16:50,34.9,9.34
383ba1470e3ace2021f232303b6d4097,1,8ebb3f77fca7f2ec3283f8850ac55a15,955fee9216a65b617aa5c0531780ce60,2018-04-16 22:52:39,45.0,16.32
38422d02f6afe2fd7a700d046a3cabee,1,fa381a4a9af65ea5fc8f3829214045f9,70eea00b476a314817cefde4aad4f89a,2018-05-28 15:15:27,269.9,24.43
385408894abaef5ea2b48046ca02f823,1,aadff88486740e0b0ebe2be6c09476ae,da8622b14eb17ae2831f4ac5b9dab84a,2018-02-22 02:47:43,29.9,15.1
38878bafc676263af50211706ab39e7c,1,f28fd17099749b33b6e5081515b2e797,c7fdb77fdbff3c41981bc52f787e959e,2018-04-26 18:30:48,49.0,20.52
38878bafc676263af50211706ab39e7c,2,1f58ebdc810e1d5c7cead7f763c27a94,c7fdb77fdbff3c41981bc52f787e959e,2018-04-26 18:30:48,85.9,20.52
38934582b8eedc324fe26767c76fb63f,1,0c79aab7a6a2449f932887fb3c8d0127,70b52a4cfc823994561b00bad161b4ed,2018-07-24 14:02:23,58.5,7.67
38ac62af1b354671501c9bbfc55bf187,1,bac35584a4b6413380a74f9617e12379,8444e55c1f13cd5c179851e5ca5ebd00,2018-02-22 01:53:24,271.25,15.63
38b0b2a81ea0f8c9feec0554fc6cc3c7,1,6a162a899a815ed15db1689e8efc976c,b94cc9f10ddc85e4ba73a6f7974e7101,2017-11-17 11:15:36,649.9,21.8
38b80ac02e3ce34b306483fc57a33bc5,1,b09790edda54333116f9cf1decc580a1,d2374cbcbb3ca4ab1086534108cc3ab7,2017-03-30 15:34:47,24.9,10.96
38b9365bb512e4746d21b59d3eaaa146,1,368c6c730842d78016ad823897a372db,1f50f920176fa81dab994f9023523100,2017-11-29 22:55:20,49.0,19.63
38b9365bb512e4746d21b59d3eaaa146,2,53759a2ecddad2bb87a079a1f1519f73,1f50f920176fa81dab994f9023523100,2017-11-29 22:55:20,49.0,19.63
38b9365bb512e4746d21b59d3eaaa146,3,0bcc3eeca39e1064258aa1e932269894,1f50f920176fa81dab994f9023523100,2017-11-29 22:55:20,49.0,19.64
38c08fbad68f49682733a8d83e997aa6,1,b84520a57891e7a8ae2c68741dcc7146,6560211a19b47992c3666cc44a7e94c0,2017-10-05 00:35:17,45.0,7.78
38c61d1bbf5143a8c347ebaa490e234b,1,aede48631330269f65a8d680de491657,dbc22125167c298ef99da25668e1011f,2018-01-15 21:12:52,82.9,14.31
38ef39ee8ebc5f492b0253bcd1213dcc,1,db8416b29581dc9ccea5e43e59fda317,afe0067131b73e40875c9b6c10bd2e21,2018-06-14 23:11:08,114.9,57.35
3937af5e68a191867e6224cd78fc2cd1,1,14e40526732f35d38620a487e0776b27,f0b47fbbc6dee9aafe415a6e33051b3f,2018-05-15 09:10:27,39.99,16.32
3981ab3fc085c2a1d4dcca88197fe7fd,1,4eba76ab901d06e619d8d7ac69b3579a,a420f60ff1aa9acc80d0e42959f2b313,2018-02-15 15:15:24,43.0,9.34
39a70e9e9b729b11dee34ac12478597f,1,1d3ecbda18167c766a3381fd16108e4a,dbc22125167c298ef99da25668e1011f,2017-08-22 21:44:13,108.9,20.0
39c438f2a835b25cd51bbd1bed5d089e,1,a0adc3041e9917104f3fea4ba995adcb,2addf05f476d0637864454e93ba673d5,2017-12-26 23:30:12,319.0,25.61
3a0ad73a22a4ca1af66f3f7ee5c6c3fd,1,7afa8c8eca2a26b599823eed4975a820,835f0f7810c76831d6c7d24c7a646d4d,2017-09-13 15:45:21,169.9,14.79
3a213fcdfe7d98be74ea0dc05a8b31ae,1,a62e25e09e05e6faf31d90c6ec1aa3d1,634964b17796e64304cadf1ad3050fb7,2018-01-18 02:11:05,108.0,15.52
3a213fcdfe7d98be74ea0dc05a8b31ae,2,a62e25e09e05e6faf31d90c6ec1aa3d1,634964b17796e64304cadf1ad3050fb7,2018-01-18 02:11:05,108.0,15.52
3a213fcdfe7d98be74ea0dc05a8b31ae,3,a62e25e09e05e6faf31d90c6ec1aa3d1,634964b17796e64304cadf1ad3050fb7,2018-01-18 02:11:05,108.0,15.52
3a213fcdfe7d98be74ea0dc05a8b31ae,4,a62e25e09e05e6faf31d90c6ec1aa3d1,634964b17796e64304cadf1ad3050fb7,2018-01-18 02:11:05,108.0,15.52
3a213fcdfe7d98be74ea0dc05a8b31ae,5,a62e25e09e05e6faf31d90c6ec1aa3d1,634964b17796e64304cadf1ad3050fb7,2018-01-18 02:11:05,108.0,15.52
3a213fcdfe7d98be74ea0dc05a8b31ae,6,a62e25e09e05e6faf31d90c6ec1aa3d1,634964b17796e64304cadf1ad3050fb7,2018-01-18 02:11:05,108.0,15.52
3a213fcdfe7d98be74ea0dc05a8b31ae,7,a62e25e09e05e6faf31d90c6ec1aa3d1,634964b17796e64304cadf1ad3050fb7,2018-01-18 02:11:05,108.0,15.52
3a213fcdfe7d98be74ea0dc05a8b31ae,8,a62e25e09e05e6faf31d90c6ec1aa3d1,634964b17796e64304cadf1ad3050fb7,2018-01-18 02:11:05,108.0,15.52
3a213fcdfe7d98be74ea0dc05a8b31ae,9,a62e25e09e05e6faf31d90c6ec1aa3d1,634964b17796e64304cadf1ad3050fb7,2018-01-18 02:11:05,108.0,15.52
3a213fcdfe7d98be74ea0dc05a8b31ae,10,a62e25e09e05e6faf31d90c6ec1aa3d1,634964b17796e64304cadf1ad3050fb7,2018-01-18 02:11:05,108.0,15.52
3a213fcdfe7d98be74ea0dc05a8b31ae,11,a62e25e09e05e6faf31d90c6ec1aa3d1,634964b17796e64304cadf1ad3050fb7,2018-01-18 02:11:05,108.0,15.52
3a213fcdfe7d98be74ea0dc05a8b31ae,12,a62e25e09e05e6faf31d90c6ec1aa3d1,634964b17796e64304cadf1ad3050fb7,2018-01-18 02:11:05,108.0,15.52
3a73a24fa6a0d8ffd462fb4bb62e66fc,1,7041ae473941c8270e3a0f3cf73a379f,004c9cd9d87a3c30c522c48c4fc07416,2017-12-26 17:36:30,139.9,16.61
3a97b29009aa1ec54a67fd256b762b14,1,34eb0685663d60e57a9ca086c8e33423,048c2757535328e0d7dac690ad3c0aae,2017-08-11 17:03:29,199.7,18.65
3ab7017ae596ec8fae78b7232580a0a8,1,9e2821b749b419a902d948c583175ece,76623fde66e6b63b59440fd34160512d,2018-01-12 15:12:31,29.5,7.78
3acbf8d525d03b71546282c532a3dc6b,1,151133751552ad5bdd6645dfdcb0e728,1e8b33f18b4f7598d87f5cbee2282cc2,2018-01-23 22:07:22,75.5,13.55
3acbf8d525d03b71546282c532a3dc6b,2,c96dae58447b1aade5e8a7e28a87a31a,1e8b33f18b4f7598d87f5cbee2282cc2,2018-01-23 22:07:22,75.5,13.55
3b1bf20520476dc7b150dd52f521e525,1,095cb863f2b04911455ad33f5177062e,2059c39f76271d4ca3f15b5ffaccc8b8,2017-06-01 02:25:18,53.9,16.14
3b1c5a036e0412d8c9dda3d6df67782a,1,3e591cbf1cec40074c24a2ce372a5b62,3faf68a3b0af94b10bac70d86077be49,2017-03-14 15:32:21,188.99,15.09
3b2d986d88e983cc12154191391193ad,1,53b36df67ebb7c41585e8d54d6772e08,7d13fca15225358621be4086e1eb0964,2018-07-09 16:31:36,119.0,18.93
3b9de7cf25713aac3ab7e5cc48d83983,1,b4fc7e84dcaf2fcf3edb234e30362929,c3867b4666c7d76867627c2f7fb22e21,2017-07-27 10:55:11,115.0,20.05
3bae20c7f7ad4cf125d51f381c55f8e5,1,1a909e04ddbc64bda3fc905834678201,1c68394e931a64f90ea236c5ea590300,2018-03-09 03:10:42,76.9,12.67
3bc9ec33a0837981e7f5e35876723afb,1,1b11571a0535a643bb18db34b84b7334,48436dade18ac8b2bce089ec2a041202,2017-04-12 11:02:56,69.9,17.92
3bc9ec33a0837981e7f5e35876723afb,2,1b11571a0535a643bb18db34b84b7334,48436dade18ac8b2bce089ec2a041202,2017-04-12 11:02:56,69.9,17.92
3be070ae2edd92621c933c5341674b4e,1,873d2aa3911060e77ac89009410aa908,6c177e38df6d3f34182b1f1d427231bf,2017-12-05 04:28:35,148.0,43.07
3bf31ab7902ee8a53800c1f3d57651eb,1,ceb25e5f3be12c14a1c69bd9e9e0f67f,7299e27ed73d2ad986de7f7c77d919fa,2018-05-02 03:51:31,57.99,18.29
3c31676dda1c2731a56d31f4157f72b4,1,30469bb5ea377eae7121981e2f0778e4,80e6699fe29150b372a0c8a1ebf7dcc8,2017-07-17 09:25:14,113.0,28.15
3c39f4ac4b4520bfaaba2cee448cd823,1,258ee266f0b142b30248b7c57b56d579,2379bdc3888025689a9deb7b141507d5,2018-03-14 04:29:18,7.9,18.23
3c54c8962d6cafc1d74f293b4f025483,1,48e5af4df590c37a05a29b5c86e020e1,2a6fbeaa7ab9e5d59a35841a8da71ce4,2018-01-30 16:14:13,70.0,15.24
3c6956bf8f0e149d42761d50bf2ccb84,1,879089af9bd91cf72a7154b3be3e1074,8d956fec2e4337affcb520f56fd8cbfd,2018-06-28 05:31:10,41.99,7.55
3caf6c286c8cde37ea9c0fb2da0e3169,1,550299c725cac9511da2b6f40543270c,609e1a9a6c2539919b8205cf7c4e6ff0,2018-06-14 05:15:58,7.9,22.06
3caf6c286c8cde37ea9c0fb2da0e3169,2,550299c725cac9511da2b6f40543270c,609e1a9a6c2539919b8205cf7c4e6ff0,2018-06-14 05:15:58,7.9,22.06
3caf6c286c8cde37ea9c0fb2da0e3169,3,550299c725cac9511da2b6f40543270c,609e1a9a6c2539919b8205cf7c4e6ff0,2018-06-14 05:15:58,7.9,22.06
3caf6c286c8cde37ea9c0fb2da0e3169,4,550299c725cac9511da2b6f40543270c,609e1a9a6c2539919b8205cf7c4e6ff0,2018-06-14 05:15:58,7.9,22.06
3caf6c286c8cde37ea9c0fb2da0e3169,5,550299c725cac9511da2b6f40543270c,609e1a9a6c2539919b8205cf7c4e6ff0,2018-06-14 05:15:58,7.9,22.06
3caf6c286c8cde37ea9c0fb2da0e3169,6,550299c725cac9511da2b6f40543270c,609e1a9a6c2539919b8205cf7c4e6ff0,2018-06-14 05:15:58,7.9,22.06
3cc14e2cf62e0a0d4d469d77141dfac3,1,cdeefdce9704b2a961a01e89b1f19e7b,34d1ca11b242c0fee2c834ae8d788566,2017-05-24 23:35:15,240.35,19.25
3ccf90ae3753b3d692dd5f400621502e,1,cd4536501f4e8486f233ea0c0e7e1ee8,1da3aeb70d7989d1e6d9b0e887f97c23,2018-04-10 20:55:27,54.99,16.35
3cd99cd38f3f27164941ce0ade8d2a5f,1,c105ffe5631ecf052dd611db3693968f,4e17c65a516f69d023a2ae78b84f28d6,2018-02-21 19:11:27,159.9,21.92
3d00fba40b3bbf3283c4f21e9129d855,1,50565731f3aeea3f334d15ab5bb98546,382229d1e840115ffe3dbf5ff460e417,2018-05-24 18:31:41,49.9,15.23
3d04db36b662c14acf27ab0dc7057fef,1,53b36df67ebb7c41585e8d54d6772e08,4869f7a5dfa277a7dca6462dcf3b52b2,2018-05-18 00:31:39,116.9,0.0
3d0acef161147c90c2fd5e7cd8e199e1,1,e9def91e99c8ecb7c5cef5e31506a056,850f4f8af5ea87287ac68de36e29107f,2018-01-29 03:37:30,69.99,16.25
3d0bb712c6a8ebe6bda01b3bdf6f331b,1,57f2de7e1c6028c7d38a50cff155c794,9616352088dcf83a7c06637f4ebf1c80,2018-08-13 08:50:22,39.0,13.61
3d17d211984312889a4d60f359859535,1,23bcd6822a33df5534f9b290216eec1f,ac3508719a1d8f5b7614b798f70af136,2017-10-03 12:07:26,129.9,25.75
3d3977c331c2a5e7da23ea7057a4c317,1,a1bf559ac1eab015ba992bd76d9d76c7,85d9eb9ddc5d00ca9336a2219c97bb13,2017-02-26 15:10:23,19.9,15.65
3d4bfa3de7e617f61d1ee3c87e95b204,1,87aff1d9a5e94db6840c5b963a5cef90,530ec6109d11eaaf87999465c6afee01,2018-06-05 09:52:14,135.0,27.68
3d5651800efaa81c9c96808ded6f145e,1,ceb43e52119b25c8f2b6049a5534c339,6b243f80ed07b10f0e8aa0f21a205f3c,2017-09-21 19:45:39,64.9,15.21
3d5857f4fdb1061d247dea2544782580,1,2b6726ab177dc4ec000e5fcfc6926cf2,e7df4cd29ab5abab70fb0783ddb53987,2017-10-31 15:14:19,339.0,10.57
3d76808da6242e8c7476a606fb6b5935,1,154e7e31ebfa092203795c972e5804a6,cc419e0650a3c5ba77189a1882b7556a,2017-08-17 04:04:48,23.99,17.63
3d989e705eac70bfb1f4a430924f3402,1,22a8168cf1f1c6347da8d29863b7f75e,612170e34b97004b3ba37eae81836b4c,2018-07-09 05:15:24,298.5,20.19
3da82f366802e4512789763543d67ee2,1,fca62108387e25005784da2f551466a1,31344c16881c08a8a72c6d2eb29918c1,2017-03-30 20:22:29,249.9,34.03
3db52c1df4d52ab19d7e7365d647f6fc,1,b046862b2553fe4962392cdc93a2ae93,b1a81260566c1bac3114a6d124413f27,2018-05-29 10:16:36,189.9,15.41
3dc2e037b872ca03f5b91028710abae5,1,387e781bdd254dd8821e6194af0fa8d7,9c690ceacd5c66731bf443ea810195cb,2018-06-20 17:01:18,128.9,26.27
3dd1232f9ae258b596e0189d82e2a222,1,c8eb5b2d7173db25ec9bfc54dcb4ccbb,9d4db00d65d7760644ac0c14edb5fd86,2018-06-12 17:31:03,147.99,9.33
3dd189079200a1a247bc4a01d16e7ebb,1,3b0f7951038b105522c2d566b54421f7,562fc2f2c2863ab7e79a9e4388a58a14,2018-03-29 18:07:59,28.99,37.04
3deae78fe543fe7c561f18a237ad309e,1,e9def91e99c8ecb7c5cef5e31506a056,850f4f8af5ea87287ac68de36e29107f,2017-12-06 23:08:22,69.99,9.34
3e50ccb3e4c2558e4235db553f8dc2b1,1,a8075470f960215ffb67624782f80fec,ff063b022a9a0aab91bad2c9088760b7,2018-06-11 21:51:02,99.0,12.6
3e73a3d4003ea03e955b2fba57e2dc79,1,092be1e8336fc404c57bd5970d056886,cbd996ad3c1b7dc71fd0e5f5df9087e2,2018-07-17 18:04:11,66.39,19.66
3eae45e1345a16673017c7c36f18ee34,1,06f0e85c7892d5df893f332706340af1,3d871de0142ce09b7081e2b9d1733cb1,2017-03-17 16:49:06,149.0,29.97
3eb08a4c95b522bed075ec059ad858ab,1,fcf6ad274391aea29f5d6e5ef9da5050,5cf13accae3222c70a9cac40818ae839,2018-08-12 22:15:22,89.7,13.34
3eb08a4c95b522bed075ec059ad858ab,2,bcf64c2356ded745b81b4348a8a763e1,5cf13accae3222c70a9cac40818ae839,2018-08-12 22:15:22,89.7,31.77
3ebcfe0e628a860eb240b63084495439,1,021f04378f9692f8747f926f38bb8281,082e0bf4cb865a6533b1e8e498cc0255,2018-07-19 04:32:18,60.5,22.24
3ee6f1a94cd7b1aa622553fd94a3aaf3,1,4606f0b0bceceb75e7a887e6b57cae3e,25c5c91f63607446a97b143d2d535d31,2017-08-31 11:30:24,155.0,36.41
3ee6f1a94cd7b1aa622553fd94a3aaf3,2,4606f0b0bceceb75e7a887e6b57cae3e,25c5c91f63607446a97b143d2d535d31,2017-08-31 11:30:24,155.0,36.41
3ef3c976c86d9ea7e4758728a87732f0,1,9f0599e0b0d3f41749a3288e0043f21e,da8622b14eb17ae2831f4ac5b9dab84a,2017-03-29 15:13:04,199.9,17.55
3ef6bcdda6193f8657168ba7e8b3e948,1,de62b43aa8f2f2becaa227a4132b2aef,46dc3b2cc0980fb8ec44634e21d2718e,2017-11-20 00:56:06,199.99,17.97
3f03a16ea2034e425f930d42cd315637,1,b1631003bdbc3b1e876f83a7d851d74a,cc419e0650a3c5ba77189a1882b7556a,2018-04-26 05:49:57,54.99,15.26
3f0541d009d20e9a244f3bb2ebf07f8f,1,c831ad5c44cdf4b4cf324dca0f4f6d8b,8a40ae794fa3f9892cee24bd5af0488b,2017-11-29 19:15:45,49.99,21.15
3f2b4c236891942b9cb9f73c490a47b8,1,cfb763496d9fc48751a27db4fd02aa2d,391fc6631aebcf3004804e51b40bcf1e,2018-06-21 14:30:36,49.95,13.01
3f6484ca65eed5c701aa5e348623537f,1,9545d45c37449ccbc376de3a04c66e71,431af27f296bc6519d890aa5a05fdb11,2018-04-09 05:35:15,135.9,21.88
3f7aea4e3cecef996bd62713fbf8712b,1,d4a3b5aa064bf44e74f1e71862bea22a,57c764b4a836300be881e2ff86e449f9,2018-02-08 13:49:41,9.9,15.1
3f80947ce4ab2d28cede3db5c92e44d7,1,8e7a3ee016b12c87b5e3e7e717620758,955fee9216a65b617aa5c0531780ce60,2018-05-10 07:09:54,110.0,9.12
3fbba2a364f0072dbf76ad244e734258,1,79c0ace2ccf0da036e787875a49151a4,b32be1695eb7ec5f10f72d9610a12527,2018-01-25 08:15:41,379.0,36.96
3fddb37d99af3ae9c36dc26f4edb3afe,1,777d2e438a1b645f3aec9bd57e92672c,4a3ca9315b744ce9f8e9374361493884,2017-11-24 19:09:31,69.9,17.74
3fe67b23f3a9532482fd5c6dda351895,1,62d8daeee0db3a60c234c2d1bfd10651,d2374cbcbb3ca4ab1086534108cc3ab7,2017-12-27 18:52:22,30.9,11.85
3ff488af63223ea08fce4e9db03a82dd,1,e7d26dd6742baca292020c158e6720c3,6cd68b3ed6d59aaa9fece558ad360c0a,2017-02-16 17:11:02,54.9,20.83
403a0fd88d423ef5d91893e2787c806f,1,53b36df67ebb7c41585e8d54d6772e08,4869f7a5dfa277a7dca6462dcf3b52b2,2018-04-27 13:31:05,106.9,0.0
403e499c55ee10e52fbf26762b33a5f3,1,7a10781637204d8d10485c71a6108a2e,4869f7a5dfa277a7dca6462dcf3b52b2,2017-08-29 00:32:49,229.9,16.36
403fee786bf2a91a88cb6bb0ac68d07f,1,5e34d2963378695699827b6e629392b4,38e679b9e0064cd94c6f035707344dae,2017-10-02 06:33:32,79.27,12.68
403fee786bf2a91a88cb6bb0ac68d07f,2,5e34d2963378695699827b6e629392b4,38e679b9e0064cd94c6f035707344dae,2017-10-02 06:33:32,79.27,12.68
407fe646704ea7828e324c8ef7e7e616,1,6ee1607bacba780139e7f7fcd316c1d0,5cbbd5a299cab112b7bf23862255e43e,2018-07-31 02:55:20,117.33,8.63
407fe646704ea7828e324c8ef7e7e616,2,3a05a947f28cf46d789adedc107d7595,87142160b41353c4e5fca2360caf6f92,2018-07-27 02:55:20,119.9,39.72
407fe646704ea7828e324c8ef7e7e616,3,3a05a947f28cf46d789adedc107d7595,87142160b41353c4e5fca2360caf6f92,2018-07-27 02:55:20,119.9,39.72
40ccf6af09b0aadbf3e2710fb2f17715,1,49898603599da69a7ec746e336c2b4d1,36890be00bbfc1cdb9a4a38a6af05a69,2018-07-24 21:23:08,298.8,25.24
40ebc9d21ae5f5d7dfd398f87e63f455,1,fd0c762860528d119344e1377b574fc5,4371b634e0efc0e22b09b52907d9d469,2018-03-16 17:10:50,50.0,7.39
40ebc9d21ae5f5d7dfd398f87e63f455,2,fd0c762860528d119344e1377b574fc5,4371b634e0efc0e22b09b52907d9d469,2018-03-16 17:10:50,50.0,7.39
40f27de71845c6aebc742107208b5c2b,1,12667a519a4a3094eab02f5841b07409,6560211a19b47992c3666cc44a7e94c0,2017-10-18 11:49:31,39.0,7.78
40f27de71845c6aebc742107208b5c2b,2,91442659f31ec0f0fc73215e77854fac,6560211a19b47992c3666cc44a7e94c0,2017-10-18 11:49:31,55.0,7.78
40f486f48285528ce9da6577b086c451,1,e336c656869480e20d04ca9389b12167,cca3071e3e9bb7d12640c9fbe2301306,2018-02-15 11:50:38,59.9,12.76
410ca45d84f47d06fba1e4476a10b392,1,06cd420a1b028388e0bf1f78daf20411,eeb6de78f79159600292e314a77cbd18,2017-04-20 13:15:19,889.0,18.8
410cfb42b9a36728a695fe883df04ebf,1,bd07b66896d6f1494f5b86251848ced7,5058e8c1e82653974541e83690655b4a,2018-06-27 04:15:17,149.99,82.5
410cfb42b9a36728a695fe883df04ebf,2,bd07b66896d6f1494f5b86251848ced7,5058e8c1e82653974541e83690655b4a,2018-06-27 04:15:17,149.99,82.5
413648037e02e5c759e67071c61b2fcf,1,ca5c923962558430573f83661dbe36d6,66922902710d126a0e7d26b0e3805106,2018-08-07 17:04:03,105.0,18.54
4146f35ac7a7ef4e39fe344e563c1e3b,1,526f833e1eb0a32ad9351145a761b9ab,6560211a19b47992c3666cc44a7e94c0,2017-11-30 19:53:48,129.0,12.4
4148591d51d8741aef65abefd186887b,1,99f265229d46f700208ad7cb1ff48aae,ea8482cd71df3c1969d7b9473ff13abc,2018-04-26 17:30:56,44.99,19.04
4154d7944db36e9140645486ce34027f,1,5e6935146c2d07b17b2ca0d3e98cb1f6,ef2fbc2b607d8492bcffe657a4645434,2018-07-29 23:30:13,18.9,13.34
4162db4ff964981d38bc20ff6818d268,1,cec09725da5ed01471d9a505e7389d37,4d6d651bd7684af3fffabd5f08d12e5a,2017-06-15 18:42:41,69.9,20.98
418018cd21bcca5f7cc37f9f17ac1466,1,5d90b82ad1fdff812987fa28158b7984,1c129092bf23f28a5930387c980c0dfc,2018-01-22 18:29:51,39.9,16.6
419c1fa500ceff6a8d5ee78cf19d2a6d,1,14555ba663de8689feacf1d0819cc3b3,dbc22125167c298ef99da25668e1011f,2017-05-15 15:30:24,119.99,18.09
41d5636cfaa3b8436beab84388cf73d0,1,f3ce47ccf98da2906f6b8b1387618e07,7dc8c42cc750eeafea6c85712ffee9bf,2017-07-20 15:30:08,149.99,21.7
41d7166cd7b904ab5eb52a1fb6783e5f,1,63085bb4366ded27bcb63cbb59b4103a,5dceca129747e92ff8ef7a997dc4f8ca,2018-05-24 01:57:14,428.0,19.91
41e26896c2835821f7622124a8ebf047,1,130482add9fd75ccb6c57ba007694a2d,87142160b41353c4e5fca2360caf6f92,2017-07-21 19:55:17,105.0,22.6
41e296c991263f9ade5507299e38fe72,1,1347d4320dcd0acd750e37bb3d94a918,ffeee66ac5d5a62fe688b9d26f83f534,2017-11-30 03:58:34,129.99,20.88
42179e8f527c0f76eec0b2a37a284f4d,1,64b99eed898c1b99a94d93cbf5873690,4a3ca9315b744ce9f8e9374361493884,2017-03-09 02:23:33,89.9,12.02
4233067932385b2d8b301e18e1b75958,1,7f72a8900b3d2fc8fa2635b7836d6e6e,7299e27ed73d2ad986de7f7c77d919fa,2018-07-20 10:25:16,64.99,22.39
4256024f988c6c35dce119ea6c84e1d4,1,79f0638714bca6309431b53ecfdb4b54,6b1c4d4d9ccf0be3d8544eb0e71e5318,2018-03-28 17:30:27,1699.0,60.04
42769a5163a34297f4458dbccf206b36,1,7fda46e6f8996ebe3acf684cca0124c2,3b15288545f8928d3e65a8f949a28291,2017-09-01 16:55:19,99.99,25.54
427bdcc4eb03caf53fde12f57a84d443,1,7088744b00831b410bd17716cb578f39,41b14765bd56c8ad10971074380f9c0c,2018-06-14 15:12:55,34.5,13.71
427bdcc4eb03caf53fde12f57a84d443,2,7088744b00831b410bd17716cb578f39,41b14765bd56c8ad10971074380f9c0c,2018-06-14 15:12:55,34.5,13.71
427bdcc4eb03caf53fde12f57a84d443,3,7088744b00831b410bd17716cb578f39,41b14765bd56c8ad10971074380f9c0c,2018-06-14 15:12:55,34.5,13.71
42c8c432478c96a21d6b78c5350ccd28,1,0dabe0ee04aa9d25592cbb5b585e698c,76d64c4aca3a7baf218bf93ef7fa768d,2018-08-02 19:31:19,395.0,25.53
42cebac003b40e6aa0b3e37b99d83c2f,1,a92930c327948861c015c919a0bcb4a8,6560211a19b47992c3666cc44a7e94c0,2018-07-12 04:05:12,78.0,7.81
42d23fff3eee93c6c3b0ac65d3ca1e93,1,be19e1611a6015a66266d199ff3ccce0,7299e27ed73d2ad986de7f7c77d919fa,2018-07-05 09:30:24,69.99,18.59
42f364e1317053c36378cc534b19ab6e,1,5073cb7b965df5f1fea32e8728782a8f,d1b65fc7debc3361ea86b5f14c68d2e2,2017-07-06 00:23:32,139.9,18.23
42fa07019d8252444a920c348dc8b011,1,4a2103f59fe65c15afb3cdcd24a7ff70,e5a38146df062edaf55c38afa99e42dc,2017-07-24 07:10:11,88.99,9.44
43004196fdbcc54ae90a84736bb13afe,1,d5cfc4570ec66c853873c3a7be07e377,ea8482cd71df3c1969d7b9473ff13abc,2018-06-14 17:40:05,229.99,19.71
43070b94b6d741a764e8e1ba4a2ea91d,1,2f465f0f879ab88842042a85bac3a937,52ac6f920b7280e4c6d30dd94de6259b,2018-05-28 20:56:49,1189.9,121.05
431d5e312bed6ff804f464a5e0c63cf8,1,87a97ee722d5e544b3c929b36443b8b9,fa1c13f2614d7b5c4749cbc52fecda94,2018-06-17 21:59:26,698.9,19.99
43831dba8cf4791c11ab2d6febf989e4,1,c760b9447b368feb545ae8c568e4c94f,160e4f13fd3a64b1b86807be88b5ffb0,2018-01-11 20:31:46,179.0,17.5
43ada20efaad1c2c55197dd39050267f,1,01c9a70868bec5b748c67fcc26ce5895,3c4e0452bff7a2a788179488d3d77032,2017-12-28 17:30:57,99.9,15.54
43b29d0de4927fa24f56341687c9e06e,1,b7a89537c40b1f5a18b5ba75dbb91cbe,7b0df942f46435babab05d49b744b2c4,2017-04-27 18:21:46,278.77,28.21
43bf8ef114cb9b805735d15447abbc94,1,3fadfe202fc3ad333cdd51870f1ddb03,725af026f869236a8dd0ceb98564d156,2018-06-21 22:11:02,217.0,20.58
43c20095b0f5f569fe0d24426cf8a7d2,1,0152f69b6cf919bcdaf117aa8c43e5a2,d2374cbcbb3ca4ab1086534108cc3ab7,2018-07-16 15:50:08,17.9,12.79
441bda02c27a285cfa9ebeaeb9954e4a,1,e21c6ed0576cd50384123f8b7ca81922,4a3ca9315b744ce9f8e9374361493884,2018-04-19 17:11:07,83.9,13.03
4424106c5b68a52e3c47371526b4a264,1,b1bd2eebcf90443f4f17e71bb89468a2,41da412d33e8da4f22baf55cb1bde82c,2018-04-16 20:30:19,28.0,18.23
44259226d73d340f929777553ecf199b,1,def080e33b38a4c756347d4665b40a7f,ba90964cff9b9e0e6f32b23b82465f7b,2018-04-05 14:27:02,299.0,23.17
4429817093ef382ad98f0d8471211146,1,0f6aa686ebf2fa68554cc24d4d29db5a,32b8764b4ef628b53608fc34011fcc13,2018-04-09 10:10:11,195.0,59.23
444ebbf5602b5acdad22e0b4a9951bda,1,0454c95c31d75e5f86c354896a3d9814,2528513dd95219a6013d4d05176e391a,2017-12-05 11:37:34,299.0,73.72
44699b6718b35247c4ae1e798d0ec533,1,99f5b2240b82bf9387e5cf2fc0335b08,0b90b6df587eb83608a64ea8b390cf07,2018-04-02 11:55:42,95.0,22.38
448c60334e2a53a5c678e4bd6b1e77a7,1,5cbd407f3315b628a89206fbc140f6c8,d12c926d74ceff0a90a21184466ce161,2017-12-14 17:13:42,19.9,14.1
448c60334e2a53a5c678e4bd6b1e77a7,2,5cbd407f3315b628a89206fbc140f6c8,d12c926d74ceff0a90a21184466ce161,2017-12-14 17:13:42,19.9,14.1
44918cef2a112fc3f8e4a9b676e5ab23,1,d2f1978552a7604790fa5922f4345998,ac3508719a1d8f5b7614b798f70af136,2018-02-12 22:15:42,109.9,15.53
45060534aef780077c10103b60fe71c4,1,525cb8d7fb28b9615a1cf6dd55074865,602044f2c16190c2c6e45eb35c2e21cb,2018-07-09 16:31:28,52.5,18.39
45060534aef780077c10103b60fe71c4,2,dd768d259ee6054e0dadd66c8e2be0b6,1900267e848ceeba8fa32d80c1a5f5a8,2018-07-05 16:31:28,29.99,18.39
4540273b4f01534b24124542bc34568a,1,ea650c84a7d5aaf2a2c5f1b108de8f7c,cd68562d3f44870c08922d380acae552,2017-10-11 17:49:11,29.0,25.63
454b6ccf9f8f2c12b3a00ee763e027b9,1,c784aabc6d8366b8fd85eaf9631cf96f,671585f5a2af58b6e276bc01003c0d2b,2018-08-22 12:10:26,45.0,15.42
4568bd0a9ecf831c2b27743ccf0f2015,1,404c6e8590cbb06f8c5e911d8a90b1e5,8f2ce03f928b567e3d56181ae20ae952,2018-06-29 18:30:41,169.9,27.85
4568bd0a9ecf831c2b27743ccf0f2015,2,404c6e8590cbb06f8c5e911d8a90b1e5,8f2ce03f928b567e3d56181ae20ae952,2018-06-29 18:30:41,169.9,27.85
45776460b7ff952460b7e9d32c28bd9b,1,f58f86b3091f0a1080607870539f2e56,5f7300535881cef3b625fd683cf7d145,2018-05-22 23:14:36,24.9,15.23
45776460b7ff952460b7e9d32c28bd9b,2,f58f86b3091f0a1080607870539f2e56,5f7300535881cef3b625fd683cf7d145,2018-05-22 23:14:36,24.9,15.23
457cb961f89e32569e2d9a737a65b3bb,1,9aa27aaecd804beb57af8e700fd6e681,4c8b8048e33af2bf94f2eb547746a916,2018-02-28 16:32:31,14.98,11.85
45881387721786e660460cd8bfcb2010,1,5c61329e1b7e18310bbc294c17cd47bb,caa9bc43a9fe8cf9c564ddd8a03cc4a6,2018-04-23 14:11:40,89.99,37.32
45fdccdd0ebed851dbf707b98ba5fef0,1,9fc063fd34fed29ccc57b7f8e8d03388,ccc4bbb5f32a6ab2b7066a4130f114e3,2017-03-27 21:48:51,370.0,17.8
460eec79907c666bcac2d1a397907b2b,1,4d94f51353a058d28468a03ebe1aae33,f593898ec748b7a8cb81fc04edafd98a,2017-09-21 22:35:10,225.0,54.17
4642b5eb7edc14a4a0dd2c2eb7b68e14,1,7c1bd920dbdf22470b68bde975dd3ccf,cc419e0650a3c5ba77189a1882b7556a,2017-09-18 21:33:44,58.99,11.73
4647f189e31add16ebebc6f67a6b6dc1,1,6818d803130fa8df4d513db9d6289dc2,f0b47fbbc6dee9aafe415a6e33051b3f,2018-06-12 19:53:02,39.99,18.23
46513a6be6229688ac9b3144f995f95a,1,928e52a9ad53a294fdcc91bcf59d1751,955fee9216a65b617aa5c0531780ce60,2018-06-18 10:16:10,130.0,11.53
465b896aa34a4d4f8c359165ee6f066c,1,610c673331ac3c4fa0f393ce5af9aa2e,8b321bb669392f5163d04c59e235e066,2017-11-30 20:13:26,13.65,7.78
4667b0530b09d78c08bbbc0f8b6f899e,1,89427567da9c9b075c9dca131535104d,3d871de0142ce09b7081e2b9d1733cb1,2017-06-19 12:08:00,25.0,16.11
4682ccc1cc6188dda05e841ad72bc5e8,1,e336c656869480e20d04ca9389b12167,cca3071e3e9bb7d12640c9fbe2301306,2017-12-13 02:22:12,59.9,16.18
46a82de7cb247602021cb71731323fd4,1,8268f227748ea57889478c74ca12d151,4a3ca9315b744ce9f8e9374361493884,2017-09-28 00:30:17,220.0,66.17
46bccbbbcccb1a8afec60c3bcbd287b7,1,694e58e56c74114ee0628c25f3f26f8c,7008613ea464bad5cb9b83456e1e6a8f,2017-08-29 02:51:02,52.5,16.13
46c820acb13d40759d9cf3941fb7a47d,1,53759a2ecddad2bb87a079a1f1519f73,1f50f920176fa81dab994f9023523100,2017-11-27 21:47:37,59.9,17.67
46c99067d2014deb825b963f5acc76da,1,05a9dadb8402b6b7ae3dd28f7da187b5,522620dcb18a6b31cd7bdf73665113a9,2018-04-23 08:10:04,179.0,34.79
46cede2272077facfeb5aa257851d0c3,1,93399fcfc1e2c0a01ea544754fddeed0,ef506c96320abeedfb894c34db06f478,2017-08-24 20:44:31,38.99,7.78
470ceef9068e1385a280703397af31e8,1,4c5cc632a68ce10ff22b58b5b8c8b8f3,a3e9a2c700480d9bb01fba070ba80a0e,2018-04-23 04:11:54,95.0,23.25
47206fff1e56391bf30b5acbe7f5f7a2,1,f62cbf4416c9ef8e1b4e8d5279891f24,8b321bb669392f5163d04c59e235e066,2018-05-24 19:31:30,13.65,7.39
4754d7bc057483f912a675e072cd7437,1,665aa1d687284a4d2d2b74c0c6724625,8160255418d5aaa7dbdc9f4c64ebda44,2017-12-01 21:19:27,99.9,13.04
4754d7bc057483f912a675e072cd7437,2,665aa1d687284a4d2d2b74c0c6724625,8160255418d5aaa7dbdc9f4c64ebda44,2017-12-01 21:19:27,99.9,13.04
4759dc5cd30f8e283de04872dd5446cd,1,7340a3839a1de1e99d149b8cf052a2ec,4a3ca9315b744ce9f8e9374361493884,2018-06-11 13:55:15,69.9,19.46
479374e6d18c89bd20eb4c80cc291fc6,1,7e7da0ee83024e649680e11ed76dfe58,c8665a4dd081a2c436b1cd921079d0d9,2018-06-22 13:16:36,79.39,14.14
479715da59efdc67c1722f985a94d18c,1,462ca84097e3116f8dc7642fb057b4b2,85d9eb9ddc5d00ca9336a2219c97bb13,2017-09-11 02:31:38,27.9,14.1
47bc2fbe3e9b64a723dd530a4f1612b8,1,b24af8bca8813bcde4140ff8562f5e47,ea8482cd71df3c1969d7b9473ff13abc,2018-02-01 15:58:28,49.99,15.79
47e8f8fc6c6d0bdeb784394a599459a3,1,7cd29da0653abeb444703cc5a957f479,620c87c171fb2a6dd6e8bb4dec959fc6,2017-06-07 09:03:03,37.9,15.1
480000ff61d2f961973107967439a4af,1,f9392dda35e35d69c08288c2c670897f,4200ddf1967c5e41e48db62bc6d4b5ac,2017-09-12 22:35:12,16.9,11.85
480295bd3b66aeb4f624e16dc17a7412,1,c041a3fe1e9cf85721c1d1d054210279,fa1c13f2614d7b5c4749cbc52fecda94,2018-05-22 08:30:57,594.9,40.85
480eaa4ce1cc7cf344ad094e326f373c,1,cb81df0e3ccece253557f2a07df4727e,669ae81880e08f269a64487cfb287169,2018-03-15 12:50:27,45.0,18.23
483c0f7f44eec6fd0fbd90914d187226,1,cfdea8fdeffa0be98a7e7d3e1dd71dcd,fffd5413c0700ac820c7069d66d98c89,2017-11-07 15:50:12,178.6,18.5
486bce96008cea9cb14d0593189961da,1,ca5c923962558430573f83661dbe36d6,66922902710d126a0e7d26b0e3805106,2018-01-23 09:30:49,120.0,20.33
489d87d975c0d954b27ca5482aef1e91,1,09661a3f29765eeafd2f05d7ad22310f,d23019c84ffae2d5ef2270367b8605fc,2018-03-20 02:50:53,139.0,23.9
48a32a844d2782e2d2b33c2ccb6a941a,1,6cc9186dabae23739b55d97cc649c686,1025f0e2d44d7041d6cf58b6550e0bfa,2017-08-29 04:05:43,54.0,7.78
48a32a844d2782e2d2b33c2ccb6a941a,2,6cc9186dabae23739b55d97cc649c686,1025f0e2d44d7041d6cf58b6550e0bfa,2017-08-29 04:05:43,54.0,7.78
491a23e567ce4c273419a63a41ff5876,1,4fcb3d9a5f4871e8362dfedbdb02b064,8581055ce74af1daba164fdbd55a40de,2017-11-10 18:07:41,143.8,19.89
491d0f75b13fe6ae121d0deb9a410a51,1,82b73150f90f4fef92913e35b9984bb7,91f848e9f4be368f4318775aac733370,2017-06-29 02:30:45,99.9,38.29
4921567919029aa0950f3ebec0f91169,1,bb6f30a0d7b5ea35ae9e052d52324002,bec568278124768c474ee90971ca94d1,2018-06-21 22:58:57,20.9,16.75
4921567919029aa0950f3ebec0f91169,2,15de022edf1005363381e66bed514528,537eb890efff034a88679788b647c564,2018-06-19 22:58:57,18.9,16.76
4921567919029aa0950f3ebec0f91169,3,abb9de7600a7ae9a81564692f77fc9f3,537eb890efff034a88679788b647c564,2018-06-19 22:58:57,29.9,16.76
499db357fa1bac9b96c44bd42dd17718,1,64cb768ce668c3df58334a28d528b754,0eaa7e33d73809f1f925f7d07c506cbd,2017-08-18 04:15:19,129.0,12.11
49bbb428c234dcf31c4d66d4e8e1c04c,1,3dd2a17168ec895c781a9191c1e95ad7,de722cd6dad950a92b7d4f82673f8833,2018-05-07 13:50:38,149.9,9.78
49c9dc330935365ca454ba89a8a20efb,1,094af0a75d07c0dbdccaa23e88149673,391bbd13b6452244774beff1824006ed,2018-03-13 11:15:44,63.9,17.7
49feda914c01f29c2cfdf7708278752e,1,94d1135483ece2c7493dd8f6b4ad7454,e3d3b3efac954a60d61be70b7e05b49b,2018-07-02 01:30:58,525.0,55.9
4a15263dd8da51ee9b6c6ed9fa843ee9,1,cca3a8714ce46539155f98fe944189f9,0241d4d5d36f10f80c644447315af0bd,2018-05-21 00:31:09,99.0,27.24
4a16403a2f6d6324c545f6b70581c2c9,1,43ee88561093499d9e571d4db5f20b79,23613d49c3ac2bd302259e55c06c050c,2018-01-18 02:31:50,10.9,11.85
4a580bca631a940ffc9e25c96da01773,1,c9ea06f7fd4bd778e96031f46f60dfb9,48436dade18ac8b2bce089ec2a041202,2017-08-07 20:10:17,95.9,16.43
4a7bd485a7782360556161a38c725e5b,1,d5aaa8920fc54584d11c60ca1c277713,657969cca82e884d272385ec0ef06edd,2018-06-18 04:17:37,34.9,15.23
4a9a9d64ccb1bbcb0db6634dbfae10d6,1,ce7186656e3ec080cba4fb895b9b90cf,7a67c85e85bb2ce8582c35f2203ad736,2017-09-11 11:24:24,12.99,16.11
4ab2f2ac4c50d1a98dab6d9541a633ee,1,b3145c36d221143053908beb4564bad9,79ebd9a61bac3eaf882805ed4ecfa12a,2018-04-11 18:50:14,64.9,23.38
4ab8b7a8e23908984157974ae4ad6436,1,55f166570845e0a7b4456edac9c420b7,2646baaf662d4d92ac48f047e35db92d,2018-06-05 08:15:17,49.9,8.88
4abd25ff34f0b324cadc39a6529b05c8,1,4b5df063d69ffafb87c279672ecb4191,1f50f920176fa81dab994f9023523100,2018-04-04 21:35:16,49.9,32.85
4abd25ff34f0b324cadc39a6529b05c8,2,afbe1e973aefbf72a330e3bc72d4b476,4a3ca9315b744ce9f8e9374361493884,2018-04-04 21:35:16,68.9,13.14
4abf80e2c1c93771ac91d806e4e51c91,1,89321f94e35fc6d7903d36f74e351d40,16090f2ca825584b5a147ab24aa30c86,2018-05-09 04:12:56,27.9,7.87
4afb1fa9cc394c9f295d203fc7b9bf19,1,ab1f9387c0627dd24000bfbc54fdeee0,8b321bb669392f5163d04c59e235e066,2018-05-24 14:59:15,12.25,7.39
4b1130720b31500948a942732f0befc1,1,72172e982e8b92155069e4201c92c0bb,e9779976487b77c6d4ac45f75ec7afe9,2017-10-25 02:56:19,37.49,9.27
4b42a606687e048a7a33669b84bf8690,1,ec2d43cc59763ec91694573b31f1c29a,1c129092bf23f28a5930387c980c0dfc,2018-08-05 22:30:14,47.9,24.69
4b42a606687e048a7a33669b84bf8690,2,ec2d43cc59763ec91694573b31f1c29a,1c129092bf23f28a5930387c980c0dfc,2018-08-05 22:30:14,47.9,24.69
4b4d5464625e478996dffcd761c4b9a2,1,bd66403f5f11696c897a825d5235697f,7e93a43ef30c4f03f38b393420bc753a,2018-01-11 19:46:37,221.99,13.05
4b7bf1f7eb492ad33680ba2cb4c4ba56,1,2136c70bbe723d338fab53da3c03e6dc,6560211a19b47992c3666cc44a7e94c0,2017-09-12 04:24:48,29.0,6.31
4b7bf1f7eb492ad33680ba2cb4c4ba56,2,e57eb018e37376580079825eb29a3419,b1fc4f64df5a0e8b6913ab38803c57a9,2017-09-12 04:24:48,80.0,15.76
4c05288ce87fd35acbaa04fec7070339,1,84f456958365164420cfc80fbe4c7fab,4a3ca9315b744ce9f8e9374361493884,2017-12-07 02:52:19,99.0,17.94
4c074254980764fecff977c97ce88c4d,1,9aa9caee155847cddb376a05b9a39791,ea8482cd71df3c1969d7b9473ff13abc,2017-12-18 11:28:54,29.99,11.85
4ca7011605c977cd69c1e1706625e98b,1,18486698933fbb64af6c0a255f7dd64c,6973a06f484aacf400ece213dbf3d946,2018-04-03 03:48:19,83.49,7.93
4cb0286c9f5805ddd172e00cef67ecc3,1,1191e61a83c807323c6c1cb5eac9ff3c,ea8482cd71df3c1969d7b9473ff13abc,2018-06-20 20:31:31,24.99,7.44
4cb7d866ce5acba93c58383df3081469,1,f75eb66dc82bccecabd706bd441cfd3a,6cd68b3ed6d59aaa9fece558ad360c0a,2017-06-01 02:30:29,109.9,21.57
4cddfa3db1f20697139ba4a46c4fd399,1,3db75f31b76375c502f64d550dcd1166,85d9eb9ddc5d00ca9336a2219c97bb13,2017-07-27 19:15:09,31.9,15.79
4cdf8813fc5f4c3d74041453f606868c,1,ba230fc7bcaa2f503c46d73098caeb66,13d058e4eeac2ce8217660b2f8a05812,2017-10-17 11:26:55,229.99,49.28
4ce042e8a6468ee3e7090d9687228184,1,5f0bdec2fb222061ed8fe52586a5957d,2138ccb85b11a4ec1e37afbd1c8eda1f,2018-02-27 03:31:22,18.99,7.78
4ce0d39282d4d45834a51b1ca7fbb311,1,dab2413ead0edda9967edbc9bda2a64e,ea8482cd71df3c1969d7b9473ff13abc,2018-02-07 09:31:09,29.98,11.85
4cea4082bde3d6f0846e8a5537f3eeb4,1,c708ba7c6269161f89ce0683cdd7c432,6560211a19b47992c3666cc44a7e94c0,2017-12-14 16:13:19,49.0,7.78
4cf6bc9c5e6ff30151bfb6f92f791b28,1,17e7d9a179f3f2d61223252038276d35,dbc22125167c298ef99da25668e1011f,2017-06-29 20:55:08,49.9,26.89
4d1520659b160e48900f017af350bfb1,1,71540d636652fc682032d3b3c0a180c1,213b25e6f54661939f11710a6fddb871,2018-05-04 13:11:10,113.85,12.13
4d23a772e8fc588881020cd749f76c8f,1,9c33575aa341a769bf00ea6e3cd12e6f,db4350fd57ae30082dec7acbaacc17f9,2017-06-20 02:25:36,15.9,15.1
4d31272d8cb07c4ab84562c8ae2e0fdb,1,cfc37213adcf7bc0a35084f70a312b13,f021c962aaba8ef6eb527a9c2c8394d1,2017-07-17 06:43:42,479.9,21.6
4d34da0824213ee7962a5c5ed32b3f51,1,02475368dfb38934fe55f574024fe1d7,6560211a19b47992c3666cc44a7e94c0,2018-02-15 17:30:40,29.0,7.78
4d4c65feca16bc9de359cb5d4feef10d,1,1c8ddcbd9abd12c51979969411f0b110,39d61be7a92eb77b7da367bd4845bc0e,2018-07-12 14:10:18,48.99,23.49
4d4c65feca16bc9de359cb5d4feef10d,2,1c8ddcbd9abd12c51979969411f0b110,39d61be7a92eb77b7da367bd4845bc0e,2018-07-12 14:10:18,48.99,23.49
4d890e83adf9bc9532d53b2227e92c7b,1,d485889158fd6345611d5a386a0b77d2,fde0cc9ea29c8ccfc0a2c22256a58c71,2018-02-26 08:56:12,99.0,23.01
4db4d9eaf5fb240987ed4148caf900b9,1,6a2909ac21d16b721e4795e7e8ff3e68,0509040ea3fe50071181bbc359eb7738,2017-12-05 04:57:25,23.8,12.48
4db79af544c8c9da4ef543192ec3179c,1,d394d30215872be4cda2c67c1ce5b981,2e13c71026e1a39ba5cc1b86dcb679aa,2018-08-29 17:45:19,34.0,7.5
4db79af544c8c9da4ef543192ec3179c,2,d394d30215872be4cda2c67c1ce5b981,2e13c71026e1a39ba5cc1b86dcb679aa,2018-08-29 17:45:19,34.0,7.5
4dbf5de576e0e8d18ad0932e1ed8e89d,1,f159439c5c382fae366d444e05c590c1,26d8a1c7c75d513045798992ead43aa2,2018-06-13 13:30:29,149.9,14.17
4dbf5de576e0e8d18ad0932e1ed8e89d,2,f159439c5c382fae366d444e05c590c1,26d8a1c7c75d513045798992ead43aa2,2018-06-13 13:30:29,149.9,14.17
4dbffcbeb7412cf8ebcbd77a6f0b64b6,1,b770fdfeb3598c315c74c881afdeacd7,116ccb1a1604bc88e4d234a8c23f33de,2018-05-08 17:18:50,24.0,15.23
4dd4745f66dc08de8b825edf6155ce4b,1,96ff741d2c7879406ec3054d6b2a11c8,6560211a19b47992c3666cc44a7e94c0,2018-04-20 16:53:31,49.0,15.23
4de51073bc1cd11e85fb03f29508b308,1,25e2023ed83352bde98dc1490d14c3d8,ff1fb4c404b2efe68b03350a8dc24122,2018-08-13 17:25:15,99.0,37.6
4df36fe83cf894ed979421fecd300bdf,1,0e323ee8f8dc60a0b875e9ac4daf1337,e62b2d6ac10570a035a30bafcf01d263,2018-01-11 12:53:30,54.91,16.82
4e0091a0a84b39634a3ecc33bdc49d09,1,bef6177f54efb9a6218e124b629fc152,620c87c171fb2a6dd6e8bb4dec959fc6,2017-12-06 13:53:30,339.9,18.14
4e2684a10a34219d0106d1623609652c,1,c075b8e131353552218860f1c421e4ef,f80edd2c5aaa505cc4b0a3b219abf4b8,2017-05-10 23:42:17,48.9,37.9
4e27ad7f1a6821ceddc8442eb1875014,1,3e8f52cbce268fc54677be617e399ba2,c79151301b9d90985d1fa52879213105,2018-04-20 20:35:26,55.2,14.47
4e2cd0aecbb0fbcc5fc61ed8fc23589c,1,ccc4bd1600ccbb62e417409efc8301c2,850f4f8af5ea87287ac68de36e29107f,2017-12-07 16:17:29,79.99,8.75
4e376d36ceeae3f2cbf66cb0ca84c799,1,2f178dc91b792930e1ff40a77a123506,75d34ebb1bd0bd7dde40dd507b8169c3,2017-08-03 14:23:33,399.99,23.6
4e49c4d84e4e416dfa56e61889b7113d,1,8b50a72d52d7a91fb19d19fbe069e2f2,9f505651f4a6abe901a56cdc21508025,2018-03-30 16:30:39,44.99,12.79
4e4d9ab79db69a4bd0d79833bfce91f3,1,1632189d4c3d9e64cf3fd110b93f1a19,e5a3438891c0bfdb9394643f95273d8e,2017-12-29 02:13:30,41.3,15.1
4e574601fa03ae371593a005d9cc7a32,1,990ddab43ee46a1a76436796f92470d4,0b90b6df587eb83608a64ea8b390cf07,2018-03-16 02:50:52,108.0,18.33
4e6aa298577f90f026cfb1d07e86509e,1,8eed2a3a47f27f69cec34ff9562fc7b9,750303a20e9c56b2a6bc45cdce0b897d,2018-03-15 14:32:05,22.9,19.04
4e8ddb71f9d7cc7452a7005c2a459212,1,cea1262b2dd1dd56c1b4f1f1c19b14d4,d91fb3b7d041e83b64a00a3edfb37e4f,2018-04-18 21:12:41,234.0,8.98
4ea3c6eaf3dc15ad857675322bfb6bd0,1,28fe7bc9b73556b0cee83320fcd2600e,20a8b0dc55da94fe74d112082427c84f,2018-08-22 12:10:43,118.0,39.34
4ec3265e1601e14b39e11dee2e1d5fc2,1,c58a00c22983c35a40e549564aa0aafa,3d871de0142ce09b7081e2b9d1733cb1,2018-04-19 20:51:40,79.0,14.64
4ecf494be87ee7b768460fcbcd0389c8,1,c91906227d5fd5c07a47510e1651e46c,4091f77d8c768fc3e81c20761471761d,2018-01-26 13:58:43,219.0,53.54
4ed3b57567c08a15c71665d759230b6f,1,bd6e6fce9ada76ea2db0f1912e8e478f,1835b56ce799e6a4dc4eddc053f04066,2017-12-15 01:50:03,56.99,16.16
4ed4a6e12e74982dd78c78df1ed3f372,1,4256cf575577f02e6c98d452ad40fa63,244c2f1bff6afe1f2eaf9bfe9b2aed38,2017-08-08 01:35:19,99.0,52.7
4ee25083ee6cc047adea4955dce72c6d,1,32b168004f17c743f16bcf5bab0de982,562f8cfc51f265411f487d07e9c40e7f,2018-04-17 00:15:26,49.9,17.06
4ee4c7c2fa34f8e2a66accd827f53d1f,1,ebd127d25e3b326ac93b992dfd4d2e0b,8dfbc5ff27df12f6cef751d3b9554222,2018-07-09 04:30:38,10.0,15.23
4eeecb9e657525024b9b538730c5f974,1,91b08d34d0ba4db44da2dc382867ba49,b76dba6c951ab00dc4edf0a1aa88037e,2018-06-19 00:23:09,12.99,18.23
4f07b37dd214946af6cb26405ca91727,1,6ed8558c820f37754cef08c7719d34f1,3db66a856d18a9cba7c9241fc5221c50,2018-03-15 20:35:37,59.9,23.35
4f0a2c058df62bfe77f0e0e1e1ca66eb,1,30ac6df06dc59ad72cf2f158fc2d904c,0dd184061fb0eaa7ca37932c68ab91c5,2018-02-22 18:26:51,120.0,17.55
4f12293458fe42108080bd8c3da6a500,1,880be32f4db1d9f6e2bec38fb6ac23ab,fa40cc5b934574b62717c68f3d678b6d,2017-04-07 17:55:11,42.99,10.96
4f183da167de562d253b5bb596f17516,1,a02d0123079f4ae96001ba2010d1a2df,1025f0e2d44d7041d6cf58b6550e0bfa,2018-01-19 21:18:21,250.0,30.12
4f209a7c48b44a32ff3196ddbfb4d67e,1,19ae992992da3f4401e014758f5d58dd,ca4b77513ac2040591b0d8fae6958380,2018-07-26 16:30:18,143.28,13.66
4f2dc4a949823819bfc75b784fb32686,1,5999995b8f64d769dbc6f592b86d6f8a,c013e57c075a06e5b5c48ee03c525719,2018-07-02 02:15:54,36.99,14.57
4f3ca5ff0917ab7f5c33e83a98ca7a83,1,777d2e438a1b645f3aec9bd57e92672c,4a3ca9315b744ce9f8e9374361493884,2017-10-11 19:07:12,69.9,17.74
4f62d593acae92cea3c5662c76122478,1,94cc774056d3f2b0dc693486a589025e,1da3aeb70d7989d1e6d9b0e887f97c23,2017-07-24 23:23:26,13.99,7.78
4f7a513a13ed6efd9b603b1590b9ae1d,1,4ce6c1b5cfe26c9f980438fc1c810f8d,d51e0a403fe2e689ece6c73359d96e12,2018-07-31 14:40:29,255.0,43.61
4f85d5b9b7d5cdc7e7f6ceb64aa47f5b,1,12181424582d4d4233622caeddcae843,530ec6109d11eaaf87999465c6afee01,2017-08-17 17:30:08,104.9,43.14
4fa373aa126aea437de1bdab7e3f4179,1,68b7fda28d528d3fc87e60fcafc5830f,63b464dbf392c7b80d12d932fa7cafed,2017-08-28 03:31:21,169.0,17.92
4fab84dd561f10bb9c98293f34d749fa,1,386eebb43722ab502f04f7900bd2451b,8b28d096634035667e8263d57ba3368c,2018-07-06 12:31:30,57.9,18.51
4fb59cc4950521f470473ef761b30d7e,1,f691cdacdf6ea42e5cde08d10928f90b,81336a0f57a33776419727a300249e90,2017-09-18 21:24:08,189.9,18.58
4fb826a738895055159e95010e189c69,1,dc3503150b2bd7dbbb59168d88cd7550,dbc22125167c298ef99da25668e1011f,2017-09-19 13:37:06,48.9,16.11
4fc3e7aadb8db1172a7c3bbb29d6295d,1,3dd2a17168ec895c781a9191c1e95ad7,de722cd6dad950a92b7d4f82673f8833,2018-06-13 04:12:46,149.9,63.08
4fd47db0e1bb9f59384ff16f8d533f80,1,564f6ff7ae760d6eda6d32c551724036,da8622b14eb17ae2831f4ac5b9dab84a,2018-03-20 12:28:18,199.9,27.48
4fe2e8b329e56a00aba9b0136b46f00f,1,53bd0c908c6ab820c9828763348728ef,cca3071e3e9bb7d12640c9fbe2301306,2017-01-20 11:06:56,69.9,13.07
5001ef7f5cc08023f39a4f6b7c09b5f5,1,ff9a23dcd6b233811bd2a7be174a8e4c,ececbfcff9804a2d6b40f589df8eef2b,2018-05-20 22:55:46,82.0,13.01
503d1a98081c7307e6e875ba8af189e6,1,b6ae63c5f2b226331d069831d5b1f570,ce69a8021d18961dd2a40269b7c2c293,2018-05-16 02:57:29,215.9,22.59
5075b9e252eb0b3f1350f282c94a82b0,1,ea3be87c5c6c69043c9eb7836199c200,4a3ca9315b744ce9f8e9374361493884,2017-11-30 04:30:34,59.9,11.92
509952a95c250007c345b4b929663dc6,1,08c1754fd6455e4c70a6521f4ed66819,8e6cc767478edae941d9bd9eb778d77a,2017-06-19 13:15:15,107.76,29.15
50a6fb3fc2465d6d820f5a569be4d566,1,87a71ae93900ab55fcf685c8040769b3,8b321bb669392f5163d04c59e235e066,2018-01-04 17:29:45,12.9,15.1
50e8eff30cc85b5bf993d52785bc082a,1,7703b8cb5b77fbb36518ea91e2ca734f,6560211a19b47992c3666cc44a7e94c0,2017-11-23 01:31:23,39.0,14.09
50e8eff30cc85b5bf993d52785bc082a,2,a84d0660dbffebf352aefbf1a6b18d00,6560211a19b47992c3666cc44a7e94c0,2017-11-23 01:31:23,29.0,14.1
50e8eff30cc85b5bf993d52785bc082a,3,2136c70bbe723d338fab53da3c03e6dc,6560211a19b47992c3666cc44a7e94c0,2017-11-23 01:31:23,29.0,14.1
5104ff479c1b5720649c1b85b599d2ef,1,c30c7fa239be1f5dc272ebd5345a91ea,b55638ad525e906c698fa2ce742c1742,2018-02-15 12:31:39,59.0,17.98
513f43ba9ea592cb81880aeeb11f08d4,1,de72026142ffc78ea7a8d6ce739056b1,99eaacc9e6046db1c82b163c5f84869f,2017-05-02 08:22:55,110.0,11.38
51744de0a57048d0c65ad482f60cca46,1,fa06cd5fd01faf457f064d3073ce893d,8444e55c1f13cd5c179851e5ca5ebd00,2018-06-04 14:30:44,79.0,19.52
517edfde8ef25f2a7f7da80e82c77c27,1,ba80c9f47a84d1e08465f72e22930c83,1987cd4be10fe09ee50454f9c354d1c6,2018-01-16 10:09:37,120.0,17.28
517edfde8ef25f2a7f7da80e82c77c27,2,ba80c9f47a84d1e08465f72e22930c83,1987cd4be10fe09ee50454f9c354d1c6,2018-01-16 10:09:37,120.0,17.28
51879b7474407f56048b6c36cc3e263c,1,581de99ffa609d5f7b841f0d81df3f2f,e8b4225284fbb02d16f200513f1f395d,2018-07-29 22:15:07,185.49,37.38
51a6c901712ba9639464fa07a52b4fa2,1,6eca85eeeb222dea025ec02b288a09a8,4992e76a42cb3aad7a7047e0d3d7e729,2018-07-30 14:05:31,39.9,9.03
51a6c901712ba9639464fa07a52b4fa2,2,6eca85eeeb222dea025ec02b288a09a8,4992e76a42cb3aad7a7047e0d3d7e729,2018-07-30 14:05:31,39.9,9.03
51b293b7ef9af17da9a922ce4069c202,1,fa4e7a7bb781f24e7cee4d91502a89e3,7813ea3ebd9411dc600b4dd01f7a97b9,2017-11-30 09:36:27,113.4,18.07
51bba23b6fd5b430636450f273aadd8a,1,2423252b2432f1803e4f29e0974c6cf7,48436dade18ac8b2bce089ec2a041202,2017-10-09 15:35:07,139.9,20.22
51c064ec2d79d398b30db3f8e1de8ec8,1,b6d96e7683a87fc151ea589ce97a330d,2709af9587499e95e803a6498a5a56e9,2017-05-11 02:25:24,20.0,18.63
51c8ce1ad9c1fdebc69cc37fbff27f5a,1,88ab3ce1ded665150c5cd6adcc5287e0,4a3ca9315b744ce9f8e9374361493884,2017-11-03 00:26:48,59.9,15.17
51f15a10614267de8d770ec0ec09febd,1,1978f38f6cbdcaf326ecbb4732f9f748,25c5c91f63607446a97b143d2d535d31,2017-09-13 16:37:28,185.89,20.54
52363fd30a7df27f6789c3d086f4aa0e,1,e2e426d1332240070b0a836a854d057b,cce6ab8d1682639fe45ab70234f1665f,2017-06-28 21:03:47,34.9,16.6
52628d72feaca84428e9d902d3985605,1,1c42a107473d6b20db8ac7772b870e33,1900267e848ceeba8fa32d80c1a5f5a8,2018-08-09 15:05:16,78.99,17.68
5270a6da2c326132afd3b3c0a186a795,1,6cc44821f36f3156c782da72dd634e47,da8622b14eb17ae2831f4ac5b9dab84a,2018-01-23 21:29:56,99.9,17.95
529a18626bb2bb7907cfcb5b5f2b0e6e,1,d29e5a0b39b09b0f48f685968cf4f833,dc4a0fc896dc34b0d5bfec8438291c80,2017-07-26 14:15:14,59.9,11.92
52a39a74e61ffa3d8ce5db4e780ee364,1,15080188e14924ee2c15f19fd258c0eb,6338ea67c41078a46ad99cc009654956,2018-02-28 02:28:43,35.99,15.1
52a547866cd2082c600fb72eced19331,1,6186e311c6a52e7438c538015e82cda4,0fe2d9733ed841eb064503920015a8c0,2018-05-22 15:19:36,59.88,18.3
52d5bd7c9cfb54cf72f3c9ac55bbb0dc,1,4178e16324fd0c9a8e18463caf390cc6,ceaec5548eefc6e23e6607c5435102e7,2018-06-22 12:41:13,265.0,45.85
52ef81c49a349b1162a7bd4a8c2034e4,1,d7f94e8a47066a6a4ddb422718f59531,70a12e78e608ac31179aea7f8422044b,2017-04-20 14:35:19,49.0,10.96
534c32e4a4a598bf5fb7d99a2cfd0f62,1,edffab3eae08991a067c2c7664821661,82e0a475a88cc9595229d8029273f045,2017-12-19 21:10:53,137.5,12.46
535c025843acd3d8c280a3b32f77a1f9,1,f8f93700c26007f74716eca57d217cfd,d57e18d5f73c7ccb7f7339b61166898d,2018-05-18 03:30:33,66.9,8.88
5383435eb2b05b6f4d5be7720974fe67,1,1e5428c428e0f783acd6e3d94ba4ee2a,53243585a1d6dc2643021fd1853d8905,2017-12-26 09:59:40,599.0,73.41
53893bc57fd2d4ff7dc5e76ad4773540,1,a5620dbc470a8e3ec837aaf1bbd48eb8,827f8f69dfa529c561901c4f2e0f332f,2017-05-26 13:10:53,29.9,14.1
53a24a678d0e83d0d3c718528aa0aece,1,2948658cb6abc82847412be7201bfc4c,955fee9216a65b617aa5c0531780ce60,2018-04-25 23:31:06,110.0,13.67
53b48de8c162b1a00ace27c3c0a9b148,1,71a5f1c2a5fd9889ef26b5ac22aec9c6,537eb890efff034a88679788b647c564,2018-07-25 17:20:33,24.9,15.27
53c7592439c12d02630c4f0da48614bc,1,01c9a70868bec5b748c67fcc26ce5895,3c4e0452bff7a2a788179488d3d77032,2017-12-27 13:54:44,99.9,15.46
53e4f7240aa13df65778901b7e368c5b,1,4b04a764c875af7101955fbcd3989b7e,834f8533b2ecb6598dd004ff3de7203a,2017-06-22 00:47:04,112.8,21.28
53fd3dd3b669e8e5e6bbf3d9e0403643,1,10163fabc9375e9bb72a109272730c6b,4a3ca9315b744ce9f8e9374361493884,2018-01-25 09:08:37,119.9,15.59
540544251975ba4515aebe0ac8525067,1,fb29f48bfea41db52e349454f433340e,897060da8b9a21f655304d50fd935913,2017-06-23 11:10:18,22.0,15.1
540544251975ba4515aebe0ac8525067,2,fb29f48bfea41db52e349454f433340e,897060da8b9a21f655304d50fd935913,2017-06-23 11:10:18,22.0,15.1
54082a3f0c13598bb5c2b3bb78bbbee8,1,87716aafd7c6269cddb3403f85e4102e,06579cb253ecd5a3a12a9e6eb6bf8f47,2018-06-25 11:08:25,43.9,38.58
540f4eaaafc047a407e4b4522bd0fd66,1,c3097e07a0a5de0d4b4c836d90c5a284,8b321bb669392f5163d04c59e235e066,2018-03-16 15:38:06,13.7,15.23
5433a0ef395e151f154279cd3fcde661,1,54405df05005a5933a1a2851d1c69c86,3f8247d0f772ffa58560e5c682521ad5,2017-06-15 05:15:15,139.9,18.55
543933b39ebd50e13884fca2829ccdf8,1,df6e62772d439c7afc2d284339cf9425,8bb48dc19fccaa8613b6229bf7f452a2,2018-03-08 14:31:06,24.4,11.85
5446ddcc7951680ce606991e1d953e6d,1,5fb0031ce4395d307321919f71ffbdf7,e333046ce6517bd8bb510291d44f0130,2017-07-28 09:05:20,199.0,18.64
544bad401327a8f0de6786c7ccd73c8b,1,f38c674135b439b1d2deb1d68da9f4e6,a36b125ac6d5fdbc7f50de85c9157bdc,2017-05-05 20:00:07,249.99,13.14
544d4de462a8ad0d9492999b6708ebcc,1,620b45f968a49556658d15ef8560a30d,9c0e69c7bf2619675bbadf47b43f655a,2017-05-30 17:23:09,329.9,11.72
5468ed226abcf74527e93b11988e4a3e,1,f0fd2799d9eb02ccb6efa890519a6c4d,cca3071e3e9bb7d12640c9fbe2301306,2017-03-27 14:40:20,214.9,38.44
546c8958ff67b28473cf140ec32a5a91,1,b24af8bca8813bcde4140ff8562f5e47,ea8482cd71df3c1969d7b9473ff13abc,2017-11-29 22:56:18,43.99,16.79
546c8958ff67b28473cf140ec32a5a91,2,cb0c2c97fb2fca149a11c2f14027895d,ea8482cd71df3c1969d7b9473ff13abc,2017-11-29 22:56:18,24.99,16.79
54745af3cd64e980bb671452c9b01d15,1,e9cf370eb883adbdcb4b8738057a9d8b,014d9a685fd57276679edd00e07089e5,2018-08-22 14:30:20,79.99,13.9
5487a8ac1699754d975f853ce8bb9321,1,73e0db4719016f90a37238ca8e5a1cab,11305281b50fff20ae8bb473f8e11876,2018-04-11 05:48:50,159.99,27.2
5494d7febdfd2f93ebdb691782d56f02,1,e61c78a7343d82c0539d27df0f7dfc31,da8622b14eb17ae2831f4ac5b9dab84a,2018-07-12 04:25:24,199.9,14.23
54b1718c17cfa59d1f51cba8c755ed98,1,38ad86e536a0e27c5a4d2dc30964259d,ea8482cd71df3c1969d7b9473ff13abc,2018-01-03 12:08:50,24.99,15.1
54b41e4e2188389bb41503b2b088b093,1,aca2eb7d00ea1a7b8ebd4e68314663af,955fee9216a65b617aa5c0531780ce60,2018-01-25 13:38:27,69.9,13.08
54f0988d1c9f5f7f90410c09b2cbc6e5,1,619d2ba7f3d5ad00cbd93ecd49789a44,7299e27ed73d2ad986de7f7c77d919fa,2018-03-01 22:47:37,55.0,15.14
55298973d17a0c1dfb2281ae969a65d8,1,4cb1a2850af275025f76f015e0cc79cf,ca3bd7cd9f149df75950150d010fe4a2,2018-02-23 08:31:44,29.75,16.6
55298973d17a0c1dfb2281ae969a65d8,2,4cb1a2850af275025f76f015e0cc79cf,ca3bd7cd9f149df75950150d010fe4a2,2018-02-23 08:31:44,29.75,16.6
55298973d17a0c1dfb2281ae969a65d8,3,4cb1a2850af275025f76f015e0cc79cf,ca3bd7cd9f149df75950150d010fe4a2,2018-02-23 08:31:44,29.75,16.6
55298973d17a0c1dfb2281ae969a65d8,4,4cb1a2850af275025f76f015e0cc79cf,ca3bd7cd9f149df75950150d010fe4a2,2018-02-23 08:31:44,29.75,16.6
55298973d17a0c1dfb2281ae969a65d8,5,4cb1a2850af275025f76f015e0cc79cf,ca3bd7cd9f149df75950150d010fe4a2,2018-02-23 08:31:44,29.75,16.6
55298973d17a0c1dfb2281ae969a65d8,6,4cb1a2850af275025f76f015e0cc79cf,ca3bd7cd9f149df75950150d010fe4a2,2018-02-23 08:31:44,29.75,16.6
556e899478cd993a24f43d8aa8b3cf17,1,47cd48073d67f91f09cb5ef9496c920b,00ee68308b45bc5e2660cd833c3f81cc,2017-11-07 15:46:36,90.0,17.88
558266bfba11bf9a23f7634ee0657f43,1,09014e6cd3dd8882e42dcf4dd4f5e305,c510bc1718f0f2961eaa42a23330681a,2018-08-15 19:50:15,38.95,7.53
558731462aceb9588378c7c19194d2db,1,9c5cec867c62c0ec4674b002eb1c3e0c,e882b2a25a10b9c057cc49695f222c19,2018-05-16 14:16:26,1054.0,35.96
5597332b7eded552f104108f22b023e4,1,6db72cc3d861dbea370e6959aa850b8c,31561f325664a8a7aba4c8d0c3a9b3db,2018-08-20 13:15:22,27.49,8.97
55a54184af6cdb5cbd95d124883c2dbb,1,3354a4e684f5e7199f9407db70ccd92b,7a67c85e85bb2ce8582c35f2203ad736,2018-06-29 07:31:07,89.99,27.58
55b2cadb9946209a0283fd636ddc6676,1,72331bc45c5e8665ee12999363bc9186,7b1222c3624aa89b9558b50a2594188c,2017-12-28 02:19:31,209.9,16.22
55bd3d21d10786b863b8537b32bc3899,1,32bad49615b7c5da42609b98df97482c,d91fb3b7d041e83b64a00a3edfb37e4f,2018-08-06 14:05:16,16.29,18.23
55bde651a2c412e983a9ace2f3e05c5d,1,249de764c23f381ef073c7520e0ab799,2ba91c7ad80ff88b23b7db823b43c233,2018-08-15 19:50:16,48.5,7.6
55e5ec213742bae19f2e36685d3aa5e9,1,3b0f7951038b105522c2d566b54421f7,562fc2f2c2863ab7e79a9e4388a58a14,2018-02-22 07:30:21,29.99,15.79
55ef1695189508c09b58080d53d2b32e,1,3bb8427f7700385308f42cfcf4c8d10d,522620dcb18a6b31cd7bdf73665113a9,2018-07-08 21:10:52,599.0,22.29
5600c1fabd9c27cf4dc4a3aaf57a8e29,1,0a5a41c678bcf81e041826bb24eb0b01,4b9750c8ad28220fe6702d4ecb7c898f,2018-03-29 17:30:44,48.9,9.26
56173a7cc04c8e7350ec2fc647c912cf,1,8983a3b149303c013fceabef902e835a,9f505651f4a6abe901a56cdc21508025,2018-04-10 03:10:30,99.0,9.05
5620e57611d71ee82bf1b40183f57bdf,1,e84bf31698e5842d605c5aa9cfc8b02a,4e17c65a516f69d023a2ae78b84f28d6,2018-03-06 10:30:56,14.5,11.73
5620e57611d71ee82bf1b40183f57bdf,2,e84bf31698e5842d605c5aa9cfc8b02a,4e17c65a516f69d023a2ae78b84f28d6,2018-03-06 10:30:56,14.5,11.73
56286095ef8730771df8d223978236ed,1,1613b819ab5dae53aead2dbb4ebdb378,16090f2ca825584b5a147ab24aa30c86,2018-04-25 16:59:58,27.9,18.23
5629fdbbd11b9755743ba8b8f517f8cc,1,20205e1ea024aec43a7a3fc0d8f7a287,62760d278921b5f352461620d68a9cee,2017-02-15 12:55:28,99.0,14.46
5635c4d926a70f077059cfbc66700181,1,5a6e53c3b4e8684b13388d6aa4afdf12,7299e27ed73d2ad986de7f7c77d919fa,2017-05-18 13:06:35,16.99,15.1
56430e0b9968b381942760e433583b27,1,e282624d8c82e04983f125e167eb4521,2138ccb85b11a4ec1e37afbd1c8eda1f,2017-03-08 07:35:17,18.99,14.11
5662e7f8bbc6abe55e104ac06994a731,1,3ddc568a05383c2f24b4d47d1b41f819,6d22a1fcebb6dd08c9cd90b92a93e8d0,2017-10-06 12:07:21,40.9,16.79
566c5bff1142c9d6003a83fd2e8ad1e5,1,cf8c588a4b9b7599aa4807e78bbc65a9,36a968b544695394e4e9d7572688598f,2017-11-29 18:25:18,8.9,8.27
567320164aa96555310f5c8ed6e8c5d7,1,f750e77aeeecafcb47516be7f8f278b8,b7e1750c1157341d2abd0251e07c186b,2017-03-13 14:03:59,39.9,14.11
567b5fcbb939e9c7357320d26cbdf4fe,1,014a8a503291921f7b004a5215bb3c36,fa40cc5b934574b62717c68f3d678b6d,2018-04-19 14:35:17,35.99,7.39
56aa3b6b2c30314ee80914fea9543573,1,059edbecfc72eba55fbd079a25c4ab6b,c70a353f02429c00775a46a75fb787da,2018-08-14 20:04:53,35.0,9.0
56b6c0c35525102d39f7314a90f95977,1,679a3e5e1d2bb68982be5734c6e55e63,8a130737016f838139d31878787a39c9,2018-03-09 15:55:41,54.4,12.72
573cdc3b8d7f43d865aba5fbbc888802,1,f2610c932aaabc3eb24c3512b498a838,f680f85bee2d253556ac91be391d2c82,2018-01-18 15:30:30,59.9,16.67
573cdc3b8d7f43d865aba5fbbc888802,2,f2610c932aaabc3eb24c3512b498a838,f680f85bee2d253556ac91be391d2c82,2018-01-18 15:30:30,59.9,16.67
57490284e3524fb4b1c4112fa966cbde,1,b1ab8c16165f6d66427b01ac9b26e141,ae45df84722b1d15c5f32b23a095746c,2018-06-27 03:31:46,139.99,17.91
574a92fb05e01159e32c2a4cba131e3e,1,9712e67c33f564648b46afc6505db72a,7ad32824caee82087b3e2e5f33b1bf32,2018-05-25 20:57:35,39.0,19.32
575d8ef8d005dd6e8f39b314079973ef,1,84f456958365164420cfc80fbe4c7fab,4a3ca9315b744ce9f8e9374361493884,2017-12-07 21:33:27,99.0,17.94
578daeebdebcc19bd2dcba1f6b06b3ce,1,cac9e5692471a0700418aa3400b9b2b1,7ea5bfa6c340f58f8e71fc1f0412b0d6,2018-06-06 19:17:23,99.49,8.81
578e93018456eabf67495ce86d6e6315,1,a50acd33ba7a8da8e9db65094fa990a4,8581055ce74af1daba164fdbd55a40de,2017-02-12 21:53:29,117.3,22.29
57a05984170fbb84344898547914f22c,1,e611a297d7a9df83f906aab5c746fd06,81f89e42267213cb94da7ddc301651da,2018-08-22 21:50:13,93.0,13.31
57a382ec5b2ec69093d3bdc7de3ec927,1,cca44f5c2c4c50a416b7ee155a58b2ba,7e93a43ef30c4f03f38b393420bc753a,2017-06-08 15:15:17,492.04,12.26
57db58fa887c4205f3bf01211de5cceb,1,1a96bfd3ef9221f2775d1eccd98a7f17,f8db351d8c4c4c22c6835c19a46f01b0,2018-07-17 19:35:22,22.9,18.26
57ec43facf6675a86b249b5c44867350,1,36bd3e4daa4604d112f17dccd24ee59e,562fc2f2c2863ab7e79a9e4388a58a14,2018-05-07 05:55:11,39.99,18.23
57f7bb7d658b442616fce795fcc30146,1,2b6aba96aca0f3f5f28779c8a4395f42,066a6914e1ebf3ea95a216c73a986b91,2017-02-04 20:04:08,74.99,20.6
57faaa762a71e0603439c7a742527524,1,05fa3b5ecdf7f54e97fe25127db0ee7c,218d46b86c1881d022bce9c68a7d4b15,2018-01-23 16:11:18,181.0,21.76
582e0dbdbf89bc46dbcc5c34ff60745a,1,7ce94ab189134e2d3c05f496d635419c,8b321bb669392f5163d04c59e235e066,2018-04-02 04:10:21,13.65,7.39
584c2b6afebd2ec8c284ee84f4c79ebf,1,5e0a88877b8f7889949d0a7b3fc12d14,8d956fec2e4337affcb520f56fd8cbfd,2018-04-10 03:08:53,69.99,18.07
587379acca182c8e157e4dc7c8923131,1,a89e5c817a0c1fd1487d78cba0714a4d,530ec6109d11eaaf87999465c6afee01,2017-08-21 10:35:15,109.9,15.46
587379acca182c8e157e4dc7c8923131,2,1d93a1a9ef04cca09f4737fc380e0d6e,530ec6109d11eaaf87999465c6afee01,2017-08-21 10:35:15,91.9,15.45
5873a59a3969d04a260ce297ee1b3ce3,1,cebed2cb3b44b298e374ec88155024f6,2ee0a0689f2f6a72f35a7cb6033f6e7e,2017-11-22 01:10:37,68.2,16.92
5875e5804ca85e3b4c8dda7a7dfce4cc,1,fa243e761ae871597627e917611eeb23,4a3ca9315b744ce9f8e9374361493884,2018-06-18 10:20:11,135.0,62.97
588c0e3b460d83b9cd8a270edc0f4da0,1,35557c68a22ecebcf066e25ca2ddc144,f8db351d8c4c4c22c6835c19a46f01b0,2017-11-14 13:55:25,16.9,34.15
588c0e3b460d83b9cd8a270edc0f4da0,2,35557c68a22ecebcf066e25ca2ddc144,f8db351d8c4c4c22c6835c19a46f01b0,2017-11-14 13:55:25,16.9,34.15
588c0e3b460d83b9cd8a270edc0f4da0,3,35557c68a22ecebcf066e25ca2ddc144,f8db351d8c4c4c22c6835c19a46f01b0,2017-11-14 13:55:25,16.9,34.15
588c0e3b460d83b9cd8a270edc0f4da0,4,35557c68a22ecebcf066e25ca2ddc144,f8db351d8c4c4c22c6835c19a46f01b0,2017-11-14 13:55:25,16.9,34.15
58bb1a30c2cb9520d5de66b39ed7cc0e,1,b41d86054cccdd1d4bb6c1835bfee57c,86bf77bdb52e615674772d5817c6212f,2018-04-30 19:23:31,24.0,15.23
58ded2fbeab30e8d3f53d888277f6b2e,1,3354a4e684f5e7199f9407db70ccd92b,7a67c85e85bb2ce8582c35f2203ad736,2018-07-04 22:30:15,89.99,11.65
5911ba3eb3648e7f6f55ebbed69f5daa,1,473795a355d29305c3ea6b156833adf5,620c87c171fb2a6dd6e8bb4dec959fc6,2018-01-25 19:37:12,49.9,15.1
593b6eefb72afdf364b30dedb1294414,1,fe01b643060a6446e59f58e3021e66b3,2dee2ce60de9709b1a24083217181a1f,2017-11-30 00:56:36,129.9,20.15
5942bd3a8502a95cab0655d31eb2c6fc,1,07c055536ebf10dfbb6c6db6dbfc36e5,cca3071e3e9bb7d12640c9fbe2301306,2017-09-08 10:30:20,45.9,16.11
5953d2dd57f0e259f8b8489c37556e00,1,22594ba8fd9a72ad95d352929c821560,7c67e1448b00f6e969d365cea6b010ab,2017-08-16 20:25:14,99.99,28.06
59bef859ee544206d66d43cd4a50fac9,1,b0137f9102be5a094d59c061fe106b83,1ca7077d890b907f89be8c954a02686a,2018-03-22 17:49:58,45.99,15.23
59bef859ee544206d66d43cd4a50fac9,2,2e0725613e75303bb162ff2f58f112e0,1ca7077d890b907f89be8c954a02686a,2018-03-22 17:49:58,45.99,15.23
59d7a8119bf89c6444ae76a6cf2f9479,1,d428453f5428574ccf030518d30d13cd,8c16d1f32a54d92897cc437244442e1b,2018-08-28 11:55:19,62.49,18.54
59d7a8119bf89c6444ae76a6cf2f9479,2,d428453f5428574ccf030518d30d13cd,8c16d1f32a54d92897cc437244442e1b,2018-08-28 11:55:19,62.49,18.54
59dccb56096ce22662c9a3f2f2312f39,1,1015f4f024ec3cd0f9516a779ece52dd,4a3ca9315b744ce9f8e9374361493884,2018-01-31 02:57:54,83.9,13.61
59e965eb9a8f7f341a003466fbe14229,1,5d52927f3cf2e3266c5dd6e4d2dd566a,a066df7361163e7ddc5d7452dd17448b,2018-01-04 20:29:25,59.9,11.92
5a3bccb60104b1251c6a39e051c428ba,1,0bcc3eeca39e1064258aa1e932269894,1f50f920176fa81dab994f9023523100,2018-08-16 09:55:20,49.9,41.33
5a40c1e92e3512536d5910f21f5e1856,1,4107fe37acd2074de27143fa85966f67,7c67e1448b00f6e969d365cea6b010ab,2017-08-31 23:25:09,43.99,11.85
5a40c1e92e3512536d5910f21f5e1856,2,4107fe37acd2074de27143fa85966f67,7c67e1448b00f6e969d365cea6b010ab,2017-08-31 23:25:09,43.99,11.85
5a40c1e92e3512536d5910f21f5e1856,3,4107fe37acd2074de27143fa85966f67,7c67e1448b00f6e969d365cea6b010ab,2017-08-31 23:25:09,43.99,11.85
5a72aaf4a78a5e2b0ba132b0e9c21fb1,1,f77dd338d9f75229a09cbb9a18fd0c9a,1c129092bf23f28a5930387c980c0dfc,2017-12-01 19:39:43,25.0,14.1
5a85ba245a3a3bcb21334e761e0ef1a2,1,ea44caac707f7f1325182a538007f838,855668e0971d4dfd7bef1b6a4133b41b,2017-09-21 20:10:16,50.0,12.23
5a8f325f70adcaee7b80d649a1f28876,1,c88c6b94ef95d151a4c6043e26feae65,709e16e2b25c7474d980076c6bfc4806,2018-03-05 03:15:42,36.9,15.1
5ab5ab13fd02495f204ffe2724aecf49,1,31fd02b02c33827cbde22902cf80338c,5f1dc28029d2c244352a68107ec2b542,2017-08-07 16:10:18,39.9,7.78
5ad066b6e468fcd60b0d871bfa99112a,1,aede48631330269f65a8d680de491657,dbc22125167c298ef99da25668e1011f,2018-01-26 15:18:30,99.9,19.94
5add03213ad417aab3988852ea890572,1,7fb04722aba7a2b632bac8f9819796f3,f3b80352b986ab4d1057a4b724be19d0,2017-09-08 10:55:24,79.0,17.8
5afa996de851bd409a84c61745106947,1,19b7d3eaa7343bd751c222bd14f44fa2,39d61be7a92eb77b7da367bd4845bc0e,2018-08-15 03:44:52,48.99,19.53
5afa996de851bd409a84c61745106947,2,19b7d3eaa7343bd751c222bd14f44fa2,39d61be7a92eb77b7da367bd4845bc0e,2018-08-15 03:44:52,48.99,19.53
5b0ee19a3125fc083348baa76d816ed0,1,656e0eca68dcecf6a31b8ececfabe3e8,e9bc59e7b60fc3063eb2290deda4cced,2018-03-09 14:10:40,81.0,9.98
5b585b8178b9e47c6d423e0e79f415af,1,419cb1b441eda9b92ebd1a1b96090c26,ea8482cd71df3c1969d7b9473ff13abc,2018-01-24 23:16:40,29.99,14.1
5b5ca75222f3aeb5ae3b27547d4d8792,1,ce5a5a85a0704113bd7fd75b3fbaed71,cfb1a033743668a192316f3c6d1d2671,2017-03-31 07:14:31,29.9,11.74
5b649740381032adc79831802d8d221a,1,a60613d36f37a7b27d3344f40f6a7945,ad420dd0c4f92f8af951ac24b86d0cf5,2017-11-13 04:31:45,200.0,31.2
5b649740381032adc79831802d8d221a,2,9091499533100191c6b89d09e43445e8,ad420dd0c4f92f8af951ac24b86d0cf5,2017-11-13 04:31:45,19.99,0.05
5b663e8f6d7d1dd5c03c9fb203cb50ff,1,19c91ef95d509ea33eda93495c4d3481,06a2c3af7b3aee5d69171b0e14f0ee87,2018-07-17 04:45:06,122.99,25.21
5b71dc5aa10d933a7c579eadd1da1894,1,ad673c1cd02b966e931f9db4fdc34791,9646c3513289980f17226a2fc4720dbd,2018-07-26 11:15:12,25.0,18.28
5b74abebfd5bc1d137d7ade71c5cfd36,1,ad19bca6e0f1919433d7e21d534ddb50,527801b552d0077ffd170872eb49683b,2018-09-03 20:35:18,44.9,13.89
5b7aed674843fc9b20d1c4cef543a761,1,115e606ac8059e4cfa1c6c3310fb365c,1838dd9b8977065acf51d95e0053ea7a,2018-05-17 03:50:17,39.9,19.32
5b7ffb8d013b6d0b4ae7a8f454fa9bd7,1,fd424396761d9e1609c5516b7d8ce17b,8581055ce74af1daba164fdbd55a40de,2017-11-26 22:07:01,80.4,13.12
5baeaa8bec54f12f0aa0ee4b4d285cf9,1,49484d56efdb9b218cbb9f96a117ffd2,44073f8b7e41514de3b7815dd0237f4f,2018-01-12 11:32:02,89.99,17.07
5bb8d2fbca419676d395687e28f5263b,1,7f72a8900b3d2fc8fa2635b7836d6e6e,7299e27ed73d2ad986de7f7c77d919fa,2018-07-16 14:10:14,64.99,22.39
5bc2a7b8f0817443a86b69461e742cc9,1,c509d9cdf78468c910d844f16b29fc7f,43f8c9950d11ecd03a0304a49e010da6,2018-01-09 13:31:57,51.99,14.11
5bc78a286b07fd8ad2198daf226ec008,1,7fb04722aba7a2b632bac8f9819796f3,f3b80352b986ab4d1057a4b724be19d0,2017-08-31 18:15:16,79.0,18.79
5c1a7adae63c3dd38c445817f9947cf2,1,30ac6df06dc59ad72cf2f158fc2d904c,0dd184061fb0eaa7ca37932c68ab91c5,2018-03-22 02:40:36,120.0,23.38
5c2b38dc10cf46a3224f46dba893d26a,1,e06f99e79036d681effa3de75989bf22,6560211a19b47992c3666cc44a7e94c0,2018-01-26 14:13:21,59.0,7.78
5c4ddbfa718a93f4b6b964b9e19472df,1,ba4a91633739ceceb2b73b627e2cfbc3,7c67e1448b00f6e969d365cea6b010ab,2017-05-15 18:03:06,144.99,36.56
5c4f206f887c5afc6acb306477d65807,1,6cdd53843498f92890544667809f1595,ccc4bbb5f32a6ab2b7066a4130f114e3,2017-05-26 04:05:21,349.9,29.3
5c51684e9930d09a7f209a96c71064ef,1,55b71bf300a2765a382eaec566df531f,54a1852d1b8f10312c55e906355666ee,2018-05-09 00:30:33,74.99,11.15
5c79fa2db9227db840a45f20c3ce4833,1,4fcb3d9a5f4871e8362dfedbdb02b064,8581055ce74af1daba164fdbd55a40de,2017-09-12 04:45:48,143.8,15.76
5c7ffa6a8321eb05f96b3f941cf874e5,1,3225c54bb2785c33f49f50398fcdb88c,c60b801f2d52c7f7f91de00870882a75,2018-04-12 03:15:31,270.0,16.77
5cafde3fdf1a583c0a5d7fdc7b526ad1,1,5292d2a10d727811b78d5b7dfb6c96b3,8a130737016f838139d31878787a39c9,2018-07-09 04:33:18,49.6,9.1
5cb1ebf7fc3436167b8c37a78ceed6a1,1,3becff10d1deb92b02f2a1ee62a04524,5b8154610ebb21fb90eb587365e673df,2018-01-24 19:33:37,426.99,36.35
5cc6d864fa9e1a90eaf5207737549ffc,1,08574b074924071f4e201e151b152b4e,001cca7ae9ae17fb1caed9dfb1094831,2017-11-13 20:06:58,99.0,33.08
5cc6d864fa9e1a90eaf5207737549ffc,2,08574b074924071f4e201e151b152b4e,001cca7ae9ae17fb1caed9dfb1094831,2017-11-13 20:06:58,99.0,33.08
5cc6d864fa9e1a90eaf5207737549ffc,3,08574b074924071f4e201e151b152b4e,001cca7ae9ae17fb1caed9dfb1094831,2017-11-13 20:06:58,99.0,33.08
5cf925b116421afa85ee25e99b4c34fb,1,c6dd917a0be2a704582055949915ab32,7a67c85e85bb2ce8582c35f2203ad736,2017-02-22 15:48:35,79.99,26.82
5cfc8b5d0db5dc5bc500d0fb6c986a53,1,82d81ab45858ba32dffde40acc8b3062,75a4764c108403a7a0575140cb22287c,2018-04-16 09:10:25,69.89,19.46
5d08d050576ab268270b7c0956c6f162,1,b99e4f4fa3f421e0ffbd512d9f152dec,128639473a139ac0f3e5f5ade55873a5,2017-12-22 09:18:32,19.9,12.48
5d08d050576ab268270b7c0956c6f162,2,b99e4f4fa3f421e0ffbd512d9f152dec,128639473a139ac0f3e5f5ade55873a5,2017-12-22 09:18:32,19.9,12.48
5d08d050576ab268270b7c0956c6f162,3,b99e4f4fa3f421e0ffbd512d9f152dec,128639473a139ac0f3e5f5ade55873a5,2017-12-22 09:18:32,19.9,12.48
5d0d28b0a5db80fe44a0ac53bdb979dc,1,646998fa29db22fe94b0bd31b8d228ac,7f7b8245c336066a1f9933c359f11d77,2018-05-21 10:35:21,24.9,7.71
5d1aca6ae03324b5398c241b3b402be7,1,c1dfd7dc17df380ed269d0fc905f6e22,4830e40640734fc1c52cd21127c341d4,2018-06-13 14:02:11,49.99,11.15
5d31808356c1ecbf7eeadc61144a098c,1,0364c36f8e845e4d309c0a3accc04b1c,7c67e1448b00f6e969d365cea6b010ab,2017-10-30 03:27:23,196.99,31.68
5d389775a013b9eb8fcdab4cdc1eae1d,1,0f3288619c16188d156acc3ba91f36ab,87142160b41353c4e5fca2360caf6f92,2017-02-07 16:25:13,19.9,14.52
5d67cca99e80d5f9cc0cda0ce73ca3a3,1,963022ab2afed8b12ad312739a142b07,e5a38146df062edaf55c38afa99e42dc,2018-01-22 03:50:04,89.18,15.38
5d9fde36e9b14f9c646577bb073b1486,1,437c05a395e9e47f9762e677a7068ce7,bf84056e679dbe9c69929847a40e338f,2018-02-28 02:10:26,46.33,7.78
5d9fde36e9b14f9c646577bb073b1486,2,437c05a395e9e47f9762e677a7068ce7,bf84056e679dbe9c69929847a40e338f,2018-02-28 02:10:26,46.33,7.78
5dc6b1dfab4fc8303ea318faec36a73e,1,d285360f29ac7fd97640bf0baef03de0,4869f7a5dfa277a7dca6462dcf3b52b2,2018-02-21 19:15:27,349.0,17.19
5dea3bf3570049323c58794169b7638c,1,d5991653e037ccb7af6ed7d94246b249,6973a06f484aacf400ece213dbf3d946,2018-02-14 02:52:16,132.97,12.43
5df16667b4591b93ff7b1930d8b7da36,1,a9516a079e37a9c9c36b9b78b10169e8,7c67e1448b00f6e969d365cea6b010ab,2017-06-30 07:42:33,124.99,28.23
5e08f8357b3660485f47d00381feaa6f,1,8100d323ffa1909cfcf9fdf05f20b678,f8db351d8c4c4c22c6835c19a46f01b0,2017-07-12 13:05:19,152.9,18.32
5e092cf7a8c77ef8b4592a9c656c498f,1,2b4609f8948be18874494203496bc318,cc419e0650a3c5ba77189a1882b7556a,2018-01-31 17:16:19,89.99,9.44
5e2150868494c26407f39ac03c5de246,1,6bf1cd252d73626ab181be470f56e07b,8bd0f31cf0a614c658f6763bd02dea69,2017-12-26 10:31:59,37.99,11.73
5e2c1da37a5a687a068bce41d8b56904,1,e7e0728e9e488b0a67ef4d95e98ee4c8,13d058e4eeac2ce8217660b2f8a05812,2017-08-17 20:23:28,209.99,32.5
5e434db83bb70a40ee87ceafd1164700,1,63b1e1149e547163e18adba529c9cb5d,ae45df84722b1d15c5f32b23a095746c,2018-06-14 09:11:19,45.0,15.23
5e5fed142a552be6d6f1e04a800446d6,1,02a97df83a8a100c7d2b14a02aea6a3d,620c87c171fb2a6dd6e8bb4dec959fc6,2018-02-27 03:11:18,69.9,15.24
5e70bcf826ffb41fbf68e94ba929635e,1,6cbd4637b69fff7d983bb1a757febf71,2089a6d640999f9b9141ac719b2af596,2017-05-17 17:10:18,356.49,14.0
5e741be1ef0b879586c4c85a9967b5f9,1,c1ad8ac66c91ad301cefc322ba2adf31,7e93a43ef30c4f03f38b393420bc753a,2017-09-08 14:15:21,719.0,23.57
5e764e58bf508a75846821d328714583,1,e5c50ee10712a01bfed9854a00502f8e,ceaec5548eefc6e23e6607c5435102e7,2018-04-12 14:30:56,579.0,45.91
5e8c4235c5941812c1831d835ae020fd,1,93a12c289ca2b78e7069e469f5053ef2,88460e8ebdecbfecb5f9601833981930,2018-04-12 20:55:30,129.9,18.79
5ed946893f9d36c172fc9bbbf31fcf0d,1,f8077831f3c3f393fb67b93c5acd8daf,213b25e6f54661939f11710a6fddb871,2018-08-10 20:20:12,79.9,19.75
5f4942fc3a59f2e62ae534f981105954,1,1937b3e587fc766c8d1cef0c11c6aa53,670c26e0f1bf8d0576271d5cfaec6d2b,2018-03-07 08:29:07,45.0,12.48
5f4c7549b7a52062dbf797ca9344bd54,1,e878662b68e175a58b5951e44574d5c8,14ee35374a7876217954b5fa08e50463,2017-12-19 02:36:32,124.0,13.89
5f517c344edea684043f8c69608b7f47,1,dbb67791e405873b259e4656bf971246,00fc707aaaad2d31347cf883cd2dfe10,2018-02-28 07:07:36,79.0,12.68
5f517c344edea684043f8c69608b7f47,2,dbb67791e405873b259e4656bf971246,00fc707aaaad2d31347cf883cd2dfe10,2018-02-28 07:07:36,79.0,12.68
5f71bc83356f39cf9e9b8004f39a989a,1,10cdbbacd25110d10f8cbe925ea7853f,7c67e1448b00f6e969d365cea6b010ab,2017-09-06 10:44:56,199.94,41.79
5f8772295e1adb4e4832c988d6b631b6,1,1e618d311a1b7f88a9d96ec50aa85582,d94a40fd42351c259927028d163af842,2018-03-22 10:28:37,129.0,70.89
5fa4923e35eb4c0d471dc44378b1215c,1,764292b2b0f73f77a0272be03fdd45f3,bd23da7354813347129d751591d1a6e2,2018-01-17 02:48:46,99.9,11.9
5fa643060454c5e14a75113a3800b787,1,0c71252f37443403376d2008034a7240,70c27847eca8195c983ed7e798c56743,2018-08-21 14:50:16,107.99,15.86
5fc078d078575df6ce8980acdcfb6dad,1,d8f254be723da6488610b42935533b05,6560211a19b47992c3666cc44a7e94c0,2018-02-15 18:25:44,69.0,17.76
5fd0b812a7ad786c02970c4223ef1dff,1,17c4bd4269902c84acc14c497f282ddb,75d34ebb1bd0bd7dde40dd507b8169c3,2017-09-13 13:24:09,309.99,14.42
5fd0b812a7ad786c02970c4223ef1dff,2,17c4bd4269902c84acc14c497f282ddb,75d34ebb1bd0bd7dde40dd507b8169c3,2017-09-13 13:24:09,309.99,14.42
5fdcee361d689906697597a4415711b2,1,2b4609f8948be18874494203496bc318,cc419e0650a3c5ba77189a1882b7556a,2017-12-26 02:35:31,89.99,9.44
5fe46d14177744ae2180101ce19bb414,1,aad225c687cc75ba1148d41f2ce414c2,2f4b9d112bfa44a214bc6cef085d17c8,2016-10-11 11:39:35,18.9,22.28
5fe9874b96028c851e35c1c28aede4c2,1,eab67bf937aaadc19f83383a331d2dd9,7c67e1448b00f6e969d365cea6b010ab,2018-01-26 14:51:23,149.99,17.78
60218eecf87eaeb58657769f328f2726,1,ff9fa77f938462abd16b53c0d934099f,c3cfdc648177fdbbbb35635a37472c53,2017-09-12 12:15:15,119.9,16.6
60243a953c19e3606e7757264ea2ad3e,1,99a4788cb24856965c36a24e339b6058,4a3ca9315b744ce9f8e9374361493884,2017-07-13 21:03:07,89.9,12.13
6046bc15c899ee2dd06d1a235f9f61c9,1,11dcc970f7a5581e1bf777b6da3f7096,06579cb253ecd5a3a12a9e6eb6bf8f47,2017-09-01 14:55:23,69.9,13.51
604d751f2a7e1dbdc206eec36e4bcb81,1,808190a48d18d09af357796e2b30d932,bacb1f0ed56ad24198f5810d2b3fe9a5,2017-11-23 11:55:33,168.9,21.67
60902f64bb98d5d9911ee0c48ad5008b,1,f4851ffef385d506603396041da7c1d3,974cf2cb8f4b7add98709c30df02fe10,2018-04-10 17:50:29,89.99,13.07
60b4528b577937165a412ba177de3606,1,18b0e642cbae7251e60a64aa07dd9eb9,85d9eb9ddc5d00ca9336a2219c97bb13,2018-07-30 09:25:09,22.32,7.74
60c293e54649a6dae7403487d4c21b2c,1,ee6c49af1a2de55aa0e076257ab4ab99,1c68394e931a64f90ea236c5ea590300,2018-04-01 21:48:42,169.9,17.73
60d0d7f6e4119e9a4630876994978c2b,1,3efd399c5d016b9e6a5ad3196eade44f,503c1de08ae81a2d86f17951b204db55,2018-07-30 09:35:18,243.0,20.89
60d33f204669abf0795294143b54d6b4,1,20ed63974a9207895b4e56993e5a9a3c,23613d49c3ac2bd302259e55c06c050c,2017-04-10 09:30:19,99.9,16.85
60ddc3cf31819e316702f9ede42e26c7,1,dbb4ce89c8ed5fb6fd901e2e51093179,91f848e9f4be368f4318775aac733370,2017-04-10 10:50:22,84.99,14.36
60ddc3cf31819e316702f9ede42e26c7,2,dbb4ce89c8ed5fb6fd901e2e51093179,91f848e9f4be368f4318775aac733370,2017-04-10 10:50:22,84.99,14.36
60ff47e655e87de64037be5d1f09ce7d,1,a59fb60fddcc72a9878b7ed5cb69d8e4,7040e82f899a04d1b434b795a43b4617,2018-08-29 15:55:18,14.9,7.39
6106af2a0590979c9d7c7918f6eae6ae,1,e7d26dd6742baca292020c158e6720c3,6cd68b3ed6d59aaa9fece558ad360c0a,2017-07-19 19:55:20,54.9,15.13
611f544f53c61bfeee1a6923ea8555a9,1,caf4c19a55134cab8ebe2debd0f16e6d,3d871de0142ce09b7081e2b9d1733cb1,2018-01-11 10:19:20,99.0,25.0
615138ca15a2a7fe3059d1fd8ac364e5,1,e2c3ed9aaddfd2312a6a5fe9b3ddadd3,46dc3b2cc0980fb8ec44634e21d2718e,2017-11-23 12:06:50,99.99,16.95
615774e695ab140dcb5e1c0aeb15b9cc,1,1a909e04ddbc64bda3fc905834678201,1c68394e931a64f90ea236c5ea590300,2018-03-08 09:50:13,76.9,15.29
61598b90b927811b3b38013ec10b8e5d,1,9e10eb05d9f369d5c38c475425cc2ee9,1ca7077d890b907f89be8c954a02686a,2018-03-21 18:50:35,35.0,7.39
616d980107c4a1d6b7cbc85cd40890e8,1,a9b9032e79635ad9618808cfdd644c77,0be8ff43f22e456b4e0371b2245e4d01,2018-01-08 15:13:30,24.9,14.1
61722dfb39136f50e4e0d9d150176532,1,ff5f8606556b625613f069a5a9a48966,8cbac7e12637ed9cffa18c7875207478,2018-02-01 17:31:52,47.5,52.71
61792c6272346d7f4b7c5b1747df7b1a,1,2ec4063419591b373f7990da94fb2c6c,02a2272692e13558373c66db98f05e2e,2017-03-14 12:33:15,24.99,24.35
618a75a5455f1971e39c8bec6af25e8f,1,3c139df1bbfd2c48c110bc9ca5d8c133,f5a590cf36251cf1162ea35bef76fe84,2018-02-01 15:20:21,389.0,29.04
61adc85552ac2f95e8d9ce8274b3bdaf,1,dd4e0af4984c994583afeb8ac4ae7eb3,4978a02ea9c8be7a9b5480680f40334e,2018-07-12 10:25:15,33.99,7.5
61e7365ad2e2ce5a3dbf650586623b7f,1,0a1ca683d91a7cb9b806f3710873bf47,777a0c55737f34ffeb78010f7542ab41,2018-08-16 16:30:18,81.35,16.76
61fa8d2ee24cc80feecf24ec94c68e8f,1,b114bf337c0626166abe574eee9e3f32,a7f13822ceb966b076af67121f87b063,2017-05-08 02:22:44,199.96,43.86
61fa8d2ee24cc80feecf24ec94c68e8f,2,b114bf337c0626166abe574eee9e3f32,a7f13822ceb966b076af67121f87b063,2017-05-08 02:22:44,199.96,43.86
620f2b2f6cabdf0426262c47bf3a883c,1,1d6b1ff2a0ef2336832512132b3af6aa,77530e9772f57a62c906e1c21538ab82,2018-08-03 14:00:13,119.0,35.9
621d22173590d292319c7a2f72ce76f6,1,013ee64977aaa6b2b25475095162e0e9,640e21a7d01df7614a3b4923e990d40c,2018-05-23 13:27:12,69.99,14.14
621d22173590d292319c7a2f72ce76f6,2,e934947ca6b64f5a6d864e21dca13b73,640e21a7d01df7614a3b4923e990d40c,2018-05-23 13:27:12,47.85,14.14
6224401eebe13e25d470d8d6a9ef225e,1,389d119b48cf3043d311335e499d9c6b,1f50f920176fa81dab994f9023523100,2017-09-12 22:43:53,59.9,13.44
6228b5ff5e2a9f1cc96101d4c6c08d10,1,8bba564030745976b3975e212e113b6a,a3f0b55de503387383c7b1de3ad7f678,2018-05-22 20:35:13,229.9,22.69
6248b0a9b547366913fb67922a7a2b77,1,06ead9c0b05b368667d858c09148af03,b2ba3715d723d245138f291a6fe42594,2017-01-23 15:11:28,109.9,14.94
626389ec53cbe508339cbc2ad3a4787b,1,4ac50dbde931c0a5ed8c33d3dc047351,e5a38146df062edaf55c38afa99e42dc,2018-05-15 09:35:23,61.8,11.15
628c4dc07e38c6a4309d58e8a42e2f27,1,9ecadb84c81da840dbf3564378b586e9,1025f0e2d44d7041d6cf58b6550e0bfa,2018-01-02 15:49:35,38.4,12.69
628c4dc07e38c6a4309d58e8a42e2f27,2,9ecadb84c81da840dbf3564378b586e9,1025f0e2d44d7041d6cf58b6550e0bfa,2018-01-02 15:49:35,38.4,12.69
62a4fdf762d5c41efd4bb2418f236e9f,1,73bcea88583002fe12b7399af4ae60da,4869f7a5dfa277a7dca6462dcf3b52b2,2018-06-27 17:16:03,119.9,18.94
62a5349df8243987456fdd17fbe3b823,1,c6336fa91fbd87c359e44f5dca5a90ed,4c2b230173bb36f9b240f2b8ac11786e,2018-03-19 04:08:24,45.9,8.29
631e1f23f43b7ccee3a0792a1852c931,1,223d34a3d9334039f5ff9511dc044bbb,53243585a1d6dc2643021fd1853d8905,2017-11-30 03:34:30,246.62,10.94
6362a7fa249232a216ff4ed1cec9f7b3,1,6f3b5b605d91b7439c5e3f5a8dffeea7,4869f7a5dfa277a7dca6462dcf3b52b2,2018-02-04 22:30:12,229.9,16.36
6367e1839d93eed7f1f74c9fe5daecfb,1,b746f0f77468910428130facb2ee2d1f,080102cd0a76b09e0dcf55fcacc60e05,2018-01-29 03:52:43,42.79,15.1
6368c8705f72b986b9fd5275b759e5e3,1,b11cfc408f43a71b16c2288e79172244,432c37c9dfba871172ec162e20118b8c,2018-03-02 19:08:58,59.0,21.21
636f0241ddc83a3b9e37a8088167bd45,1,deecc62b2db3d87ff4d9fe364fead01f,403aa86912527d730337ffcb0fb096ab,2017-10-26 18:33:27,274.99,15.67
6390d8596b48fe36ecbd508af3770dec,1,e46d3c8d60e3f8b382b6f239e5af08ac,1c68394e931a64f90ea236c5ea590300,2017-12-07 15:13:32,679.12,16.88
639144fceedec20fa804e47bd91dcf31,1,5570e58fb62fc2a83e5bda3974e35be5,da8622b14eb17ae2831f4ac5b9dab84a,2017-09-25 03:34:13,99.9,19.94
63a7cdcbeb840292008964a3654b9745,1,ac305a1e7e7b958e961fd896ef1395c4,25cf099de44674fde97473224f9d59ab,2018-01-24 10:10:01,20.0,7.78
63ae84a9387b93ffa05dde71794f61f9,1,735b17533036ee19f4c943704271660a,01fdefa7697d26ad920e9e0346d4bd1b,2018-08-14 21:25:16,89.99,15.7
63bb3cc42964994be6481295c706c8f4,1,23384f296aa1bf6461d22912093a9847,891071be6ba827b591264c90c2ae8a63,2017-11-30 11:57:34,19.99,15.1
63dd1232853b91debb2470c70da85dca,1,29427de7f8a9ee983d9dbc51cec569b4,7a67c85e85bb2ce8582c35f2203ad736,2017-08-23 19:55:21,99.99,17.95
6423db30ee1e8cbd5d066f414bde1a0e,1,d3e1006ba3735c0d44160026b6e0ced3,c003204e1ab016dfa150abc119207b24,2018-04-25 23:31:01,109.9,26.85
644fa2355020340eaa627c83e17eee27,1,0e5955fbbb16c3f92127ac470386ea88,897060da8b9a21f655304d50fd935913,2017-11-28 23:49:34,47.0,13.37
64582c699f99b4dd3c326b13c3bdc644,1,e004a3b7f9524967fdb68bb70f850eb0,53243585a1d6dc2643021fd1853d8905,2017-10-16 11:36:58,730.0,73.92
64b5f5bed476f1c9f84b2fddb945ca48,1,cae7248e9bdfda82584faea19dbf793f,6560211a19b47992c3666cc44a7e94c0,2017-12-05 12:58:38,49.0,34.15
64c04b1fbf1d65307ee77fa046ea3b7a,1,84f456958365164420cfc80fbe4c7fab,4a3ca9315b744ce9f8e9374361493884,2018-06-18 10:19:57,84.9,23.39
64c3463da17e1c9262d302b03a81fb0b,1,43fbb9403319de5e660094ddbe8cc0a4,f262cbc1c910c83959f849465454ddd3,2018-05-09 22:11:06,14.99,7.39
64cb5db87de3dcce6f274e1e690c32ab,1,d011223de539cd224b5c5c8082313d46,1025f0e2d44d7041d6cf58b6550e0bfa,2018-06-11 12:30:29,196.8,33.18
64cfbc6d10f3a5091889f0fab6233167,1,b9454f6cd728a6e0510e3c4ba8c25263,ea8482cd71df3c1969d7b9473ff13abc,2018-02-26 13:28:07,27.99,7.78
64d02f4ae7e52cc423b0b8790e8760d3,1,f7ee078cfab4ad9144e1d75fd0258c5b,d57e18d5f73c7ccb7f7339b61166898d,2018-04-09 18:49:50,37.9,16.32
64d7ed1c4e843c97738d861140943a73,1,9a075ce513162a3fb49c28aa1b6be52a,7e93a43ef30c4f03f38b393420bc753a,2017-11-21 13:26:23,179.99,8.51
64e64a4dd77d71d6bc307f24af1e55ac,1,c18b9716f7bfbff80fd3e41cee298c98,42ef3192a9ff87a22d1867b74b3ee205,2018-06-05 15:31:10,14.9,7.39
64ec5cf30ebdfb09f6c023919646545f,1,2cb7610ce5b2b73be631121560aeecaf,2528513dd95219a6013d4d05176e391a,2018-07-20 07:31:31,329.0,52.59
65272dc3f6aee70b17f962df52f16f73,1,ee57070aa3b24a06fdd0e02efd2d757d,88460e8ebdecbfecb5f9601833981930,2018-08-07 22:55:12,69.9,13.83
652a34a98deb42a4ce9408d3287a100d,1,b5c315fb01a02190500528edf520883f,6560211a19b47992c3666cc44a7e94c0,2017-08-10 02:10:06,59.0,7.78
652feb1d4ad368d93e848e3e211445e1,1,03c0275df9996ed2720b28488c7946d4,c70c1b0d8ca86052f45a432a38b73958,2018-07-25 21:10:09,91.55,8.8
654236657c61378a35416f08170ff0ad,1,73c61364b22d14eac780a200b81d34c5,ea8482cd71df3c1969d7b9473ff13abc,2018-02-22 18:50:23,28.99,11.85
654236657c61378a35416f08170ff0ad,2,73c61364b22d14eac780a200b81d34c5,ea8482cd71df3c1969d7b9473ff13abc,2018-02-22 18:50:23,28.99,11.85
6550f76a630f229b798ea19ef27694d9,1,a3e5f9cbee551f620eb3c85fed57c5f8,5a8e7d5003a1f221f9e1d6e411de7c23,2018-08-22 15:29:32,59.9,22.35
65a922b4c66d6c7389088e16d37a85e9,1,a5f6ba3fe91a2e73f10b612131cb2404,4e922959ae960d389249c378d1c939f5,2017-06-08 08:55:11,39.0,15.1
65a9d3006386a380f4b594577a01cef0,1,2a5806f10d0f00e5ad032dd2e3c8806e,7c67e1448b00f6e969d365cea6b010ab,2018-01-30 21:51:29,169.99,45.65
65a9d3006386a380f4b594577a01cef0,2,2a5806f10d0f00e5ad032dd2e3c8806e,7c67e1448b00f6e969d365cea6b010ab,2018-01-30 21:51:29,169.99,45.65
65b7f928b236039112ed2441d2237a11,1,ebf19d90623587fde1eff2a222d8b177,bfd27a966d91cfaafdb25d076585f0da,2017-06-26 21:05:43,89.0,16.38
65b8cbd6d0ad97befea844cc40817ccb,1,7c1bd920dbdf22470b68bde975dd3ccf,cc419e0650a3c5ba77189a1882b7556a,2017-05-19 17:02:49,64.99,14.2
65bbd0719855fe808bb19f62dfa9f42c,1,d1c427060a0f73f6b889a5c7c61f2ac4,a1043bafd471dff536d0c462352beb48,2017-08-24 19:05:09,159.99,41.19
65bbd0719855fe808bb19f62dfa9f42c,2,c4baedd846ed09b85f78a781b522f126,a1043bafd471dff536d0c462352beb48,2017-08-24 19:05:09,120.0,33.46
65c599e3998c4243f4e62affbf5bcdd7,1,753e430b6eed95b9d517a7a55eae6742,d13e50eaa47b4cbe9eb81465865d8cfc,2018-08-22 12:50:44,112.49,18.89
65c681e03f100e0ef15a100838d6b357,1,6bb54c0a1ddf991dc06cc7cb5a13bab7,8648b1e89e9b349e32d3741b30ec737e,2018-03-16 19:15:36,42.5,22.95
662bf5e7e6b6350fd9e93fb5793f5c98,1,2b4609f8948be18874494203496bc318,cc419e0650a3c5ba77189a1882b7556a,2017-12-26 19:16:30,89.99,35.95
6659002983cbc0fc582729e3aa1feaa8,1,d017a2151d543a9885604dc62a3d9dcc,6560211a19b47992c3666cc44a7e94c0,2018-05-22 01:31:51,49.0,19.04
6699d7eb202a80ad0dd024134fe5ed60,1,651fe753ea1d6ad3d5744c1bffd3d6e1,7178f9f4dd81dcef02f62acdf8151e01,2018-01-24 00:29:16,19.9,16.79
66c8dae0eb958ee945dc71efd0a99659,1,48cf041a87beac458328d395d035515a,ef506c96320abeedfb894c34db06f478,2018-02-07 17:53:20,34.99,14.1
66de0095e3cd190938887b524433e56e,1,af53bbaeee1f3190c2ff939fc236b6f5,06a2c3af7b3aee5d69171b0e14f0ee87,2018-04-19 19:55:16,64.99,27.51
67054420c38f2db9d12db40e122f02b2,1,e251ebd2858be1aa7d9b2087a6992580,001cca7ae9ae17fb1caed9dfb1094831,2017-02-27 11:42:38,99.9,16.4
67204cd665c7418b36623b21584dc92c,1,aece157b74fa793277ecc4e94bedf9a0,3d871de0142ce09b7081e2b9d1733cb1,2017-12-07 16:31:04,169.9,57.86
672e1607b26c5a9e1ec3e1e537af3257,1,11bbef4e2a44601d9dd471aa1fb433e6,5c243662ce92d84573bfaff24c3e3700,2017-06-12 20:15:11,329.99,17.06
6730796e2413628c3e327fbc24177a44,1,e9ceb9123d3103b7ad293c168dd3a547,5f06030071324cc52bf0304014ac7234,2017-08-25 20:25:43,195.99,34.14
6730796e2413628c3e327fbc24177a44,2,5b2b72f58d212a6e4733884ef0ece564,dc4a0fc896dc34b0d5bfec8438291c80,2017-08-25 20:25:43,233.35,15.67
673414c4a1bf9b72b8b6ff0d9decdfc6,1,4a0297fe087bf3ab8e126936cef30a28,a1043bafd471dff536d0c462352beb48,2017-08-08 09:10:16,120.0,28.22
67796eabcf10419c4abd84d49a3ecd59,1,70de339311bbfd116a461e25c9fb79ca,cca3071e3e9bb7d12640c9fbe2301306,2017-03-07 13:25:11,97.9,17.43
6784eb6ac53d515d589b68821f86a2c8,1,24c66f106f642621e524291a895c9032,620c87c171fb2a6dd6e8bb4dec959fc6,2018-02-09 19:50:05,199.9,20.64
678563117c6bcedcb0f9d98e8f3faf23,1,601a360bd2a916ecef0e88de72a6531a,7a67c85e85bb2ce8582c35f2203ad736,2017-05-23 17:25:16,129.99,12.11
67a41e5f40c8ee15e8d00b64b363dfd0,1,2fea0f2cec6b6324a277d4a61c2ed2c6,beadbee30901a7f61d031b6b686095ad,2018-07-19 14:45:13,86.0,13.26
67b50899f52995848c427e361e10dde3,1,a91c1a94d83d36316c44e00e738607b1,634964b17796e64304cadf1ad3050fb7,2018-06-20 21:36:59,90.0,18.43
67b777d7aeb1fefbc4e88626f76955dd,1,21191f1db2fabc46b8ae34857a3b130a,218d46b86c1881d022bce9c68a7d4b15,2017-08-18 02:45:31,121.0,12.35
67e5eba68c1f19de1a6cb6dd510deaa7,1,e58a56ad705cc3e02d6db9ae1a16c406,508808d438fe2ff972ed13bb8f4a82e2,2018-08-13 17:05:05,12.51,15.23
67e7cace5deab160cedd95c80e6f60a8,1,601a360bd2a916ecef0e88de72a6531a,7a67c85e85bb2ce8582c35f2203ad736,2017-07-26 13:43:32,129.99,18.16
67fc16d6dc881afa68e40df4c30d510a,1,5be51b87d3f543e942bb8299c5bd4423,6b243f80ed07b10f0e8aa0f21a205f3c,2018-04-23 05:50:17,54.9,15.26
6813f213a0d422a84a0e231bffc5fda8,1,0a108ad81c4e2a790649c3f8070f1213,1900267e848ceeba8fa32d80c1a5f5a8,2017-11-30 02:54:28,36.0,15.1
681fc152c63481373cecdd46e390fe6b,1,98a8c2fa16d7239c606640f5555768e4,001cca7ae9ae17fb1caed9dfb1094831,2017-10-18 04:35:21,110.0,40.1
682332c2474e425ea23c40848faa25e2,1,ad59cb0673bceac69f32635f227b2ddb,8ae520247981aa06bc94abddf5f46d34,2017-11-08 15:55:31,169.0,15.93
68354b9bbb79df0863b0138440c9e1b1,1,5fb00b8c5c7ec5ea3a19223f6e8d6b40,89ad3263c0931c47f976d7c5778e60f6,2018-06-29 10:15:23,31.6,7.48
687827c3a3bcdf03c6956d9bbe263ed5,1,764292b2b0f73f77a0272be03fdd45f3,bd23da7354813347129d751591d1a6e2,2018-05-22 16:19:11,79.9,18.49
688777dd259c99e7554f3901ff653a54,1,3dd2a17168ec895c781a9191c1e95ad7,de722cd6dad950a92b7d4f82673f8833,2018-07-03 02:52:35,149.9,25.4
689338a5ff7fc20c596ee2695dfac8c3,1,389d119b48cf3043d311335e499d9c6b,1f50f920176fa81dab994f9023523100,2018-01-30 08:31:52,49.9,13.37
68be1c52f0c662cedbe21ca137ca77fe,1,cb71b23bd70b9df12843e4dfb9ed09c1,85d9eb9ddc5d00ca9336a2219c97bb13,2018-02-12 09:36:27,27.9,34.15
68e4d7b489562de5ca0a4486d7d0c3d8,1,4ef55cfc0052b8c8c9313fd35d00289c,dbc22125167c298ef99da25668e1011f,2017-08-04 13:55:25,50.9,26.9
68e8ce771060f901302ac23924bd1400,1,657247f6f60543b93e3cc708a8e6329c,7ddcbb64b5bc1ef36ca8c151f6ec77df,2017-12-29 11:28:25,248.99,105.76
68fa625f02107978e969340da28d0c89,1,9755f955f1fcd2a83ca77997e9de8b83,a0415d9b25ede3c4b1e477e9916ffc03,2017-05-16 22:55:16,299.9,9.51
6917bf2ef92587d31987c8c01aa1b4e0,1,ead72457c58dcea14f94c2223c684716,4305fe92735c8a43d154ff6dd2b8d927,2018-08-29 20:35:13,139.9,14.32
692fd4925e0a7e3c946566b4626f0f75,1,e1e932dfb67414e80b87ad97688cf2a3,fde0cc9ea29c8ccfc0a2c22256a58c71,2018-06-14 14:56:50,105.0,23.27
693571876f68cfd82ad0772a4fe8136f,1,36940188c2ad1a212b94931a08cc3c29,2138ccb85b11a4ec1e37afbd1c8eda1f,2018-06-18 11:00:14,39.99,22.21
694bcde1f9a49ffeba5da89982f7b9ae,1,629e019a6f298a83aeecc7877964f935,c003204e1ab016dfa150abc119207b24,2018-08-22 12:10:37,107.9,23.56
69563539a33f6dbf50c8e280e4e8a88b,1,f3ead0dbcae5b065731b183396c1da2f,d12c926d74ceff0a90a21184466ce161,2017-06-16 15:55:14,45.0,7.78
69697763300040978b1c88f1bb60ad24,1,793ee3bd01e3ecec7ab94aed9aeee415,9c0e69c7bf2619675bbadf47b43f655a,2017-11-03 09:28:59,179.5,10.67
699b7692e65138e6874b4c6f42202974,1,c92a8559445ec8f63ecf90c7dd910b7d,f419677537694f0462a91990df6ca44f,2018-03-14 16:56:24,55.9,15.27
69aca49c98f05af05bec6fa1f87a3059,1,c848bbf7ec73272cce4df7509a71afde,141440cad9341e553f8401c574a2aa38,2018-07-24 13:30:13,119.8,27.79
69d7a6c47dc11a476f79514694809c60,1,e8cbef97b4aa646fb8fa170f0da01b5b,dc4a0fc896dc34b0d5bfec8438291c80,2017-03-31 12:29:08,129.9,16.02
69d7a6c47dc11a476f79514694809c60,2,e8cbef97b4aa646fb8fa170f0da01b5b,dc4a0fc896dc34b0d5bfec8438291c80,2017-03-31 12:29:08,129.9,16.02
69df6146503dba833ea2ae56237acd97,1,ee6c49af1a2de55aa0e076257ab4ab99,1c68394e931a64f90ea236c5ea590300,2018-02-27 22:46:46,144.41,17.45
6a0725621168540d5200cba214d6ebe7,1,1440c3493146c70f05302fa3edf1038f,5275ca25d0358ca73864e0ae41be1320,2018-08-14 03:25:14,98.9,16.96
6a0a8bfbbe700284feb0845d95e0867f,1,f8a8f05a35976a91aed5cccc3992c357,4a3ca9315b744ce9f8e9374361493884,2017-11-28 11:46:50,83.9,17.84
6a4b06a2b62d1f2c69cf1f7a4eae074a,1,e0cf79767c5b016251fe139915c59a26,da8622b14eb17ae2831f4ac5b9dab84a,2018-04-18 21:50:57,29.9,16.95
6a78b3062a561085f98b76a5a0eea516,1,7798ddd884068c64f261fa5d6a7f6cd9,af3ef48d0e13835e529c29ac573c63e5,2018-07-31 14:44:25,69.2,23.42
6a924969e49789ee7b332cdc7677c35f,1,2eb6e8f39feaf75fc5163f774d38f0f1,5cf13accae3222c70a9cac40818ae839,2018-01-15 13:15:29,89.7,15.38
6a978028a892efba783a6f3be848c512,1,159e7e73295b609960c0797eb64b3d39,a72c2f59332659e361d647515c698798,2018-02-13 18:30:25,139.0,15.72
6acf90c38bdd8b8c40950b821624787e,1,b48946c4c9a1d7c81916522d00d6722f,0ebd97a106433a45a4aebe57c1799778,2017-07-26 21:05:16,109.9,42.8
6ad40910813e5836d9698b103b222e65,1,5218770ee0cbcad0666569202deebc4f,b248792ac0b60ec3f93d80af1b4fae47,2018-07-30 20:44:16,38.7,13.57
6ad40910813e5836d9698b103b222e65,2,5218770ee0cbcad0666569202deebc4f,b248792ac0b60ec3f93d80af1b4fae47,2018-07-30 20:44:16,38.7,13.57
6aef284c51f971e11cffc4e49caea7af,1,4914f8796af2ecd359fd8f44b9b92339,c826c40d7b19f62a09e2d7c5e7295ee2,2017-12-11 04:13:56,49.77,7.78
6b0e4ed8dcbabec5410a8b28f0405cd6,1,5d6bea33648f018dbb563f3a2fab09f3,1025f0e2d44d7041d6cf58b6550e0bfa,2018-07-10 08:32:25,150.0,30.85
6b313b07f096e0b9354fd4f097abaed6,1,f1c7f353075ce59d8a6f3cf58f419c9c,37be5a7c751166fbc5f8ccba4119e043,2017-08-10 17:43:24,205.0,22.27
6b654c2dc2e7c610cb22c325fb723057,1,26a6aaf337b078349b5ec749be2e7a5e,f8db351d8c4c4c22c6835c19a46f01b0,2018-07-06 10:31:25,34.9,11.97
6b71838c4be9dce33810de87c333e365,1,fe9dfbe7f974621789683b7b78be2a16,900ba814c251a692506d7834c1218441,2018-01-21 22:30:47,326.16,19.02
6b751a27edaaa33537b2e893d7fd18ce,1,b5034cecd2d602fcc8175e8fe0988a3d,e21a1e8be4715b0fcfd5385643bc49c4,2018-02-08 18:15:32,29.9,15.1
6ba0683fc45576a6050dfba5f9c41bb1,1,cc4c16052222d5347726b1af1bfe7462,8ae520247981aa06bc94abddf5f46d34,2018-06-29 17:51:07,199.99,19.5
6ba0e32fd89cab6e014baa58ddb82a6b,1,0f0c4960b05d6145bbb4b348423503ef,edf96ef93ed595084bbcbd9224bd2894,2017-06-08 04:25:19,42.0,13.37
6ba0e32fd89cab6e014baa58ddb82a6b,2,0f0c4960b05d6145bbb4b348423503ef,edf96ef93ed595084bbcbd9224bd2894,2017-06-08 04:25:19,42.0,13.37
6bb214f60f0b2331b730f74f70dc322f,1,408a59367613a62d59b6e3ca5ed58631,a7f13822ceb966b076af67121f87b063,2017-05-04 21:30:18,92.96,20.96
6bdf9b89e5c81ead45dbc0a260dfbf13,1,4372c58b785f6a6e66899e62099b6ef2,f45122a9ab94eb4f3f8953578bc0c560,2017-09-26 13:25:47,89.99,10.04
6be09fd2c367b8fad5b25b1315c335bb,1,d92cda0cc0ce2758750a52b1a1dad05d,e8b3a3a38279a82f0e5d006d5e5b7d2c,2017-12-06 19:57:33,349.9,15.47
6be90258d0695edd089b1165c0925902,1,2f5e485bacfeb554bec55cd497c9bc51,4830e40640734fc1c52cd21127c341d4,2017-12-14 13:30:26,45.99,14.1
6bfefd597dae9bcdc38e087a154ab6e5,1,aa280035c50ba62c746480a59045eec4,fa40cc5b934574b62717c68f3d678b6d,2018-05-02 22:10:23,35.9,16.0
6c04516be61ae90e04756c3290c405b7,1,fb783e3e545937820b57fe539b2c5a6c,da8622b14eb17ae2831f4ac5b9dab84a,2017-10-03 15:15:11,99.9,13.72
6c1e09e4c733fbc610ee1737436f8a5b,1,d2e8130fbec52f5dac0571ea1993f28a,f262cbc1c910c83959f849465454ddd3,2018-02-05 18:31:24,239.99,16.44
6c27984bddb654e222cd1b9a238d2e74,1,c18ac1d6cc053c0ec7296b994ae6ffeb,86ccac0b835037332a596a33b6949ee1,2018-05-23 04:54:43,35.9,19.32
6c4b00d2f2c7cbac0902dd6367da9f97,1,68bf40b3abd5ffc25981c25df9ed9087,3d871de0142ce09b7081e2b9d1733cb1,2017-07-11 17:37:17,75.0,13.55
6c5df19e668b79ccf854d8fd72a105ae,1,8b5227e28272123eefd613a10ffd7704,2eb70248d66e0e3ef83659f71b244378,2018-05-30 12:59:52,494.0,10.32
6c6035b5c538935be5381cff46351355,1,0ea4159212776c6cc70d802d45145353,537eb890efff034a88679788b647c564,2017-08-14 21:30:14,15.9,16.79
6c682aa3032d2639e12a64b3c2a907b7,1,3606696d19bbcad6cb6c0e985749862f,d624126b9206f595fb3fbb6ba03b28a8,2018-02-16 12:05:31,36.9,16.6
6c682aa3032d2639e12a64b3c2a907b7,2,3606696d19bbcad6cb6c0e985749862f,d624126b9206f595fb3fbb6ba03b28a8,2018-02-16 12:05:31,36.9,16.6
6c8accd4cab9d1cccad9d791492d53b2,1,4efd35570dbaaa27e216bd8bf3ed4cf3,7c67e1448b00f6e969d365cea6b010ab,2018-04-03 03:28:16,79.99,14.55
6c90fc612a10cf8c7c74570e1db07aa0,1,1cc61b32763a4d816212b3507b6b6c59,527801b552d0077ffd170872eb49683b,2018-04-12 09:09:20,524.9,17.76
6cc8ee95fa041110dc49df7e0a2e85b1,1,e8769e00778ec82e2fddf58d7b360a27,3078096983cf766a32a06257648502d1,2017-08-30 10:50:39,49.69,12.69
6cd30de23ae80f0c8c7439acece7ecd5,1,2b0233a7e7ded4751e8e3812f9a4553e,8c16d1f32a54d92897cc437244442e1b,2018-01-29 00:15:17,21.49,15.1
6cf30e050336c50f368c34da13c9e6a2,1,2132979d9b6f64e99b8c9bb4da4e0323,45d33f715e24d15a6ccf5c17b3a23e3c,2017-06-06 15:02:40,98.79,27.23
6d07ebee9c7fa9c4749c7265c987bf0a,1,fc3e972df7e263b301e2bee77ac2a6d3,38e679b9e0064cd94c6f035707344dae,2017-05-26 09:22:28,67.91,19.72
6d0ef3c8cc6b6399e18942b77559dceb,1,8b50a72d52d7a91fb19d19fbe069e2f2,9f505651f4a6abe901a56cdc21508025,2018-06-12 11:55:15,44.99,18.23
6d0ef3c8cc6b6399e18942b77559dceb,2,8b50a72d52d7a91fb19d19fbe069e2f2,9f505651f4a6abe901a56cdc21508025,2018-06-12 11:55:15,44.99,18.23
6d0ef3c8cc6b6399e18942b77559dceb,3,8b50a72d52d7a91fb19d19fbe069e2f2,9f505651f4a6abe901a56cdc21508025,2018-06-12 11:55:15,44.99,18.23
6d1a52060faffae010ab6d691f913b7f,1,282689e1e4c5d32efe135668c32b6722,2d2c62bef4c8ba0dd74e0e228e808539,2018-07-04 17:26:40,315.0,25.82
6d20c5b5d74d900b45b27fd6e6e01089,1,e5eadf9be70a4a9fa514019542fc330a,4559697a8f7e637227c2eeaed843baff,2018-03-21 11:29:11,69.9,14.58
6d6f0c5bbf3fc7bbef3b260c1a8c89f8,1,dbd55362ec13c706503b1c71a5068a1a,e24fc9fcd865784fb25705606fe3dfe7,2017-09-05 15:44:36,102.0,10.13
6d76568d08aee5f1128bd0fb92071349,1,1eba879220bd0981a0e2fbab499ed4e1,5058e8c1e82653974541e83690655b4a,2018-04-19 08:50:15,79.99,15.46
6d885151b431516792fbfc7d393c90cd,1,08a58dc963320d6073623382b9ceb920,8e8a7ce9f2f970dc00e2acf6f6e199f6,2018-01-17 17:16:30,129.0,34.7
6d953888a914b67350d5bc4d48f2acab,1,f4621f8ad6f54a2e3c408884068be46d,3442f8959a84dea7ee197c632cb2df15,2017-05-11 16:25:11,101.7,15.92
6dc5773abc829c019c8912d3993bc2c9,1,46f739c1cd676603026c0af4d29ef7a5,198c7ea11960a9844b544d9bcdca860c,2017-03-09 18:05:10,139.99,25.72
6dcb51857ca646a4809ea67184d43e46,1,4724ffa427f315c485e39b02e21859b2,955fee9216a65b617aa5c0531780ce60,2018-04-16 03:50:01,12.0,7.39
6dd0712b5d9d31ab2b006f7b510e8720,1,783caabd539c4079ec08423e30719fba,955fee9216a65b617aa5c0531780ce60,2018-06-22 08:16:52,29.0,12.86
6e0f05728107157ca451dd9047a4eebf,1,e7cc48a9daff5436f63d3aad9426f28b,53243585a1d6dc2643021fd1853d8905,2018-08-06 21:05:13,170.0,39.46
6e4064c4b1df562463ea9a75839db134,1,64874a0d6c1ec460c2f59886c51b9711,fe2032dab1a61af8794248c8196565c9,2018-06-13 12:15:52,264.5,10.21
6e4aa96643864493bb291057da474fbc,1,2a5806f10d0f00e5ad032dd2e3c8806e,7c67e1448b00f6e969d365cea6b010ab,2017-05-11 14:15:20,176.99,45.7
6eb9f3d505ab7a74d384c6b0acf7d57e,1,a298a105818dce6878b787e4af6cff7d,e26901d5ab434ce92fd9b5c256820a4e,2017-05-25 14:55:08,79.9,7.81
6ede6615bc35ab422df675c8a25de420,1,8828464e34fc3da3892f568218e14d61,f46490624488d3ff7ce78613913a7711,2018-06-20 23:16:43,34.0,12.54
6ee745e53a6ca0336b04b022ac01ac73,1,5570e58fb62fc2a83e5bda3974e35be5,da8622b14eb17ae2831f4ac5b9dab84a,2017-10-09 00:56:13,99.9,13.72
6eeedb3e16d8072305be02562c253602,1,ba3f298a122a95c4928e8b8628e8520e,d1c281d3ae149232351cd8c8cc885f0d,2017-04-10 21:15:09,98.99,15.8
6f09a390f155a581c268dade6de048e1,1,4a6bed9678fe2fa40d7a84063fde6f89,0ea22c1cfbdc755f86b9b54b39c16043,2017-05-30 21:55:17,24.9,15.1
6f1a557c6045fc877a74713dd8a7399e,1,95c2c14503645a9f87cf2401c523482c,2138ccb85b11a4ec1e37afbd1c8eda1f,2017-04-27 10:30:16,18.99,14.52
6f2849e42b2d61384f499ab4bc2a5206,1,525f8fbde09c9bf777025c3141fbbc6e,8b321bb669392f5163d04c59e235e066,2018-03-28 02:49:45,35.9,50.85
6f3e13f4ef62b348e815f6375cbdd675,1,53b36df67ebb7c41585e8d54d6772e08,7d13fca15225358621be4086e1eb0964,2018-05-15 11:55:17,99.9,0.0
6f518b2ff981751788c8e7dfe7dfbf90,1,2028bf1b01cafb2d2b1901fca4083222,cc419e0650a3c5ba77189a1882b7556a,2017-09-25 21:05:39,56.99,17.68
6f6785dde266434130a2aa8af06a52b7,1,35afc973633aaeb6b877ff57b2793310,4a3ca9315b744ce9f8e9374361493884,2018-06-13 12:30:21,84.0,14.68
6f6926816d7f45e2ce64ae33c9faf58e,1,547b95702aec86f05ac37e61d164891c,001cca7ae9ae17fb1caed9dfb1094831,2017-05-25 02:43:17,135.0,45.03
6f8ef1903034bc19ff5a5c51dbcec604,1,1af2a3ec7cecc4015321e562a26c9d1d,080102cd0a76b09e0dcf55fcacc60e05,2018-03-28 15:48:33,42.79,60.41
6f9f51617d16189c2f4cd4e84f92afce,1,6c8353ee35a281d45677fc3715958586,6560211a19b47992c3666cc44a7e94c0,2018-05-08 00:30:53,45.0,7.39
6fd39a1adde54d0a5e6fe5ddc6c8784a,1,0f3f3612d3a594da318f0f7b175a9c14,93dc87703c046b603023e75222018b45,2018-04-08 21:28:58,199.0,16.27
6fec4ed02a4de8f4e7e064591aa2c5eb,1,368c6c730842d78016ad823897a372db,1f50f920176fa81dab994f9023523100,2017-10-31 02:28:06,59.9,17.67
6ffa72f134f31770b0670971b48479a8,1,c211ff3068fcd2f8898192976d8b3a32,da8622b14eb17ae2831f4ac5b9dab84a,2017-04-17 20:42:07,24.9,10.96
7013bcfc1c97fe719a7b5e05e61c12db,1,583916a5dae918f5e89baec139141c54,3481aa57cd91f9f9d3fa1fa12d9a3bf7,2017-02-22 12:29:47,49.99,15.53
70217ba6c09626a3f4b980eac7d98a1d,1,2d27434c710806b971a721da337a112a,6560211a19b47992c3666cc44a7e94c0,2017-08-17 04:15:14,39.0,14.1
7033745709b7cf1bac7d2533663592de,1,35084deab9603bbb6035bb8638b1df89,df560393f3a51e74553ab94004ba5c87,2016-10-08 14:46:49,93.9,17.61
706296e2ab240216ffef853d1095d04f,1,bc4cd4da98dd128c39bf0b8c2674032f,53243585a1d6dc2643021fd1853d8905,2017-09-05 16:25:11,1200.0,37.81
7068aef0fc98a8ad539101be36ca41cd,1,363218ba55c610b750224f90bdd34be1,00ee68308b45bc5e2660cd833c3f81cc,2018-01-15 07:26:18,85.0,16.84
707b67c6036569d9eba912e2c8609ee4,1,f7e0fa615b386bc9a8b9eb52bc1fff76,87142160b41353c4e5fca2360caf6f92,2017-03-30 08:32:29,85.0,18.02
707ce3d3698a90d1ab9d9c2dc47223c2,1,2948658cb6abc82847412be7201bfc4c,955fee9216a65b617aa5c0531780ce60,2018-05-08 20:53:25,110.0,18.85
708819b15b92924c2b0045e5e0a41c5a,1,e280caebcad1b90e624d461e53c2e800,236585a4ddb5fea9fa40233e2249ed91,2018-01-24 02:11:37,49.9,15.1
7093b7177380b099eb92c2ab46c6f10e,1,9ee8c8a931dd4d34148aa31f54ee93c1,f8db351d8c4c4c22c6835c19a46f01b0,2017-04-13 16:01:57,129.9,27.38
70b9629a764d2247cf5995014b7204d2,1,525947dbe3304ac32bf51602f9557c12,da8622b14eb17ae2831f4ac5b9dab84a,2017-10-26 13:49:28,114.9,18.05
70b9629a764d2247cf5995014b7204d2,2,525947dbe3304ac32bf51602f9557c12,da8622b14eb17ae2831f4ac5b9dab84a,2017-10-26 13:49:28,114.9,18.05
70b9629a764d2247cf5995014b7204d2,3,525947dbe3304ac32bf51602f9557c12,da8622b14eb17ae2831f4ac5b9dab84a,2017-10-26 13:49:28,114.9,18.05
70c3ef96b8128e86a710aea11adf6e63,1,352710ec4fab1854c11d4044880afff3,7c1fea10b5b006671d608b1d7c446ec4,2017-12-27 20:30:54,19.9,8.27
70c50ba283cdd637ec95a4c0b0821a7b,1,60bc15240c03ba82f305cd923bd93598,8444e55c1f13cd5c179851e5ca5ebd00,2018-03-01 18:47:55,79.0,13.57
70c9e0c247d9f1e785e3a31d2a333ec6,1,aca2eb7d00ea1a7b8ebd4e68314663af,955fee9216a65b617aa5c0531780ce60,2018-05-18 19:31:40,69.9,0.0
7107c5823a581db0314f8f0fa95f61e7,1,3b0fbb3ab5b1512278d2e1c695b07e85,d2374cbcbb3ca4ab1086534108cc3ab7,2018-03-19 16:15:38,72.9,12.01
710bc497ddb33d94263a302f17416924,1,d82b7dd1b80c3f47c767cbae71a9b3e3,0e982cff76cc0579f632cea8a0e38c9d,2018-02-07 02:56:26,17.0,16.79
712c3c76ddb4bc5fc94f6643096cb289,1,8375cac77900898b899b33ef7b966bb0,d4e12e7884759a14fa0f5f896c791cae,2017-12-08 16:05:56,21.9,9.34
71400888e53ed1698734799716d213f8,1,076e4ce53c8914382e7ff3732511b17e,59fb871bf6f4522a87ba567b42dafecf,2017-09-15 16:10:18,109.99,16.53
71488f40fcb86621a50c86a9e1ce486f,1,2c1cc48126c2bdca9e59a300ade4f1c8,850f4f8af5ea87287ac68de36e29107f,2018-03-22 10:55:30,39.0,8.29
71564d5e5450bf310e411bc3087b2903,1,e2bb00220a167d9e60b6776ac33717bc,6560211a19b47992c3666cc44a7e94c0,2018-06-21 03:36:56,56.0,15.49
717903b4b996a7ae799b0c76b779fa0c,1,4b703444923b5e57bb73ba343f5ebab7,42b729f859728f5079499127a9c2ef37,2018-04-13 18:50:00,35.9,7.39
717b5830932c155c67ba3232934a93c5,1,d4e19eb1e5c5d6194af618d3a67de4e6,b90e891671cffd9557f33a97dc523645,2018-07-26 15:04:05,140.0,19.08
7193174cc8337ec716bf7bef671ff759,1,c31795158ba761acc612817d1c5760a6,f789d2c4f2c2eb38fc4373e7a4b35264,2018-06-20 22:57:37,59.99,22.35
719b6b76d11e7e6f6e8113bbd4565b84,1,400e2ea46d0af06d91c744b624ed8a59,5bc55dbe2f12b6af6d83ed46023e0dc8,2018-03-07 02:35:45,139.9,15.73
719bb3a1ecca0dc38551f11cd181cca6,1,300a260403e9dddec957d7f272faf20e,17ca9b9e9b9ef8fdb529001b49ebb50f,2018-01-22 23:29:47,49.97,13.47
719bb3a1ecca0dc38551f11cd181cca6,2,ead3077a141a9c800d6a4bb9d0d415b6,b2479f944e1b90cf8a5de1bbfde284d6,2018-01-22 23:29:47,21.99,13.47
719c1d51ad40a458c511ebcfcdd0ebda,1,f4e71b15e74938b15ecb9d15874ba227,5a4236931428800e9d9cc04af0987118,2018-07-23 15:31:19,14.99,15.23
719c1d51ad40a458c511ebcfcdd0ebda,2,f4e71b15e74938b15ecb9d15874ba227,5a4236931428800e9d9cc04af0987118,2018-07-23 15:31:19,14.99,15.23
719c1d51ad40a458c511ebcfcdd0ebda,3,f4e71b15e74938b15ecb9d15874ba227,5a4236931428800e9d9cc04af0987118,2018-07-23 15:31:19,14.99,15.23
71cefe5177d8b6b11dce9fa4060f01cc,1,37d2e3656244fd840ebd0460360455cd,dbc22125167c298ef99da25668e1011f,2017-08-14 04:10:45,40.9,17.92
71ffbe37a2e7ac438c81adb916832bba,1,a2a61ecd4e916c3ff787c137d23957bb,53e4c6e0f4312d4d2107a8c9cddf45cd,2017-12-20 03:51:23,43.0,16.6
7204d5345f7a3370e7db75d7226d53f3,1,2136c70bbe723d338fab53da3c03e6dc,6560211a19b47992c3666cc44a7e94c0,2017-07-03 04:05:41,29.0,34.15
7219bbc67d036600cbc65e84abfd581a,1,55945cf4a4e6def88dcc8996a581608a,9b013e03b2ab786505a1d3b5c0756754,2018-01-26 09:03:32,104.49,2.7
7219bbc67d036600cbc65e84abfd581a,2,cec09725da5ed01471d9a505e7389d37,4d6d651bd7684af3fffabd5f08d12e5a,2018-01-26 09:03:32,69.9,33.76
721c90253d3c1f625f71e2faf53a6b57,1,9538a4d0d20e31d209def88993f8dca3,93b9a99027bd8bd6af682aff18dd19bf,2017-01-30 21:58:53,18.0,7.5
721c90253d3c1f625f71e2faf53a6b57,2,608b018a4443a457a5cd1e58de213cb2,93b9a99027bd8bd6af682aff18dd19bf,2017-01-30 21:58:53,24.0,14.42
72221bc9de65dc6a45b9156909d2b6c9,1,e1bf73a530f7e6ea9df12e1238ab7600,827f8f69dfa529c561901c4f2e0f332f,2017-07-31 03:35:09,35.9,14.1
7229fca9b269915fc63b44434d20828a,1,310806337e8a62be35203aa25d302b08,257e61d3251fb5efb9daadddbc2cf7ca,2018-08-21 16:25:27,1999.0,99.4
722e56aaea810aa3e171228dd28f37f4,1,f6085e99db2df10f9829b6193314615e,d650b663c3b5f6fb392b6326366efa9a,2018-04-13 18:55:22,179.0,19.94
72440dd8694d68e0ec2dd68e3fc3cbab,1,7046a5632fbe7baa273b14b3253e1547,d66c11a9572221d92fbb8c4897db5f9b,2018-07-02 19:50:14,58.66,38.92
7250e10eca3d7f71a091ac5752d3228f,1,c9d1849f97b6fe404378805a105d64ec,7722b1df1b0e383e000397b2c11e3e19,2017-03-16 08:14:00,89.9,21.08
7250e10eca3d7f71a091ac5752d3228f,2,c9d1849f97b6fe404378805a105d64ec,7722b1df1b0e383e000397b2c11e3e19,2017-03-16 08:14:00,89.9,21.08
7263a9488004df94487b7f970be3b91e,1,a322cb898d31adbe4a4de692f4bc0276,218d46b86c1881d022bce9c68a7d4b15,2018-06-13 16:00:12,148.0,27.77
72c81a6a9dcf354f87393c361caa13ce,1,8e7a3ee016b12c87b5e3e7e717620758,955fee9216a65b617aa5c0531780ce60,2018-07-24 15:50:12,150.0,16.35
72dae7e56901083df5f2cb3dd2d4841f,1,53ecc2857666872f67f44e60b13d2ed2,d9442042130b7fe579d1295f9f4a248f,2017-06-22 14:23:10,24.5,8.72
7321b3d6dabc180e041d57f60a5b838c,1,a6ad77b15e566298a4e8ee2011ab1255,1025f0e2d44d7041d6cf58b6550e0bfa,2017-08-03 09:35:26,31.8,14.1
73287734c7b95e805d54a35d062627f2,1,154e7e31ebfa092203795c972e5804a6,cc419e0650a3c5ba77189a1882b7556a,2018-03-12 02:35:26,23.99,15.79
732b59a6f2d05d4b23beade8d0a16a0d,1,0aabfb375647d9738ad0f7b4ea3653b1,37515688008a7a40ac93e3b2e4ab203f,2017-10-31 13:06:06,24.5,15.1
73314e79b29b8857a78a32853790a9d0,1,dc68ee0fcb033a1ab6714fbb5db60c15,02d35243ea2e497335cd0f076b45675d,2017-08-24 02:35:17,249.0,48.27
735349ca95c43f6af88a10437821de08,1,6cdd53843498f92890544667809f1595,ccc4bbb5f32a6ab2b7066a4130f114e3,2017-10-24 13:49:21,349.9,17.21
7368d87533725a6bef612cdc83678f4f,1,b47f7c9903cbd0bed2968a1b4cd21ed6,903037660cf848a717166eb7a06d616e,2018-04-05 13:08:40,99.99,18.28
7368d87533725a6bef612cdc83678f4f,2,b47f7c9903cbd0bed2968a1b4cd21ed6,903037660cf848a717166eb7a06d616e,2018-04-05 13:08:40,99.99,18.28
736e1922ae60d0d6a89247b851902527,1,19936fa4f614ee0590d3b77ac83fd648,b37c4c02bda3161a7546a4e6d222d5b2,2018-07-23 04:31:36,1790.0,28.72
736e1922ae60d0d6a89247b851902527,2,19936fa4f614ee0590d3b77ac83fd648,b37c4c02bda3161a7546a4e6d222d5b2,2018-07-23 04:31:36,1790.0,28.72
736e1922ae60d0d6a89247b851902527,3,19936fa4f614ee0590d3b77ac83fd648,b37c4c02bda3161a7546a4e6d222d5b2,2018-07-23 04:31:36,1790.0,28.72
736e1922ae60d0d6a89247b851902527,4,19936fa4f614ee0590d3b77ac83fd648,b37c4c02bda3161a7546a4e6d222d5b2,2018-07-23 04:31:36,1790.0,28.72
737a2768fd261ef8391251a0ccbf150a,1,a9f480bfc49f0b85e8394e1cdf685b4e,3d871de0142ce09b7081e2b9d1733cb1,2017-06-14 18:00:26,48.9,26.89
73a12daa7a024fd6a3895ffcb1fc99cb,1,adcbd0e9edf8b57778ef2a2aea870185,8ae520247981aa06bc94abddf5f46d34,2018-05-07 02:10:43,61.97,18.31
73a1b2c642b36dc0c5930e4b654ce46f,1,2b4609f8948be18874494203496bc318,cc419e0650a3c5ba77189a1882b7556a,2017-08-23 03:25:21,89.99,21.43
73ab919f6023d8c8a68fb70d0b08a28b,1,a0b7d5a992ccda646f2d34e418fff5a0,95f83f51203c626648c875dd41874c7f,2018-08-08 15:24:03,69.9,106.95
73b72b64fe9ceac200edede7e53ab012,1,c211ff3068fcd2f8898192976d8b3a32,da8622b14eb17ae2831f4ac5b9dab84a,2018-06-15 13:31:59,24.9,7.75
73c0786753e32171d5d1bba1e682b4ba,1,426844dd9ed9ae105a5d4b3f1e18becc,c8417879a15366a17c30af34c798c332,2017-08-15 02:55:48,14.9,16.79
73cc28d48ecf54949b91163a0f7d3351,1,c04ebe208ae260f39b376cd6ffbd0b14,db4350fd57ae30082dec7acbaacc17f9,2018-02-05 03:47:26,26.99,25.63
73de1db8eb6e493c5a6ed60c856a2076,1,672bdce161930b1c72890c619224376a,8444e55c1f13cd5c179851e5ca5ebd00,2017-06-05 21:02:28,389.0,16.45
73f48f63d3e4f1a7e909c2261194aad2,1,9818832859d572545cee5a86ff7f4a3b,bfd938b22bc99bce1ae60dc602889f52,2017-02-19 19:14:24,199.9,15.16
7430885c75f59ac3b7526e69a5a21e98,1,c1f5307decb89342351bec53668cffd9,ea8482cd71df3c1969d7b9473ff13abc,2018-02-16 14:48:16,29.99,15.1
747472f67c6d285c60bd732fc28beaf9,1,8ae1198dd85742fe30b74a96968f250e,3b15288545f8928d3e65a8f949a28291,2017-11-06 15:08:20,115.99,29.21
747472f67c6d285c60bd732fc28beaf9,2,8ae1198dd85742fe30b74a96968f250e,3b15288545f8928d3e65a8f949a28291,2017-11-06 15:08:20,115.99,29.21
747472f67c6d285c60bd732fc28beaf9,3,8ae1198dd85742fe30b74a96968f250e,3b15288545f8928d3e65a8f949a28291,2017-11-06 15:08:20,115.99,29.21
74748a8ba7d523ab46fe3354996609f6,1,b17184dce2f379b2a98393d8ae885611,b14db04aa7881970e83ffa9426897925,2017-02-12 12:55:23,89.0,39.51
74748a8ba7d523ab46fe3354996609f6,2,b17184dce2f379b2a98393d8ae885611,b14db04aa7881970e83ffa9426897925,2017-02-12 12:55:23,89.0,39.51
74c142641fc482d8aeb7e31805a9aa2b,1,fac21a1c91c8001793435c475fa7f032,89f69225956f951295ca4c7fb1266553,2018-07-19 04:35:11,68.9,18.58
74d0cc035ccffc33de7a0ef8c429a931,1,ebb7ccdb2a728a4188759bfa3cbd1fc0,7a241947449cc45dbfda4f9d0798d9d0,2017-06-09 15:25:22,99.99,16.46
75729cd39e546ea4083ab7f3859bb745,1,af9418dfcdd7f19b51906a2f32cd6bc0,da8622b14eb17ae2831f4ac5b9dab84a,2017-02-17 19:33:07,129.0,20.98
758d8c3ddeba66a2a9cad6c8b043dd2f,1,70eb8ec63fd4f2a0bf8607712407727c,903037660cf848a717166eb7a06d616e,2018-06-11 13:30:22,45.99,8.88
758d8c3ddeba66a2a9cad6c8b043dd2f,2,70eb8ec63fd4f2a0bf8607712407727c,903037660cf848a717166eb7a06d616e,2018-06-11 13:30:22,45.99,8.88
75a3f30121c49c5ad0085de582ba2451,1,a25903f26691ccdbd6d2c5fd73ca005b,1da3aeb70d7989d1e6d9b0e887f97c23,2017-06-12 01:05:45,12.99,7.78
75ac904a1ba87fab8d6d93751d68ddb1,1,ef8856db4e302ad33dc4d91e40f7593c,dbc22125167c298ef99da25668e1011f,2017-10-31 22:14:22,96.5,14.41
75b7d764765f4cf3a5f03e7f3f35319f,1,bdcb8b4ebca66cd01b512c0044f8258f,52f0fe436a347ddad7ed5f9aa4e27eaa,2018-01-29 03:52:57,8.99,15.1
761504d99664606c4c83458bc89144a2,1,b6f3b8136ba8302906df7e11ff908751,a5cba26a62b8b4d0145b68b841e62e7f,2018-07-13 10:15:25,399.0,17.86
76279ee78a4924f44a3a83ef23b169b8,1,2a5806f10d0f00e5ad032dd2e3c8806e,7c67e1448b00f6e969d365cea6b010ab,2017-02-18 20:18:20,169.99,37.59
7645406942825a748f5db38c177b0a5e,1,cad2db5e318d7283a234c517b2f28a42,8160255418d5aaa7dbdc9f4c64ebda44,2018-01-15 22:10:41,105.9,16.5
76ae7f8d0104f4808d4a93f4b81661d7,1,c5e31bcea566d7f28ebc011e9fee182f,1835b56ce799e6a4dc4eddc053f04066,2018-02-08 13:20:32,48.0,11.85
76b8568803f110a59ece4167463a4a7e,1,44d097d59e8430f88a67517cd0c4f865,6560211a19b47992c3666cc44a7e94c0,2018-05-04 14:30:19,69.0,7.39
76d3da933ea02dff5b27a64415350c37,1,3ae687254f61c1ee2d53a48299fc2cc7,7142540dd4c91e2237acb7e911c4eba2,2017-10-30 06:36:45,89.9,17.88
76fa5b8de9baa31b68062dbb6e708dc8,1,81ea712c5f76a3b1c0e4c3dbc5126404,282f23a9769b2690c5dda22e316f9941,2017-12-14 02:53:49,34.6,17.63
77080c3a1b97bb0908c2dc6c3941c1a6,1,53759a2ecddad2bb87a079a1f1519f73,1f50f920176fa81dab994f9023523100,2018-04-30 11:31:21,53.9,16.07
7708348e3397bde852e5dade4c632d8e,1,c1617123e66d2491ca93ceadfd36203e,b2479f944e1b90cf8a5de1bbfde284d6,2018-02-21 01:35:19,49.99,12.69
7729bd24067381622a58a0231d77fe2d,1,f87341d0a32c1998e212c1c9ec6d3362,48162d548f5b1b11b9d29d1e01f75a61,2017-04-03 11:35:23,286.9,27.51
77474f59024d12a846fb80577dd24ee4,1,ba16581014183c8415da15145f3d4c24,710e3548e02bc1d2831dfc4f1b5b14d4,2017-04-20 14:55:09,959.99,51.32
778d960ed98fe278fca42ee20d002b1f,1,53759a2ecddad2bb87a079a1f1519f73,1f50f920176fa81dab994f9023523100,2018-05-10 16:30:26,53.9,10.13
77e4da3755c479aac3d6f7f2a5e94516,1,cd46a885543f0e169a49f1eb25c04e43,710e3548e02bc1d2831dfc4f1b5b14d4,2018-02-19 14:07:58,99.99,14.43
77ff5083402e50189ad3477e7dfcbaad,1,3db75f31b76375c502f64d550dcd1166,85d9eb9ddc5d00ca9336a2219c97bb13,2017-11-07 02:56:29,31.9,12.48
78018da6cd678e170c59e759cfb4d754,1,95c40b993a22463c83beb5c51a03d46c,85d9eb9ddc5d00ca9336a2219c97bb13,2017-04-25 11:10:13,27.9,20.8
7837962c3d0968b066e6e54738c2f307,1,d8f2a339e6fa69ebf411e198b618e979,a2e874074c877c5a05abae80ad6e488f,2018-02-08 20:50:25,579.8,44.45
78489b82e815cf23348985a3db599319,1,bb50f2e236e5eea0100680137654686c,f7ba60f8c3f99e7ee4042fdef03b70c4,2018-05-02 18:30:41,330.0,17.37
784a38e6df598963bf1d5e1b633eca5c,1,ad2037645597db38527fe3afbe226af2,e9779976487b77c6d4ac45f75ec7afe9,2018-01-04 15:27:29,55.49,16.15
78a040518000bd952718c7c856d1d3fc,1,7fab1a1472fdd934397068931f63f3ca,3d871de0142ce09b7081e2b9d1733cb1,2017-05-02 11:15:12,68.0,11.09
78cb9a560d2efd85da4adc637aab727f,1,23f2ebdf4d6f7badc8bbd40af362f681,48162d548f5b1b11b9d29d1e01f75a61,2017-06-12 13:35:33,245.7,17.48
78cb9a560d2efd85da4adc637aab727f,2,23f2ebdf4d6f7badc8bbd40af362f681,48162d548f5b1b11b9d29d1e01f75a61,2017-06-12 13:35:33,245.7,17.48
78cb9a560d2efd85da4adc637aab727f,3,23f2ebdf4d6f7badc8bbd40af362f681,48162d548f5b1b11b9d29d1e01f75a61,2017-06-12 13:35:33,245.7,17.48
78cb9a560d2efd85da4adc637aab727f,4,23f2ebdf4d6f7badc8bbd40af362f681,48162d548f5b1b11b9d29d1e01f75a61,2017-06-12 13:35:33,245.7,17.48
78cb9a560d2efd85da4adc637aab727f,5,23f2ebdf4d6f7badc8bbd40af362f681,48162d548f5b1b11b9d29d1e01f75a61,2017-06-12 13:35:33,245.7,17.48
78cdcb172d0131f82c621d36e496db8d,1,af4708c7522d336a01ea0a421531e56f,b561927807645834b59ef0d16ba55a24,2018-08-07 22:05:18,66.0,8.62
790174a33341ef5cb1534732bfcbce28,1,21c7ae0df2196c656289e946024f9224,ac3508719a1d8f5b7614b798f70af136,2018-01-23 09:51:30,189.9,45.79
7905d74aefff427d164bf8a4b274fc9c,1,9e164b4afdecc7c67fb9b6f12c104e21,218d46b86c1881d022bce9c68a7d4b15,2017-05-26 09:04:35,81.36,18.14
7905d74aefff427d164bf8a4b274fc9c,2,9e164b4afdecc7c67fb9b6f12c104e21,218d46b86c1881d022bce9c68a7d4b15,2017-05-26 09:04:35,81.36,18.14
7905d74aefff427d164bf8a4b274fc9c,3,9e164b4afdecc7c67fb9b6f12c104e21,218d46b86c1881d022bce9c68a7d4b15,2017-05-26 09:04:35,81.36,18.14
7920e7d2f91a12543837febe80d5503a,1,363218ba55c610b750224f90bdd34be1,33a6f4b1e7cdc205511e76ba1b6e0186,2018-05-10 22:54:32,79.99,8.91
7944a40f993592120589ebe482ba7b1d,1,7c1bd920dbdf22470b68bde975dd3ccf,cc419e0650a3c5ba77189a1882b7556a,2017-04-24 17:55:13,64.99,11.06
794651af98ca9412aa91961e14c0a796,1,3d696187f8d3543290f64ba2f7b5db9b,b77a27b1864483e721dc831d5ba4afa0,2017-05-24 02:50:26,20.9,14.1
7969425ee9683fa972ac9783b66817fe,1,e27d13968e7527aaa27fba2089c13bff,7c67e1448b00f6e969d365cea6b010ab,2018-01-29 00:36:29,39.99,9.34
797cbe6650a540e0515a523152c7f868,1,8b199a0f183f8011403f53356c564d80,4e7c18b98d84e05cbae3ff0ff03846c2,2018-02-15 02:49:48,196.0,41.36
7a0eb0a897a19d67575a24798ba26fc5,1,05d3d52aea100aa2f887fd940991f040,2a1348e9addc1af5aaa619b1a3679d6b,2017-03-09 10:45:14,72.9,11.12
7a16d8eadd3c788ef0386c78218da6cc,1,575617410387f4e614f39628fe8e81bd,615005a3ef192c00c6f0e977cee3d2bc,2017-10-10 02:49:27,33.1,15.1
7a16d8eadd3c788ef0386c78218da6cc,2,575617410387f4e614f39628fe8e81bd,615005a3ef192c00c6f0e977cee3d2bc,2017-10-10 02:49:27,33.1,15.1
7a255b67322e2c359d3ed389b9f4695c,1,ea44caac707f7f1325182a538007f838,855668e0971d4dfd7bef1b6a4133b41b,2018-05-03 00:35:21,52.0,18.97
7a2ea112b017a44fc1ba0eb88979f3f9,1,d881b7a2ce3e484f379f751df4c709ce,8648b1e89e9b349e32d3741b30ec737e,2017-11-30 15:18:26,24.5,8.27
7a37faa848114c1dfbe6b90f15af98fa,1,d3a735e40a3d006beb83b9b0594d3765,744dac408745240a2c2528fb1b6028f3,2017-05-30 09:10:10,198.0,16.14
7a58856993632824e92f700eff99340d,1,aca2eb7d00ea1a7b8ebd4e68314663af,955fee9216a65b617aa5c0531780ce60,2017-12-20 18:10:23,75.0,16.16
7a5f69256be6f46a920fd29453aecd15,1,d2fc2696871ca6b94af5deb0a8d5590d,527801b552d0077ffd170872eb49683b,2018-01-18 21:29:40,129.9,21.4
7a5ff6680378afabf6b6a1e75bff8b8c,1,a47674ec5bdc46617bc532a9839390db,d71d863e5ef30d94e440c11be17dcd8f,2017-10-24 11:07:45,79.0,9.37
7a7d2c889e27d93b2005462a8788e168,1,f6fe388c9bfc145a2790437f1e4888d9,dc8798cbf453b7e0f98745e396cc5616,2016-10-10 15:57:05,24.9,10.96
7abb06b108806e10304ae7d1bdf3eabd,1,422879e10f46682990de24d770e7f83d,1f50f920176fa81dab994f9023523100,2018-02-27 11:31:24,49.9,13.37
7abb06b108806e10304ae7d1bdf3eabd,2,422879e10f46682990de24d770e7f83d,1f50f920176fa81dab994f9023523100,2018-02-27 11:31:24,49.9,13.37
7af014956ed06246005b5e0740fd891c,1,4b7ddf18ef3c5205f6ec288dffcd7c55,c0563dd588b775f2e37747ef6ad6c92c,2017-11-01 21:46:17,139.9,9.79
7af48c3262020f1e61fed763bbe80920,1,bee2e070c39f3dd2f6883a17a5f0da45,4e922959ae960d389249c378d1c939f5,2018-02-14 16:52:05,180.0,16.01
7af48c3262020f1e61fed763bbe80920,2,bee2e070c39f3dd2f6883a17a5f0da45,4e922959ae960d389249c378d1c939f5,2018-02-14 16:52:05,180.0,16.01
7b1ae58b5229a97d804f2275f3cbd3ed,1,226be9996759442f90f73b7d24c6baff,c6a7539d424a8402232c2228d7a03c5e,2018-05-28 22:56:06,40.5,43.07
7b1c9d44d6e6a5fa56cc9d084f9e1698,1,53b36df67ebb7c41585e8d54d6772e08,4869f7a5dfa277a7dca6462dcf3b52b2,2017-09-28 18:35:14,134.9,15.69
7b4cc813e327ec14c78f547a763f46b8,1,e940125d0a3c309f58f41cd21e39af06,6039e27294dc75811c0d8a39069f52c0,2018-03-15 16:29:55,369.9,29.45
7b78cc6982a3e84c736e54249ed7612c,1,101c51628f18e013a1b2900a8f275fd2,17a053fcb14bd219540cbde0df490be0,2018-08-02 17:04:35,219.98,104.93
7b78cc6982a3e84c736e54249ed7612c,2,101c51628f18e013a1b2900a8f275fd2,17a053fcb14bd219540cbde0df490be0,2018-08-02 17:04:35,219.98,104.93
7b8adf17d100cd7c851eff1f6496083a,1,165f86fe8b799a708a20ee4ba125c289,7ddcbb64b5bc1ef36ca8c151f6ec77df,2017-11-16 09:50:19,146.99,20.52
7b9f5e24a87d548effb470329e3705ea,1,a298a105818dce6878b787e4af6cff7d,e26901d5ab434ce92fd9b5c256820a4e,2017-07-13 02:43:40,79.9,7.81
7bba6be8b33b014bb9523db5f992d070,1,5c0826f946c32406d5baa79544668b4c,f9244d45189d3a3605499abddeade7d5,2017-07-21 20:23:48,99.99,17.95
7be91eab3dac2edd89fc7f519e1649f5,1,5563f6b699b362e1bd6a2e1e650f52bd,ba143b05f0110f0dc71ad71b4466ce92,2018-06-21 14:25:39,108.99,24.63
7c02295a038b0494bb117c4bb60bdcab,1,58e3e57e37601dce8a567e7c1f9e2090,8cbac7e12637ed9cffa18c7875207478,2017-12-14 10:52:19,12.5,20.84
7c1336779536fdd545a35df012e0ed5e,1,c10a7001e8b49dfc03817444b5f2ed81,056b4ada5bbc2c50cc7842547dda6b51,2018-07-19 15:15:13,129.99,16.01
7c363fbfb4e41c26246ea6097cd275bf,1,4180a49d4b879e727ad2c8e82a9f4d87,9906e7aa42a3c067b7c9a564d01c4320,2018-04-23 18:30:51,170.3,61.25
7c46b5ee3a6b6152b85d5d245784bc25,1,15b3d4c8373cd64166af5504b49d289d,0c8380b62e38e8a1e6adbeba7eb9688c,2017-09-13 10:50:07,49.9,17.6
7c7dc1f3affc0d38b97ea22a8aeedb82,1,a45af86c4a7948f5fabbb5b0132475cd,e63e8bfa530fb16910dd6956e592bb81,2018-06-04 13:15:12,28.9,15.23
7c7dc1f3affc0d38b97ea22a8aeedb82,2,6ab9d49c399f239bc88ea28c7568213f,5c853bb56f70f4d14218944bae111d7a,2018-06-04 13:15:12,8.99,15.23
7c921161980003eac272f619f2fa5776,1,2a4d7470cdcf5e02f7ad83e56971bb80,e067ad2c1c0b48758eb1b5228bcf7a68,2017-08-23 00:30:16,115.9,53.41
7c927a3dfb1af7e87c6a262fc4b0a8fd,1,a92930c327948861c015c919a0bcb4a8,6560211a19b47992c3666cc44a7e94c0,2018-07-12 15:15:16,78.0,18.65
7c97900442dd98ddd06bab55a03c8564,1,43222c9a989813b389d36fe5a1655c05,a3e9a2c700480d9bb01fba070ba80a0e,2018-06-25 03:31:46,95.0,14.98
7cb4dff15cb0bfae18db9857cf0455f4,1,363a742635cc645c207ce8102de9b837,6c7d50c24b3ccd2fd83b44d8bb34e073,2018-04-02 17:11:32,126.69,53.14
7cbb15d12a1bb13fde596f305857b22e,1,38ad86e536a0e27c5a4d2dc30964259d,ea8482cd71df3c1969d7b9473ff13abc,2018-04-05 16:07:33,24.99,7.39
7cfa85c7c53799aa2c849044711e9256,1,a84a9be4cdf0d5dbd36103b1e1ebc82f,134b867a0f7f8bbe6abf10f91874891e,2018-04-26 08:15:10,789.89,132.95
7d0f5759a0eac0f20456bb8a36547bf5,1,656e0eca68dcecf6a31b8ececfabe3e8,8e6d7754bc7e0f22c96d255ebda59eba,2018-03-23 01:10:36,89.8,7.97
7d78ea68e694cb6df0997bb8dca5cf15,1,f88e0d55c56301ce5e0d6d518c7f0598,048c2757535328e0d7dac690ad3c0aae,2018-03-21 08:49:38,98.7,23.27
7d7eb2e2176ecc1a4e649624c46799fb,1,569216db5e4a857c4056614de975617f,2bf6a2c1e71bbd29a4ad64e6d3c3629f,2018-01-30 13:06:24,1750.0,28.01
7d8cd4ac1b0c3a31fddc3198d69fc133,1,18b0e642cbae7251e60a64aa07dd9eb9,85d9eb9ddc5d00ca9336a2219c97bb13,2018-08-30 09:29:41,22.32,22.88
7d9222bcb9fbdafc453620f32f6fb996,1,033e5e4f49acb5621c782ac8a37aa90b,43b2c864251aa0ce4030c746984e088a,2018-08-02 15:45:09,34.9,17.17
7deb5565bced95f67ceac6f5dc57d4f4,1,9f1c3e71d56894398a42b050b07f1baa,92eb0f42c21942b6552362b9b114707d,2018-01-26 17:37:02,12.77,7.78
7e09cc861487709e81e6c729d2635208,1,e29639a91419ddf0c1d6c80fb3bae01f,2dee2ce60de9709b1a24083217181a1f,2017-12-11 13:53:37,54.9,35.7
7e28a3542ea8306e42298ea3718222ee,1,0fce35c0b7338bda3e52e2389f0c0762,391fc6631aebcf3004804e51b40bcf1e,2017-12-21 16:53:45,149.98,17.76
7e3819fed570609ef642c2e18f198d10,1,ffe013e1b4603e3b0b02fbb159d5b400,ba6ce6de456f6c11d08c17701ba5c26f,2018-04-20 19:11:39,169.0,18.11
7e41af71933a120d6d0fcf9249f19a85,1,129de02d0ac6adf4f77c41bc157adbeb,1d4587203296c8f4ad134dc286fa6db0,2018-08-22 15:11:23,21.9,12.81
7e460703dd3adb450213b20170a237f6,1,9b1e33523029f6bde0a3fbe99d793cf4,3e8bd881d92466e63ba9e3e809cd3c50,2018-03-08 13:29:23,34.9,12.35
7e4d4a50dc999bcf59d2e055db0f4b37,1,6bd248f93425ceeb625a8a97e2404112,dbc22125167c298ef99da25668e1011f,2018-01-12 01:39:20,59.9,19.66
7e50d85d90ed82feaf9011470ce9e36e,1,28beefcab28e6a3b659bae1bf1cbe453,18a349e75d307f4b4cc646a691ed4216,2018-06-18 08:58:15,25.0,22.06
7e68991a1a850b61d2a20fd75f462397,1,1600dcf1cea8c0c83702e07b577ab231,6560211a19b47992c3666cc44a7e94c0,2018-08-20 23:30:08,44.0,19.22
7e9eac6236b24f54d858badd77aa172c,1,41cd333a4af5e36df81fc0b83ccf8e2d,5dceca129747e92ff8ef7a997dc4f8ca,2017-11-07 18:07:02,388.0,40.47
7ec0aff65eb09ca0d03ca5b64e67e4db,1,f0bbc1bdaf90ddcab4aa862660dfc6d3,f262cbc1c910c83959f849465454ddd3,2018-03-15 13:50:36,19.99,8.88
7edc3ed94401904fd169923dd2ba3ecb,1,78f3531b3a1bfef3513d4f344e0c88d0,0241d4d5d36f10f80c644447315af0bd,2018-02-20 19:30:28,99.9,20.19
7f5a24612bec96e2005690b5b60faa26,1,8aa6223e400af9c97b07c75993142721,1f9ab4708f3056ede07124aad39a2554,2018-03-07 02:50:43,169.9,31.94
7f6945b2c635db3bce1cfb585ba82d33,1,514171f9d45a3d93574fc587ef775579,d91fb3b7d041e83b64a00a3edfb37e4f,2018-08-02 10:04:23,35.19,18.35
7f922477f06db4ab69f6f173f439088e,1,c319f453652bff80bc8f9f71d87e56c1,f680f85bee2d253556ac91be391d2c82,2018-06-14 22:12:17,34.99,8.29
7f9230d9db6715e755cc320e1a6b2436,1,6ca32b4631431cb1fe976880797a0f5c,66922902710d126a0e7d26b0e3805106,2018-05-04 08:15:17,130.0,18.79
7fbe250d2d22b8976024eee98fef9cef,1,a59fb60fddcc72a9878b7ed5cb69d8e4,7040e82f899a04d1b434b795a43b4617,2018-06-29 13:58:44,14.9,15.23
7fbe250d2d22b8976024eee98fef9cef,2,a59fb60fddcc72a9878b7ed5cb69d8e4,7040e82f899a04d1b434b795a43b4617,2018-06-29 13:58:44,14.9,15.23
7fd6cd7e778c71e9b3721599948c104c,1,096d687ce8c7ae68039cce3f229b1d4c,db46ca7bce82b11f7e247539271fc390,2017-05-09 12:30:50,61.9,15.64
80000ae9d118d79953522e35cce34f13,1,a95c77f369c8486c3ca5d101c49be836,30a2f535bb48308f991d0b9ad4a8c4bb,2017-03-03 11:45:10,49.9,10.96
80000ae9d118d79953522e35cce34f13,2,a95c77f369c8486c3ca5d101c49be836,30a2f535bb48308f991d0b9ad4a8c4bb,2017-03-03 11:45:10,49.9,10.96
800c8a15369d74de7bc13709ef847d4f,1,a4aa7c1427c31344e5f7cc3d839fe562,66922902710d126a0e7d26b0e3805106,2017-12-08 16:48:54,110.0,41.84
8021c3dc6a034e6f153035028d421c94,1,e9906cf475ca638edcb034d031364e1b,d9a84e1403de8da0c3aa531d6d108ba6,2018-04-23 00:31:15,56.9,7.39
80258201cda75aff559a9cc15eb0da49,1,c35498fbb4358837ae16850f50c3fd22,70a12e78e608ac31179aea7f8422044b,2017-09-13 02:44:28,76.0,12.03
802c6194741628ea426c4d7a4e55707a,1,ee4c8acefd0dbcae1a83e07c101318f4,4a3ca9315b744ce9f8e9374361493884,2017-04-26 13:32:27,239.9,12.29
803aa4666b8c108ee27e65f64ad038fc,1,10d2b7a176cd8a35bcae7c15e0e7626e,8d956fec2e4337affcb520f56fd8cbfd,2018-08-23 22:55:20,78.93,19.74
8092da256aefda13b330290d2ca86521,1,93c902b021a9e594f658ab1b0351602a,2e90cb1677d35cfe24eef47d441b7c87,2018-08-29 17:30:40,103.9,11.75
809366b3993149432934a82e6e5b71d9,1,12cfb75a481057d8c401f03f870a3305,ef990a83bbea832f36ebe81376335aa8,2018-01-24 14:15:06,54.9,15.82
80b5b891e5c825112137c3ee080e5db6,1,a39cc58c1b5926b6f9f378daa89f1315,1025f0e2d44d7041d6cf58b6550e0bfa,2018-08-01 11:04:59,150.0,16.35
80f206a25c4f2cfb8f12febcb3c3baba,1,1d11e9991beabfd8071f2bfb73444500,b2c97074649f92197d9387d9033dda5f,2018-07-16 19:23:58,76.05,38.8
81161411335afb1d9c6dfd1b42a63eb3,1,5f24a2c5fe04fac8072d899fffa77540,23a0ffca143a15b9b5bbdb7d552f626a,2018-07-03 20:55:21,49.99,13.93
81539e7eb97d9fba708603ac8f00b6c9,1,53d8ee87caa1a2320c66074ff9c99e61,0ac4201fda2c68ebc0e47cb9423cf3c9,2018-05-07 11:51:15,799.0,20.47
815ba48fd172b6a71f09180c118a31ca,1,41f9d5d764dc0fa4928c9177275e5763,5aaa890629f83706d8d9bfecd8377c1c,2017-09-21 03:06:14,48.9,17.92
81672c21ff06fb612df0660ff7d9ae06,1,173e9fe34bfe97f3a5e6dc57fe897b74,ba143b05f0110f0dc71ad71b4466ce92,2018-06-08 03:30:59,57.89,19.38
81756fe1903a10b2a5fbb3d843382cf0,1,ba4614e1cda7783e5c08d4372080d8b2,7142540dd4c91e2237acb7e911c4eba2,2018-03-02 14:29:49,59.9,17.67
818996ea247803ddc123789f2bd6046b,1,632921e8d6c6b23ae47ff20950a56854,b39d7fe263ef469605dbb32608aee0af,2018-08-27 03:55:07,129.9,20.99
819228bb978a781e564b6de402397c19,1,c69ee3d090e5c25f7e8633b164fc001b,8581055ce74af1daba164fdbd55a40de,2018-02-12 04:32:18,85.5,22.92
819adcd651eaa6b9ce751285bfb7e85d,1,6d0663c395a253a37880561557f660e1,0ad80de75c811326389cfb1daba7d45e,2017-10-25 08:49:17,369.9,27.63
81a4a5d32cb95aad3ce81680b8634b11,1,b59fb744c6f3cd1dc23b10f760848d98,916748bc99315c2d202898ae58b1617e,2017-11-07 12:47:20,9.9,8.27
820235f6d6341b0a1d64f22499ba07c0,1,30d755143f7313a7c3d24f936273dc19,04308b1ee57b6625f47df1d56f00eedf,2018-07-20 07:10:13,485.9,25.33
8218c35b370a39df1a636efeee72a6b7,1,2cab5fb805c35e09a71fc411c7849ec2,ac3508719a1d8f5b7614b798f70af136,2018-03-01 02:15:27,59.9,19.66
821c1b3c87d17a24efad81096bee5f09,1,9f6e8441548dd40516cdb98f1b29c3d5,92c8bc6e8f925792247656fed09aad65,2017-10-26 17:49:28,124.9,13.43
8223c1c9dfe33eb14644dd34a5213285,1,c6ea63369936552872ae890c82175b4b,37be5a7c751166fbc5f8ccba4119e043,2017-06-05 16:42:21,225.0,15.32
82383d6d5aa835a4c02cf0c9d56895ce,1,9df7a56fa4352899fa6976c54a35ae3a,fa1c13f2614d7b5c4749cbc52fecda94,2017-04-07 17:15:08,295.9,12.68
8242b086009bdffe2eb081b77d4ca7de,1,f1fe595ee7ef768b41bd9b246d13432d,81a1104df0f08b59c68aa5b03cfe398e,2017-11-10 13:30:45,99.9,17.95
8252e59e05b6732810b98460f67571a0,1,2b3a5c2260dc61103f0b61bfa35a5d2f,4aba391bc3b88717ce08eb11e44937b2,2018-05-07 18:53:54,159.0,27.84
825c221a4e981f278e9c5ec6ead83a3f,1,f8b09faf273ab8c2cb4209378253f56a,431af27f296bc6519d890aa5a05fdb11,2017-07-05 23:23:28,73.9,13.54
8272b63d03f5f79c56e9e4120aec44ef,1,270516a3f41dc035aa87d220228f844c,2709af9587499e95e803a6498a5a56e9,2017-07-21 18:25:23,1.2,7.89
8272b63d03f5f79c56e9e4120aec44ef,2,05b515fdc76e888aada3c6d66c201dff,2709af9587499e95e803a6498a5a56e9,2017-07-21 18:25:23,1.2,7.89
8272b63d03f5f79c56e9e4120aec44ef,3,05b515fdc76e888aada3c6d66c201dff,2709af9587499e95e803a6498a5a56e9,2017-07-21 18:25:23,1.2,7.89
8272b63d03f5f79c56e9e4120aec44ef,4,05b515fdc76e888aada3c6d66c201dff,2709af9587499e95e803a6498a5a56e9,2017-07-21 18:25:23,1.2,7.89
8272b63d03f5f79c56e9e4120aec44ef,5,05b515fdc76e888aada3c6d66c201dff,2709af9587499e95e803a6498a5a56e9,2017-07-21 18:25:23,1.2,7.89
8272b63d03f5f79c56e9e4120aec44ef,6,05b515fdc76e888aada3c6d66c201dff,2709af9587499e95e803a6498a5a56e9,2017-07-21 18:25:23,1.2,7.89
8272b63d03f5f79c56e9e4120aec44ef,7,05b515fdc76e888aada3c6d66c201dff,2709af9587499e95e803a6498a5a56e9,2017-07-21 18:25:23,1.2,7.89
8272b63d03f5f79c56e9e4120aec44ef,8,05b515fdc76e888aada3c6d66c201dff,2709af9587499e95e803a6498a5a56e9,2017-07-21 18:25:23,1.2,7.89
8272b63d03f5f79c56e9e4120aec44ef,9,05b515fdc76e888aada3c6d66c201dff,2709af9587499e95e803a6498a5a56e9,2017-07-21 18:25:23,1.2,7.89
8272b63d03f5f79c56e9e4120aec44ef,10,05b515fdc76e888aada3c6d66c201dff,2709af9587499e95e803a6498a5a56e9,2017-07-21 18:25:23,1.2,7.89
8272b63d03f5f79c56e9e4120aec44ef,11,05b515fdc76e888aada3c6d66c201dff,2709af9587499e95e803a6498a5a56e9,2017-07-21 18:25:23,1.2,7.89
8272b63d03f5f79c56e9e4120aec44ef,12,270516a3f41dc035aa87d220228f844c,2709af9587499e95e803a6498a5a56e9,2017-07-21 18:25:23,1.2,7.89
8272b63d03f5f79c56e9e4120aec44ef,13,270516a3f41dc035aa87d220228f844c,2709af9587499e95e803a6498a5a56e9,2017-07-21 18:25:23,1.2,7.89
8272b63d03f5f79c56e9e4120aec44ef,14,270516a3f41dc035aa87d220228f844c,2709af9587499e95e803a6498a5a56e9,2017-07-21 18:25:23,1.2,7.89
8272b63d03f5f79c56e9e4120aec44ef,15,270516a3f41dc035aa87d220228f844c,2709af9587499e95e803a6498a5a56e9,2017-07-21 18:25:23,1.2,7.89
8272b63d03f5f79c56e9e4120aec44ef,16,270516a3f41dc035aa87d220228f844c,2709af9587499e95e803a6498a5a56e9,2017-07-21 18:25:23,1.2,7.89
8272b63d03f5f79c56e9e4120aec44ef,17,270516a3f41dc035aa87d220228f844c,2709af9587499e95e803a6498a5a56e9,2017-07-21 18:25:23,1.2,7.89
8272b63d03f5f79c56e9e4120aec44ef,18,270516a3f41dc035aa87d220228f844c,2709af9587499e95e803a6498a5a56e9,2017-07-21 18:25:23,1.2,7.89
8272b63d03f5f79c56e9e4120aec44ef,19,270516a3f41dc035aa87d220228f844c,2709af9587499e95e803a6498a5a56e9,2017-07-21 18:25:23,1.2,7.89
8272b63d03f5f79c56e9e4120aec44ef,20,270516a3f41dc035aa87d220228f844c,2709af9587499e95e803a6498a5a56e9,2017-07-21 18:25:23,1.2,7.89
8272b63d03f5f79c56e9e4120aec44ef,21,79ce45dbc2ea29b22b5a261bbb7b7ee7,2709af9587499e95e803a6498a5a56e9,2017-07-21 18:25:23,7.8,6.57
82857312ad869f872b950b616dc58273,1,d6061ffaf719f75dd074a637c535b644,9add47bf45ce8e8c7db6b9cf670b1e09,2018-08-02 11:45:10,89.9,32.77
82905f4b411a687464762216db4424b2,1,5a848e4ab52fd5445cdc07aab1c40e48,c826c40d7b19f62a09e2d7c5e7295ee2,2017-11-27 20:07:09,122.99,15.61
829c29b2306beafb02c306ffba041e8d,1,f77dd338d9f75229a09cbb9a18fd0c9a,1c129092bf23f28a5930387c980c0dfc,2017-12-07 02:48:30,25.0,8.72
829f7b42460d760ab4f2c03faf6534ee,1,0816234aa8a9ed73333cc61afb578bd1,0be8ff43f22e456b4e0371b2245e4d01,2018-01-19 12:51:26,99.9,9.51
82a6ea37c0c3ed2f6fe3a6029adbc589,1,c68307fcc510fdd70015276ba94cf5b7,4de6e4ba574aa9dfdc824bc44dc47fdd,2018-03-27 11:35:24,19.9,17.06
82ae4ace0b3ec2734319bd238e822c68,1,72030f5a9528ee708f8d865fee65b29b,8ab42aa58097fd4668d60cc648225d5f,2018-05-27 22:16:02,115.0,11.9
82b1c20e33da405ba22cded4ff91d160,1,ba5fb4ab9cd70d201b74b5bad9d4ca00,562fc2f2c2863ab7e79a9e4388a58a14,2018-02-18 22:27:43,24.99,7.78
82b9b991770e6880a10a11c5a29da6d4,1,259a24ea2a742082c43dd2f5ce116b52,05f51e13da97139648b8125c31e5f51b,2018-02-15 18:55:24,45.9,14.1
82fbfbdb67d2e217768c85d56eeef7f9,1,3729e88d6c44656dc1bbd5f3c57b00d4,b5e3e38609125694d2ea2417522a60b7,2017-06-09 10:50:17,39.99,16.11
8304f049f874798b19276d475a0b1851,1,7ce94ab189134e2d3c05f496d635419c,8b321bb669392f5163d04c59e235e066,2017-12-13 23:54:39,13.65,14.1
831b5d6b49354f211585641a51a48ec2,1,a869ec6209c361ca46dad85a5530e119,c3cfdc648177fdbbbb35635a37472c53,2017-09-04 14:15:22,159.9,20.61
832c61671b530bdc7d56880581bc2146,1,98b22c1129886cbd7fcae69d1c93e442,da8622b14eb17ae2831f4ac5b9dab84a,2017-09-18 17:15:18,89.9,13.65
8341e99159d0cde5b28d7915b011ce2e,1,87d780fa7d2cf3710aa02dc4ca8db985,da8622b14eb17ae2831f4ac5b9dab84a,2017-12-21 02:36:39,99.9,17.95
8341e99159d0cde5b28d7915b011ce2e,2,87d780fa7d2cf3710aa02dc4ca8db985,da8622b14eb17ae2831f4ac5b9dab84a,2017-12-21 02:36:39,99.9,17.95
837d0f47af4d0d6a1e3fc98603bd48ec,1,0b01a9718a61dbdd35cfec9ad13a0301,8bb48dc19fccaa8613b6229bf7f452a2,2018-02-22 15:15:35,40.8,13.37
837d0f47af4d0d6a1e3fc98603bd48ec,2,0b01a9718a61dbdd35cfec9ad13a0301,8bb48dc19fccaa8613b6229bf7f452a2,2018-02-22 15:15:35,40.8,13.37
837d0f47af4d0d6a1e3fc98603bd48ec,3,0b01a9718a61dbdd35cfec9ad13a0301,8bb48dc19fccaa8613b6229bf7f452a2,2018-02-22 15:15:35,40.8,13.37
837d0f47af4d0d6a1e3fc98603bd48ec,4,0b01a9718a61dbdd35cfec9ad13a0301,8bb48dc19fccaa8613b6229bf7f452a2,2018-02-22 15:15:35,40.8,13.37
837d0f47af4d0d6a1e3fc98603bd48ec,5,0b01a9718a61dbdd35cfec9ad13a0301,8bb48dc19fccaa8613b6229bf7f452a2,2018-02-22 15:15:35,40.8,13.37
8382255ca7fdc3ec278ab4c83aef9122,1,905b384ac5667170689505bbf30f1d07,1900267e848ceeba8fa32d80c1a5f5a8,2018-01-15 14:29:37,80.0,12.9
838411338443a817cfb4c26f0f7a9c9a,1,6965419e0d5116b685c3f825e4752231,897060da8b9a21f655304d50fd935913,2017-11-28 03:07:22,51.0,12.7
8384cc8291fa3f9512995c77446cf25b,1,2f1927c926303d27159849d2601d5d96,33ac3e28642ab8bda860a2f693000e78,2018-04-12 12:55:34,104.9,9.09
83b0d41b8098a854e66c33ac7d1e8dcf,1,5d6d8d46af864e4241365a5cd4980a53,855668e0971d4dfd7bef1b6a4133b41b,2017-06-12 17:30:20,240.0,22.52
840a030c24ea3c06dd506a43ce2a0c17,1,812f428f6757ab16c46cffc68f2e90c5,eed78ac17f7f795a19a709745f00cd4e,2018-05-09 13:11:59,59.8,23.0
840a030c24ea3c06dd506a43ce2a0c17,2,812f428f6757ab16c46cffc68f2e90c5,eed78ac17f7f795a19a709745f00cd4e,2018-05-09 13:11:59,59.8,23.0
840a030c24ea3c06dd506a43ce2a0c17,3,812f428f6757ab16c46cffc68f2e90c5,eed78ac17f7f795a19a709745f00cd4e,2018-05-09 13:11:59,59.8,23.0
841f22552ef7bc21e205df35283025c4,1,fa2d929efb6b3c378099488dd6b02ca5,79ebd9a61bac3eaf882805ed4ecfa12a,2018-06-15 12:58:09,129.9,43.84
843ad442f1f401e52f43a4b176e211fa,1,a39cc58c1b5926b6f9f378daa89f1315,1025f0e2d44d7041d6cf58b6550e0bfa,2018-06-15 04:31:34,150.0,102.69
843be4a0dcdb9716de7652d53af4acab,1,952670bc019a73f0933157ec82ff6e4f,37be5a7c751166fbc5f8ccba4119e043,2017-07-25 10:05:27,205.0,22.27
84529952b44a7b19788d9398f07b6eea,1,389d119b48cf3043d311335e499d9c6b,1f50f920176fa81dab994f9023523100,2018-02-08 20:51:21,49.9,17.6
845af102c87e1c1bbcb900956ca08e90,1,f7a17d2c51d9df89a4f1711c4ac17f33,f8db351d8c4c4c22c6835c19a46f01b0,2017-07-20 14:10:15,52.9,15.12
848e76f65aa5d3843c356d8a68dfa5b5,1,781afe929e3016a667f5f439afd55fce,08633c14ef2db992c11f840f04fad4cd,2018-05-09 16:29:22,107.7,18.63
8490980aaf59839a601c4184474b9220,1,4413a608a42bd21bbf9d5abbd58c249a,7ddcbb64b5bc1ef36ca8c151f6ec77df,2017-11-01 13:49:27,146.99,13.58
849e77f9701faf689705a0eb09003764,1,422879e10f46682990de24d770e7f83d,1f50f920176fa81dab994f9023523100,2017-11-29 12:37:22,49.0,28.75
84c6aab1664b33eb5607e118dc4bced8,1,667058878eaaa9a381ed3e6b1f8b8cda,ea8482cd71df3c1969d7b9473ff13abc,2018-04-09 07:08:27,39.99,18.23
84cd555d3d1f2b32fb392b1dff57a851,1,8301e489165ea0f91dd987fafebbe58c,537eb890efff034a88679788b647c564,2018-03-12 12:16:04,28.9,15.23
84d1f58195cae334b50f9088b38b3495,1,5929e483b6df44414c047cac38873fe6,aaed1309374718fdd995ee4c58c9dfcd,2017-05-07 22:33:38,42.9,15.56
853927b32b0ebc007ece729a314338cd,1,f8b624d4e475bb8d1bddf1b65c6a64f6,b410bdd36d5db7a65dcd42b7ead933b8,2018-01-31 15:58:13,179.0,35.05
8549f693ac0aefd770eee2cdd7e18e08,1,42f61cf5c925b4e7fad27faee993c145,ea8482cd71df3c1969d7b9473ff13abc,2018-01-03 21:35:27,27.99,15.1
854fc42da7246b10ed8dcec4ae8f48ca,1,5f00c50de3d989194f0439e343480372,3b15288545f8928d3e65a8f949a28291,2017-09-14 18:25:27,77.99,16.31
855a13de235eda92e5acdf19d0157b67,1,aa280035c50ba62c746480a59045eec4,fa40cc5b934574b62717c68f3d678b6d,2017-07-18 18:50:17,44.99,7.78
85841af0d94e5d0cd3a9c0e42e565b74,1,0534940d69bf94dc61c0e722b4168235,939f6e231201f26803cb5c3a3d2940b3,2016-10-10 16:03:33,22.9,15.46
859a1faf872d345b39b31e3c9e044325,1,b0961721fd839e9982420e807758a2a6,1f50f920176fa81dab994f9023523100,2017-07-24 11:10:13,59.9,19.66
85eb2a6b95fb63038d835a7b235b47d0,1,efa490145b5cc82438b6a6de691535fa,8d956fec2e4337affcb520f56fd8cbfd,2018-06-13 22:11:37,46.99,18.23
85f2d1d18951198c1beca750c4df59b1,1,f2e2678188e0f3bc983dd3935f69b746,05d2173d43ea568aa0540eba70d2ca76,2017-12-12 13:31:38,69.0,26.1
8616d2e4f9d29d0a08571be7ccf0acc3,1,d017a2151d543a9885604dc62a3d9dcc,6560211a19b47992c3666cc44a7e94c0,2018-05-16 02:57:15,49.0,10.66
86200deb58eb0b29e666114e87e76302,1,19629b1460e380638d4b9263bd31547a,b4a476fbd28de64b1e347abf9089366a,2017-12-07 21:55:19,308.5,32.46
8628cf35f313fe2e46a2168f21860031,1,dc404a1496a08f9f5540c8b5d4b92925,46dc3b2cc0980fb8ec44634e21d2718e,2017-11-23 20:06:49,299.99,34.55
862cca64868df4c3a3f0058a93aef465,1,104b9503ee57d0aa2cd3a6448f242636,8bb48dc19fccaa8613b6229bf7f452a2,2018-04-26 02:31:46,41.47,39.05
862cca64868df4c3a3f0058a93aef465,2,84c79830527ae823029ee6b904cf948c,d1c7fa84e48cfa21a0e595167c1c500e,2018-04-26 02:31:46,34.85,33.48
86430d523480a84b621ef0c347f56ff2,1,f7740e5b4337a3cc4a8a204553101a85,04308b1ee57b6625f47df1d56f00eedf,2018-08-15 13:04:31,527.9,21.8
8691ef52aa97f8ba6d500780b5897e04,1,6f3b5b605d91b7439c5e3f5a8dffeea7,7d13fca15225358621be4086e1eb0964,2018-05-11 09:13:53,145.0,18.89
86ba74562effd10bf32402978095963c,1,06c6e01186af8b98ee1fc9e01f9471e9,fc906263ca5083d09dce42fe02247800,2017-09-19 16:24:43,29.9,8.11
86ba74562effd10bf32402978095963c,2,06c6e01186af8b98ee1fc9e01f9471e9,fc906263ca5083d09dce42fe02247800,2017-09-19 16:24:43,29.9,8.11
86bf07c0a6d01d38dd8ecd1a1b68d139,1,fb7a100ec8c7b34f60cec22b1a9a10e0,d98eec89afa3380e14463da2aabaea72,2017-09-21 23:20:49,49.99,16.79
86cd00e7c37e87a8a2204f3e3266e85b,1,28b5eddd0f9eb2e6a7dd8a36e0a79828,5a05a16bb50629ee31afab8a6d4c2674,2018-04-06 19:07:54,32.9,7.87
8726f6a81f4ae5a390e7e638a31e9a21,1,c02a979508b4fbd64ce1db1ccd8dd6fa,b2ba3715d723d245138f291a6fe42594,2018-06-11 00:51:23,17.99,7.39
8730eb6033096bc99877b2f10d4de04a,1,4c2394abfbac7ff59ec7a420918562fa,cc419e0650a3c5ba77189a1882b7556a,2017-12-06 17:11:45,84.99,9.41
8747a928f786c8b31e0afb1b815886bc,1,389d119b48cf3043d311335e499d9c6b,1f50f920176fa81dab994f9023523100,2017-11-21 03:35:40,59.9,13.44
8774dccac317f54e3e9b3c6096a9b2c6,1,f1ca789b4694dd683c4cb0c2ed74768e,17e34d8224d27a541263c4c64b11a56b,2017-10-31 06:28:11,223.64,16.32
8783894e49c4c084d21c71b16a5aa83c,1,1a37e7d1d8e98b3d70e6eb7d5deee99c,bd4889b5e9133b35b66e42a8665cea5c,2017-05-24 03:15:14,140.0,13.54
878c411445b7128a9715f6f06ca14bea,1,a5a7c5c2be6edf0b10ce28ba5c6b4a69,12b9676b00f60f3b700e83af21824c0e,2017-05-24 22:55:13,199.0,18.64
87a0cbc974ca0e017a65daacd3b3e2d6,1,170b033abb14ccc92a21b95dba58fa90,aced59e9b31ef866a94f9e7f29d8d418,2018-02-12 10:35:46,29.0,8.72
87ca2f8dc91bf074b1b0e441341b2a53,1,f5eafd694f3a7959e352920537496c7c,eeb6de78f79159600292e314a77cbd18,2017-06-28 21:50:13,145.97,41.41
87de7ee4012989d6126fe09989746eaf,1,0eb8e03d4ef83152c4642b606b5bbdec,cac4c8e7b1ca6252d8f20b2fc1a2e4af,2018-05-04 16:11:12,29.99,17.95
87f41ac2bb62582fa23ddb02b79ef724,1,ecf23a6c1689e2bed38171ececac6138,5b179e9e8cc7ab6fd113a46ca584da81,2017-02-21 14:15:26,149.9,29.4
87f53a70fe59ee417c9cb654dded07ac,1,4d3f50f2d92dba9a93f38260dceb9838,dbb9b48c841a0e39e21f98e1a6b2ec3e,2018-07-02 09:10:21,34.99,23.4
880769ba72966e66d6e8e1f1152a0d36,1,4328139cbe9adde0aac493ca9871eab3,8160255418d5aaa7dbdc9f4c64ebda44,2018-06-14 16:00:46,72.9,14.6
880ba0831c3fe181b5096a98d3c755e4,1,a59fb60fddcc72a9878b7ed5cb69d8e4,7040e82f899a04d1b434b795a43b4617,2018-03-30 20:47:01,14.9,15.23
882c447d8edd3d32db6a03ff2fc74f8f,1,64d33e6bd1b905a31c2f96f584e6a0c8,ea8482cd71df3c1969d7b9473ff13abc,2018-05-09 14:30:56,29.99,18.23
88407c8c6e12493ff6e845df39540112,1,b00a32a0b42fd65efb58a5822009f629,3504c0cb71d7fa48d967e0e4c94d59d9,2017-08-21 02:15:13,75.9,7.79
88435e218393c56a56752fd58b13270f,1,b0867df586a8d9be80c7d49aa7dacc8c,0ef83d7d83ed97cd2a0049ac8be5f88a,2018-04-05 18:30:52,52.17,19.34
88435e218393c56a56752fd58b13270f,2,b0867df586a8d9be80c7d49aa7dacc8c,0ef83d7d83ed97cd2a0049ac8be5f88a,2018-04-05 18:30:52,52.17,19.34
8866ae65c875985acc6fd5772fa8e4a9,1,e070a61270050c4b1b704300f331cca6,66922902710d126a0e7d26b0e3805106,2017-12-04 03:26:10,56.0,12.23
88821a1158691d3d5f4e35004aeb2aee,1,e0cf79767c5b016251fe139915c59a26,da8622b14eb17ae2831f4ac5b9dab84a,2018-06-22 18:47:07,29.9,22.14
8890828f16facb8b8a9c48194daccb85,1,3863a6df816f3b8ce0358a1243541fcb,1b4c3a6f53068f0b6944d2d005c9fc89,2017-07-06 13:15:12,74.9,17.77
88c588c116fd06fb8e48dd83af88ec4a,1,5322d72e04acadda01cd9c274b4af288,4e85b538b0dad58852641540686d0e14,2017-11-23 13:35:26,14.39,15.1
88d55d6258872b31bf45ce51a6675c2b,1,8b5a201cdb79e1962baa08534f71d382,fa1c13f2614d7b5c4749cbc52fecda94,2018-07-05 15:32:10,149.8,19.15
89035fb6f9ed1693ad716ef81c18cdb2,1,b6acad95bb80b9f438b3496bfdfd8257,7d76b645482be4a332374e8223836592,2017-09-27 22:48:32,14.9,25.63
8906cb0ae3ccbd4613940de05579b218,1,f068148c48720c66b21825e2c558d493,1b7e5006cb25dd23ce8686691013b121,2018-02-18 21:35:30,163.0,8.4
896b228e1623e6b8f20f2b3782750d48,1,4520766ec412348b8d4caa5e8a18c464,16090f2ca825584b5a147ab24aa30c86,2018-07-31 18:44:10,29.49,7.47
897fab0704eda65c69520010b02a3fee,1,dab2413ead0edda9967edbc9bda2a64e,562fc2f2c2863ab7e79a9e4388a58a14,2018-05-11 17:56:11,29.99,22.06
89e2bc56c561f718d762250d9d6eb0bc,1,4c5cc632a68ce10ff22b58b5b8c8b8f3,a3e9a2c700480d9bb01fba070ba80a0e,2017-08-02 20:25:20,95.0,17.92
89e9e2248c46410c319d535f06a23346,1,fa7b3afca12fceaa20c5d7aa279f08ca,b4ffb71f0cb1b1c3d63fad021ecf93e1,2018-07-25 10:44:00,23.0,18.26
89fda551a6bc59c3a9d868a580cc6ca6,1,ba80c9f47a84d1e08465f72e22930c83,f5f1f2c5f923f36ad79ea1d07185ddc9,2018-02-28 14:55:34,116.0,12.31
8a2914855b65c59992d45f1b611388ea,1,aeb37360d7dbf2f5136bb2ae449ac16b,3d871de0142ce09b7081e2b9d1733cb1,2017-08-13 22:04:10,24.9,15.1
8a2d731a57d62d23bbf9556f80343140,1,87d780fa7d2cf3710aa02dc4ca8db985,da8622b14eb17ae2831f4ac5b9dab84a,2017-06-13 02:45:28,99.9,13.72
8a3c2c90a94d0d385e338f5765a86292,1,5a848e4ab52fd5445cdc07aab1c40e48,c826c40d7b19f62a09e2d7c5e7295ee2,2017-11-30 21:18:21,122.99,14.61
8a5b38ec15fb5bb88a060a17587a2590,1,6ec18f98bd4eb7efc0989af1505a3f86,8b321bb669392f5163d04c59e235e066,2017-11-23 20:31:09,26.9,9.34
8a601ac58a66e7a37b56294b81c2b373,1,139a8ba50a931c4055ff072ef1817b06,f4c4daa86e30c7e5a553a8d518ac03a5,2017-06-29 16:02:32,209.56,17.91
8a8bd4a338e17ace44431e99a2add1d2,1,8ac47b3ab13c68f49f10dde899674149,ba143b05f0110f0dc71ad71b4466ce92,2018-05-20 21:54:02,83.99,18.17
8afa2e5e1db419ca84b2ec548bcfa4fd,1,890b077b34b5d22c8c56d60536ab9e75,e9779976487b77c6d4ac45f75ec7afe9,2018-05-10 13:15:25,37.49,7.87
8b2a3c0228399148a783f5ed8c1ce83b,1,664085fcb2616db929da15dc9ac204b4,ea8482cd71df3c1969d7b9473ff13abc,2018-01-25 15:56:15,27.99,14.1
8b3bda465a61f930742d256916d1d7d9,1,656e0eca68dcecf6a31b8ececfabe3e8,8e6d7754bc7e0f22c96d255ebda59eba,2018-03-22 12:50:33,89.8,7.49
8b50d4c9560cac1625c6fd9f536fc780,1,1b01cabd433131aec917576c347f0dbd,2bf6a2c1e71bbd29a4ad64e6d3c3629f,2018-05-02 21:30:24,1700.0,30.87
8b75cb6fd9531cacf7f2cb7dadf7467b,1,737d985cd93b0a4844c3c5847d945ca4,c66dccfb3f109511246da627dd5a2498,2018-02-26 18:50:24,140.0,15.73
8b761bca5ade41b47694b0225c668b75,1,7ada7bee4052075cf6310885da8c4392,3d871de0142ce09b7081e2b9d1733cb1,2017-08-09 17:23:43,79.0,13.57
8b8e2225e5e318a19d2d7a375b56350d,1,310b993294194cea025dcc9c23637b62,32b8764b4ef628b53608fc34011fcc13,2018-06-13 14:32:46,179.0,104.8
8b90d2eeff994cb8c7f281e9888c340d,1,e94d9f48ab491b190c0f0bdbd12830ae,d921b68bf747894be13a97ae52b0f386,2018-05-22 13:19:47,178.0,16.13
8b9842ff7795d2b3af1e7221299fe6f8,1,610e045d4ebcfde8d0c8991e8b1f39bb,3c03b12bab54d8b37d79d914bfdb1aa0,2018-04-30 18:31:11,83.8,13.58
8bbc0e9b5ac010d6a9b8d76570cd20c4,1,e53e557d5a159f5aa2c5e995dfdf244b,88460e8ebdecbfecb5f9601833981930,2018-02-15 19:28:07,74.9,15.27
8bca89b4311c48e6e6a22acd5cebd242,1,055019def765ce08da9fac0585e927c3,013900e863eace745d3ec7614cab5b1a,2017-03-31 18:55:14,77.0,15.84
8bfc859f734def7a579d24fe9b618da3,1,f348ae21168771dfd5b8081e387b4f6b,4830e40640734fc1c52cd21127c341d4,2018-08-21 03:09:40,23.0,22.09
8c0af913eb525b355c4997a2a4166696,1,76acdd98759c649f3b6ecd0dc8576c8e,cd68562d3f44870c08922d380acae552,2018-01-15 07:26:38,145.0,27.55
8c2f915441bbfbd7a7b3ace56058f799,1,3a9c4070ee3d8325be46ec77b483c6e7,713e3a23ca5e47786eb6f0d99f94cfac,2018-02-12 15:55:47,219.0,19.1
8c5c95d76d1bd802cde533288848d786,1,3fca280b9c1738d8d7996c7373d3ecee,e0a366315b1b726b6c7832d664c0f530,2018-01-25 12:50:59,54.9,16.14
8c81595257edb72a9b20d995eaae0319,1,c4baedd846ed09b85f78a781b522f126,a1043bafd471dff536d0c462352beb48,2017-06-01 12:02:42,109.99,38.29
8cf61a0f8eed49e1728caab2510e796d,1,389d119b48cf3043d311335e499d9c6b,1f50f920176fa81dab994f9023523100,2017-10-18 02:04:18,59.9,17.67
8d1c5a867cd01e45e5fc57dddd896f00,1,df42f27d852d49828f9f9fcbf29820d3,8e6cc767478edae941d9bd9eb778d77a,2017-07-12 16:43:56,23.03,16.79
8d1c5a867cd01e45e5fc57dddd896f00,2,df42f27d852d49828f9f9fcbf29820d3,8e6cc767478edae941d9bd9eb778d77a,2017-07-12 16:43:56,23.03,16.79
8d23fb4e17833d8bf866d3ae3481a3cd,1,3a362c0e7f9a69276e2d95869a3e143b,c70c1b0d8ca86052f45a432a38b73958,2018-07-30 11:23:57,110.32,15.87
8d23fb4e17833d8bf866d3ae3481a3cd,2,99563e23b641c8a43e04e528c10002e9,c70c1b0d8ca86052f45a432a38b73958,2018-07-30 11:23:57,110.32,15.87
8d3c15519d40227c3bcca13bb5bbf6d2,1,42ed7ff87eec051d7f9364afbf091dd3,4e7c18b98d84e05cbae3ff0ff03846c2,2017-10-09 13:24:27,109.0,69.64
8d47ca771c5f1f48f545ecf4a7c85f82,1,62d8daeee0db3a60c234c2d1bfd10651,d2374cbcbb3ca4ab1086534108cc3ab7,2017-08-16 21:25:20,24.9,15.1
8d994041d6127d2acc8d13aad557e75f,1,d3d10495159bcc41173e3d26a273529a,0bae85eb84b9fb3bd773911e89288d54,2017-03-29 22:02:26,48.65,17.19
8dbd319d233611ca45b64cc56eac5e34,1,617186c3d97ea56c9c683a8a3974e8c1,cc419e0650a3c5ba77189a1882b7556a,2017-06-25 22:55:16,84.99,15.34
8dcdc3f032fcbc54ae56d5a0f0c2f18c,1,e0eb83f5cf9560ca3b976eea5dcfdfde,903037660cf848a717166eb7a06d616e,2017-03-30 15:55:29,31.9,15.36
8dcdc3f032fcbc54ae56d5a0f0c2f18c,2,628d0ba951ebb8fd1edc5ab3934468e0,903037660cf848a717166eb7a06d616e,2017-03-30 15:55:29,79.9,17.71
8dcdc3f032fcbc54ae56d5a0f0c2f18c,3,e0eb83f5cf9560ca3b976eea5dcfdfde,903037660cf848a717166eb7a06d616e,2017-03-30 15:55:29,31.9,15.36
8e084e8efad16f27d7f26e71af985ce2,1,f2f411f86bd5bd427e28e2a30771761f,da8622b14eb17ae2831f4ac5b9dab84a,2018-03-18 22:28:33,99.9,32.61
8e084e8efad16f27d7f26e71af985ce2,2,06edb72f1e0c64b14c5b79353f7abea3,391fc6631aebcf3004804e51b40bcf1e,2018-03-18 22:28:33,39.99,8.9
8e1ded141534096603108f1ee5c27735,1,a59fb60fddcc72a9878b7ed5cb69d8e4,7040e82f899a04d1b434b795a43b4617,2018-01-29 15:15:32,19.9,7.78
8e9358bf838db65d965ffe0913252ac8,1,78119fbfa709d07b86f5ccf15043c6d6,4869f7a5dfa277a7dca6462dcf3b52b2,2018-05-09 17:15:26,181.0,37.96
8ebe945989d8e36075f1a141e40968c7,1,cfb79bfbdaf59cfe2e9ae0a071451f32,f7ccf836d21b2fb1de37564105216cc1,2018-08-06 05:10:26,39.0,13.85
8ecf44036c8ef6743d6bc46fb6d40af4,1,c372010a1ffe3950b8fdfd365ea26d88,f4db9b37944bcb8873e6b456ee190bbf,2017-07-26 23:25:15,169.99,17.9
8ef3801f58da6b652a3082e1fa5b6589,1,0c71252f37443403376d2008034a7240,f5f1f2c5f923f36ad79ea1d07185ddc9,2018-03-15 09:30:30,115.9,13.25
8effe67a72c715f926a6dc1a616a5ea9,1,96d6c71675adc35bcf32f970cdffe2d6,2138ccb85b11a4ec1e37afbd1c8eda1f,2017-03-02 01:03:23,18.99,14.52
8f2b0c41d21837f8c6d4682867c66ffb,1,8c5876b1c7768217964f353bc7e64393,0db783cfcd3b73998abc6e10e59a102f,2017-06-15 03:03:43,49.0,25.63
8f6a8c5dbe911618a3e81e7fa7914114,1,4e064cdbe4079c84a33181a96cf5609b,6560211a19b47992c3666cc44a7e94c0,2017-12-19 02:39:35,49.0,15.1
8f6d8ee78537f5977e5b70a12761403b,1,82b73150f90f4fef92913e35b9984bb7,91f848e9f4be368f4318775aac733370,2017-06-08 13:05:23,89.5,11.83
8f7075f9808a783f9794cf5f7e1860d5,1,d76dcd59eaef6fc632b11f0d48e107e2,42bde9fef835393bb8a8849cb6b7f245,2018-02-19 16:10:20,109.0,16.2
8f9b22316e1f46393055fe217699461a,1,a8115d34a4b7b74388da609692162c37,85d9eb9ddc5d00ca9336a2219c97bb13,2017-07-27 12:05:23,31.9,14.1
8fa4c1bf3c1b27d1349e2aa934aed53f,1,962a6951154f98f2c8e9a5b8b2bcf4a9,1025f0e2d44d7041d6cf58b6550e0bfa,2018-07-10 11:31:15,75.0,15.83
8fa4c1bf3c1b27d1349e2aa934aed53f,2,962a6951154f98f2c8e9a5b8b2bcf4a9,1025f0e2d44d7041d6cf58b6550e0bfa,2018-07-10 11:31:15,75.0,15.83
8fabd912f4e4dd0372ada8ca6633a738,1,4a3ffd5293869f4b85d163eb3b4d0faa,8bb48dc19fccaa8613b6229bf7f452a2,2018-07-22 21:05:19,17.99,18.23
8fad1f3654133d30218cd4b6fae827ee,1,42a2c92a0979a949ca4ea89ec5c7b934,813348c996469b40f2e028d5429d3495,2017-06-22 11:45:18,59.9,13.44
8fc946cd9c823c0d350def51cea2f603,1,bca99cf9bf7b0bd7f56c29a6e297f757,0c7533c71df861ec58ad7ff999ed0e8d,2017-11-23 21:10:28,5.9,7.78
8fe3b44d3161e377a52ba346b2b0ec08,1,8b6ede776c9602a1db79d27547ff8253,6560211a19b47992c3666cc44a7e94c0,2018-07-24 14:55:13,45.0,8.48
8fe67bda0dbc9ae5101d62f494f74e1d,1,ee4007b2b6a389f76918b093ff7b6523,81336a0f57a33776419727a300249e90,2018-04-05 16:50:17,51.6,19.33
8fe67bda0dbc9ae5101d62f494f74e1d,2,ee4007b2b6a389f76918b093ff7b6523,81336a0f57a33776419727a300249e90,2018-04-05 16:50:17,51.6,19.33
8fe860202f0d87213c4056f1030ae367,1,afeeea6271148ee1bb15173b8187c431,53243585a1d6dc2643021fd1853d8905,2017-11-16 23:27:00,215.94,26.54
9023f19129c14dadfacec1394f255de9,1,99a4788cb24856965c36a24e339b6058,4a3ca9315b744ce9f8e9374361493884,2017-08-24 00:25:57,89.9,17.88
90289a17e4361481e6880e751590f140,1,50b2ddbf47bd0b8eecabb404613e2a45,259f7b5e6e482c230e5bfaa670b6bb8f,2017-09-28 08:25:14,39.9,11.73
9040ee228f2a73cf71c59e19d2d1f1d8,1,adc87238dd82fda48a77402f365a9cd6,efcd8d2104f1a05d028af7bad20d974b,2017-11-28 13:07:02,49.99,11.85
9048f1cdb0bbc082cc3bdd315f052bf3,1,16241e79b047426033194065d8b321b2,4830e40640734fc1c52cd21127c341d4,2018-05-03 21:30:24,29.9,7.39
904d1d3bf21a8c56e931f8ac05d284c6,1,0dce093fc7ec4dec214256df878e3c08,6560211a19b47992c3666cc44a7e94c0,2018-07-19 07:31:30,145.0,19.12
906fa2ba215b24e3888dc3f8c0950f78,1,2cfd372900c7c65e4c4ed2ccf7a1cfd4,4869f7a5dfa277a7dca6462dcf3b52b2,2017-07-24 19:03:20,667.0,20.43
907057c26859398070400de963028855,1,e987172c2818cc16b2555bc130ac5fac,578460d8319c51dab351cd9db95eadfe,2017-08-25 15:15:10,235.0,35.45
908c02868bb2a9b847e64b23139137e5,1,c10a7001e8b49dfc03817444b5f2ed81,056b4ada5bbc2c50cc7842547dda6b51,2018-06-20 21:31:44,129.99,19.01
909848fc22bea821de7a92b2dc614338,1,53b36df67ebb7c41585e8d54d6772e08,7d13fca15225358621be4086e1eb0964,2018-05-10 19:35:19,99.9,0.0
90ad1e3d82f91914b8daf79afc7d79a9,1,fa23bf270fb9880690b07d09b9f9ff20,1b8356dabde1d35e17cef975c3f82730,2017-05-29 04:22:40,59.99,16.18
91ad6a8d591e94d9e1ca998185243e2d,1,368c6c730842d78016ad823897a372db,1f50f920176fa81dab994f9023523100,2017-12-21 18:09:53,59.0,13.43
91ad6a8d591e94d9e1ca998185243e2d,2,368c6c730842d78016ad823897a372db,1f50f920176fa81dab994f9023523100,2017-12-21 18:09:53,59.0,13.43
91c4a93764c64f05b6548ef057e6d3e5,1,52c80cedd4e90108bf4fa6a206ef6b03,a1043bafd471dff536d0c462352beb48,2018-08-21 15:50:17,139.0,60.2
91c7af31bbff981f2530987c8d5d5ae2,1,1a7e98c48e146130016fab89a43c00da,dc4a0fc896dc34b0d5bfec8438291c80,2017-09-21 19:30:22,89.65,17.88
9202a540dd3900ebeb2ff790e949a54e,1,c40b4d64d9a3328382ec1fc2948c4af0,95b293867b5862941c9cd74f756a3c68,2018-01-26 14:12:39,54.9,7.78
9205fa5e239eb69fa652c044d52f7c0c,1,0f025e441822f059a260a6ec3001ec0e,609e1a9a6c2539919b8205cf7c4e6ff0,2018-06-12 20:28:08,45.9,18.23
92108d9a563df7232a318d0736680ea5,1,b21edc5440d0a05522fa8d1bc1a4a26d,fa1c13f2614d7b5c4749cbc52fecda94,2018-01-03 17:11:21,194.8,15.11
9292a5004e4adeb999700abae47eb13b,1,c2fb73db15e28aa021dcf7b2856fef27,adbc26658d6c7b4b6219f9d934598091,2018-06-07 14:57:32,109.9,34.31
92ade7cf39eb31a8f81a75277c14f9d6,1,83d68ad4e5707409089afff26a40b2df,4c8545742faaf58fafd5fd14d25d75cf,2018-05-24 18:31:47,780.0,58.32
92b6250c9e1d1e359a29929fa9f62395,1,58e03c2c00f9e4f3a35b6cf0d13cbb67,17a053fcb14bd219540cbde0df490be0,2017-09-25 23:24:08,149.9,36.56
92f4f749aa508d58dee50d9ccdb6c9dd,1,27287c7af954c885df547dcf11fa77a6,709e16e2b25c7474d980076c6bfc4806,2018-07-18 07:45:08,43.9,18.41
93634466f99307a62d5d4d34689562b8,1,17ad6786808ab3fedfb261a70a5932d6,b2ba3715d723d245138f291a6fe42594,2018-02-01 21:35:28,129.9,15.67
936979ce0687947765e88fe5fe1b741e,1,a40675a9c6ef2410e3420483a1f8c81f,fa1c13f2614d7b5c4749cbc52fecda94,2018-06-28 04:58:47,119.9,15.94
9371a323185fe5bc627ed3065bf2fcd8,1,96d80c8b6c6545a30eb5bdc4961455f3,4e922959ae960d389249c378d1c939f5,2018-03-30 02:27:47,148.0,8.38
93b68446f352031c3899ff57f76f0a68,1,42ec84ace63b58b8c5a7ba7be01d5fb8,2a84855fd20af891be03bc5924d2b453,2018-02-21 15:26:48,110.0,25.22
93cae495607755570d9b4c0c2d0474e6,1,78efe838c04bbc568be034082200ac20,0241d4d5d36f10f80c644447315af0bd,2018-03-22 09:48:01,99.9,26.78
93d8685fec4218f06bf202723dc1da52,1,192a2c0fed2f8bed34ad458a073ed376,bfd938b22bc99bce1ae60dc602889f52,2017-02-25 21:17:48,49.9,15.56
93d8685fec4218f06bf202723dc1da52,2,192a2c0fed2f8bed34ad458a073ed376,bfd938b22bc99bce1ae60dc602889f52,2017-02-25 21:17:48,49.9,15.56
93d8685fec4218f06bf202723dc1da52,3,192a2c0fed2f8bed34ad458a073ed376,bfd938b22bc99bce1ae60dc602889f52,2017-02-25 21:17:48,49.9,15.56
93d8685fec4218f06bf202723dc1da52,4,192a2c0fed2f8bed34ad458a073ed376,bfd938b22bc99bce1ae60dc602889f52,2017-02-25 21:17:48,49.9,15.56
93d8685fec4218f06bf202723dc1da52,5,192a2c0fed2f8bed34ad458a073ed376,bfd938b22bc99bce1ae60dc602889f52,2017-02-25 21:17:48,49.9,15.56
93e66102f38a99ee0f9f24af6d0ce1d8,1,7686fe49c98ae1c537b5cc51992f5d20,9d5a9018aee56acb367ba9c3f05d1d6a,2017-07-25 18:03:30,166.33,18.44
93ee5063c90357efe9aaeabb20badbf6,1,f32415d23c358ef1e387a7d329d9ce9f,3586b8580d9c917874e053a1bb37b5ff,2017-09-01 14:50:32,36.9,12.69
93fba8d92f02aebd0882af7cb81bfcb8,1,7b85e3deef35afd6ebed5461ee8f0641,897060da8b9a21f655304d50fd935913,2017-12-06 23:19:25,30.21,17.6
9409061640fce9127ff7a2ee181a54dd,1,2fb0efd1f61f186ffdda9e8ec70f27f2,1d8dbc4f32378d715c717c1c1fc57bae,2017-08-18 12:50:16,139.0,20.21
9418ab9676b7f5d9539c74b557c59284,1,5a4491fb73ef5c6689be17bfb30642eb,4371b634e0efc0e22b09b52907d9d469,2018-04-04 22:30:16,200.0,19.28
943dc313319b98a46f1aa70d59b68715,1,ee0324bc19887939d7d0fcfca68ee955,0241d4d5d36f10f80c644447315af0bd,2018-07-03 12:10:03,99.9,98.74
943dc313319b98a46f1aa70d59b68715,2,236fdb1c273caaa9a7dbff8111e6a4e1,0241d4d5d36f10f80c644447315af0bd,2018-07-03 12:10:03,297.0,98.74
94a4d00bea6790d3c810c6b2f56b4d65,1,e779bacfeb19183e094113948eae40e5,381c83fdca332ea6afd896da20bf6e4a,2018-01-14 22:37:25,113.0,21.19
94f039fd9c674f33650e01915dd3dd43,1,1be9a7b25f7ddfe1dfda88b9b64f595c,fa1c13f2614d7b5c4749cbc52fecda94,2018-04-09 05:27:54,106.6,18.63
9553913bb01853f78a265724d13eda3a,1,d71dee111aab947d8d1216505f130d8e,51702dc2a3e106c76dbff722b5bf0726,2017-03-01 23:49:22,169.9,18.48
9570e7230d3d4ecaacbc7843e6646b33,1,b5b5a82ce5f1987b7e670f37629be51b,8b28d096634035667e8263d57ba3368c,2017-07-03 18:30:19,59.9,12.76
957109fd6a6321b74f0d9cf8969aff76,1,7ea49f9a853882a4a3b2f6a4bf47c11f,9b013e03b2ab786505a1d3b5c0756754,2018-07-18 22:05:13,56.0,8.55
958da7d574d07d1acbcf0c5c0f5ea9b6,1,5d2d01b64b76916f0cbe74e407041187,53e4c6e0f4312d4d2107a8c9cddf45cd,2018-04-19 12:31:43,34.32,9.26
959815491185d6d44b4adfb9caaf3b9f,1,8ce0b48cdcc4b753ae4de64497998338,75d34ebb1bd0bd7dde40dd507b8169c3,2017-03-22 11:12:01,149.99,21.5
95c9b6a458336c5de68ca8d1ba553078,1,b4c0a557e24a783073ea34fdabe4663c,bfd27a966d91cfaafdb25d076585f0da,2018-02-22 15:30:27,349.0,18.2
95d1a834e8bb4b9a9d0135c658fa9fd9,1,a7f67835c76b6bdd6950e1322c4b3900,d6ab728cf30867cf3f1a2e216ae2f9b7,2018-04-06 13:30:13,53.0,7.39
95d9d2979d40161be87292ff88563cba,1,634256dbcd184b3757ffd7632c9fe52a,42b729f859728f5079499127a9c2ef37,2018-06-17 23:53:58,24.9,7.39
95d9d2979d40161be87292ff88563cba,2,634256dbcd184b3757ffd7632c9fe52a,42b729f859728f5079499127a9c2ef37,2018-06-17 23:53:58,24.9,7.39
95de62498e177002f6ef1949e2e788ea,1,371fa349d92646bbeea5873df0bcdc5a,4830e40640734fc1c52cd21127c341d4,2018-02-14 20:32:16,39.0,15.11
95edd52b3452d4069b0fbc8056f01daa,1,1a8ffdee10d64528eb046117521d3953,1025f0e2d44d7041d6cf58b6550e0bfa,2018-05-09 22:52:43,40.0,7.39
95f55726bc4e323e44e57778ca84c0b5,1,9da950e8c8c482441f1b93955b21c827,ceaec5548eefc6e23e6607c5435102e7,2018-04-25 05:11:25,215.0,22.59
95f9d289eb0d1034066dbe1638e696f7,1,6c784e2ed24a972a024321ea3a4ab88e,272f092de69afedd4d2969440b37f18f,2017-06-28 11:05:34,39.9,7.78
960dbad4c14e64cd6b327fdccdb2d231,1,d5991653e037ccb7af6ed7d94246b249,25c5c91f63607446a97b143d2d535d31,2017-11-29 16:19:36,137.9,43.34
9630c641313083fe39397cfa75810e4b,1,1b81160192e096f4cbcf518ffa830df0,4a3ca9315b744ce9f8e9374361493884,2018-08-02 03:44:44,107.5,13.41
9635ce9faca001ffd1c913c8e55deaed,1,617186c3d97ea56c9c683a8a3974e8c1,cc419e0650a3c5ba77189a1882b7556a,2017-12-04 10:31:05,84.99,9.41
9682a979182968d8d0b1a356f8bb330e,1,35b265fd684b08f6f780239bf05a390b,7722b1df1b0e383e000397b2c11e3e19,2017-06-01 10:15:12,47.49,24.9
9682fc7d34f0d1e84959ac32aca9074e,1,e9eca3b15e6ebb8296666ab1254b504e,17e34d8224d27a541263c4c64b11a56b,2017-10-24 11:06:38,25.53,12.69
968daeb20a9a0e6c8433cad2c886756a,1,2028bf1b01cafb2d2b1901fca4083222,cc419e0650a3c5ba77189a1882b7556a,2017-08-08 02:25:27,56.99,14.15
96b7f5a470ca6a58f261be1af286e4d9,1,ddceb6eef6af67e9fbbd4c148dbe5fd9,ceaec5548eefc6e23e6607c5435102e7,2018-06-06 16:51:46,209.99,29.73
96c2e97254411b014e9c6497388ae8bb,1,79e42c4fa2bde6e0c828d23c4fb7df35,6d66611d7c44cc30ce351abc49a68421,2018-08-07 23:15:15,59.9,16.61
96dd4c9c90277943c551ab185303685e,1,14ae64f095e11f8010d2381ba2845cff,dc4a0fc896dc34b0d5bfec8438291c80,2017-08-23 18:05:27,118.58,16.59
972976cb62fb977bfbc253219799e486,1,d2efc686acbf02ce6200ee423516f0d0,6a8b085f816a1f75f92dbac6eb545f8f,2018-07-26 11:25:13,26.9,12.85
973099d5fd52c77163406f2eba72dfc6,1,6e2c62713ec17c681eacdf653dddb4e5,9df5750209b83567ec144eb299d7d634,2017-12-13 08:31:46,548.0,37.64
977eb5dc580cec4f90911b1ccac0ff3e,1,52e8598530d1015c00613dbb14c307f8,ac51cac5e20d69ff485a54746488ef48,2018-01-29 11:59:26,223.0,17.32
97bcc96998b24fe6ee7cec4ae04001df,1,65769f6fabbfd7d399bb5851d9af3fba,a36b125ac6d5fdbc7f50de85c9157bdc,2017-05-22 18:05:21,29.99,15.1
97d5aa85110fb7e998b5754af19b95c4,1,1dec4c88c685d5a07bf01dcb0f8bf9f8,712e6ed8aa4aa1fa65dab41fed5737e4,2018-03-14 16:29:36,589.0,37.48
97e91e3d9575f0a13e6c2f6a8c0bfd7b,1,e9def91e99c8ecb7c5cef5e31506a056,850f4f8af5ea87287ac68de36e29107f,2018-01-09 13:28:39,69.99,35.81
97ea8a6df3851db9452426e8aace15eb,1,08401f48b67a852d06105725c3013eff,95e03ca3d4146e4011985981aeb959b9,2018-02-14 19:15:29,25.0,16.79
97f1dd40b5bea6a7e3cf78fd83a28cb1,1,20340463234672489d7a3437445df770,5a8e7d5003a1f221f9e1d6e411de7c23,2018-08-29 16:35:22,59.9,9.17
9803d53681d599da06e759c5935f89e6,1,fa3a067994b6fd52b6ce674ee19a5bdf,2199e7fe213c16213bf5d6a7eadc9a5d,2017-08-21 09:45:07,156.3,21.58
9803d53681d599da06e759c5935f89e6,2,fa3a067994b6fd52b6ce674ee19a5bdf,2199e7fe213c16213bf5d6a7eadc9a5d,2017-08-21 09:45:07,156.3,21.58
981f5cf29634672b36363c9ca9d4c3a4,1,25d6edcd216a9ee579f19f92d694f7d5,b76dba6c951ab00dc4edf0a1aa88037e,2017-06-29 02:35:34,12.97,25.63
98200dd99e0bfe78c2d1378ad05fe51c,1,93c902b021a9e594f658ab1b0351602a,2e90cb1677d35cfe24eef47d441b7c87,2018-02-07 19:40:41,97.9,17.94
9822680d395506e5602b3c1ea555aa61,1,c0704b7b41d23540e8576c5e84484dcb,670c26e0f1bf8d0576271d5cfaec6d2b,2018-05-01 23:15:08,35.9,13.47
983ee8a15c6bc4fab3c4f5503259ed37,1,dfb8e83d3ad8c5ce34db45b25f755b46,4e922959ae960d389249c378d1c939f5,2018-03-06 12:10:35,75.5,15.28
9857b6e0079dc9b6081c5d1e2ad75b48,1,3fb22448e11f38ac4437c25693fcac1e,b8555308bfdb4ca1ed54325a58da9a97,2018-02-16 00:07:35,144.9,17.72
987e9593668be10f799158973ca6fb87,1,aef09d3b8be874a0a8b1706573a6c9b0,128639473a139ac0f3e5f5ade55873a5,2018-02-28 21:08:28,34.9,12.48
989788f1c17a087572e29eb4fc130983,1,b45755e01d70d935e074cdde682bed74,0c8380b62e38e8a1e6adbeba7eb9688c,2017-02-09 11:09:50,89.9,13.21
989829039549b9b62b547646ee72c034,1,ec2d43cc59763ec91694573b31f1c29a,1c129092bf23f28a5930387c980c0dfc,2018-02-22 18:50:25,45.9,9.34
989c69b80eadc79ccae5fe89c92a35ce,1,930f6ddc396b23f823b6b520fbd528e0,411f3b52d857390502ee4e4d5ceabc2d,2018-06-26 23:31:53,15.27,7.39
990c6c497b9bf2f36f61e2e51eb007a6,1,fdd84aefb08c8f8225e0b8c97429d53b,94144541854e298c2d976cb893b81343,2017-05-03 02:25:13,54.9,14.55
99221769ebf04d97afe0f08894b75586,1,bb50f2e236e5eea0100680137654686c,f7ba60f8c3f99e7ee4042fdef03b70c4,2018-03-08 02:51:05,325.0,27.55
992cbe3e064cd39f9ccde60a29ffcd3c,1,fe4dece0c663ba4f1f9f2d04d3b93a97,5b581417df4480f632484ba681e53944,2018-01-22 21:11:44,99.9,37.99
992cbe3e064cd39f9ccde60a29ffcd3c,2,db7e6804f1a8206a7e51c9a741a09d9e,5b581417df4480f632484ba681e53944,2018-01-22 21:11:44,189.0,37.99
99316aecfb3e31190e43714f7643a49b,1,541ff1bb76a9502be425895dc6726d1b,efcd8d2104f1a05d028af7bad20d974b,2018-05-15 22:57:24,39.99,12.79
99330d45c3ba6f45ad5745f6de036c5f,1,972d4aba7eb9ba03a5b7950751f11f60,b4ffb71f0cb1b1c3d63fad021ecf93e1,2017-10-25 10:28:18,15.0,7.11
99330d45c3ba6f45ad5745f6de036c5f,2,e6e3140cdd035e915d6d4a9eae2ccead,b4ffb71f0cb1b1c3d63fad021ecf93e1,2017-10-25 10:28:18,29.0,14.22
99330d45c3ba6f45ad5745f6de036c5f,3,15b5d9fcf84c060e00b0883def7d10e6,b4ffb71f0cb1b1c3d63fad021ecf93e1,2017-10-25 10:28:18,15.0,7.1
99330d45c3ba6f45ad5745f6de036c5f,4,22c7191da97262f0f39de80e1951dce2,b4ffb71f0cb1b1c3d63fad021ecf93e1,2017-10-25 10:28:18,29.0,14.22
99330d45c3ba6f45ad5745f6de036c5f,5,9d240cb98df035e3ef147117b92aa0e7,b4ffb71f0cb1b1c3d63fad021ecf93e1,2017-10-25 10:28:18,29.0,14.22
99330d45c3ba6f45ad5745f6de036c5f,6,cae8c962ad47ff05a508e6fec4146e1a,b4ffb71f0cb1b1c3d63fad021ecf93e1,2017-10-25 10:28:18,29.0,14.22
993628d27f2ae9981422ecb389adfa59,1,9cb67ae6cec5627ef21cbadcdb357054,542917da124346b47ea1ac79a93ce454,2017-07-05 09:50:12,102.0,15.46
994138db2313a294b3d23c7cf6ee7389,1,7e93d6b6ef018d488da72952ce48fb9a,46dc3b2cc0980fb8ec44634e21d2718e,2018-01-29 13:01:14,269.99,22.73
99687fd750781ecf475d632c33a533ee,1,4fe644d766c7566dbc46fb851363cb3b,c31eff8334d6b3047ed34bebd4d62c36,2018-02-15 00:15:37,110.99,43.19
99687fd750781ecf475d632c33a533ee,2,4fe644d766c7566dbc46fb851363cb3b,c31eff8334d6b3047ed34bebd4d62c36,2018-02-15 00:15:37,110.99,43.19
99835a9f07d63f83120175303229a57e,1,4b2ab372456de58e4d5588f0fed9a065,1c129092bf23f28a5930387c980c0dfc,2018-08-20 03:24:39,52.9,9.12
99dde9a4d6ee5c602380551b002ddad7,1,c7a94c6dde9d81dc864941084dbdfe45,8f2ce03f928b567e3d56181ae20ae952,2017-09-11 13:10:12,85.9,20.09
99ea7908cd1e043462057874b180e3fe,1,ee147042ac9bc25ab2ad108442bbecde,4ba52dfeba874da5b9ee7b17c7494f04,2017-08-10 17:45:15,145.0,22.64
99f10393ec3328b3b416a154afd5d714,1,53759a2ecddad2bb87a079a1f1519f73,1f50f920176fa81dab994f9023523100,2017-07-26 00:45:20,59.9,17.67
99f10393ec3328b3b416a154afd5d714,2,53759a2ecddad2bb87a079a1f1519f73,1f50f920176fa81dab994f9023523100,2017-07-26 00:45:20,59.9,17.67
9a1d09360fb93ff8ae57b066fe14bc62,1,2fea0f2cec6b6324a277d4a61c2ed2c6,beadbee30901a7f61d031b6b686095ad,2018-07-10 04:35:20,46.0,23.04
9a29901dd783afb25b9daca2a52ae1e8,1,4520766ec412348b8d4caa5e8a18c464,16090f2ca825584b5a147ab24aa30c86,2017-09-28 01:55:09,40.0,8.27
9a3f1cdf5909e7ed3b0566e9ee3f1618,1,bdb4be6ce2f7f2b5be0a16088028c7fc,955fee9216a65b617aa5c0531780ce60,2017-11-10 21:46:00,85.0,21.43
9a3f1cdf5909e7ed3b0566e9ee3f1618,2,bdb4be6ce2f7f2b5be0a16088028c7fc,955fee9216a65b617aa5c0531780ce60,2017-11-10 21:46:00,85.0,21.43
9a5ceb5fb7ad11f5fd1be2c87e632562,1,d496f7647d2eceba04455a3e682c59a6,8160255418d5aaa7dbdc9f4c64ebda44,2018-03-23 10:27:06,142.9,39.05
9a7c4a07a4b1d502cdba82f5b60123ab,1,906b11f3bc3c98f883afa0eb67b0fac7,440dd6ab244315c632130ecfb63827b1,2018-01-31 00:38:25,139.9,43.39
9a9c8bac5de91ca285c8224b5abd58ae,1,ede062bcd13ef64b5cc87369e4edaf62,da8622b14eb17ae2831f4ac5b9dab84a,2017-12-04 16:30:59,29.9,8.11
9aa70c8fac4649c143933fedf26730f3,1,6af89b97a841482f79c52765bfe0d699,c3cfdc648177fdbbbb35635a37472c53,2017-11-09 17:25:15,279.9,11.92
9aa70c8fac4649c143933fedf26730f3,2,6af89b97a841482f79c52765bfe0d699,c3cfdc648177fdbbbb35635a37472c53,2017-11-09 17:25:15,279.9,11.92
9aab0bd41ca1b740b564ea50fd2440ed,1,f051c57c7f088f7698700e4347549025,f8db351d8c4c4c22c6835c19a46f01b0,2017-12-01 14:19:48,15.9,8.27
9ac3e0dd6aeb10079e605b2e0f1cd7de,1,f7740e5b4337a3cc4a8a204553101a85,04308b1ee57b6625f47df1d56f00eedf,2018-08-27 00:25:12,554.9,21.98
9aff2e622002df9b94eb9255485fec96,1,21d2fdced5c69bfc6539b67908a4ad28,1554a68530182680ad5c8b042c3ab563,2018-01-12 19:48:27,177.99,21.16
9b045cde06f6adb6f6187e2119c89869,1,5440e1ed49a1153d573b1543dd10d95e,620c87c171fb2a6dd6e8bb4dec959fc6,2017-06-30 11:11:12,169.9,24.26
9b045cde06f6adb6f6187e2119c89869,2,a01c3a8e3ccddf44069c082b1590f19a,fe2032dab1a61af8794248c8196565c9,2017-06-30 11:11:12,179.0,8.37
9b53b66ca7d27b4c0ccf5ba89af00bd0,1,4e3ebb4f257a1b5a8180093f6609aa72,80e6699fe29150b372a0c8a1ebf7dcc8,2017-06-26 02:30:12,99.9,17.27
9b63264625032f8a1814eca453114f33,1,bfc59c5d8a26d129f82fbc5207fcd676,12b9676b00f60f3b700e83af21824c0e,2017-06-01 12:35:23,199.0,19.63
9bb824ec73ee38dbbc585f3bba4b34ac,1,0c761b0e33d708e6a3694a94ac4b82c4,bccf933e006e9b94a6184af782963e77,2018-01-19 12:56:46,149.99,21.54
9c044ffd93c708557b82ad51947070b6,1,6f3b5b605d91b7439c5e3f5a8dffeea7,7d13fca15225358621be4086e1eb0964,2018-08-21 10:55:18,155.0,19.19
9c64b3536fb98572dd79bdaaab529f2f,1,946344697156947d846d27fe0d503033,1835b56ce799e6a4dc4eddc053f04066,2018-08-13 14:26:11,29.99,19.82
9c64b3536fb98572dd79bdaaab529f2f,2,fbce4c4cb307679d89a3bf3d3bb353b9,c33847515fa6305ce6feb1e818569f13,2018-08-13 14:26:11,149.0,19.8
9c64b3536fb98572dd79bdaaab529f2f,3,ad0a798e7941f3a5a2fb8139cb62ad78,1835b56ce799e6a4dc4eddc053f04066,2018-08-13 14:26:11,29.99,19.82
9c64b3536fb98572dd79bdaaab529f2f,4,b0c89945c034268074f5f80b362bda34,1835b56ce799e6a4dc4eddc053f04066,2018-08-13 14:26:11,29.99,19.82
9c64b3536fb98572dd79bdaaab529f2f,5,23ab7bb9eac81e85ec43ed71064cf7ce,1835b56ce799e6a4dc4eddc053f04066,2018-08-13 14:26:11,29.99,19.82
9c77966338b7a4afae520a5723c937a3,1,abe236a52dbc43e90bad00fe6d794582,6426d21aca402a131fc0a5d0960a3c90,2017-07-27 19:23:14,59.9,16.18
9c9036dccc18ec72597a1abafc18d3b4,1,622bad99b4296aade0783ebecdd3fa15,376a891762bbdecbc02b4b6adec3fdda,2017-08-15 15:10:13,98.99,17.97
9c957591bcb898e6250cde437b938d95,1,6d97e5cb4df5111845c6aaafba7111ca,88cf19ec1fc2c58f161aee259d57142c,2018-07-30 11:24:24,134.99,13.61
9c984f2c226fb999a439fcc64c73caa2,1,4eff4dd8918d15c9a308a9645d353807,4b9750c8ad28220fe6702d4ecb7c898f,2018-08-14 20:24:36,48.9,19.53
9c990d5aff064d220ea8962a5d97f4a9,1,4bc67f0e0c4badffd66ddb6641122a33,6560211a19b47992c3666cc44a7e94c0,2017-03-20 02:22:34,48.0,14.52
9cd2255ff41cdabee2e24bd9ec5b2084,1,261dc97192b478e60fd1318cd0650618,8a432f4e5b471f8da497d7dc517666e2,2018-05-14 16:31:07,39.0,18.23
9cf7337281a128f4f29a2f476c733601,1,3b42242085259cb66b6e577ae5173c76,972d0f9cf61b499a4812cf0bfa3ad3c4,2017-12-19 21:10:51,69.2,47.01
9d12e7d13379e3e2a600bfccb801604b,1,2bb3e85f2a403543fdb64e266e70c792,76d64c4aca3a7baf218bf93ef7fa768d,2017-09-25 03:34:32,329.9,67.4
9d27094c5a72cbf877d632e2d03356e4,1,83e5adb51c0d54eff80057f064f808d2,17e34d8224d27a541263c4c64b11a56b,2018-03-08 20:35:31,154.08,27.62
9d27b66cd7dfe58587bd778c83c4d5a1,1,3f56545df76cf762c62d35d987a29962,cce6ab8d1682639fe45ab70234f1665f,2017-11-20 09:55:32,40.0,17.6
9d42a1c81eb3b04c83752029d1bb93fe,1,7770bdde7d6bfd349bfdeabc4ce54c07,db4350fd57ae30082dec7acbaacc17f9,2017-11-14 18:46:53,21.99,15.1
9d578363f05f0a4f13c35ca532f88192,1,b3e40ff639c185b9d726b4b19c17e6cd,7a67c85e85bb2ce8582c35f2203ad736,2018-02-22 12:35:31,229.99,31.02
9d57e7a9c3dae94772187f73e97d9854,1,52c87e7b33516eb97c3023a20848ea81,b127efdabeffb5d559349c7b172eb75d,2017-01-30 13:51:54,28.0,5.03
9d57e7a9c3dae94772187f73e97d9854,2,afab5f7ab5c82f92ddcdc46c4cd85fbc,0ea22c1cfbdc755f86b9b54b39c16043,2017-01-30 13:51:54,24.9,25.14
9d747ac28c9c16805493c802a6ebafff,1,4fe644d766c7566dbc46fb851363cb3b,c31eff8334d6b3047ed34bebd4d62c36,2018-01-25 09:10:00,139.99,14.37
9d812ac753da7008021863feabbd291a,1,f6085e99db2df10f9829b6193314615e,d650b663c3b5f6fb392b6326366efa9a,2017-12-07 19:57:24,211.0,12.98
9d8eb4197962f028d0a0f9caa37f0402,1,e7d26dd6742baca292020c158e6720c3,6cd68b3ed6d59aaa9fece558ad360c0a,2017-02-06 21:15:18,54.9,17.81
9dabd200c58f609f380ecd1e44898086,1,b5a3bb1341d217322573b76c03d7b81e,12b9676b00f60f3b700e83af21824c0e,2018-06-21 21:24:02,238.0,22.97
9db0b5f3481614484592866ec7c902f3,1,dd1759836cc99a88be1a42bf6673abe0,fe2032dab1a61af8794248c8196565c9,2017-05-31 02:50:20,169.0,14.93
9dc7211819545928779f926c67f9031f,1,6ca11e79ed1acb748ccbb8e6b821967d,17e34d8224d27a541263c4c64b11a56b,2017-03-16 12:02:36,199.99,12.01
9de18154654e59d76a22157b8e439add,1,5d91ebba17efcefccb56680d45aae16b,7df1fc11cc5cbc518b39faa60cf5d67c,2018-07-31 12:24:23,314.9,29.15
9def7a5fa150d19b1aaa252828db8df9,1,c0400a62c5019cdc69bfc76d39b1cfb4,cfb1a033743668a192316f3c6d1d2671,2017-04-13 22:45:14,26.0,14.52
9def7a5fa150d19b1aaa252828db8df9,2,8e312c483d79e02dbc1d68cce77e26c8,cfb1a033743668a192316f3c6d1d2671,2017-04-13 22:45:14,26.0,14.52
9e1cc8d31c00bfb769e00998a4b665c9,1,5cd07c84a1c25575ac2fc3fa73f1d952,86bb7c4b535e49a541baf3266b1c95b1,2018-01-31 02:58:02,597.9,17.21
9e711ba681b09da30750ac0fe7a0cc3b,1,30cd699c7958f8352c9f479572eb66ad,7178f9f4dd81dcef02f62acdf8151e01,2017-10-11 15:35:21,29.9,16.79
9e7147a6ff3d5299da2672e1c64c9c49,1,ea922d4a264635e1c479157377deb623,9add47bf45ce8e8c7db6b9cf670b1e09,2017-07-06 16:45:10,49.3,38.14
9e784561e351e3749a4dc15902d0e7ad,1,96bdf83ce8bcf48510e8a8ab8b5fb660,891071be6ba827b591264c90c2ae8a63,2017-04-26 02:45:37,29.99,24.84
9e86f2750fb63739aa63c24a716815ab,1,c6cae2869a248cef27c00f3340ac90a6,82e0a475a88cc9595229d8029273f045,2017-11-06 19:31:19,75.9,34.33
9e86f2750fb63739aa63c24a716815ab,2,c6cae2869a248cef27c00f3340ac90a6,82e0a475a88cc9595229d8029273f045,2017-11-06 19:31:19,75.9,34.33
9e86f2750fb63739aa63c24a716815ab,3,c6cae2869a248cef27c00f3340ac90a6,82e0a475a88cc9595229d8029273f045,2017-11-06 19:31:19,75.9,34.33
9e96e482f747d3cb997cff90397a37d3,1,ee7cb55a3fb6c3f091ecbfcdc46359c6,6560211a19b47992c3666cc44a7e94c0,2017-10-23 15:56:39,49.0,7.78
9eaec2635ebf99416ead21c62ef53f67,1,b17a4e7b997ea645dd323bb1bed802ac,c0f783394e37cd9c9d7f5f81141450fa,2017-12-19 17:31:10,49.9,15.1
9ede3a76d22fdfce4d6be1e75ab3e1a5,1,31d976f5306d3408e3d41d670343495f,d624126b9206f595fb3fbb6ba03b28a8,2017-06-15 13:15:16,359.9,20.76
9f36a6b11ec95b4f8586000d49dae422,1,bff2390f68a7b76b01ef61b684888261,1835b56ce799e6a4dc4eddc053f04066,2018-05-16 21:51:06,53.2,15.37
9f36a6b11ec95b4f8586000d49dae422,2,d9e7d13814ea50f9ae1f612ef6b3a1f1,1835b56ce799e6a4dc4eddc053f04066,2018-05-16 21:51:06,53.2,7.68
9f36a6b11ec95b4f8586000d49dae422,3,bff2390f68a7b76b01ef61b684888261,1835b56ce799e6a4dc4eddc053f04066,2018-05-16 21:51:06,53.2,15.37
9f36a6b11ec95b4f8586000d49dae422,4,d9e7d13814ea50f9ae1f612ef6b3a1f1,1835b56ce799e6a4dc4eddc053f04066,2018-05-16 21:51:06,53.2,7.68
9f36a6b11ec95b4f8586000d49dae422,5,bff2390f68a7b76b01ef61b684888261,1835b56ce799e6a4dc4eddc053f04066,2018-05-16 21:51:06,53.2,15.37
9f36a6b11ec95b4f8586000d49dae422,6,bff2390f68a7b76b01ef61b684888261,1835b56ce799e6a4dc4eddc053f04066,2018-05-16 21:51:06,53.2,15.37
9f7b07e872a431807e81c38d6328502a,1,4a85b07765a341b846c963da0381db96,516e7738bd8f735ac19a010ee5450d8d,2018-06-18 07:37:09,213.0,19.07
9f9d2b35ac2defefacb5c123b82b2223,1,c5de3a869922e74a2bf19a543f4ac55b,53b0300ca793f9834cd69c0678d35ee8,2018-04-11 20:10:19,99.0,12.6
9f9d2b35ac2defefacb5c123b82b2223,2,c5de3a869922e74a2bf19a543f4ac55b,53b0300ca793f9834cd69c0678d35ee8,2018-04-11 20:10:19,99.0,12.6
9f9d2b35ac2defefacb5c123b82b2223,3,c5de3a869922e74a2bf19a543f4ac55b,53b0300ca793f9834cd69c0678d35ee8,2018-04-11 20:10:19,99.0,12.6
9fbb5a7911ef83cac2881f1bbdaf7812,1,652b078a8a6450ae6bf0823f150c7ede,066a6914e1ebf3ea95a216c73a986b91,2017-04-17 13:45:16,219.0,17.23
9ffb318d17153de8c18c817b99338e0a,1,cdfbf89ab41de77f2bc60c0194c00d37,ef506c96320abeedfb894c34db06f478,2018-08-24 00:29:17,29.99,7.47
a014ab9c0e9c112b791293dc9ec38320,1,410fdf98ab61894c35ffe4e1f76e204b,3b872fd4747f01cc56206f2934198618,2018-07-18 19:43:52,59.99,18.52
a0563252fd4da955a4bff4e622f4d81f,1,9981d5a8b44135a14dffa76e857d2d83,7c67e1448b00f6e969d365cea6b010ab,2017-09-13 03:03:46,176.99,43.44
a059bf220c121cd3d48e82b036e831d0,1,3bd016185be10ea4b4b2baa6e7dd9e9b,ff4e2d38692ce827b1a4f4b8196e680d,2018-05-10 09:10:20,35.0,15.23
a07355f9fa72ba9605c5e87a93ceac0c,1,422879e10f46682990de24d770e7f83d,1f50f920176fa81dab994f9023523100,2017-11-16 11:10:59,59.9,17.67
a0b1ffd30c671f95ed8065ce07d10470,1,e05f6c9ef4c09b0023547314e07c5d64,7a67c85e85bb2ce8582c35f2203ad736,2018-04-19 18:31:18,119.99,18.42
a0bd30e5d025046a3a4bc67e02ca6a3a,1,e4ca5b20cfe1a020e15e36fe14e880ee,128639473a139ac0f3e5f5ade55873a5,2018-03-27 02:56:03,19.9,13.47
a103e6ad2ad56584ee8e0400083938cb,1,07810038e53a9f409577581bae23fa1a,9f505651f4a6abe901a56cdc21508025,2018-01-25 16:40:27,22.99,7.78
a162da83b66ff8c619d83b87c1de93b9,1,3c0c25556095f68ed9d05df570c9c587,880eda903e719a5f179f7e9fceb3a69d,2018-08-13 14:44:55,249.0,42.72
a1706a33c76bfd77c2fa337f882b31b2,1,3986c6e32f39114eff1ded07f1cb16fb,744dac408745240a2c2528fb1b6028f3,2017-08-24 15:05:07,748.0,30.27
a1b804216bd2104b89826d9c884a06aa,1,fd206f3c185fd47c22d6de48f25133fe,c18309219e789960add0b2255ca4b091,2017-12-11 13:58:29,9.9,14.1
a1cadef58ea9a00d7e27089a29644883,1,acbbaa8cbb7857102ad783c73caa55c5,c8b3445d737de6befde0c88ede534a5e,2018-03-29 02:07:55,29.99,8.29
a1e339ab5b57754551c63176e6d98528,1,9858707a4804bd5fe5027290870c37cf,ceaec5548eefc6e23e6607c5435102e7,2018-04-27 17:55:21,230.0,13.51
a1e393fb70c2916de4f93974682521a0,1,9219ce85918a5d26bca1a6fddf3a1402,6cd68b3ed6d59aaa9fece558ad360c0a,2017-04-05 21:45:15,57.9,14.17
a201a3d5774c7b81c6a50dad1be5f488,1,1529199a7d88ac40cef5b4a508f18f2c,9a84ba99f5367fdbd4598363496f1ea2,2017-07-12 23:03:18,59.9,34.22
a22775141b5e773fb0dec808e36bf9f4,1,100260bf9206d859dc8db128c8c5afc9,4992e76a42cb3aad7a7047e0d3d7e729,2018-08-07 04:15:37,18.8,18.23
a2360f80888ccaa4da649c8d63001de6,1,803f77475e1b51b47f1bfec4f2ec353f,c9c7905cffc4ef9ff9f113554423e671,2018-02-20 11:30:30,69.99,8.72
a25b9ed9a3a53f53489c105482625129,1,3cf8d7db7dbaeb28f077151adfc59340,c12b92bf1c350f3e6bf88d3596219c86,2018-06-27 19:21:35,369.0,16.16
a260362d840e55aa9895f1012776a329,1,30ccf4724f5227265f837e9ba0246278,dbc22125167c298ef99da25668e1011f,2018-01-03 12:15:33,83.9,38.14
a27942f622b629d0c6fcc5245689454e,1,777d2e438a1b645f3aec9bd57e92672c,4a3ca9315b744ce9f8e9374361493884,2018-05-07 21:25:44,69.9,16.15
a2b01f72ab3f4fc8831837432d5a0117,1,bebd15f906a87f7a83e9dc66896ff00a,3bdff180c7e1f6551a643b99c265a120,2018-01-02 16:08:57,99.9,50.36
a2ec8ff90a5ffced9e2d1853bf3cf609,1,e53e557d5a159f5aa2c5e995dfdf244b,88460e8ebdecbfecb5f9601833981930,2017-12-14 22:53:31,109.9,15.52
a2f9ff7df829bc4345e5cf8b5bab2e85,1,e6c281e2c53db0da44ecb84c5451d25e,6560211a19b47992c3666cc44a7e94c0,2017-11-22 22:16:02,45.0,14.1
a34f7357d374e2ef18edb18881327a0e,1,43dab0384fdbf917781e1b91109bf3df,fe49ee029e61e789a1f3a5525f57ba8d,2017-12-19 16:31:00,79.9,14.31
a3a0be41e7611973435cc81280f76bee,1,3c61c2007c26ec50365d6c385e088ca1,2e1c9f22be269ef4643f826c9e650a52,2017-12-05 19:57:15,20.99,7.78
a3a0cfe6661449e2d725b5b1ff658d84,1,23227b07fc69250d2fa4be6602011aea,e38db885400cd35c71dfd162f2c1dbcf,2018-07-13 12:05:32,64.9,27.22
a3e5028ece0876f0a632152e9a66ff0c,1,ab1f9387c0627dd24000bfbc54fdeee0,8b321bb669392f5163d04c59e235e066,2018-05-15 17:55:17,12.25,19.04
a3e9e5209110a0dcfe5b20b01e6a69e7,1,6f28f90ba66cfbdbe2b962446a0bec69,c72de06d72748d1a0dfb2125be43ba63,2018-07-23 06:31:00,890.0,28.16
a402af38a74c44926247db438245d95c,1,25179680ecacb54a036e9cdd27459da3,b7cc6c5e001441ae8cdd5c69a480cbe4,2018-02-05 22:32:39,199.0,83.25
a4058b92f127efc4a6eaa3d11d0b1432,1,0a5a41c678bcf81e041826bb24eb0b01,4b9750c8ad28220fe6702d4ecb7c898f,2018-08-07 02:44:00,48.9,9.09
a42852c445a4b9e072a1cf6e90210586,1,036734b5a58d5d4f46b0616ddc047ced,ea8482cd71df3c1969d7b9473ff13abc,2018-05-17 18:13:30,37.99,18.23
a430c3923f187d00e67e7fef037109d3,1,a0f12db60a5019ce1a4c21fce1697574,3d871de0142ce09b7081e2b9d1733cb1,2017-12-27 09:11:45,99.0,13.71
a438cc4a17bee890885f11fb9a4ee39c,1,c8a3354f3676a68d1d990112ee5f2b5a,f435898e493ba0356019a0b1cb8b55b1,2017-02-24 08:40:21,24.87,14.11
a45087c16cf11897252052baabb332c0,1,3a135477bf41350a0b1d8afdf616d446,48436dade18ac8b2bce089ec2a041202,2017-09-07 21:50:24,149.9,16.81
a4521fa62b4f3bbe260aecf4dbc78935,1,c329abd2a10fad4a2f83377956328c67,8b28d096634035667e8263d57ba3368c,2017-10-23 23:07:56,57.8,17.97
a47209f5c19200ebf7bb28427db5fc1a,1,d1c427060a0f73f6b889a5c7c61f2ac4,a1043bafd471dff536d0c462352beb48,2018-04-24 10:30:47,119.0,19.74
a48091d43904feab22b133cf47e96816,1,70f1b82f8f17830b01c2ff30ef958548,45d33f715e24d15a6ccf5c17b3a23e3c,2017-07-20 15:55:08,409.87,45.1
a49bb03badf724e5180699f77387a444,1,213875479a90df7b399cee17003be95c,c458e2045a8aa8964f8879af03fdcce6,2017-05-17 02:15:59,189.99,20.03
a4b276bd4a9eba543ec90cdf29a67308,1,7efd7d1a1a985eae9fecdb134fd657d3,a673821011d0cec28146ea42f5ab767f,2017-06-27 09:05:08,69.9,9.34
a4cadd13645cb16e2e4252ee2e39dd80,1,e4d56c64196ecb182e719d9bacd0628a,c4fabeea6e569d42d02993bb1f4f1cbc,2018-01-18 15:11:25,59.9,21.22
a4d5fcb131fab3ac106ae40ac7042833,1,e0d64dcfaa3b6db5c54ca298ae101d05,4869f7a5dfa277a7dca6462dcf3b52b2,2017-09-28 22:44:17,158.0,33.56
a4de95599a7ceea15c118d8a59c8d574,1,8d98dedc3c19de17f1a090195e85d6b6,fa40cc5b934574b62717c68f3d678b6d,2017-04-03 03:45:48,49.9,14.11
a50f9f0c6dc14bdf95d5621a5bd6b80b,1,5a790acce109b9b76e3446f96430a1d0,2c9e548be18521d1c43cde1c582c6de8,2018-02-21 11:28:11,12.99,14.1
a50f9f0c6dc14bdf95d5621a5bd6b80b,2,5a790acce109b9b76e3446f96430a1d0,2c9e548be18521d1c43cde1c582c6de8,2018-02-21 11:28:11,12.99,14.1
a526fe23020ad8b0d2b1081b7f769452,1,a03e401d58a45187271718c5d7610422,4bfc7a4a1cf8d4d2121c27422d9e50b5,2018-06-28 10:58:46,320.0,29.49
a52e6fa2d7c6ecaf73ff5f7f10438339,1,28fd1639ff52d870a3d2c38090d2d902,2199e7fe213c16213bf5d6a7eadc9a5d,2017-02-01 20:09:18,189.0,18.0
a539050b5ced5a45fbb22fa7a99f2043,1,6e49a0cef77b3e3680a0c842d0bb612d,0691148aee60ca47977c187804f935ae,2018-08-22 16:45:15,52.51,13.71
a5504f1984f84201ce8630f9b7df369d,1,d285360f29ac7fd97640bf0baef03de0,7d13fca15225358621be4086e1eb0964,2018-05-17 19:30:16,260.0,19.7
a574693e67b5acd2879ac5d182122fee,1,8b50a72d52d7a91fb19d19fbe069e2f2,9f505651f4a6abe901a56cdc21508025,2018-03-19 10:15:51,44.99,15.23
a574693e67b5acd2879ac5d182122fee,2,8b50a72d52d7a91fb19d19fbe069e2f2,9f505651f4a6abe901a56cdc21508025,2018-03-19 10:15:51,44.99,15.23
a5849d6f70582d4c5217bac6616a45fa,1,b75a056d7d03227c3a3b60e9ccf518c9,3f995f07c49d0d55a99d5c54957f7d81,2018-08-17 03:23:59,59.0,15.51
a59fb8ccaa86ed1735609ef562f2c6e7,1,5411e9269501a870cabf632f05655131,3d871de0142ce09b7081e2b9d1733cb1,2017-11-23 09:15:27,109.0,18.01
a59fb8ccaa86ed1735609ef562f2c6e7,2,5411e9269501a870cabf632f05655131,3d871de0142ce09b7081e2b9d1733cb1,2017-11-23 09:15:27,109.0,18.01
a5d3eeeb605f6e2ce95e590543148234,1,43d2e0df7224cb1c252c23cf36d597ad,45ba18c210d42734ec52c0c1c574e9ee,2018-05-17 22:13:44,157.89,12.44
a5d7b5b625f48f4af406a8b11bb59751,1,1ab301df9ab26fc25842366a7c68fb96,bafc5aa11e413978be29040f51342e70,2017-12-22 17:18:36,179.99,15.01
a5db57e596494a2570d250dea03da4ce,1,5d66715cc928aadd0074f61332698593,128639473a139ac0f3e5f5ade55873a5,2017-10-20 08:29:22,19.9,16.79
a5dfe2f94a7c8cb55a435a6ed9fc2c12,1,7c1bd920dbdf22470b68bde975dd3ccf,cc419e0650a3c5ba77189a1882b7556a,2017-05-12 11:25:53,64.99,11.06
a5e045a63fbea3842f888a42153c61e3,1,500870614ddcf5bd84f7d26861026c8a,ef506c96320abeedfb894c34db06f478,2018-06-18 23:22:26,14.0,7.39
a5ee069718f4fc72e7a0567f4a45ba53,1,9a5393d4713520f3751a62e79de3dfbe,ce616e1913288884e7742faac9d981db,2018-05-24 00:30:08,99.9,7.56
a61bafa3b59313a79ecd7be1ca2a2477,1,7a10781637204d8d10485c71a6108a2e,4869f7a5dfa277a7dca6462dcf3b52b2,2018-03-28 23:10:26,219.0,58.08
a6476259927be2539b760baec362ce92,1,6bbe55cf8f85c87b6eebb775a53402f4,0db783cfcd3b73998abc6e10e59a102f,2017-12-20 00:12:44,69.9,9.27
a664490883c0131d7eca5cfbe6794aa0,1,f6abeebe478d565e5e58a5fad0fa60b4,45d33f715e24d15a6ccf5c17b3a23e3c,2017-02-24 17:29:50,54.39,18.97
a664490883c0131d7eca5cfbe6794aa0,2,f6abeebe478d565e5e58a5fad0fa60b4,45d33f715e24d15a6ccf5c17b3a23e3c,2017-02-24 17:29:50,54.39,18.97
a664490883c0131d7eca5cfbe6794aa0,3,f6abeebe478d565e5e58a5fad0fa60b4,45d33f715e24d15a6ccf5c17b3a23e3c,2017-02-24 17:29:50,54.39,18.97
a67f04f0a3022835f86664a0070fe36e,1,9fc0c73ce4d0eaaead44e81eeefebeb0,c3867b4666c7d76867627c2f7fb22e21,2017-07-25 07:10:12,68.0,15.23
a6891e28ce17d3ec9391ae48c5a321d1,1,edc044b1d3b518153d2b3b2c811ff0e2,bf100ecb7997df312b285358fb32f92c,2017-09-06 02:50:28,149.9,14.78
a6b961bbc6456602f652d926ee9ccd0a,1,ff907ae86deaa05b65cfb3b14166e7c7,a5cba26a62b8b4d0145b68b841e62e7f,2017-11-14 08:46:14,79.9,14.29
a6d7ec86cdee674d7af1adaf72f05cb3,1,6c3effec7c8ddba466d4f03f982c7aa3,37515688008a7a40ac93e3b2e4ab203f,2017-09-20 02:55:30,19.9,11.85
a6ea59851ffee8cb73761179fc7bcb6c,1,40a13d0a09a3d1334e8537ce3194f0ec,751bdc4d83a466c7206cd42e8f426b03,2017-12-07 11:57:28,79.99,22.88
a6f118bcb8721211afbb36e4a1e63610,1,b64f2210138a8d97888314420d066b5e,2ff97219cb8622eaf3cd89b7d9c09824,2018-08-20 11:30:45,199.9,12.42
a711032f5b2df3b039238b1a273076b8,1,300469628605afcf5cc9759fb4cffc02,aba1721a889e04decc910aa13b768ef4,2018-04-10 18:15:19,149.0,22.75
a739570c1cd11112aa1fc229a15155ac,1,21d2fdced5c69bfc6539b67908a4ad28,1554a68530182680ad5c8b042c3ab563,2017-03-22 20:25:10,179.99,24.25
a767f123fcb9ebe4eea953349dfd5a81,1,729a75e5cb63f785e67ebd8c44a5c0ee,93dc87703c046b603023e75222018b45,2018-04-11 08:10:08,99.0,23.19
a7b984cb7dba04216ef3408f9fdc724f,1,4aaa2ddc43f64a2db232b71fc4639064,6039e27294dc75811c0d8a39069f52c0,2018-02-23 20:35:26,129.9,28.27
a7e51dc801d3f66371a8896d54d04004,1,aca2eb7d00ea1a7b8ebd4e68314663af,955fee9216a65b617aa5c0531780ce60,2018-01-29 13:53:41,69.9,13.08
a8011c5b1b6536063a53c05cabf56bb0,1,154e7e31ebfa092203795c972e5804a6,cc419e0650a3c5ba77189a1882b7556a,2018-01-30 13:42:13,23.99,7.78
a820e4b8830258a148d161ba6d8bf419,1,a009a84a95de59e574851aef710ee0f3,d91fb3b7d041e83b64a00a3edfb37e4f,2017-06-19 15:10:22,26.0,16.11
a823e340670fb72aaeea0c7aa697212a,1,b807683e40e7ea6ec8d74d34f2e02247,ec933281fb017b5020d06df29c3f77e8,2017-10-25 12:14:17,169.0,38.73
a84c6f3ee879e72955a3fcaa2dc55771,1,f516645f81debe9cff9416a20662dc43,9d5a9018aee56acb367ba9c3f05d1d6a,2017-04-18 02:42:29,69.33,2.01
a84c6f3ee879e72955a3fcaa2dc55771,2,9ddc4249779322828f89d2a9c04f7ee1,9d5a9018aee56acb367ba9c3f05d1d6a,2017-04-18 02:42:29,99.33,35.31
a88803b061dbc43656aa2d377b834e4a,1,6803077179d24889430188e03fafd31a,128639473a139ac0f3e5f5ade55873a5,2018-04-16 17:51:48,19.9,20.52
a8aa2cd070eeac7e4368cae3d8222e2b,1,0a27be3536127164b11173c57f14a2da,fe2032dab1a61af8794248c8196565c9,2017-05-16 17:55:15,219.9,9.73
a8b4bb89dc728493ed20fe78acdefd9a,1,78540167bc14d4024b1aae7adfa2f7c9,06a2c3af7b3aee5d69171b0e14f0ee87,2018-06-11 03:31:05,59.99,60.48
a8b7b51948bf9deabad95734d8470c5f,1,d934d5a5c12e50df26c0669f578e2621,080102cd0a76b09e0dcf55fcacc60e05,2018-01-10 03:31:45,53.99,14.13
a8ddfd6f6316a1c31da18f179981ecc6,1,1994792a258088f40af8b4f4bd60d6cf,3903c788ded8dc03b5ebab37a2f3e9a1,2018-07-04 11:55:18,13.0,7.39
a8fff3e04abf1de340f6a42662daa292,1,3e442d09f9dfef002aadf31960869f65,85d9eb9ddc5d00ca9336a2219c97bb13,2018-08-15 02:50:29,28.9,17.13
a9495ad773a18a329a4f9e514f5c1c9f,1,82e4ad16521ca131d95e198d507db370,128639473a139ac0f3e5f5ade55873a5,2018-06-15 02:55:14,18.9,22.06
a95f8f8384a13be626e06154468a9200,1,0a4093a4af429dc0a9334300e5c13ae5,da8622b14eb17ae2831f4ac5b9dab84a,2018-02-16 09:36:14,29.9,15.1
a967b2911a10315ea9e93191515fad0c,1,6c3effec7c8ddba466d4f03f982c7aa3,37515688008a7a40ac93e3b2e4ab203f,2018-01-19 09:55:29,27.9,11.85
a96effa6b0ae730c1b6bbfb81a6164b4,1,e558ed9db130cd52586bb4fcb1090132,6cd68b3ed6d59aaa9fece558ad360c0a,2018-01-19 19:30:06,129.5,13.04
a9850cfaa6a85bd626e548413454f108,1,2a5806f10d0f00e5ad032dd2e3c8806e,7c67e1448b00f6e969d365cea6b010ab,2017-12-12 20:30:39,169.99,36.85
a9ad04772c6cf0d63efb9444ea80bbaa,1,83d199d296c44101c8c3b5c9c0cce9ea,850f4f8af5ea87287ac68de36e29107f,2017-11-12 23:20:47,69.99,9.34
a9b40a5190a294e3d8f733c1caf32934,1,f71050e65776861c8c3ec7a2d2b0194c,53e4c6e0f4312d4d2107a8c9cddf45cd,2018-03-06 10:55:34,85.71,11.8
a9c74f167b0d8af61d6487fc21934f7e,1,c4b5776ae19c3e9ee28323b38d41c72f,1554a68530182680ad5c8b042c3ab563,2018-07-17 03:45:47,159.9,86.33
a9c7a298f4d31996b9a505ec79fcbae9,1,6f0169f259bb0ff432bfff7d829b9946,213b25e6f54661939f11710a6fddb871,2018-07-20 14:55:17,119.85,15.15
a9f6addcdb232b9d636f61f71c683349,1,2b4609f8948be18874494203496bc318,cc419e0650a3c5ba77189a1882b7556a,2017-12-28 17:56:20,89.99,27.17
aa04ef5214580b06b10e2a378300db44,1,9fc063fd34fed29ccc57b7f8e8d03388,ccc4bbb5f32a6ab2b7066a4130f114e3,2017-02-03 00:30:03,370.0,19.43
aa0bc25a48a3d53cc009df13ed116b23,1,7b8c427eb09be88d32fcfaa8018f5caa,a416b6a846a11724393025641d4edd5e,2018-03-23 10:07:24,96.49,11.3
aa12a07df2b43bc0d2e8ebebd7271879,1,1c47e837f2780378d8485d04ab83a45d,094ced053e257ae8cae57205592d6712,2018-04-16 20:55:29,45.9,18.23
aa21334313579b3bf1d6e8a10de215af,1,9e56be75b16c105f33d3f033597080a2,6fd52c528dcb38be2eea044946b811f8,2018-08-09 13:30:18,58.67,13.99
aa253701e17f4db9147a15539bcacfd2,1,c988a235aba9c5a522df4bff0ef2a182,7d456afc660226829370f3173d14520c,2018-05-14 23:30:56,22.0,12.79
aa2a0609fab50d659ead956ec8f69de1,1,6c6a78e0768babe7473b5eccf0fc6076,cca3071e3e9bb7d12640c9fbe2301306,2018-01-26 10:49:42,34.22,11.85
aa2a0609fab50d659ead956ec8f69de1,2,6c6a78e0768babe7473b5eccf0fc6076,cca3071e3e9bb7d12640c9fbe2301306,2018-01-26 10:49:42,34.22,11.85
aa2ae4efd578f1c304128a899e4d1a17,1,bbf76ccd9b620fb13136c95bc5adb5da,dc4a0fc896dc34b0d5bfec8438291c80,2017-06-15 22:55:08,338.5,79.39
aa87c4af248b5041ab8aa98338210d88,1,4943769229463d7bd0fd5af9baac46b5,897060da8b9a21f655304d50fd935913,2018-06-01 02:31:44,65.5,42.52
aa8e678261a5c83986ed3be5314c033d,1,210a8305d79b2f5719cbafb2c026797f,f8db351d8c4c4c22c6835c19a46f01b0,2017-08-07 17:20:10,36.9,9.94
aaa3852a53f716761fff6b45173f223e,1,68a058d125ba1544e726898f0b8c0523,7c67e1448b00f6e969d365cea6b010ab,2018-02-20 03:33:03,119.99,25.15
aac103aa82ea3fbc312b34cbc349859f,1,3a7bc7a262077b18cf16fb5333a98b00,4c18691b6037662be2df78a765d98ab5,2018-04-16 18:55:16,15.8,18.23
aacae4c4d40057cea2f361c684f21c59,1,4cafc445fc7535c3b41b8978c0ce68dc,0bb738e4d789e63e2267697c42d35a2d,2017-12-19 22:11:49,79.9,25.4
ab1e451ac61a9e1ed83028e67458d722,1,f7fb8cbbcb9cd35f6fc536c77ae02ebe,4a3ca9315b744ce9f8e9374361493884,2018-01-12 21:48:44,149.9,18.3
ab4d923f0c19b1189d542b64352de060,1,4debd977b5bc245487ec61b7961b16e3,92eb0f42c21942b6552362b9b114707d,2018-02-21 02:51:29,12.67,14.1
ab722aebd7d92f979b381ec1d4080551,1,44a34214a57dc373dcd80f54c919d006,7008613ea464bad5cb9b83456e1e6a8f,2017-12-04 03:20:46,29.5,16.11
ab74c0e5d243c75a0289ac0ed8811a97,1,72172e982e8b92155069e4201c92c0bb,e9779976487b77c6d4ac45f75ec7afe9,2017-07-06 12:55:10,28.55,9.27
ab7bbcf90a1c2d1b7cf184cc23e18af8,1,eb356ef61e2262adcadc023b9522609d,6560211a19b47992c3666cc44a7e94c0,2017-12-05 14:58:45,29.0,7.78
ab8d7e03c02e35b89d4eee1dd9ab65ca,1,8bab563be2e3316280e3990af91da7b7,128639473a139ac0f3e5f5ade55873a5,2018-01-26 13:53:47,18.9,12.48
aba17b8bf8ad8249a87ff4c21a5569b9,1,738da8ddda2e593acfdc53c2d1520dfa,6d66611d7c44cc30ce351abc49a68421,2018-01-15 17:09:02,79.9,19.8
abbf8270415671551b11b0e45c72eeb8,1,e7bbc0d43d1f5cb09bab95b664236633,ede0c03645598cdfc63ca8237acbe73d,2018-02-28 09:50:31,48.98,25.63
abd7d619de0d42df3a64707190c05bb6,1,cbdb9bf611328898bd4b32a384506b3a,7c67e1448b00f6e969d365cea6b010ab,2018-07-26 14:05:47,89.98,44.62
abd7d619de0d42df3a64707190c05bb6,2,cbdb9bf611328898bd4b32a384506b3a,7c67e1448b00f6e969d365cea6b010ab,2018-07-26 14:05:47,89.98,44.62
abd7d619de0d42df3a64707190c05bb6,3,cbdb9bf611328898bd4b32a384506b3a,7c67e1448b00f6e969d365cea6b010ab,2018-07-26 14:05:47,89.98,44.62
abf6c7f874686f41f606c83a8e8d2a9f,1,8fa67e5cb309b9cd7b4438e15948bdb2,9b013e03b2ab786505a1d3b5c0756754,2018-06-18 02:56:28,11.0,7.87
ac17f36b9ec35c47dc44e96558d33dc7,1,b52e4724d5ae56c1e1503a363b388d2a,9a84ba99f5367fdbd4598363496f1ea2,2018-07-10 05:30:39,689.99,55.7
ac21545a31cc2f10904bcc68254c1d11,1,4180a49d4b879e727ad2c8e82a9f4d87,9906e7aa42a3c067b7c9a564d01c4320,2018-03-26 03:08:29,170.3,22.9
ac28921ef185c0a4f81b4fbbdf4d645e,1,a6621d4ee609f3f917d04c11ca8f0161,7aa4334be125fcdd2ba64b3180029f14,2017-11-06 21:50:20,86.99,29.01
ac509c21fa5c6600dd4b07e524fd5526,1,aa59c9e7a89f70e05e190130174cd4aa,2745f798279e0ed033addcc1474776d7,2017-11-23 16:30:28,132.45,18.18
ac5d693f43004c406ffca277f9d3e63c,1,c3fb02b29695e526cd3988bdd55ba013,7a67c85e85bb2ce8582c35f2203ad736,2017-10-09 20:50:34,20.99,11.73
ac64f79a33bfa575fc5a17e7926df3d5,1,bd9fca6bf4bdcbf4094d7bc11415dfe5,ba90964cff9b9e0e6f32b23b82465f7b,2018-04-06 17:55:24,1099.0,20.6
ac78dbdaa55c30dbfb7eea9beaf31b81,1,3f212fef0e1f11b343226b633f0426df,3d8fa2f5b647373c8620330c4e077a9f,2018-06-20 18:40:35,110.0,11.79
ac8b3ecc5daa5b2d54a81b3ba337bf6f,1,28fb90993dc41cc9bd28407d44c581ca,50c9975695009e5e6473912e83a6d1da,2018-03-01 03:20:27,36.0,23.15
ac8b3ecc5daa5b2d54a81b3ba337bf6f,2,28fb90993dc41cc9bd28407d44c581ca,50c9975695009e5e6473912e83a6d1da,2018-03-01 03:20:27,36.0,23.15
acf6e912a8db79e50ddd2fe14628e89c,1,adc73ebfe461a4ec51e1b5b3338eca22,08ad4ac1388e4420ca531c3edfc46198,2018-08-13 13:55:20,38.0,9.02
acfd491b37f7671bf93d9abc2c1ba7af,1,cd48f265a63e13b762601f5f794c5fca,e9779976487b77c6d4ac45f75ec7afe9,2018-05-22 20:56:14,47.49,19.32
ad0d46c22c5a9dd2699f5142b1882f5f,1,bc9b777dcebf814cf56193dcef254448,b499c00f28f4b7069ff6550af8c1348a,2017-02-09 17:55:05,54.99,18.81
ad0d46c22c5a9dd2699f5142b1882f5f,2,154e7e31ebfa092203795c972e5804a6,cc419e0650a3c5ba77189a1882b7556a,2017-02-12 17:55:05,19.99,3.14
ad0e80cb90ad456f01f1533e4cdc1f0d,1,8da77162e41d47464f9806727417cf6e,4a3ca9315b744ce9f8e9374361493884,2018-02-14 14:10:44,259.9,49.26
ad20d0dfe5b91c07df72dff0206aacd9,1,07c055536ebf10dfbb6c6db6dbfc36e5,cca3071e3e9bb7d12640c9fbe2301306,2017-11-08 02:27:03,45.9,6.34
ad20d0dfe5b91c07df72dff0206aacd9,2,07c055536ebf10dfbb6c6db6dbfc36e5,cca3071e3e9bb7d12640c9fbe2301306,2017-11-08 02:27:03,45.9,6.34
ad6b07be756ec7284a64503ac34f6975,1,9069c427ca36847bc3907c09712f6cf8,7b1222c3624aa89b9558b50a2594188c,2017-04-19 03:11:01,699.99,23.49
ad6dfba4eac734dc19375323e0bd3abc,1,38327e062df5eb11f9ff87b586df0fd4,d12c926d74ceff0a90a21184466ce161,2017-05-09 07:25:11,54.9,10.99
ad7e012867d486bee881d0a10df0399c,1,1b8ee158f59c098470fad33f39660964,1554a68530182680ad5c8b042c3ab563,2017-10-17 19:27:41,139.9,35.5
ad9259e8a14df6ee75201925f28d4a8f,1,cec09725da5ed01471d9a505e7389d37,4d6d651bd7684af3fffabd5f08d12e5a,2017-09-06 04:32:07,69.9,16.12
ada72a2d2e2c5621b9391b68e9cfa74b,1,e3dd336775af78a83fc27ed85f0f15da,edb1ef5e36e0c8cd84eb3c9b003e486d,2017-12-12 23:12:47,395.65,19.21
ade69ba18f873dc21f043783d60beeb6,1,35afc973633aaeb6b877ff57b2793310,4a3ca9315b744ce9f8e9374361493884,2017-12-04 10:32:05,89.9,13.56
ade69ba18f873dc21f043783d60beeb6,2,35afc973633aaeb6b877ff57b2793310,4a3ca9315b744ce9f8e9374361493884,2017-12-04 10:32:05,89.9,13.56
ade69ba18f873dc21f043783d60beeb6,3,1ce5b88456351c3b986532265a56d223,d2374cbcbb3ca4ab1086534108cc3ab7,2017-12-04 10:32:05,24.9,23.73
ae375d6b88c37582455ff3a2b83462d4,1,3d63afec955956d47d796237f6725cde,85cc55e048b6bcc90c75afe7f0e72f72,2018-05-23 23:31:49,29.9,18.23
ae58081c0be4ca730f53473f8f5d5df7,1,e3ef50d542d4e6477fbcf202a02ef040,ea8482cd71df3c1969d7b9473ff13abc,2018-04-19 18:55:20,19.9,7.39
ae5d768eedbb1d0d2d3cf01e6b844739,1,16007704980fa90718364a0dd747133e,431af27f296bc6519d890aa5a05fdb11,2018-03-07 11:30:35,135.9,18.2
ae6bb3767e72eb4b280e50c3d46ed9ba,1,0a5a41c678bcf81e041826bb24eb0b01,4b9750c8ad28220fe6702d4ecb7c898f,2018-07-31 11:45:13,48.9,19.53
aeb5c78d2d8968b2a53ac5d6a554cdb4,1,163e6400e6dadd0fe04775c5e9331fda,855668e0971d4dfd7bef1b6a4133b41b,2018-01-24 18:14:46,50.0,9.34
aeebf4abbcfb9bac43b6a31399a3e93c,1,422879e10f46682990de24d770e7f83d,1f50f920176fa81dab994f9023523100,2017-09-11 11:15:18,59.9,13.44
aef19c7ffbe816963b54aa3bd8777f1b,1,f4efad625ed5878a2e7589dfb31c747f,270297ead4c65a6cd2593960d2af6b21,2018-04-27 09:31:30,998.9,64.85
af099467911b979b79b3a49231876086,1,f3c5707e7c539ab6533e3611da02b648,d1c281d3ae149232351cd8c8cc885f0d,2018-03-07 09:55:58,160.99,16.76
af19170492290aa8663d820e73d09524,1,db8d62bf1bf1d2dd880c99b88ebff3fb,116ccb1a1604bc88e4d234a8c23f33de,2018-06-26 10:20:51,19.0,18.23
af5d413777456d2f4998309c81c2f387,1,6db02fce12f88341876dbb10e2c16d8a,0432ead42b6c8a0bdf68154add917fdf,2017-11-28 13:35:49,79.9,7.81
af6e44b9d409160a33f41a80537af9b2,1,089447f48055194b36dd135e1a353cff,a1474fd46fd3430168f7ec202da39408,2017-10-10 02:49:34,91.0,47.17
af7b1f7080ed76cd6d266c0ce5a13044,1,50e9e70a21b874311949e3db8ace597d,c9aafcd0621b2207c10e32c649cada4d,2018-07-30 02:55:22,33.99,12.9
af85e6e8c9f67f653b51429df7839001,1,d9545b3e8df3155bca5b302d0f7c3c1c,5b8154610ebb21fb90eb587365e673df,2018-03-12 14:35:46,327.49,37.42
af87d49b5a2696414bd17915b853c941,1,04601b648d7d2dcae6e285a41e276a3f,95e03ca3d4146e4011985981aeb959b9,2017-12-06 11:51:07,49.9,17.6
af8f5400111370accfbc1ba9820c5d20,1,c837ca3eaf5506275072300511cb7b12,141440cad9341e553f8401c574a2aa38,2018-08-20 03:24:04,41.8,18.39
af9590febcbcb2c619ddf09330abc567,1,376c3b8593f2ab163a7c1036e8307123,6039e27294dc75811c0d8a39069f52c0,2017-11-17 02:50:37,119.9,27.16
afa2c425be2efd14c19b4a0aa62f9b59,1,24c66f106f642621e524291a895c9032,620c87c171fb2a6dd6e8bb4dec959fc6,2018-03-09 08:15:31,229.9,18.86
afc164a698c08de061cc7173650121fa,1,03e4e6709b7d6415746769c0bc3e9131,406822777a0b9eb5c50e442dd4cd3ec5,2018-02-23 14:47:26,59.9,17.67
afc1b46f2cb4b3f0d3432cae0af0ea75,1,11875b30b49585209e608f40e8082e65,669ae81880e08f269a64487cfb287169,2017-03-16 15:35:03,65.0,16.15
afd1ca4a245a9a04d0f8d5dc1ccb7ed3,1,6d07236d4abe99b5b1cbf368971bf6e7,01fd077212124329bac32490e8ef80d9,2018-04-23 13:51:07,39.0,18.23
b00853fe8ddc3b34dd00f0054914241f,1,869c418f22e0c0ed9207ff691f279e46,e63e8bfa530fb16910dd6956e592bb81,2018-02-01 10:31:30,32.9,17.63
b012c1697921f54e80780e034a93c871,1,1b8ee158f59c098470fad33f39660964,1554a68530182680ad5c8b042c3ab563,2018-01-26 13:47:19,139.9,23.78
b0200f320613faea21c999a90efa28ab,1,336090aa9bdfdc02b01b154b2d0abda2,b499c00f28f4b7069ff6550af8c1348a,2018-02-15 18:15:41,59.99,9.94
b042196844fac663617a8534823b6720,1,af91083bde899b201798b52ae89babea,06a2c3af7b3aee5d69171b0e14f0ee87,2018-08-17 12:15:13,64.99,19.37
b05922c45fc699ae9049a2c5add3e02a,1,ea99388f66ccc3a78b6c2d7725184b12,6d66611d7c44cc30ce351abc49a68421,2017-02-06 07:05:42,49.9,15.11
b06ebf1a46fc060c183c59b092ce49ee,1,fb1c85ab4adb8f0fd63d3e2156e51f4b,3fd1e727ba94cfe122d165e176ce7967,2018-03-21 21:30:37,59.9,12.86
b0708857586f16e3ada17925950a87e5,1,368c6c730842d78016ad823897a372db,1f50f920176fa81dab994f9023523100,2018-08-07 02:45:27,49.9,20.99
b07d2a68cc3e97e707eb42d213983c66,1,72dd2e7b7e10b8a4083e53c7867c1564,a06c8ff043abea0528ee44171e2140a2,2018-08-13 21:30:16,31.25,18.32
b08e6e87102def921faf1a611d09031e,1,68f3adaef1620e7b0c4c7cd9f78d7ed0,512d298ac2a96d1931b6bd30aa21f61d,2018-04-04 14:55:35,799.9,28.14
b09b18fbceead5d238576060df8d45cc,1,810e2944bca9850b934e1570ba372e7d,1025f0e2d44d7041d6cf58b6550e0bfa,2018-05-25 16:58:20,78.0,12.45
b0b55c59d28b64d3b611cb034eb9f1e6,1,4b456247c6fd6370f0c01903b0c6d67d,87142160b41353c4e5fca2360caf6f92,2017-09-14 09:55:09,139.9,10.19
b0b5cb8bc442bc5599f4bf65dfc67cf8,1,4d3e81b2dfb45a73759982d63e532e94,25e6ffe976bd75618accfe16cefcbd0d,2017-03-29 13:05:17,38.99,8.72
b0c04ea907df18b10625b845cb6ddc10,1,5f6906793eb1d554d76c39398ce08693,391fc6631aebcf3004804e51b40bcf1e,2017-12-11 11:05:33,24.75,35.67
b0df751c10c284b15748836ecd9b3475,1,94f584e1a1158e97314c59b190dfb899,2528513dd95219a6013d4d05176e391a,2018-03-01 02:30:53,329.0,21.18
b0f093c9a7e135bb44a1e1bd7406ba30,1,982d42e9ce06f5054407db7d1268029f,0176f73cc1195f367f7b32db1e5b3aa8,2018-05-24 13:05:59,125.9,39.74
b115422b830bf2840fccf6f0d6678ab2,1,b948a6dd0adccdcf3ea81888bf678924,e1dc0754bada9ee4cfe9713f22f61292,2018-08-20 13:23:56,65.0,15.38
b1170faa12a2f134d1c75c7494c64eaa,1,076e4ce53c8914382e7ff3732511b17e,59fb871bf6f4522a87ba567b42dafecf,2017-06-11 21:02:51,99.99,8.89
b1526a2bd67c99a417bbd10df7904bb0,1,389d119b48cf3043d311335e499d9c6b,1f50f920176fa81dab994f9023523100,2018-03-22 19:47:37,53.9,52.95
b1600c1915c18f85050002d08b6274a3,1,4c9c5d9cbd2475b109784b48a70a5c70,d921b68bf747894be13a97ae52b0f386,2018-05-17 06:51:20,320.0,23.95
b167109334768a2c342b85139a6437d6,1,9fbfc0d1a475bb65f9c0e39bb927a99a,ec80e49e69745ab6c14f984bf2149423,2018-02-22 18:46:47,280.0,9.55
b17838c714aef16bc099010feb2261ba,1,bb50f2e236e5eea0100680137654686c,f7ba60f8c3f99e7ee4042fdef03b70c4,2018-06-19 15:20:49,330.0,10.47
b18478bbf9b2283e3d12452f69fd9ce2,1,5d6bea33648f018dbb563f3a2fab09f3,1025f0e2d44d7041d6cf58b6550e0bfa,2018-05-17 20:30:29,150.0,13.92
b19729f4717938d651f26d5f33dffd72,1,db5efde3ad0cc579b130d71c4b2db522,4869f7a5dfa277a7dca6462dcf3b52b2,2017-11-21 09:07:00,190.9,16.09
b1b5b604a5e207c764779ffb50527018,1,a9008450835cd38eabdf07eb6dd04bdd,f4a04f7be452aa3bb31760bf00055dd0,2017-11-22 02:15:40,104.9,13.07
b1bb317f7d7fdeefca25499d3e62cb48,1,aa96d291abe7cd0000c25e34bc8ed316,8b28d096634035667e8263d57ba3368c,2017-04-03 18:15:08,24.88,14.52
b1d045cd447d2961b72e0d67c18f5d94,1,03bb06cda40712fb8473f7962fb7d198,da8622b14eb17ae2831f4ac5b9dab84a,2017-06-12 21:55:14,129.9,16.54
b2377b1954ac905f64a3797f58fc36d9,1,3dd2a17168ec895c781a9191c1e95ad7,de722cd6dad950a92b7d4f82673f8833,2018-06-14 02:54:10,149.9,25.18
b23f8178f3b6555a78a4ad844ed11c57,1,f2a949f938c95d18433bebfb12afe395,080199a181c46c657dc5aa235411be3b,2018-03-22 02:50:45,179.49,9.02
b26281af4e5c3a50b10887f626ee883f,1,1613b819ab5dae53aead2dbb4ebdb378,16090f2ca825584b5a147ab24aa30c86,2018-04-18 08:31:10,27.9,37.04
b26281af4e5c3a50b10887f626ee883f,2,1613b819ab5dae53aead2dbb4ebdb378,16090f2ca825584b5a147ab24aa30c86,2018-04-18 08:31:10,27.9,37.04
b26727a63ae58f7a0f901dd4f2653cd0,1,6ec26071510e1cf38d6988f473f8d7a5,cca3071e3e9bb7d12640c9fbe2301306,2017-05-17 14:30:16,69.9,25.77
b28a856ec450375c2c61dfb94250fbb0,1,c9af29e8a0c52866bb2c9f5f6344d9b2,77530e9772f57a62c906e1c21538ab82,2018-08-06 19:05:18,68.0,34.78
b292a6edad2285c61d34667a9fdc7f23,1,8bfcd04b543971c83e16de0ab446407d,f0b47fbbc6dee9aafe415a6e33051b3f,2017-11-24 16:06:20,25.99,22.67
b292a6edad2285c61d34667a9fdc7f23,2,8bfcd04b543971c83e16de0ab446407d,f0b47fbbc6dee9aafe415a6e33051b3f,2017-11-24 16:06:20,25.99,22.67
b2ac7b0754b724547abf07a172a45bf4,1,02fbee632a2044d48ab16d57eec4db58,4a3ca9315b744ce9f8e9374361493884,2018-08-06 15:25:13,77.9,14.86
b2b86f50f1d5ec8763fc9fc6894ac6c4,1,75fc57fb06b1d35ea433e16ecbf5a6bb,8b321bb669392f5163d04c59e235e066,2018-08-03 20:15:21,14.9,7.39
b2e5be9642d390480c19fbc80e533de6,1,98712b7f46e0fe4f4da2f7df1b9231a7,7299e27ed73d2ad986de7f7c77d919fa,2018-04-20 14:31:22,50.0,18.23
b3206cf64b7cd1480a6c6f9912b20666,1,7bbe91ccbf899dc40a38d012a4dc411f,23d7c96d4a1160db1c726b248601b25a,2017-09-19 20:44:14,179.9,17.97
b32226e3b83849c23551e39452d562cd,1,02c575cb5b29a173624c93f01786440b,7354220fb240bde543b3c40c060d41e7,2018-08-06 10:44:33,89.0,17.55
b3424a1c4c3af064d3472b285180bed0,1,6d43aa08ee344527fc3e86b90cfd2379,3d871de0142ce09b7081e2b9d1733cb1,2017-09-05 16:04:13,99.0,17.94
b34e0fe701f0a4fd62a44b88b142ab67,1,cdd0b7472213e44df3b48e96f8deee74,86ccac0b835037332a596a33b6949ee1,2017-07-10 03:55:16,56.99,16.16
b352b37732770128092c01c05cb2d8f7,1,4e5e41fb7d296a6f776c63fee5cb9fac,b33e7c55446eabf8fe1a42d037ac7d6d,2018-02-07 21:32:12,589.0,18.87
b374364a416f6bd7a376e466e60415a5,1,f35927953ed82e19d06ad3aac2f06353,669ae81880e08f269a64487cfb287169,2017-03-09 11:22:27,115.0,16.51
b37fc42b9b16ca9e092edcf0c06bd1f5,1,183b0c895605218dbd34cdcfcfa8af28,4917cee8d902e13428c3ec4b1ca6f315,2017-11-07 18:35:15,145.0,35.53
b38103e665600114e3155ab60ee0ef70,1,d58020f0dc3b18e41728f846f5072a6c,562fc2f2c2863ab7e79a9e4388a58a14,2018-07-25 10:32:25,29.99,18.31
b3b8133868458b6acf08ea6ffc22e3f2,1,0e621085968d9a9585ed3c2c204825e2,94144541854e298c2d976cb893b81343,2017-08-14 20:20:06,459.9,18.66
b3e2b81932a8bc32dfffd128937c3c5e,1,952670bc019a73f0933157ec82ff6e4f,37be5a7c751166fbc5f8ccba4119e043,2017-07-12 17:20:14,205.0,15.04
b3ea3f6381d1b6d2683698960134fe13,1,a19b6951c75da43aad691622dd2f6abe,1025f0e2d44d7041d6cf58b6550e0bfa,2017-08-04 02:23:49,38.4,15.1
b3ea3f6381d1b6d2683698960134fe13,2,a19b6951c75da43aad691622dd2f6abe,1025f0e2d44d7041d6cf58b6550e0bfa,2017-08-04 02:23:49,38.4,15.1
b431ef5386c1579fc784586883d7ac91,1,3db75f31b76375c502f64d550dcd1166,85d9eb9ddc5d00ca9336a2219c97bb13,2017-07-12 22:03:40,31.9,14.1
b469d27d92d32ac0ddb615a295f2e9c4,1,af2d506fb01b724e03591349ad36b67e,4b9750c8ad28220fe6702d4ecb7c898f,2018-06-14 14:34:26,48.9,9.44
b48959225675859f01913fbd8cb4abe6,1,1bbf3c5abc34eb8f1d884a7503b7764f,6e386f64c84e482f0b9abf960797ee1b,2018-08-15 17:15:19,199.0,9.55
b4c45d4cc2a2e24e10d4e20bae928819,1,cadb69af336c16aba5c5223599821245,8b321bb669392f5163d04c59e235e066,2018-03-12 03:49:33,13.65,14.1
b4c9708f4e37c6ac87564ef1f0efa7f3,1,1d8ff272f4ff5248bde1358ef928713f,082e0bf4cb865a6533b1e8e498cc0255,2017-12-14 02:54:14,71.4,16.26
b4d6bee8b34f0daf1309fc764051cce5,1,5fe7fd1b8ea02958b45106dcd79874e8,609e1a9a6c2539919b8205cf7c4e6ff0,2018-04-12 21:35:15,59.9,52.55
b4d6bee8b34f0daf1309fc764051cce5,2,5dcceb4689c06ac693117bc4296986ef,609e1a9a6c2539919b8205cf7c4e6ff0,2018-04-12 21:35:15,59.9,52.55
b4dc09cbd4cc735632779c738cda842b,1,f2af004352a06a99dca765596240cbc3,f4aba7c0bca51484c30ab7bdc34bcdd1,2017-03-24 14:10:45,44.9,10.96
b4e2eb7f4325b44130052476646043c6,1,7340a3839a1de1e99d149b8cf052a2ec,4a3ca9315b744ce9f8e9374361493884,2017-06-18 23:10:26,69.9,12.83
b53273dc08d42154a427ce58148a7664,1,8c591ab0ca519558779df02023177f44,a1043bafd471dff536d0c462352beb48,2017-11-23 02:15:29,89.99,45.09
b574f97b093ad4bc022f420344327e12,1,7172a7870fee91850dcbcb1f4de40cfc,4a3ca9315b744ce9f8e9374361493884,2018-03-08 11:29:19,89.9,17.88
b5781a5976dad5a78067d528713ef47e,1,b83ba81552d0748b45288e7e57c62888,edb1ef5e36e0c8cd84eb3c9b003e486d,2017-10-26 15:49:35,599.65,20.64
b58ad6013994eef55be5cdaf76a1a14d,1,caaae4f9fe7a77459a25c4f4ef0945e1,77530e9772f57a62c906e1c21538ab82,2017-12-06 18:13:23,119.0,18.08
b58ad6013994eef55be5cdaf76a1a14d,2,caaae4f9fe7a77459a25c4f4ef0945e1,77530e9772f57a62c906e1c21538ab82,2017-12-06 18:13:23,119.0,18.08
b58ad6013994eef55be5cdaf76a1a14d,3,caaae4f9fe7a77459a25c4f4ef0945e1,77530e9772f57a62c906e1c21538ab82,2017-12-06 18:13:23,119.0,18.08
b5b0356c157cc9bfa4ec67e43d7abc09,1,6c8dfcd9be1c04a1b4f98bb6c283a6aa,b8630e1121437d41cb08e3c749c2c2e2,2018-05-11 17:17:17,29.0,7.55
b5b411510c27795418ac5808a30054e0,1,c7fd13b5e515bffdab855d0812842edb,1025f0e2d44d7041d6cf58b6550e0bfa,2017-09-22 18:25:08,78.0,15.31
b5b411510c27795418ac5808a30054e0,2,c7fd13b5e515bffdab855d0812842edb,1025f0e2d44d7041d6cf58b6550e0bfa,2017-09-22 18:25:08,78.0,15.31
b5d3a4b81af25c152a2b6938ed054942,1,44e6ec37a142be331fe0241006d0b389,4371b634e0efc0e22b09b52907d9d469,2018-04-30 11:31:31,112.0,18.95
b5d3a4b81af25c152a2b6938ed054942,2,44e6ec37a142be331fe0241006d0b389,4371b634e0efc0e22b09b52907d9d469,2018-04-30 11:31:31,112.0,18.95
b5d3a4b81af25c152a2b6938ed054942,3,8f7ae8d7845cdabafb4b6f20d8bc5a43,3c03b12bab54d8b37d79d914bfdb1aa0,2018-04-30 11:31:31,167.68,9.47
b5da536992b01709ece25ec74fbd0ebc,1,a62e25e09e05e6faf31d90c6ec1aa3d1,634964b17796e64304cadf1ad3050fb7,2018-01-31 19:13:15,108.0,16.52
b5eb3252f8e5ded7044d176ed49e2ecb,1,e4d325bd1eea550509bdbbc5c3301fc1,8444e55c1f13cd5c179851e5ca5ebd00,2018-06-25 17:35:10,429.0,39.69
b62490833ad4da4f0f696c9358737651,1,2196663031bcde078cede855ac0b5739,c9c7905cffc4ef9ff9f113554423e671,2017-11-07 04:30:15,65.0,25.73
b64b31be08d0151c4115537cbef3dc06,1,cc1cb33bcc814aeaa4631761a34bd23e,1976a05ecf2996d6ffb7b5430e635fe7,2017-03-17 16:31:00,59.8,14.59
b68a52eb0d8bcd5f784a5f95b98a6cf6,1,af79ac70de9a79b9c1c85ee0880c7206,dee656f0f566ed1aa85bd137c943f08f,2018-02-08 10:40:37,105.0,27.27
b6b7ebd3ab897684bb22eaf084f8f299,1,1ec597ef2aaee9e73f32a970247f3192,31da954dc0855f2495c6310f70a2f931,2017-12-21 00:54:52,49.0,11.85
b70e6b353379423761497f0d95376da2,1,88dd63919fc9ab693803578a04a20209,7ddcbb64b5bc1ef36ca8c151f6ec77df,2017-08-15 07:10:14,34.99,11.85
b736f9c98deb53b03ac6e931f3373063,1,d9524ab5892f79d3de3870697ad7b25d,7142540dd4c91e2237acb7e911c4eba2,2018-06-20 19:54:47,79.9,19.53
b75ec2d4ba9e40634c65c4b6be946b6c,1,73654d559ec8c7b46ae0c6419cd59072,e5cbe890e679490127e9a390b46bbd20,2018-08-22 14:53:37,579.0,19.15
b76cebb0a09007c35a19e98b178acd63,1,4c2394abfbac7ff59ec7a420918562fa,cc419e0650a3c5ba77189a1882b7556a,2017-12-29 02:10:54,84.99,9.41
b7775ddf9a56a4bbabff3e2e84c08b07,1,66b538ce389d817a5123146347c3fdc8,b2ba3715d723d245138f291a6fe42594,2017-11-03 18:30:26,299.9,41.09
b7a9713d1c8b02fbefa580bd0edc2756,1,a4aa7c1427c31344e5f7cc3d839fe562,66922902710d126a0e7d26b0e3805106,2018-05-15 23:55:54,88.0,12.92
b7c3462b308e3d9d375ba7d120ee0893,1,e3425df9bd51be69917273c9dd92ed5e,86ccac0b835037332a596a33b6949ee1,2017-04-10 19:50:22,66.89,22.4
b7cf59f6158a9fd83ee0c75e95c65af0,1,6802aa790a9a2217f0019b44973c8268,8f2ce03f928b567e3d56181ae20ae952,2018-02-22 13:07:54,99.9,13.25
b7dc42271c71663ceed71350d60a5559,1,10876ffa7227a74d878729d3f6bea35d,dd7ddc04e1b6c2c614352b383efe2d36,2017-07-18 13:15:25,45.9,19.84
b7e0017e946ce377e3e0559d5cb1200c,1,0872c05ce884daf60d1459165ba1c4da,710e3548e02bc1d2831dfc4f1b5b14d4,2017-07-24 15:25:12,269.99,62.63
b80ad2b6c5b351d9e15b84a8008a7d87,1,d2ccecca43a34313f3599efaa858e73b,cd3d09fbe6e3e9ff0c0ac0c300e93ae7,2018-08-15 22:50:11,46.9,15.43
b811c8ca07716586e80c0bc4f2a6e39f,1,aca2eb7d00ea1a7b8ebd4e68314663af,955fee9216a65b617aa5c0531780ce60,2018-04-26 19:30:48,69.9,0.0
b85614e04ee9ee71f2632faf63ff3ac9,1,e0f33a3329af6716a0bb47fd7a664439,7e26c750b4cb9f6766f58265ff9ebe95,2017-02-11 10:43:31,49.8,14.52
b85614e04ee9ee71f2632faf63ff3ac9,2,e0f33a3329af6716a0bb47fd7a664439,7e26c750b4cb9f6766f58265ff9ebe95,2017-02-11 10:43:31,49.8,14.52
b85b4d3eb7887ec7b9479e2f45362dc6,1,2a2d22ae30e026f1893083c8405ca522,1a3df491d1c4f1589fc2b934ada68bf2,2017-07-21 00:23:26,134.9,33.39
b86c4834a1f80bb5f808842b4624a2cc,1,77cc62dc80ebe12a0452d1ce0565acdc,218d46b86c1881d022bce9c68a7d4b15,2017-12-04 19:54:27,113.0,21.28
b87cca02954de7fab0d5546843c56acb,1,cf28a2b7bc92809a0574cf07772c88c4,da8622b14eb17ae2831f4ac5b9dab84a,2018-02-01 03:16:00,24.9,15.1
b89601b4491425014432a96e02034092,1,61509eaebb2d4bd1a7511b1a75703f8c,cca3071e3e9bb7d12640c9fbe2301306,2018-01-25 09:07:45,24.9,11.85
b899a41fdae17968d357d705b073a5ce,1,8e3eb37785e42b6b3721e459f1bfaaef,e9bc59e7b60fc3063eb2290deda4cced,2018-08-06 13:24:17,100.0,23.85
b899a41fdae17968d357d705b073a5ce,2,8e3eb37785e42b6b3721e459f1bfaaef,e9bc59e7b60fc3063eb2290deda4cced,2018-08-06 13:24:17,100.0,23.85
b8d5cd6eb84d7b61c5c77ac4cb0b90b4,1,53759a2ecddad2bb87a079a1f1519f73,1f50f920176fa81dab994f9023523100,2017-10-06 11:49:25,59.9,28.82
b8e17df0f313ac216d29c0683a83b992,1,01c9a70868bec5b748c67fcc26ce5895,3c4e0452bff7a2a788179488d3d77032,2017-12-19 15:36:31,99.9,18.27
b8f4980c2ec178504101b730e4e49918,1,016711f78a6a87696645db0a6a834826,a5cba26a62b8b4d0145b68b841e62e7f,2018-07-13 20:25:46,99.9,15.77
b8fba4dc6ff421731ed01f46c701084a,1,4a25d757ff72fad7534f478c90be77e6,92eb0f42c21942b6552362b9b114707d,2018-01-17 03:08:40,12.98,14.1
b8fffd71202e7086dd751c257751b3dd,1,5568499d3c902609fbaa24d6639ef909,ea8482cd71df3c1969d7b9473ff13abc,2018-07-27 10:00:44,21.99,15.25
b90228d9050d13c266a67be0e92ccd00,1,ddb73ecd2a301a87fa538fa0a33d4112,bf00385a5f7fc1ef39a13c2e9ee50a5f,2018-08-14 17:15:25,23.9,8.92
b9301fa4912e6d5f755e12b4986c5f84,1,c4baedd846ed09b85f78a781b522f126,a1043bafd471dff536d0c462352beb48,2017-03-23 22:22:20,99.99,28.89
b948b354fbf88e12e43fc0877623eef9,1,e0e2e29a516b06947e388d20aa7bf7a6,1cd9e0cc1839d55516843def5600816d,2018-06-24 21:31:32,209.0,35.22
b94d017913e0b697201de9ec22c23f46,1,8b50a72d52d7a91fb19d19fbe069e2f2,9f505651f4a6abe901a56cdc21508025,2018-08-21 03:30:16,49.99,7.61
b94d017913e0b697201de9ec22c23f46,2,8b50a72d52d7a91fb19d19fbe069e2f2,9f505651f4a6abe901a56cdc21508025,2018-08-21 03:30:16,49.99,7.61
b97ba3fb5b212d01ef75f4f4131c1207,1,a92930c327948861c015c919a0bcb4a8,6560211a19b47992c3666cc44a7e94c0,2018-06-19 21:55:11,78.0,7.81
b981e23277787bf0b0f6055ee85a22ac,1,e35b496654367ba8f9ab8974a23331e6,1da3aeb70d7989d1e6d9b0e887f97c23,2018-03-02 20:09:24,9.99,15.1
b99b5f149263f07c55586983071c466e,1,c81fba3eddbbb1ea8c6300e880673021,da8622b14eb17ae2831f4ac5b9dab84a,2017-12-28 01:30:32,144.9,23.88
b9a6c5f5df52c7226ac85aee7524c27f,1,176b54e1ca47c0ec2bc2e298a76adf9a,ececbfcff9804a2d6b40f589df8eef2b,2018-06-14 20:30:32,99.0,18.79
b9b3a57801f2cb36617b727e256b4089,1,fec76cdd2170ca10b02e2f0d81ff4123,fe1bbc5feda5c8979a8a1b3b2512d5a6,2017-02-07 06:55:52,49.99,20.8
b9b90be72479c512c6ab9824a1ce256c,1,48f866f20b5b6015a324210988e73387,4a3ca9315b744ce9f8e9374361493884,2017-09-20 11:55:21,153.0,14.09
b9d1db9d3e9608b2d37f962aaef45e03,1,914c9e9af640dd56f48764a225b00f89,7c67e1448b00f6e969d365cea6b010ab,2018-05-02 10:30:52,79.98,22.87
b9e2b866cb381ea49beee36e3baaa76e,1,72ca7a219f9f5b1be88c79e3aedd0152,de23c3b98a88888289c6f5cc1209054a,2017-12-21 19:31:42,120.0,9.66
b9e3810153620449fc947aeb350f4d53,1,d4670fa6cc31ee979c4cbd5904e0562a,30829ded4523ab9224b93bc49a62c95f,2018-06-13 12:35:27,99.0,18.57
b9e94fdb4a15c04cbde632c381826608,1,c6dd917a0be2a704582055949915ab32,7a67c85e85bb2ce8582c35f2203ad736,2017-08-23 15:55:18,99.99,29.1
b9f5ca0dd8ac07db0b02705dc2be4d21,1,4bdcd91fcab0b7401865fa7d7f916253,f918546be4bec7104d117789ba758b2b,2018-04-27 11:31:49,129.0,17.42
b9f5ca0dd8ac07db0b02705dc2be4d21,2,0654d3c1e3efc7e7cd9dbde9cb743df2,f918546be4bec7104d117789ba758b2b,2018-04-27 11:31:49,55.0,17.42
ba16a6de753feb4dc0a6716cc3ddf951,1,462646c1c1495199e63684d79e6e0d1b,891071be6ba827b591264c90c2ae8a63,2018-02-15 18:30:25,34.99,17.63
ba19b234cabc645ff31e7c3a0076de18,1,c4ca2da40ac17c4b52688ff9a7c041b8,f214d28e8d8e3ef068748498ccc2f813,2017-11-30 00:31:27,15.99,11.85
ba3dfe274b92578ad6af3b17d141033c,1,b0c8da302d49498d2ce6be8c631e4e20,0b90b6df587eb83608a64ea8b390cf07,2018-03-14 14:31:04,72.9,16.95
ba51874504000c8e2b9d439d66b6b099,1,95a10f05868096cb2180c6a0bfbbbc39,d2374cbcbb3ca4ab1086534108cc3ab7,2017-04-20 10:42:21,24.9,14.52
ba714b832c8a26b8b6ce921e0ecbc886,1,8c292ca193d326152e335d77176746f0,7e1fb0a3ebfb01ffb3a7dae98bf3238d,2018-05-17 13:50:59,152.0,11.21
ba75b10a16e530cca75088408909b325,1,fa39c60599eb6573020f07a1b4dd38cf,0bae85eb84b9fb3bd773911e89288d54,2017-12-07 15:17:21,86.36,17.85
ba8ebbd4a50913dea058ff7695922d95,1,de80c37c338574091896b7fdc81dc376,5b85809efd0d0e4dea1a9544e1280ed9,2018-05-24 18:31:37,189.9,13.77
ba8ffe0231b633e2aa5526e2a070b3d3,1,096e14458100c2b6d10f72d69f80cf34,46dc3b2cc0980fb8ec44634e21d2718e,2017-08-17 08:03:51,269.99,18.2
baa57a887ab6469f6e65bf75ce80b768,1,13050bbc5cf6938a3760e43f1a845fcd,4b0fdb526525f9890eb145bf1534640e,2018-06-20 01:31:58,49.9,19.54
baaaa6a46bf8f53d113193a6a23efbd4,1,73bcea88583002fe12b7399af4ae60da,4869f7a5dfa277a7dca6462dcf3b52b2,2017-12-14 12:32:25,170.0,15.94
bab2b00c7dda561a8e77047d346f36cc,1,fcaab5d7f656094e49fbe4ee3a506658,3d871de0142ce09b7081e2b9d1733cb1,2018-06-21 02:56:09,99.0,26.77
bab2b00c7dda561a8e77047d346f36cc,2,28a652ff04e43c1bc57937a9f8770f9b,3d871de0142ce09b7081e2b9d1733cb1,2018-06-21 02:56:09,99.0,26.77
babc844d408abfa49b0c875fcc3738d4,1,d04857e7b4b708ee8b8b9921163edba3,9f505651f4a6abe901a56cdc21508025,2018-08-22 11:10:05,79.99,18.66
bb102364b6a29f9f8683f21e5825595a,1,9c8d68903b5106018c797e0e862ae55d,8b321bb669392f5163d04c59e235e066,2018-01-24 10:31:31,12.3,7.78
bb1463881b6042a9499fbcb58706b918,1,6c4e8db600904b7200ebf7774c28ae9c,080199a181c46c657dc5aa235411be3b,2017-12-22 17:31:44,179.49,9.45
bb31e0bc46d4bf098ba2bea9092a59f1,1,5cc3b3b52374e67281fd366c03b57ff5,5cf13accae3222c70a9cac40818ae839,2018-08-01 20:24:25,99.9,53.05
bb39cd2f2f58e93ae10568be5cad1b58,1,21a6e49e01d1ee93aadbd8cdf776308f,7e93a43ef30c4f03f38b393420bc753a,2018-01-09 23:23:12,179.99,8.51
bb6b0cda2ad6b1af261188c55a57550d,1,1ca1d7d7a101a1d1f2ca213994fd8596,7ecef8194babfec876ca720714327841,2018-01-11 18:54:46,149.9,8.3
bb70cb558d0783914c5ebb0c37330776,1,d86963242e7dda7eed04f57e492ed655,a3a38f4affed601eb87a97788c949667,2017-10-16 08:49:08,74.9,16.28
bb787d6e68f079fbf94e8df39219086d,1,371c121dc86b3821f720e7dbe1928207,4830e40640734fc1c52cd21127c341d4,2018-07-02 09:31:22,18.99,19.04
bb903af0ad020f23de12114a1c74a2aa,1,92503fc18ca14a8f32c182ce3f1b9f05,3586b8580d9c917874e053a1bb37b5ff,2017-05-23 19:35:08,29.9,11.85
bb953a084ab406da9e19dfdc06df0245,1,81ec0756335856bf7e5bd40073652c44,530ec6109d11eaaf87999465c6afee01,2018-07-31 14:24:20,41.9,23.44
bb95c9f509ff2da87b6015a0d9046f0f,1,c06d2c20b8ddf6d40c23294a6e361c78,a416b6a846a11724393025641d4edd5e,2018-05-14 04:15:29,144.0,15.1
bba17d97a5a45416d0782d5d07fe740d,1,bad02bda4c5cc1c81501022f3b06101c,244c2f1bff6afe1f2eaf9bfe9b2aed38,2017-12-11 11:13:25,46.0,17.6
bbc13e09a09a77b4f6ea6a981a399473,1,70c9d38055bb316285aa937715c2e82d,d921b68bf747894be13a97ae52b0f386,2018-06-05 22:31:14,159.9,23.7
bbc3a95177ff0c8a012e117f4dcb06c8,1,4298b7e67dc399c200662b569563a2b2,6973a06f484aacf400ece213dbf3d946,2018-01-31 02:35:02,170.9,8.94
bbcbe43eab7a6c93f7f05992378953d3,1,c0c17f0a42c3ebda98f5805722969aee,cd68562d3f44870c08922d380acae552,2017-08-03 01:30:14,59.9,15.17
bbcd8e46520fed222134c829d40f79a6,1,6803077179d24889430188e03fafd31a,128639473a139ac0f3e5f5ade55873a5,2018-05-08 12:55:12,19.9,12.76
bbd7db7bb1fab02f393167df71863946,1,4c8c1d73644dce680ac36856d70c1f9d,af3ef48d0e13835e529c29ac573c63e5,2018-08-27 19:55:14,53.0,23.98
bbe5ef975154a7473c4c595fa3385edc,1,b6e352d888ba31d8999af279cd63aa24,f61c63d13f7cd800549d5acdd390ae72,2017-12-04 22:57:11,59.9,13.44
bbeabf588cfd1094a645e92fcf277020,1,a188cd985f0f3f455caaba35a00dc5ff,5f5b43b2bffa8656e4bc6efeb13cc649,2018-01-19 19:50:59,169.9,18.44
bbf7ad105edc929937625364891dc8c6,1,dd47440cb56de3ab674f9208ff0edc3e,3bdff180c7e1f6551a643b99c265a120,2017-06-19 12:50:25,69.9,19.98
bc14e28998f2436b7a9adbaad226703a,1,b2a276c8b8261ba2c2c46bcfa1f522ee,f8db351d8c4c4c22c6835c19a46f01b0,2017-05-31 03:05:23,85.9,16.36
bc1b81dde530e5b064a559906643fcff,1,90ef6790cfc145cf45f9c476d1f47af0,3d871de0142ce09b7081e2b9d1733cb1,2018-01-23 18:49:28,89.0,13.64
bc3551dbac6e56b70347f161a1c0e434,1,b18040a8b795afd0802abd9c3755ea64,c864036feaab8c1659f65ea4faebe1da,2018-04-19 13:51:16,149.9,23.59
bc5089284951e16d020460e18de85fad,1,8983a3b149303c013fceabef902e835a,9f505651f4a6abe901a56cdc21508025,2018-03-29 12:27:28,99.0,9.05
bc6f0d20151b72e478b552a053707ec6,1,1dec4c88c685d5a07bf01dcb0f8bf9f8,712e6ed8aa4aa1fa65dab41fed5737e4,2017-12-27 19:31:13,559.0,41.43
bc877ab9e18f1ce0fda75eab87a0ca8a,1,b5e13c9a353102f79c6206ff5cb61a50,a49928bcdf77c55c6d6e05e09a9b4ca5,2017-10-13 02:25:12,79.9,13.58
bca8bef56cc32e6f9374350f671f7229,1,c92f0e7b9d49a9543558d6532772441b,5dceca129747e92ff8ef7a997dc4f8ca,2018-05-11 16:52:39,129.9,59.11
bcaa7f7240deb32b0410ee6cc085d9b4,1,dd4bb630f241ce3910d9595b395efeb5,6061155addc1e54b4cfb51c1c2a32ad8,2018-08-15 10:30:19,128.0,8.16
bcf5665129063675d2d1006d95d3c813,1,430d215740da7fdda91cc938f8fd92f6,0887a9f087bcd5d9f6642b52f897fc6c,2017-02-06 23:09:15,104.0,14.9
bd1a75149b4f3c4c2810386211835917,1,f71f42e2381752836563b70beb542f80,85d9eb9ddc5d00ca9336a2219c97bb13,2017-12-18 09:50:41,31.9,12.48
bd34db34f886a82d2f7e9214b6fd01e0,1,3dd2a17168ec895c781a9191c1e95ad7,de722cd6dad950a92b7d4f82673f8833,2018-01-16 20:08:16,159.9,17.0
bd6a4be98625711812fdabccdcdff8ca,1,3fc00af0f0a8d4ac2933d3900416c977,7a241947449cc45dbfda4f9d0798d9d0,2018-05-04 15:52:18,99.0,13.83
bd6ab28252f15e7c57f212a725aa1c37,1,389d119b48cf3043d311335e499d9c6b,1f50f920176fa81dab994f9023523100,2018-05-14 15:09:59,53.9,16.07
bd72f84bd892f4e829d7fa262004487d,1,e297db380aba505a729f00cd61b149d9,5d3bb11474a06bdc23fb9e89f1164ee0,2018-03-08 13:09:29,99.8,16.46
bd73b77940b4755971250ad4a3cd95b8,1,d48bacc1dcd9c86bf1ed4ed2a303336c,406822777a0b9eb5c50e442dd4cd3ec5,2018-03-19 04:15:39,44.9,22.93
bdce854b86e3fe8851225cb4d17f0776,1,d272d0921188b0bd91542d704b21404e,8b321bb669392f5163d04c59e235e066,2018-05-10 18:29:58,11.55,7.39
bdf4423bf60eac03b6786ebd0e507cc1,1,2636a9812d151c718b53387171ce08be,b17b679f4f5ce2e03ce6968c62648246,2017-01-30 23:10:07,30.97,10.96
be13978ecac5e754184c77063ea75e2f,1,b55dc1f03665edbb665ad508d87d3ae0,1900267e848ceeba8fa32d80c1a5f5a8,2018-08-23 05:09:36,28.99,12.86
be13978ecac5e754184c77063ea75e2f,2,b55dc1f03665edbb665ad508d87d3ae0,1900267e848ceeba8fa32d80c1a5f5a8,2018-08-23 05:09:36,28.99,12.86
be16722a27c9d9dcf7054c682b72b3f0,1,060890b1af8cc031e9dde49cf544f884,8581055ce74af1daba164fdbd55a40de,2017-07-19 21:43:38,94.3,25.5
be6619cf0f41dbf6491aafc3b5a0d638,1,7d537f37cb20c7ccb74397390322047d,a416b6a846a11724393025641d4edd5e,2017-11-16 02:47:23,84.52,11.8
be6619cf0f41dbf6491aafc3b5a0d638,2,7d537f37cb20c7ccb74397390322047d,a416b6a846a11724393025641d4edd5e,2017-11-16 02:47:23,84.52,11.8
be73d4698f2f4939662dd7788cf3dad3,1,feb593f17c2f51af2932dbba3e99f1cb,e21a1e8be4715b0fcfd5385643bc49c4,2017-07-20 16:45:18,29.9,15.1
be82634d36d47e922d16c1dc2c0291c4,1,ee0c1cf2fbeae95205b4aa506f1469f0,cc419e0650a3c5ba77189a1882b7556a,2018-03-13 15:50:34,53.99,15.26
be8e82214fcaada34c6b645f54e20737,1,2fd89f236e3e8f4b81b7b74f09f40186,f214d28e8d8e3ef068748498ccc2f813,2017-12-04 03:31:44,29.99,14.1
bec5e390bd832706d84b46aba9c4a83b,1,2535db191954746776aa1f51dc1a9651,ca7c6bd577e559472af1c699de9e764e,2018-03-28 12:08:58,18.5,8.29
bedc87ce363e6bf8c8868b96b2213ae4,1,e33df02e384487f2bcd3788619f89215,53e4c6e0f4312d4d2107a8c9cddf45cd,2018-03-05 03:55:39,17.0,12.69
bef03713fe5980450be9ff427e26b699,1,857be5cab7b9c69b973ce723ca69c9f7,33cbbec1e7e1044aaf11d152172c776f,2018-07-10 14:25:46,38.62,19.46
bef797897a2dddfbb08f9dff9c5ef7b7,1,5237c554fade603fbb83dcbcdadcdaac,3db66a856d18a9cba7c9241fc5221c50,2018-07-25 10:05:19,129.9,15.98
bf2167abb407021a362558b6a9fe6bc3,1,6c3effec7c8ddba466d4f03f982c7aa3,37515688008a7a40ac93e3b2e4ab203f,2017-11-30 16:18:27,24.5,16.79
bf30a3536883051dca847b3f007a9963,1,d9d319caa9e0b2993d581f53f036ba72,218d46b86c1881d022bce9c68a7d4b15,2017-08-15 10:05:42,97.0,12.18
bf5a44a0843a026ecf32a63d882550f5,1,94950d6ddd0b24c0d15f7f09d61a8148,cfb1a033743668a192316f3c6d1d2671,2017-03-10 09:25:10,157.0,21.18
bf6e868e898464ab301f89d753979d4d,1,51ce723ffd19d9d8d7893b8e835bf3cf,23613d49c3ac2bd302259e55c06c050c,2017-06-20 02:35:36,89.9,27.18
bfa2d90f225e338dc4f848b58789a3e5,1,154e7e31ebfa092203795c972e5804a6,cc419e0650a3c5ba77189a1882b7556a,2017-10-05 19:49:16,23.99,14.1
bfadb548852a3f28f3beba2245ccd552,1,b49315bbc5fe119fafd17c53f573bfae,95ec4458365c4d11f452ccf538377619,2018-05-24 13:10:31,18.9,7.71
bff91283b9a8721d0491825a37e59d89,1,fed5c40c27e1c88560a9e92d82ee0825,128639473a139ac0f3e5f5ade55873a5,2018-03-12 10:10:26,19.9,22.06
bfff22b563631e997a4a22dd4b87abc2,1,73bcea88583002fe12b7399af4ae60da,4869f7a5dfa277a7dca6462dcf3b52b2,2018-04-06 14:30:37,134.9,13.38
c000556923c9e9f96eb1121213f153b0,1,2b4609f8948be18874494203496bc318,cc419e0650a3c5ba77189a1882b7556a,2017-12-04 16:31:00,89.99,9.44
c00634be8f1613b3019605c2cc96d06b,1,b4f2839696df5de18aa7168fa62f650d,d91fb3b7d041e83b64a00a3edfb37e4f,2018-03-14 19:49:14,159.0,51.61
c0064eb733991511a78ddc2fdba0effe,1,5135301d684848b74276f22afcc6781c,7722b1df1b0e383e000397b2c11e3e19,2018-07-06 11:31:18,49.9,9.1
c00ec2c5d2f145b694e4f478c71c5711,1,15d9c7e1411ece24a0053b1e876e4d4c,4869f7a5dfa277a7dca6462dcf3b52b2,2018-01-19 13:49:58,688.0,16.32
c02e19b57ca332a2dd2e61ff8b2f07ca,1,a92930c327948861c015c919a0bcb4a8,6560211a19b47992c3666cc44a7e94c0,2018-06-18 02:17:18,78.0,22.48
c0364ee18a0b18e6da5e7754cf4f4e8a,1,e53e557d5a159f5aa2c5e995dfdf244b,88460e8ebdecbfecb5f9601833981930,2018-02-19 11:47:05,74.9,12.65
c0452c14e00c9d8c3f5f30c189382329,1,c91fd1bf3e75d3b29370483ffda5eee0,ea8482cd71df3c1969d7b9473ff13abc,2018-06-19 22:20:35,27.99,18.3
c056578fe94b80e3f1e732d013df9374,1,9256d5ffeddcdb1ee516de53414ff1a2,ea8482cd71df3c1969d7b9473ff13abc,2018-03-07 21:15:30,21.99,15.1
c0567ba9f6736e00d05c404aac7c9430,1,08fb1fed44ecc852b3ab9363b00d1c03,ea8482cd71df3c1969d7b9473ff13abc,2018-07-05 20:31:51,24.99,7.44
c05f8f8d85ec06af1b5de0baa7050f4e,1,d2f5484cbffe4ca766301b21ab9246dd,36a968b544695394e4e9d7572688598f,2018-08-14 10:25:13,12.88,7.39
c08f913d8edeabde7839e5b6a953ecf3,1,aca2eb7d00ea1a7b8ebd4e68314663af,955fee9216a65b617aa5c0531780ce60,2018-03-25 22:50:40,69.9,12.43
c09dc7da8af0513857f422dcf06a46ae,1,94f584e1a1158e97314c59b190dfb899,2528513dd95219a6013d4d05176e391a,2018-05-14 04:32:18,329.0,43.06
c0a5ad81be45e1a04365870aab5cfb4f,1,db05baa32930ca5fbdb515b0ff8fba0d,0e982cff76cc0579f632cea8a0e38c9d,2017-10-03 02:49:14,320.0,11.66
c0ad22fb83f1019e8abbdf1d38ffe6aa,1,fc2053a22dde0b067898ea436a86ec6e,cca3071e3e9bb7d12640c9fbe2301306,2017-10-17 00:14:42,122.55,18.23
c0c7bd9b0f4864ea4d1e2671ce38bff8,1,de480e3ae31eea2d2d97d694c43172fc,1838dd9b8977065acf51d95e0053ea7a,2018-03-05 03:55:32,28.9,15.1
c0cb48c270009fc128318b2f9eda3bec,1,da98cf62c7fe9452761e782902ad71a2,d91fb3b7d041e83b64a00a3edfb37e4f,2018-04-26 18:30:46,61.9,18.31
c0e1586eda89047d683b2bc7d902037c,1,15557c53492889a2b63e65df34a738ab,6560211a19b47992c3666cc44a7e94c0,2017-12-18 23:49:55,45.0,7.78
c0e1586eda89047d683b2bc7d902037c,2,380b4664ba5bb18cc9db78ee6bac3558,6560211a19b47992c3666cc44a7e94c0,2017-12-18 23:49:55,29.0,7.78
c10f283ced7431fdfdcc159b12344b11,1,d581a9097bc2a13adf46bbd864ee0d08,709e16e2b25c7474d980076c6bfc4806,2018-06-15 20:32:00,59.0,13.07
c10f283ced7431fdfdcc159b12344b11,2,d581a9097bc2a13adf46bbd864ee0d08,709e16e2b25c7474d980076c6bfc4806,2018-06-15 20:32:00,59.0,13.07
c118740a09411f06ab15de06c2623c7d,1,5b226d7c52f86ac72457617f78cff95d,1835b56ce799e6a4dc4eddc053f04066,2018-04-17 21:10:15,56.99,13.76
c11e1e377e956e9d5bec2b0fa2ddc067,1,fdb86e192fdd20037175daab38af9656,b2ac621f0d0322434d04a12b078b9369,2018-06-21 09:58:08,359.0,26.86
c13a4b8b536a4584745b7d62ef958ee7,1,98600823ba81f3ba76386dac7c31ee06,abe42c5d03695b4257b5c6cbf4e6784e,2017-12-20 14:31:37,389.0,11.1
c1559efbfbb38d83f6280b505bd3e0df,1,e25331bf25687974d6fc419b3bd576dd,f52c2422904463fdd7741f99045fecb6,2018-07-17 18:50:14,27.9,8.36
c15a3ce7617aeffb3bfed1f6340d66e7,1,1107055c5c960ef6e183e781260aeafd,ea8482cd71df3c1969d7b9473ff13abc,2018-04-12 19:30:11,24.99,7.39
c1bb3ffb1aeb6afbe42101499bd15708,1,d159157f1837c548e960ea0e9b00b259,6a0cbc8af2e8abd1bdfb777943d174c6,2017-12-06 02:20:22,115.0,16.44
c1e8ab8d063eba72d530b57e5b05f919,1,25c38557cf793876c5abdd5931f922db,5dceca129747e92ff8ef7a997dc4f8ca,2018-03-08 02:16:04,999.0,31.44
c1efdd2d9175b13e263d77e6ff0803ff,1,b6bdebb92f595f00c73bd42e0e3a8517,ef506c96320abeedfb894c34db06f478,2017-10-23 04:06:55,25.99,7.78
c208742c454c4a949a6126eade1d2ef0,1,2bbafc7b18384308a1fb3f64c022b25c,6b3bd31ad8fcda4b2635ec9f3ff2ecdf,2018-04-25 08:30:06,159.0,17.08
c20880befd228c3983ddefda4f2549db,1,c166691d2e429a2e3ed641e29aaeb7f1,1da3aeb70d7989d1e6d9b0e887f97c23,2017-05-25 08:10:40,13.99,7.78
c20880befd228c3983ddefda4f2549db,2,289d248f6a9046a0f0be47cda2b45537,1da3aeb70d7989d1e6d9b0e887f97c23,2017-05-25 08:10:40,13.99,7.78
c20b8787cc61fb390fe578ddf1995933,1,4a25fe90f6685b9fc991af9a796f74c3,4a3ca9315b744ce9f8e9374361493884,2017-10-02 04:04:31,153.0,12.57
c23296e1255abac91cb3a637f4f084e3,1,e503a0c255ccb611962015bac936f938,5abb8ea023c77787f2c15da891c8d384,2017-05-09 11:35:40,389.0,90.64
c2392e568835f3d748e67d74da04c934,1,0aabfb375647d9738ad0f7b4ea3653b1,37515688008a7a40ac93e3b2e4ab203f,2018-03-19 09:08:41,32.5,18.23
c24d5cfbabc3f3d25c944b62f3501bc2,1,165f86fe8b799a708a20ee4ba125c289,7ddcbb64b5bc1ef36ca8c151f6ec77df,2018-03-14 09:55:32,176.99,17.21
c263f74f0ce9f6d9e0f4608a22a67dfd,1,ed2067a9c1f79553088a3c67b99a9f97,cbd996ad3c1b7dc71fd0e5f5df9087e2,2018-05-14 09:09:47,56.97,13.56
c283d7942d2bbca2c27a9c15ee2a390e,1,c18399e510fd09e3186d34f4206109d7,6560211a19b47992c3666cc44a7e94c0,2017-11-30 21:35:21,189.0,17.76
c293ca42a5c5696d69f9de1acff91b4d,1,7868a64aa111bbb4f41f8e1146c0becb,cca3071e3e9bb7d12640c9fbe2301306,2017-11-22 17:52:44,55.83,13.41
c2ca2bb17ed706c909f7011c18b1ba98,1,54e5939fcd9ae70ad0f59f612d6d29bd,48436dade18ac8b2bce089ec2a041202,2017-10-09 03:56:32,45.9,13.23
c2e8b417a29b392b9f49a30a868489cf,1,327018136fd4a966408df8243383a233,6560211a19b47992c3666cc44a7e94c0,2017-07-12 21:25:16,149.0,15.79
c37564a174d094e685810303fd46b582,1,250a5d56eaa9f1bb1a998ddb0a10a2f9,44073f8b7e41514de3b7815dd0237f4f,2017-05-15 23:33:09,119.0,16.53
c37cb17f3802e061e745a83732cb1503,1,d692d19cee022f7acab76373f297ad6a,fdb9095204a334cd8872252ffec6f2db,2018-05-10 16:13:44,127.0,11.51
c37cb17f3802e061e745a83732cb1503,2,d692d19cee022f7acab76373f297ad6a,fdb9095204a334cd8872252ffec6f2db,2018-05-10 16:13:44,127.0,11.51
c3a3138b83444e2e6c24b0bdd327bd30,1,ff5d87897ed26d564711df324b98ebee,fa1c13f2614d7b5c4749cbc52fecda94,2017-12-18 00:14:09,279.9,9.21
c3fe6314b2bcaa6de6f9611550dfa399,1,3e824028352cd013af85473283f832ce,db2956745b3a8e9f3785c99f34b5d25e,2018-08-13 15:05:14,209.0,24.61
c410904a63a021b7cc16816947ea4769,1,13db47eae724e2848e12b71a617a3a41,7d13fca15225358621be4086e1eb0964,2018-03-26 14:15:33,467.0,24.98
c41d48eaf09ea5de1864866821efe3c1,1,5c535d2479b9759c3bc8d6ac57085cf0,4e922959ae960d389249c378d1c939f5,2018-06-14 11:54:18,159.0,43.17
c45686ed86426af3f7be41420b6020ea,1,97f1396a5a1f7c07ba51784efdec44b8,955fee9216a65b617aa5c0531780ce60,2018-05-14 19:31:41,139.0,23.55
c46eb22210707fb554e033849d39b24c,1,9613dd0d7c6c50922dbbda403223381c,7dc8c42cc750eeafea6c85712ffee9bf,2018-05-23 03:16:19,129.0,12.81
c487fa98ecd15cd13d1467d49ec6af47,1,16e556eacc104de6e97b84512d426240,fe2032dab1a61af8794248c8196565c9,2018-05-10 03:35:18,265.0,17.82
c4a4340f8f35d5289ea5eb4dd44815f4,1,de916cab431520b8d1980c24bf4dd473,3d871de0142ce09b7081e2b9d1733cb1,2017-11-03 16:10:07,19.9,2.31
c4a4340f8f35d5289ea5eb4dd44815f4,2,e4ad97ce352e46bebac92018f6ed976d,3d871de0142ce09b7081e2b9d1733cb1,2017-11-03 16:10:07,79.0,23.11
c4c8026516207b8ad1e841c44bd630d5,1,ac44def10e24998cdee20a208d691127,8160255418d5aaa7dbdc9f4c64ebda44,2018-05-11 16:52:36,89.9,14.72
c4ed5db53397cdd0f24bb4ba48f769f8,1,9c7bdf67b06b419aefb93cfdfc96c55d,e9779976487b77c6d4ac45f75ec7afe9,2017-06-28 22:25:18,15.0,8.27
c5009ef153ccebb4f2dfd12660198737,1,363218ba55c610b750224f90bdd34be1,33a6f4b1e7cdc205511e76ba1b6e0186,2018-05-25 02:15:28,77.99,12.4
c52d58426aab3759ad2cf6fcb69e4add,1,6a2961a3f5c85026ed1b3406a9ac27cd,3d871de0142ce09b7081e2b9d1733cb1,2017-08-07 04:30:38,75.9,38.08
c557060689aaaae43b1c0369e2a1e221,1,a3a7f611af275e93e51407214929f119,1dfe5347016252a7884b694d4f10f5c4,2017-11-24 12:11:30,60.0,12.76
c55dca0234aa65398ed85315bcf5b062,1,4e5dc46fe4e31dd605f374ee43f0268e,de0c78824586e9a5f5f04fd84e25df39,2018-06-18 20:45:13,103.0,18.82
c566fd2719c6f9e102a841c474cb490c,1,1bab2e484686f57566de99a627223576,1dfe5347016252a7884b694d4f10f5c4,2017-12-18 17:08:53,74.8,15.69
c566fd2719c6f9e102a841c474cb490c,2,4e4533c3f5832b58737e5a6229fe39f5,1835b56ce799e6a4dc4eddc053f04066,2017-12-18 17:08:53,35.9,15.69
c57d8a1fea15380a18f9f81e1096ac9b,1,5e3b4b17383b90a3129e552bd71bf2b8,516e7738bd8f735ac19a010ee5450d8d,2018-06-06 23:51:07,84.9,16.56
c5ba516dae0f7c34ba8ad92dad570249,1,3932e37f1f658768ac53fbe680f145bc,4a3ca9315b744ce9f8e9374361493884,2018-08-28 21:15:17,51.9,14.67
c5d3fae065a8090bae39f4f34b14cd06,1,b73091f98b819cf7a339f74ece86aa4b,a6fe7de3d16f6149ffe280349a8535a0,2018-06-29 10:14:04,59.9,18.52
c5dc5eee680080a268100b420f8e960a,1,2d0090282bd77e1ae0f6336ba500facf,4371b634e0efc0e22b09b52907d9d469,2018-06-08 15:51:47,30.0,7.39
c5dc5eee680080a268100b420f8e960a,2,2d0090282bd77e1ae0f6336ba500facf,4371b634e0efc0e22b09b52907d9d469,2018-06-08 15:51:47,30.0,7.39
c5dc5eee680080a268100b420f8e960a,3,2d0090282bd77e1ae0f6336ba500facf,4371b634e0efc0e22b09b52907d9d469,2018-06-08 15:51:47,30.0,7.39
c6404ad1d7ca9a20609c6a3179e06293,1,423b46d7ff817b1cd19ab195c7b76546,6560211a19b47992c3666cc44a7e94c0,2018-04-01 23:31:44,55.0,12.83
c68cb1496648de6d9c8ee2e4475f8fc3,1,6831b5d22263248cd732a13b207fd68a,725c32fa80c2faacc4fc88450d27314e,2018-05-04 14:52:27,85.0,8.95
c69a753d027c44254d7964a47718c07e,1,422879e10f46682990de24d770e7f83d,1f50f920176fa81dab994f9023523100,2018-05-16 01:10:11,53.9,22.96
c69e067f9b64eea56517834d123baf0e,1,34dabb8af33b3756cf72df05fb327011,e62b2d6ac10570a035a30bafcf01d263,2018-03-01 17:55:25,52.0,14.11
c6be81e3c1e9e15e5893e19d7ce49647,1,88d524b8b5576da63abf7b16bef48a39,2a1348e9addc1af5aaa619b1a3679d6b,2017-01-30 20:15:14,48.9,14.11
c6c17394464f987209982d3f1423f068,1,aca2eb7d00ea1a7b8ebd4e68314663af,955fee9216a65b617aa5c0531780ce60,2018-05-18 19:31:37,69.9,0.0
c6c17394464f987209982d3f1423f068,2,aca2eb7d00ea1a7b8ebd4e68314663af,955fee9216a65b617aa5c0531780ce60,2018-05-18 19:31:37,69.9,0.0
c6c8efeaf2205f11be796833a750f49e,1,0a57f7d2c983bcf8188589a5fea4a8da,4869f7a5dfa277a7dca6462dcf3b52b2,2017-10-30 10:35:18,119.9,16.47
c6c96aae858cf470816e5080de363e47,1,d339b523c298009f15d242a3a99392c7,3d8fa2f5b647373c8620330c4e077a9f,2018-07-23 20:10:18,69.99,14.07
c6f49d29ad6cd1c719dc77e8a432154c,1,cc63d91555437d9d8d9ae7bf007a1f2c,7ad32824caee82087b3e2e5f33b1bf32,2018-06-21 11:32:01,45.0,12.98
c7077af9c2e19b516a79690cab23a96d,1,dfb97c88e066dc22165f31648efe1312,8581055ce74af1daba164fdbd55a40de,2018-02-12 19:50:30,139.0,15.73
c72e93d7e98b14432271347cec69043b,1,154e7e31ebfa092203795c972e5804a6,cc419e0650a3c5ba77189a1882b7556a,2017-05-08 09:32:19,19.99,14.52
c736eebe212e3065b4ca629fb98389f8,1,3c5229dee6997f28485a65cbabceacb8,dfa0c4c6229ab200a4a1336b4d7128ff,2018-08-27 07:50:12,63.0,16.63
c751f7b0f44fcb8bd374ef518ad5c466,1,3d98ab25b3b0c893c78f2ce1dc31e1c4,8d956fec2e4337affcb520f56fd8cbfd,2018-04-04 23:07:55,54.99,15.26
c751f7b0f44fcb8bd374ef518ad5c466,2,3d98ab25b3b0c893c78f2ce1dc31e1c4,8d956fec2e4337affcb520f56fd8cbfd,2018-04-04 23:07:55,54.99,15.26
c756513ece003700723bfa5e6f8abc65,1,90e72f6ceee757db03bba3a4eaef5dc4,7142540dd4c91e2237acb7e911c4eba2,2018-03-16 09:55:33,429.9,17.1
c75eebf08446545f765d7cfc1ab89342,1,3c5559ffe829dd89665484c98f0c4e18,6b90f847357d8981edd79a1eb1bf0acb,2018-07-05 11:30:19,69.9,9.24
c79c512fd61a1008f15dbf7ca2a8c7cd,1,9b7f6da9aa9f1e413a63bec7924fdd38,e5a38146df062edaf55c38afa99e42dc,2018-08-27 04:10:42,35.0,15.35
c7af2f59ff42f4410a1739111dbea489,1,c19d5ba108c34b8255cf9a524da92bc4,4e922959ae960d389249c378d1c939f5,2017-06-30 08:10:07,75.0,15.28
c7b0be5584c50efa8a9d95d3eecbece3,1,e48f857c5498e6408410be1fda8e0fe4,70eea00b476a314817cefde4aad4f89a,2017-03-23 02:35:40,1800.0,26.07
c7e1e46af92704b1c2e1924de96e7479,1,e0d64dcfaa3b6db5c54ca298ae101d05,2eb70248d66e0e3ef83659f71b244378,2018-05-30 04:14:31,124.9,7.74
c8035c255b0c345f46e7ed85cbaf1a79,1,f9eb0aeafb5aa02dd5889376063550b9,6fd52c528dcb38be2eea044946b811f8,2018-08-24 11:15:24,58.67,8.57
c82430e4a84f03b67cc2a82fecd873f0,1,35d6a7880150d5dacc9ad0c9a9cfb233,7b0df942f46435babab05d49b744b2c4,2017-11-13 04:06:20,283.02,17.74
c82a457d646f77c8f151e12a3e517ed2,1,81a3f1e46ec16acb4800a5002b014438,d9bd94811c3338dceb4181f3dbc0c73e,2018-08-12 21:25:20,136.78,8.22
c8426a2c3cc5c11e8aa0789c3238d4d9,1,a05f4c1d544848f9ee86f767c9cc0d4f,70a12e78e608ac31179aea7f8422044b,2017-10-22 23:49:08,39.0,11.85
c8a713dcca463bb2802f76c94667b413,1,a25ca6677a2f9475bd59f706ebbe4d4c,562fc2f2c2863ab7e79a9e4388a58a14,2018-07-24 20:10:08,29.99,15.31
c8c002c98c3b0b4d4136b84f76f635a8,1,6cdd53843498f92890544667809f1595,ccc4bbb5f32a6ab2b7066a4130f114e3,2018-02-02 18:12:42,349.9,40.0
c8d07bf0161cd0a2aacc163c238f397e,1,ff4c1a248a5110d784de5c67a9106d67,f45122a9ab94eb4f3f8953578bc0c560,2017-07-14 19:50:17,220.63,14.56
c908311ac45b5f0fa0a2a362fdf6b233,1,5ccdfc35d9cff8db4fa46b83d5712899,238fac594e170b59c6d228f5a4f4f1d9,2018-04-23 15:50:34,119.0,39.71
c94ddd241e51ad691efa43aaee5b7f7d,1,952670bc019a73f0933157ec82ff6e4f,37be5a7c751166fbc5f8ccba4119e043,2017-07-26 08:50:13,205.0,26.27
c9577dccdc314ce381822a54b1eaf22d,1,063c331b19ce7f951a2abb159e30386a,822166ed1e47908f7cfb49946d03c726,2017-12-04 03:33:20,64.9,17.7
c96bb2323dfac3672b0a52e5add6b1f8,1,3f0376e782caf27ef19342d8e5c7e6f5,8b321bb669392f5163d04c59e235e066,2018-03-21 20:48:45,15.0,18.23
c992f37682e64f4ac2ec63136c54369d,1,a291cc846d74d97f01611894f983073b,de722cd6dad950a92b7d4f82673f8833,2018-07-20 09:15:13,189.9,19.48
c9abb9f3b4b71b87bfbc5645a02cf8cc,1,89b121bee266dcd25688a1ba72eefb61,2eb70248d66e0e3ef83659f71b244378,2018-04-20 18:30:28,79.9,13.0
c9abb9f3b4b71b87bfbc5645a02cf8cc,2,89b121bee266dcd25688a1ba72eefb61,2eb70248d66e0e3ef83659f71b244378,2018-04-20 18:30:28,79.9,13.0
c9af5ac1e116ade464741593ef70e986,1,5ae42f9d8352b9edd11800ebd575f4f7,49cdc90518a4f82676b38b3c1aa43ff6,2018-06-15 11:31:18,499.9,24.58
c9c52a54f8c144ef40de99a8a74a3ec6,1,c6e513054b982283c1cbbb2a45d02d83,f8db351d8c4c4c22c6835c19a46f01b0,2017-07-12 17:10:16,31.9,25.63
c9cb31bb489f9ed567f42b13d15d8d28,1,8580e348f827bc4699d12de9afc2305f,54a1852d1b8f10312c55e906355666ee,2017-05-25 20:25:15,21.99,17.63
c9db1bfe07af2c4724a461a704c1ec67,1,da09111354db562f50dffb0476a96828,3a3e46d10f74d8a6ca76e2b538f106a0,2018-08-03 19:20:20,35.0,8.41
c9ff04aa260f20f8b69d7a6dce2327c7,1,134a6fc4a713a799266ebd6a4f4008d4,08633c14ef2db992c11f840f04fad4cd,2018-04-09 05:08:23,33.9,7.39
ca2f0670d0d753e332c0ae97f466c9b0,1,b042c934bd8f4316e7b38633aa14266b,1d8dbc4f32378d715c717c1c1fc57bae,2018-03-01 02:15:29,109.9,14.5
ca35a20423cabbc81c577f3ffe72169d,1,cd20f878813b93b6ad1df1b299775b0d,9c068d10aca38e85c50202e17b4a7e88,2017-11-08 21:50:21,139.9,20.22
ca3a17e05aaef4739aa16cc63be8a117,1,813a30050677eb6996e12eea9ad400bf,01fdefa7697d26ad920e9e0346d4bd1b,2017-08-07 23:45:07,439.0,33.41
ca4d9163f73c29c767a726571e8baf23,1,1837cb3869c5eca2fd665cffd1ec1854,e8b3a3a38279a82f0e5d006d5e5b7d2c,2018-02-27 16:10:23,99.9,18.27
ca7296a83aa279afb28c2388a4f48891,1,2b4609f8948be18874494203496bc318,cc419e0650a3c5ba77189a1882b7556a,2018-02-15 10:10:17,89.99,12.97
ca786c07fdbcd2a6beb42eab64c23a3e,1,fa3bea10a666ef8afb1557f5e866b719,7c4618c82226628831613e95e9c22f44,2018-03-28 18:09:30,10.49,7.87
ca8371fd938708a12fe7ddb1d5d7d14f,1,64d0feb1bcf9c7fe7b5dad3271c10910,e5a38146df062edaf55c38afa99e42dc,2018-02-21 23:15:43,89.18,15.38
cab8cba54a55cc19762e10bf029dae6d,1,3f865b4848677595ed67740b3330d99e,f262cbc1c910c83959f849465454ddd3,2018-06-14 15:30:51,249.99,9.91
cacc1fb58a377d93574c303d6c901986,1,0aabfb375647d9738ad0f7b4ea3653b1,37515688008a7a40ac93e3b2e4ab203f,2017-11-13 09:06:11,24.5,11.85
cb064e8f8f0371573859e393d973c337,1,138dac44dc568cd36c6f1d1e5e181d5d,f8db351d8c4c4c22c6835c19a46f01b0,2017-12-04 03:26:01,36.9,17.6
cb110387675cb9e3354ff5fc1b25346f,1,fb9e76805845146bdd3dbee717b27979,70eea00b476a314817cefde4aad4f89a,2018-04-10 11:09:55,289.9,35.57
cb1529a953c6df155505c4e2863b3b10,1,422879e10f46682990de24d770e7f83d,1f50f920176fa81dab994f9023523100,2018-04-11 17:10:23,53.9,21.35
cb1529a953c6df155505c4e2863b3b10,2,422879e10f46682990de24d770e7f83d,1f50f920176fa81dab994f9023523100,2018-04-11 17:10:23,53.9,21.35
cb2acc8f1def3d443b4716cdc8188102,1,f8b29b398eeec313dd704d04a432af3a,7178f9f4dd81dcef02f62acdf8151e01,2017-12-03 22:07:26,18.9,16.79
cb61ea5ecf3a762ee7460dc23d50fffd,1,0b5c6dd6ca91fd2a318e99749b0ea57d,b499c00f28f4b7069ff6550af8c1348a,2017-12-27 15:31:24,34.99,9.09
cb740e05716c376f1e99f0509fad75c7,1,df4495e4ea59aae2f22d349cf4b9ab19,4e0d109ccfba9a1151c103049880c857,2018-06-08 17:50:33,180.54,53.39
cb765962c1cf94ab1a1c8646ba7060c4,1,5ac4f7986643a944501c66a2257bdd73,3df020b72d3d44b3af9d110fa3940b65,2018-01-11 02:08:40,49.9,12.69
cba3306126337d8de821145b22b9b0e0,1,bcb815bba008d89458e428078c0b9211,e5a3438891c0bfdb9394643f95273d8e,2017-12-11 09:22:06,48.3,8.27
cbb54b440099b6c4994d1109f3968b97,1,f40e67d9fbad11e25f958cc8b534af73,2d2322d842118867781fc737e96d59a1,2018-06-25 00:31:12,19.2,8.29
cbf962ea0d3753eb77e28f576f636f71,1,06ad93d66e91d09df5ce746906d9658b,da8622b14eb17ae2831f4ac5b9dab84a,2017-11-03 12:45:48,219.9,48.98
cc20f1526c8c9725da26e2563d40260e,1,ac5bae85a895724330c4acddd581b02b,7178f9f4dd81dcef02f62acdf8151e01,2017-10-30 02:56:45,199.0,16.14
cc378c27f87ead12f2c154eb5fde22d2,1,11875b30b49585209e608f40e8082e65,669ae81880e08f269a64487cfb287169,2017-08-01 12:25:15,65.0,15.2
cca0fdbe32d86d386a95c02433412640,1,66fb81c8c95a92236d7858a4303dc0a4,4e922959ae960d389249c378d1c939f5,2018-07-03 10:30:46,149.0,22.97
cca4026695c4b2f280bc099e58601c71,1,19421075ae0b585f2dc13ff149e2119d,4c2b230173bb36f9b240f2b8ac11786e,2018-03-06 09:56:21,45.9,14.1
cca4026695c4b2f280bc099e58601c71,2,19421075ae0b585f2dc13ff149e2119d,4c2b230173bb36f9b240f2b8ac11786e,2018-03-06 09:56:21,45.9,14.1
ccacf38d836bb451f51a555780ea425c,1,02dc711c164ca9c218d316491801ced9,77530e9772f57a62c906e1c21538ab82,2018-01-22 13:10:11,148.0,18.29
ccb211459abb148401c4f7c596524cae,1,2e9575efe2eb834f5673cb75df8537f9,fa1c13f2614d7b5c4749cbc52fecda94,2018-08-15 13:55:18,249.9,16.85
ccb3e2fc8477b6fd3e3edf0dad0211b6,1,ff3ec972ebd16eb98d55e8ea2fa255ee,46dc3b2cc0980fb8ec44634e21d2718e,2018-08-07 23:30:08,219.99,15.13
ccefed81ada949952e76166b19f2b723,1,67810bda0db346d0eee1ac3c6314af35,25e47381a6c510ddeb36084e33b89f0c,2017-06-02 01:10:25,95.9,17.92
ccf9f826a9a2889f396bc19425443c9c,1,606a5b6dec14661643801e2cbf308b04,9674754b5a0cb32b638cec001178f799,2018-02-06 17:30:26,57.9,9.34
cd0a3a0546d575990039ca72965ced27,1,3fbc0ef745950c7932d5f2a446189725,06a2c3af7b3aee5d69171b0e14f0ee87,2018-01-31 09:58:31,61.99,21.23
cd16e890b276ec7a7e2e93ba379339e1,1,e0cf79767c5b016251fe139915c59a26,da8622b14eb17ae2831f4ac5b9dab84a,2018-04-19 12:50:28,29.9,7.71
cd24256f456d55df11e3049017c86d05,1,3e4176d545618ed02f382a3057de32b4,02f5837340d7eb4f653d676c7256523a,2017-11-23 17:35:47,142.5,15.76
cd323a618a599ad1cedaeb75d1d5b8fd,1,096b00d9037146606b19d614cd67ab65,66dc1b1632bd6a3e508510c5b3492107,2018-02-15 12:48:04,139.9,15.73
cd3e9759dc483946db2133168746fddf,1,64f905cf518f84bfe0fbcc33bf6f0e9a,7b07b3c7487f0ea825fc6df75abd658b,2017-07-04 11:05:15,159.9,25.67
cd472c4843f0157551fb2c99b21d3786,1,086351823300e0339f6955b27998c186,33a6f4b1e7cdc205511e76ba1b6e0186,2018-03-12 02:35:36,115.0,15.57
cd49c5c6f772ac87200f116a7a5499e5,1,72a30483855e2eafc67aee5dc2560482,c3cfdc648177fdbbbb35635a37472c53,2017-03-15 02:51:06,99.0,17.43
cdab66293e2e4ea2b956d8016c5ad97d,1,a4c1d75f5db22319df894cf3f4609b81,66922902710d126a0e7d26b0e3805106,2017-12-19 09:12:24,115.0,17.06
cdb67b9f52b1b7cd79169a5aae48d7c2,1,656e0eca68dcecf6a31b8ececfabe3e8,00fc707aaaad2d31347cf883cd2dfe10,2018-03-19 12:15:42,85.0,13.71
cdd2f841bc21ca6e8cb60fe51a640bd4,1,d1c427060a0f73f6b889a5c7c61f2ac4,a1043bafd471dff536d0c462352beb48,2017-12-13 22:10:52,149.99,45.13
ce361366b38e58d923fe2e3cc60521f9,1,6c706bd66d6df5b9eaa716699943efd0,77530e9772f57a62c906e1c21538ab82,2017-09-07 21:32:19,148.0,14.77
ce500b2ca0d960f937fb4d24282d3291,1,31c50827b6b5d0f51d61c8b2aa98f6e6,7a67c85e85bb2ce8582c35f2203ad736,2017-01-31 12:15:07,129.99,21.54
ce6d6c97c681b91f6a645bf24c8da7ff,1,d986e4bd747ca20b348abcd013cd1303,440dd6ab244315c632130ecfb63827b1,2017-12-07 20:30:48,154.9,14.1
ce8502b200546c12a54e51a65f313f34,1,3c2f792f1041177a81913a977431a99e,6ee85be3693ed79a8e80718743d80655,2017-04-03 14:55:08,29.5,16.05
ce8cdf8291104b56565b8e6c6fb62901,1,cac9e5692471a0700418aa3400b9b2b1,7ea5bfa6c340f58f8e71fc1f0412b0d6,2018-04-09 20:49:16,115.0,15.69
ceca30e6de65f20adb181e92932941a3,1,5a848e4ab52fd5445cdc07aab1c40e48,c826c40d7b19f62a09e2d7c5e7295ee2,2018-03-26 20:10:25,122.99,18.74
cecccaa359491439461332bbb0dad3d5,1,3dd2a17168ec895c781a9191c1e95ad7,de722cd6dad950a92b7d4f82673f8833,2018-03-06 23:50:34,149.9,56.94
ced669a0f18cc433701f1011449b80fe,1,31d6f0a621ee145ae8c70304cf564483,6560211a19b47992c3666cc44a7e94c0,2018-06-28 18:18:21,35.0,7.51
ceea3b56a13c40b2f0186e69472ac7cf,1,25e2023ed83352bde98dc1490d14c3d8,de23c3b98a88888289c6f5cc1209054a,2017-12-18 12:19:30,119.99,12.04
ceea3b56a13c40b2f0186e69472ac7cf,2,25e2023ed83352bde98dc1490d14c3d8,de23c3b98a88888289c6f5cc1209054a,2017-12-18 12:19:30,119.99,12.04
cefb2c1509c176244d633a5f3f38e24b,1,2187a2f05e362364c24d44feaeb40243,46dc3b2cc0980fb8ec44634e21d2718e,2017-11-30 00:17:50,99.99,20.19
cf08f889cfc7f4e20d52cf7c6828eeee,1,d285360f29ac7fd97640bf0baef03de0,2eb70248d66e0e3ef83659f71b244378,2018-07-25 10:24:15,155.97,19.19
cf18cc607f8e7571b9df511e66edb910,1,7698e984bafd195f739522d13645012e,07bf9669d84d1f11be443a9dd938f698,2017-07-26 14:50:25,48.0,16.6
cf307f492c4cc991cceb55f6c2a2370f,1,3b0f7951038b105522c2d566b54421f7,562fc2f2c2863ab7e79a9e4388a58a14,2018-02-20 15:30:41,29.99,14.1
cf5d7dcf1c4473152f3cf16bb9e6584f,1,ebf1c13032246ea801765e8cb5417365,cb41bfbcbda0aea354a834ab222f9a59,2018-06-18 09:52:07,399.0,162.92
cf785a05b67a9d6bc87e8cb56ec94e77,1,6d5b63b6c4575265bb9236cf355baed0,ce248b21cb2adc36282ede306b7660e5,2017-11-09 14:15:43,559.9,48.38
cf8152b6a51ad306ad09a2d253c8133c,1,6d07236d4abe99b5b1cbf368971bf6e7,01fd077212124329bac32490e8ef80d9,2018-08-21 20:10:05,38.0,12.93
cfcd1b446010715bb44c1babfe225e6e,1,b687f7d54b34a215172bf55f9584584a,76d5af76d0271110f9af36c92573f765,2017-03-23 07:07:43,108.9,21.21
cfcef16acd7d85fcc9bc9bae5166f845,1,4689718bc1b839a9baeaa91d2c278598,259f7b5e6e482c230e5bfaa670b6bb8f,2018-01-24 22:55:57,139.9,21.82
cfd5d5311ae38742b4ecdbcf4c3662a7,1,f27aff266ad97e75d4a24c893b2c311e,f62d7bb4a613ec758a03342d46b580b2,2018-02-15 19:08:12,750.0,89.28
d0083f5db0e3fade5d9a7dc768e8df46,1,5115d8cd6438c0c4d8abdf38d5d41ebd,6560211a19b47992c3666cc44a7e94c0,2018-07-16 22:24:06,69.0,18.58
d00c0296f63ccdcf9062c425887095e6,1,c20a3f598c16d77249da67e81caa8317,955fee9216a65b617aa5c0531780ce60,2018-08-05 22:35:17,32.0,13.8
d00e79f339bb76a1b6dbcc8cb41934e7,1,f0354861ab19941a53209c2acbb1b604,5a425cc503b39b262a847fd6212bf53b,2018-06-13 20:15:08,94.9,18.54
d04eab35da4dc8a5fbab6771c0a8b517,1,c708ba7c6269161f89ce0683cdd7c432,6560211a19b47992c3666cc44a7e94c0,2017-03-24 19:08:57,49.0,15.65
d0f2eab6dd80aa594023f8ed3bd024be,1,90e7f883fbd53dbb43ea8c32eb63ebe9,6860153b69cc696d5dcfe1cdaaafcf62,2018-08-23 23:35:15,94.99,40.96
d110ac83a8b313d9d5e17d9ed61e7804,1,64b4f32393cbf55be791078e7a2adca0,612170e34b97004b3ba37eae81836b4c,2018-07-26 08:55:24,119.9,18.94
d13f0023cb08bf6e41a2479ca897f64c,1,db1e6fed56643b852af3132d255d9ddc,da8622b14eb17ae2831f4ac5b9dab84a,2018-03-20 20:35:27,299.9,42.17
d152d9b39cef5941978b389e5ffee780,1,51e8feeedd83467b86a79aa2769367c5,1da3aeb70d7989d1e6d9b0e887f97c23,2018-07-02 21:15:12,17.99,7.39
d152d9b39cef5941978b389e5ffee780,2,51e8feeedd83467b86a79aa2769367c5,1da3aeb70d7989d1e6d9b0e887f97c23,2018-07-02 21:15:12,17.99,7.39
d1574473ad1d4a427f66f0d1d6bf7985,1,0c35aab0ba0e5a36a652fc2b10f2c102,4b39558c138930b9e5489c93b6df5fe3,2018-01-22 13:55:39,360.8,36.33
d181dfce5d8355bc51c2370c6910d4bc,1,061885af8dbda5739d592a153655e574,9c0e69c7bf2619675bbadf47b43f655a,2017-07-13 17:30:19,238.81,19.63
d181dfce5d8355bc51c2370c6910d4bc,2,5496efb86aea6e3862b6cb394dc020f8,9c0e69c7bf2619675bbadf47b43f655a,2017-07-13 17:30:19,238.81,0.37
d183fc49f91a7ab7a5450ffc7057a6ff,1,322c315bc0661c64fdcab7a70dbc0354,e8b3a3a38279a82f0e5d006d5e5b7d2c,2017-12-08 19:56:59,99.9,13.72
d192eacb35dd2f0aa30709fe7560ee4a,1,ae27a5524edb2c8dc4656c670f458fb7,8e6cc767478edae941d9bd9eb778d77a,2017-10-19 21:14:17,60.6,28.82
d19868a76a0e39afe462fa942122200c,1,a0b7d5a992ccda646f2d34e418fff5a0,95f83f51203c626648c875dd41874c7f,2018-01-05 19:09:24,69.9,80.66
d1ab8de1e279bd8a55e4135f83d5c599,1,489b5af4a311587c81ed419dced92dba,3fac58ce0ad699020c7944d53c41329c,2018-08-02 20:44:37,39.98,13.28
d1ab8de1e279bd8a55e4135f83d5c599,2,801abf9ab81269e94b64dd62fbd50fc2,977f9f63dd360c2a32ece2f93ad6d306,2018-08-02 20:44:37,78.67,13.28
d1ab8de1e279bd8a55e4135f83d5c599,3,8999ae93f98ab5d5b5f5efbd4c2b8f88,903037660cf848a717166eb7a06d616e,2018-08-06 20:44:37,39.99,13.28
d1ccec3180d63d8bfd37f65d34f07da5,1,3b8b957801a5b4bca1a4f5d1f5d32aef,45d33f715e24d15a6ccf5c17b3a23e3c,2017-02-07 16:30:51,9.89,17.78
d1d9e82abdaaa28b562b48d23f5e8203,1,2624c8b856235b0499572d609ffd0930,7dc8c42cc750eeafea6c85712ffee9bf,2018-06-06 14:11:34,249.0,12.37
d1d9e82abdaaa28b562b48d23f5e8203,2,2624c8b856235b0499572d609ffd0930,7dc8c42cc750eeafea6c85712ffee9bf,2018-06-06 14:11:34,249.0,12.37
d244f2083d5bb47133c5b240a8f6013d,1,df3a82b424a1bb351c314547f6644066,4e922959ae960d389249c378d1c939f5,2017-06-20 23:25:17,75.0,12.03
d24cf30658f279bb1e8677169e43e44a,1,31b5755dd3e583e7c227a935657a818f,8d956fec2e4337affcb520f56fd8cbfd,2018-07-31 13:25:22,59.91,15.52
d24ea7235cbfd0959d74ed0ce8d59c5e,1,569ffd16f8032478cbeb9800f2e94ba0,20cb7c2fde3e5bf10f0bbe7394e1c6a9,2017-06-29 13:10:22,16.9,15.1
d274c6fec283184db0a84729351bf6cc,1,82e4ad16521ca131d95e198d507db370,128639473a139ac0f3e5f5ade55873a5,2018-05-16 22:30:53,18.9,22.06
d2816e182d8750e410a4288b16a9ecd6,1,4ae6bbbe40edd8689f356e7d822c6dd3,ffa6adafb71b807dc13159e26431354c,2018-05-10 18:30:23,179.0,15.3
d2a113300be1ad556e4d030e6b83a0e0,1,69bad3501e439434005e16bfcb98968e,12b9676b00f60f3b700e83af21824c0e,2018-01-08 14:13:23,199.0,47.92
d2b4c76c2ccfe2f70c1488434a362f56,1,f9cce3e19235fa7d11942f69caaa22c7,7202e2ba20579a9bd1acb29e61fe71f6,2018-08-15 08:55:26,339.9,20.48
d2bde0599318c433d8e3420c8f65427b,1,92785d022b4e0e6b7cafc45f87a281fb,e5a3438891c0bfdb9394643f95273d8e,2017-11-30 17:13:26,34.3,8.11
d2cbe14a29b243f01171170540ddc94d,1,5368f8caaa939da050e8dfd7d08fde62,2f4b0d3b9634b647d4edee577d7ebb7e,2018-03-15 17:30:47,11.9,7.39
d2cbe14a29b243f01171170540ddc94d,2,d951b7ee80638f0b34111a091327be42,2f4b0d3b9634b647d4edee577d7ebb7e,2018-03-15 17:30:47,11.9,7.39
d2cebfc5f806510626e7c16ef6413ae8,1,f13628923537912e1cce9e6c00d9f4df,594f9aaa48e5bf431f011ddc5669b0d5,2018-05-23 23:05:21,69.9,8.64
d2dd22a82e41003562f87ca88e02b0b9,1,c154ff1c4c87fe2e76bf46db6cd29d59,7299e27ed73d2ad986de7f7c77d919fa,2017-06-20 10:25:21,189.99,14.35
d2e15d8894685652160e7545fd304610,1,c46c87888b081cf424913fd74b9b6e87,e4ebd3f87bf70440014f07ddda7fbe03,2017-12-13 21:31:18,98.0,12.19
d2ed261659527fede5c1fe6fc288c366,1,8794dfe7cd526fa69414f8364e09470c,537eb890efff034a88679788b647c564,2017-11-20 23:35:39,28.9,14.1
d2f67144a4e6d027140260ae9ed6b648,1,010951987d78f9d52fbf50a43b690ba1,3340ef1913fb70d28420f6ceb685c339,2017-03-16 09:07:24,177.9,30.18
d2f67144a4e6d027140260ae9ed6b648,2,010951987d78f9d52fbf50a43b690ba1,3340ef1913fb70d28420f6ceb685c339,2017-03-16 09:07:24,177.9,30.18
d2f67144a4e6d027140260ae9ed6b648,3,010951987d78f9d52fbf50a43b690ba1,3340ef1913fb70d28420f6ceb685c339,2017-03-16 09:07:24,177.9,30.18
d3220f2771d590e93736b9078ab008ce,1,a8856d651600289b162f857e26838480,9616352088dcf83a7c06637f4ebf1c80,2017-12-13 16:16:27,59.9,13.44
d32fbb7b9c7d393b293c80e66091ee4b,1,772583ef39582ddf5068eba0296c24f7,e5475dcab1e07b63d7f6e902d8f5eda8,2017-09-14 15:45:19,110.0,20.26
d33a24a5ea67f8f5a06b0a32e53f3acf,1,dcd7a14115098925c83dd54daab99cbd,aba1721a889e04decc910aa13b768ef4,2017-05-23 04:10:25,63.0,15.19
d3514b69ed01da5883fcaaabfe29453b,1,fe9dfbe7f974621789683b7b78be2a16,900ba814c251a692506d7834c1218441,2018-02-21 11:15:32,326.16,33.03
d367a93b215e8828942054fc3799c834,1,060cb19345d90064d1015407193c233d,8581055ce74af1daba164fdbd55a40de,2017-05-25 19:25:23,147.9,15.79
d3a2d71aecfd58b0ddd6b9d7b56ed55d,1,3516632e8f52b679ff83d1665ecc990e,e9bc59e7b60fc3063eb2290deda4cced,2017-07-30 22:23:14,75.9,25.81
d3b59b9a0767514f777439a668f564b8,1,9d395a6bc9dbad2dfe60c8c92d8df397,77530e9772f57a62c906e1c21538ab82,2017-02-09 12:31:58,148.0,19.63
d401e4eb313c624cb7c140e43e38192e,1,e478d0bd1efbc9329837d30c174bb850,cca3071e3e9bb7d12640c9fbe2301306,2017-07-17 16:45:15,29.9,15.1
d43d694cf81ca89d8e50c6f3c199f0de,1,a0cb23ea9b98f51407ac7bd1fcd29c2e,7d76b645482be4a332374e8223836592,2018-01-25 16:59:45,19.9,14.1
d44df0d4c71052d8b2a3bd5c50bd42b5,1,f422d0d9f8b5f7c27289382b14b61248,1554a68530182680ad5c8b042c3ab563,2017-02-11 09:31:33,66.99,18.0
d463e4364316dbd023b1db62f1117693,1,e9ceb9123d3103b7ad293c168dd3a547,5f06030071324cc52bf0304014ac7234,2017-09-04 11:10:19,195.99,19.26
d46a98b33046509aec0ca7142d63b9b1,1,956d19f9b8366d1675cc4ffd0bf10d87,744dac408745240a2c2528fb1b6028f3,2018-03-20 20:55:53,198.0,20.08
d4807c19de2116d311ed3abe6ee42d8a,1,fe6a9515d655fa7936b8a7c841039f34,dc317f341ab0e22f39acbd9dbf9b4a1f,2017-10-27 19:49:20,249.9,83.61
d4e413e096efb5d9b209b28ac79c62b7,1,be837f2e0152a208d4386f4126d5bd7c,f8db351d8c4c4c22c6835c19a46f01b0,2018-07-02 09:31:19,29.9,11.94
d5126e0c4988c70a3808041792214dcc,1,202bd859659a841de892b00c341300ff,6560211a19b47992c3666cc44a7e94c0,2017-05-05 19:25:10,35.0,10.96
d52ec59371d4477349b3a26e9607dc2c,1,a896b01f0fb94712f1e92bf9b0ebbe0e,d9a84e1403de8da0c3aa531d6d108ba6,2018-05-11 18:31:32,9.9,7.39
d55d5f2d92f548bd9928f3edef443395,1,fe4cd3c795135b4f84e2da5a82ac84a8,a8739afb32aaa45e01815ca76f76f54b,2018-08-08 19:45:14,24.35,15.27
d57afd1eb0696854d3351e5926aa9813,1,d443be168a577afdf50d59932d3b78c7,e9bc59e7b60fc3063eb2290deda4cced,2018-02-26 09:07:31,125.99,13.9
d5a6117da9e539f1a08e0443644788ff,1,c1f5307decb89342351bec53668cffd9,ea8482cd71df3c1969d7b9473ff13abc,2018-07-02 22:10:14,29.99,18.31
d5b0848c1878546fbebe673d1d679b83,1,ee3cfb33869693f2a7e8417c795d8cfc,0c7533c71df861ec58ad7ff999ed0e8d,2018-04-30 09:30:30,39.9,12.79
d5cae76a3a1157f7947579bf8ae13f18,1,7ae8d9b8eca8a6daf066e53ddc7034d3,128639473a139ac0f3e5f5ade55873a5,2017-05-31 21:05:16,12.9,15.1
d5cb12269711bd1eaf7eed8fd32a7c95,1,79da264732f717f10ebf5d102aa6c32a,562fc2f2c2863ab7e79a9e4388a58a14,2018-05-18 17:31:40,29.99,12.79
d5cbbe1602100752cd72f9630321613d,1,deafa3faa1b80a845f4fbfb3ffa5d0b8,b2ba3715d723d245138f291a6fe42594,2018-01-11 12:09:08,232.9,16.39
d5cdc053cdfd98fad4a2330ff501852e,1,99a4788cb24856965c36a24e339b6058,4a3ca9315b744ce9f8e9374361493884,2017-05-15 09:35:23,89.9,12.13
d5d0829757e3f168a603b3c272d96fff,1,ec2d43cc59763ec91694573b31f1c29a,1c129092bf23f28a5930387c980c0dfc,2018-03-13 19:55:32,47.9,24.48
d5fbeedc85190ba88580d6f82d1d5ed3,1,04af9f3af5c6afc4eece909c25330934,6560211a19b47992c3666cc44a7e94c0,2017-05-19 12:12:07,129.0,8.16
d5fdd830fd27ad1acd2e9b17c08e6e92,1,1261bcae25b0000829246aa58e284a2f,7aa4334be125fcdd2ba64b3180029f14,2017-12-11 04:18:34,86.99,13.63
d6021b689d20a82e885a61d75888df6a,1,4f9172df8e9ae60aa90c14fb36afbcbb,0e982cff76cc0579f632cea8a0e38c9d,2018-04-09 07:50:12,109.0,18.64
d6021b689d20a82e885a61d75888df6a,2,4f9172df8e9ae60aa90c14fb36afbcbb,0e982cff76cc0579f632cea8a0e38c9d,2018-04-09 07:50:12,109.0,18.64
d60af32e2107bccc3efe66e3faad59c6,1,629e019a6f298a83aeecc7877964f935,c003204e1ab016dfa150abc119207b24,2018-03-22 02:50:51,119.9,23.38
d61fb054800247ebeef5200e8bf9c9bd,1,5aed6af9bb6c3f903bef12b8c56e235b,a806a4bb063ea7ca6d374eafa50a6058,2018-01-14 23:50:39,54.9,14.13
d61fb054800247ebeef5200e8bf9c9bd,2,62c7230e65fd9da6326284606ee1b197,a806a4bb063ea7ca6d374eafa50a6058,2018-01-14 23:50:39,54.9,14.13
d625545017fc7c86aee1dd49f0471c0c,1,0aabfb375647d9738ad0f7b4ea3653b1,37515688008a7a40ac93e3b2e4ab203f,2018-03-08 02:50:47,32.5,11.85
d6290a5294ee8d7eb9b6aafd583e59e3,1,cc3181a81384b6fc34602d49cb6068a6,e882b2a25a10b9c057cc49695f222c19,2018-01-18 14:13:02,1054.0,64.05
d65f26752fd6834bfb0a567b581dde3b,1,a2a91fe6d8762e0371abd964cef88ec6,4992e76a42cb3aad7a7047e0d3d7e729,2017-07-31 17:50:23,25.0,14.1
d65f26752fd6834bfb0a567b581dde3b,2,100260bf9206d859dc8db128c8c5afc9,4992e76a42cb3aad7a7047e0d3d7e729,2017-07-31 17:50:23,25.0,14.1
d687704e16072248fd77450d3d4b70d6,1,154e7e31ebfa092203795c972e5804a6,cc419e0650a3c5ba77189a1882b7556a,2017-05-10 19:42:58,19.99,24.84
d6aac305add81d76183a41fa21e7a3e1,1,fb29f48bfea41db52e349454f433340e,897060da8b9a21f655304d50fd935913,2017-06-19 16:10:14,22.0,15.1
d6ba0aa53ad5742259d45436b54d2b46,1,70e4915197d6c96ebbed11364d8ce3bd,18a349e75d307f4b4cc646a691ed4216,2018-05-22 19:56:40,100.59,11.33
d6f81840dedabe214cbfa42226e7dfd4,1,2b3b11d70c32fbfc8e850fb68985a000,70849ca4f400aaabb62cb7462a6f1428,2017-12-20 18:18:20,89.99,22.5
d74cdf7dea16668a34d57964004f0e94,1,26abb7e42cded69ba9b3736643ebeb39,4869f7a5dfa277a7dca6462dcf3b52b2,2018-06-22 04:16:51,695.9,18.45
d776b075b96169ae9e7c789eeb991435,1,bc3d15dd90a6794ea7710f1642aae319,6b89abe95848c850399130d149a39b63,2018-04-12 02:48:23,145.9,55.28
d7a1546121d90a9aaae7a851291d2ac6,1,515ba7ccc6abbd1c0f5016704a0184e2,66922902710d126a0e7d26b0e3805106,2017-11-21 13:50:36,80.0,16.81
d7b2d3b902441cf3dd12cd125533217d,1,35afc973633aaeb6b877ff57b2793310,4a3ca9315b744ce9f8e9374361493884,2017-11-07 11:47:06,89.9,17.88
d7ebe26f7b9c7600c40edd2b0edc7afc,1,0ce1e35bdc6af7e582e7ef9363e29b5b,db4350fd57ae30082dec7acbaacc17f9,2017-05-29 03:22:53,15.99,34.15
d7ebfa9a59497087b6f2383f00689fcf,1,3ece1fcd5a64459a4e24143920178f42,77530e9772f57a62c906e1c21538ab82,2017-11-05 23:05:48,49.0,15.1
d7f6ace2a350940d10999a89ceb44d72,1,aca2eb7d00ea1a7b8ebd4e68314663af,955fee9216a65b617aa5c0531780ce60,2018-01-15 12:14:33,69.9,24.94
d80b2f94bd1ae8c94f10c5084b1ee36a,1,4723ab93377036eb7e0c15dfca8c8ce6,e8f6dc8e6a1dcde89d20e3995c8d90b3,2017-08-17 17:55:14,35.9,7.78
d80b473a1e39c2640618ae7d6e181f4d,1,064d09b1de34c17dbacfa4096f79f256,282f23a9769b2690c5dda22e316f9941,2018-06-28 20:17:53,48.87,8.85
d80b473a1e39c2640618ae7d6e181f4d,2,064d09b1de34c17dbacfa4096f79f256,282f23a9769b2690c5dda22e316f9941,2018-06-28 20:17:53,48.87,8.85
d865ad03de9edf74fc6bc89b5bd52706,1,6adab229374835b551f6402e0dc53267,f8db351d8c4c4c22c6835c19a46f01b0,2018-08-16 12:50:21,49.9,14.66
d8764a0bfdbd63c0dbcb665b8eafb7d8,1,5570e58fb62fc2a83e5bda3974e35be5,da8622b14eb17ae2831f4ac5b9dab84a,2017-10-26 03:05:55,99.9,13.72
d8b5d1ea87d75046c7b453b1b128fcc3,1,848064637fb2f160e5456e94f1f58d5c,a3e9a2c700480d9bb01fba070ba80a0e,2017-09-21 15:05:09,65.0,16.08
d8c441318d48082352e8592142db807c,1,0af4dce351fbee7db329f93260f68142,ac6417315ae5da8f9a38ee11de6f7780,2018-02-26 15:30:42,72.5,36.02
d8d8abd9a4aa1b36575678bdf5e9d23e,1,bfebe3af6798e21f14c80263db86b7a0,a888faf2d1baececa6baf9c3d603ee1f,2017-03-19 22:47:16,313.9,17.9
d8e63c9990a74e7e6a7f16ad81251a3c,1,38a3986954ae656fba0263c496a8b447,4a3ca9315b744ce9f8e9374361493884,2018-08-28 12:55:24,62.5,13.1
d9107994bd1bf31404591bce06a547f8,1,431dc11c26a67c6a49e81cee84f35b28,66e0557ecc2b4dbea057e93f215f68d8,2018-02-15 02:34:52,399.0,18.55
d95c203ba62b39ad3c3a2df8d5e7c052,1,e0cf79767c5b016251fe139915c59a26,da8622b14eb17ae2831f4ac5b9dab84a,2018-03-01 02:30:53,29.9,8.11
d95ca1fcb72812383e41e2eb7ca65dc2,1,f07ef9dd6e2d9a366ff30a25e210be70,62c50c1af4dfdc4149d25c5222043d39,2017-04-05 20:42:21,139.99,21.43
d95ca1fcb72812383e41e2eb7ca65dc2,2,f07ef9dd6e2d9a366ff30a25e210be70,62c50c1af4dfdc4149d25c5222043d39,2017-04-05 20:42:21,139.99,21.43
d95ca1fcb72812383e41e2eb7ca65dc2,3,f07ef9dd6e2d9a366ff30a25e210be70,62c50c1af4dfdc4149d25c5222043d39,2017-04-05 20:42:21,139.99,21.43
d95ca1fcb72812383e41e2eb7ca65dc2,4,f07ef9dd6e2d9a366ff30a25e210be70,62c50c1af4dfdc4149d25c5222043d39,2017-04-05 20:42:21,139.99,21.43
d965c84427fa1d6daad237adfbf75554,1,0ab20af8197d84bc8831765be67b4cc6,5dceca129747e92ff8ef7a997dc4f8ca,2017-11-28 02:39:32,388.0,25.59
d98222e2d133bcdcb2352eb1161ddd30,1,08b2b99a87e01c87c200a459bb3f4bc7,4371b634e0efc0e22b09b52907d9d469,2017-11-21 15:47:53,55.0,17.64
d99c77f6eb93e9cdfca26e997f54530e,1,0b0918a3b5efe0c8ea609a26b14e1bff,ea8482cd71df3c1969d7b9473ff13abc,2018-04-25 19:51:01,24.99,18.23
d9c5d64c3fa1b1abf251ddf4cb2683ee,1,6ddc95e87149457c4c5177b0a474a9ba,79ebd9a61bac3eaf882805ed4ecfa12a,2017-12-11 04:14:00,9.99,15.1
d9c5d64c3fa1b1abf251ddf4cb2683ee,2,809ab2033b8267fc321860bf0d4dbb11,79ebd9a61bac3eaf882805ed4ecfa12a,2017-12-11 04:14:00,14.9,15.1
d9c5d64c3fa1b1abf251ddf4cb2683ee,3,c59f580bd1844c1f634ce410bda0a6ea,79ebd9a61bac3eaf882805ed4ecfa12a,2017-12-11 04:14:00,14.9,15.09
d9d4008eda3f55c6d4fff91cff923793,1,a70d74f54feefedd8108c45553766340,a6fe7de3d16f6149ffe280349a8535a0,2017-12-18 03:53:04,49.9,11.85
d9e85a628a68f162d46b273ae52d0119,1,cbdb31ccb8741d52e26bf2a42c1648d1,7040e82f899a04d1b434b795a43b4617,2017-09-20 02:55:20,79.9,14.31
da1a0dd3bf29adb14c8a77fca7388c11,1,a92930c327948861c015c919a0bcb4a8,6560211a19b47992c3666cc44a7e94c0,2018-08-01 22:30:15,78.0,13.21
da225376046ab771e41a24f84f53f536,1,af51d485dc5255ba2e18b21b550156e6,5dceca129747e92ff8ef7a997dc4f8ca,2017-04-17 22:05:24,259.9,68.52
da53145615b1d679fc6a9f3121d8bd85,1,efd7af8312533d58ccb5ac26304dd3d5,ea8482cd71df3c1969d7b9473ff13abc,2018-08-21 18:29:20,19.69,8.3
da7025e8d32030ef1d9e4a200eb7dcec,1,0bbdc963004d9b2fd3427ee3c5ae3608,06df0c10d34e459d9672bc77388742eb,2018-06-21 20:18:50,349.0,24.37
da81fbc27b55e0f3d2813cf2078dc780,1,beec9bc2305d3372fa3b3133ba3fd644,5d378b73ab7dd6f0418d743e5dcb0bd1,2017-11-23 21:26:34,1699.0,56.35
dab991912deff0b6f34c2ac665fd566f,1,56ad64ea1d19bc4b26b61088d89e6f41,30a2f535bb48308f991d0b9ad4a8c4bb,2017-07-04 02:10:21,49.9,17.63
daf946e879dab6e7e6b3f968297c3fe3,1,d2d39433df84064b1556612cc52cefca,6560211a19b47992c3666cc44a7e94c0,2018-02-15 14:08:53,49.0,7.78
db04082694e24f9e426fd68f516b46a3,1,9ab817d90bc61ed772ffea01b4cdcdb6,db2956745b3a8e9f3785c99f34b5d25e,2018-05-22 17:21:32,149.0,8.81
db3d8c47002a9d03c4220a0a0bccff78,1,f8077831f3c3f393fb67b93c5acd8daf,213b25e6f54661939f11710a6fddb871,2018-07-11 02:52:29,79.9,19.75
db60e917f3e707779a0efd2b52354951,1,0ca16017057f20d572b8c01fcd7c5c28,79ebd9a61bac3eaf882805ed4ecfa12a,2018-02-02 11:35:28,119.9,17.17
db60e917f3e707779a0efd2b52354951,2,a8828da272eadaa78eed16beefd526fa,79ebd9a61bac3eaf882805ed4ecfa12a,2018-02-02 11:35:28,69.9,17.17
db7a9e1d2cbac54cc7ead44f1ae8535c,1,165f86fe8b799a708a20ee4ba125c289,7ddcbb64b5bc1ef36ca8c151f6ec77df,2018-02-22 15:46:57,176.99,15.99
db7b454406f5f1f11a4aeb0ee58f473b,1,218de70a5a63ca13ad448aa4706d8ce1,44073f8b7e41514de3b7815dd0237f4f,2017-10-24 17:07:39,27.0,16.79
db98938fd988c1be7290b8fda2801afa,1,a7b497445896c24d425d100e4f03d8cd,23c38debaffe4a25a30fdbd9b586a13f,2018-04-25 01:30:18,39.8,18.23
db9f2956d5aa9406afedc858c51c2f5f,1,2ffdf10e724b958c0f7ea69e97d32f64,4869f7a5dfa277a7dca6462dcf3b52b2,2018-03-18 21:48:12,224.0,19.45
dc078338903735916fab84f036188dcc,1,db858d1d14f31fbf7f38036ac7a3fcf4,4e922959ae960d389249c378d1c939f5,2018-04-27 08:30:51,75.0,12.97
dc12fa02210be1acbcc15ed310547ba0,1,3713c1ed7f99a240189778a1ef65d6d8,fd386aa7bed2af3c7035c65506c9b4a3,2018-05-15 07:30:48,24.9,15.23
dc15d43ae100ecc5bac78d9e974af643,1,cfb79bfbdaf59cfe2e9ae0a071451f32,f7ccf836d21b2fb1de37564105216cc1,2018-08-22 22:10:19,39.0,13.85
dc66d02aa72baeed7ea19e8d5bf9531c,1,d39315154e72bfcbb3b85863ecdc41d6,6f229cc508fc6915ed5c499efd93baa4,2018-06-29 00:14:38,149.9,14.64
dc952dba5b4ae9cc2ea0eb4757f0cdd0,1,a62e25e09e05e6faf31d90c6ec1aa3d1,634964b17796e64304cadf1ad3050fb7,2018-08-10 18:44:40,105.0,19.93
dc9a75be849e46bc94aa327ac9bc13a8,1,5f19455f0c3902e89f16a6042bd4221d,900ba814c251a692506d7834c1218441,2018-04-23 12:35:25,414.62,20.82
dca63e525f9401c2d75b39006727511b,1,06c38a87544301cba8b0fb5a0796383d,dd533b429f380718b70ad9922c294bae,2017-06-15 15:15:16,52.9,23.24
dcc0ebfe0fa59c24fd859aacb8e1f2e9,1,0129d1e9b29d3fe6833cc922374cd252,080102cd0a76b09e0dcf55fcacc60e05,2018-03-29 09:55:30,7.78,7.71
dcc0ebfe0fa59c24fd859aacb8e1f2e9,2,9f14f401fce2d9ddd450e7ce60cb7f5f,080102cd0a76b09e0dcf55fcacc60e05,2018-03-29 09:55:30,10.37,7.71
dccf99a9f12d7217cd20878c985d55ac,1,d69e906470f99256b16bee14a0268fd1,7178f9f4dd81dcef02f62acdf8151e01,2017-12-11 02:26:54,89.9,15.38
dcd9141cf681c0a831e8988b32156d3c,1,27b8857ca0d1477e1ad34ffaba0b642c,70a12e78e608ac31179aea7f8422044b,2018-06-05 11:54:32,79.0,12.99
dcd9b00fff62919c208f9e424f8b2c13,1,fb7a100ec8c7b34f60cec22b1a9a10e0,d98eec89afa3380e14463da2aabaea72,2018-01-24 12:56:27,49.99,15.79
dcfe9b5776f30f14bdb7c5505d269c08,1,4b44730a7923e3c19eb67f1c8bfa1c39,594f9aaa48e5bf431f011ddc5669b0d5,2018-08-10 10:10:20,59.9,17.35
dd65c324819cce121f105ad9d9afa866,1,57398ec023989dbb7618acae002f3370,32fdd5d44ecb43dfd6a24b9369eca144,2017-04-25 03:50:58,59.9,17.26
dd6871ac691db075bd6f8e6c70576648,1,daafec509b3be08be40be8318dcd1b79,dc4a0fc896dc34b0d5bfec8438291c80,2017-11-22 19:15:46,59.9,16.86
dd71d407875ef4dd2c29c8eabd2bc56e,1,9ff8568dfb9041b898e65ff4018c8c57,bd0389da23d89b726abf911cccc54596,2018-04-26 12:31:21,99.9,7.88
dd800b5dd3395650111f9a4539000e7d,1,6d1befe53a3d28e0d0d8b3bfcce11195,bba74270a87732727b5a3b4fd9ac1c39,2017-12-01 07:28:30,399.99,22.04
ddc75e18227aa517946c2239d18d1300,1,698b3ddae2f0b80c2a48fb40624ca4e4,0241d4d5d36f10f80c644447315af0bd,2018-07-30 22:15:12,199.0,35.47
ddc7e0a6253bc5f668507296a8d17c85,1,5a419dbf24a8c9718fe522b81c69f61a,e26901d5ab434ce92fd9b5c256820a4e,2017-06-09 15:10:17,49.9,8.72
ddcc7bc75d833f11bb5c8a7c1eda0c17,1,f337ef897cbb898bf66be49d94c0bba8,1dfe5347016252a7884b694d4f10f5c4,2017-11-24 21:26:43,60.0,12.76
ddcc7bc75d833f11bb5c8a7c1eda0c17,2,f337ef897cbb898bf66be49d94c0bba8,1dfe5347016252a7884b694d4f10f5c4,2017-11-24 21:26:43,60.0,12.76
de09bc4ff6a9de96b6895cd565f80e69,1,fb01a5fc09b9b9563c2ee41a22f07d54,522620dcb18a6b31cd7bdf73665113a9,2017-03-16 19:23:25,689.89,26.76
de1404a068c6c8c909897886a314bad7,1,f422d0d9f8b5f7c27289382b14b61248,1554a68530182680ad5c8b042c3ab563,2016-10-28 16:27:21,69.99,17.58
de2c49d97356fa0fdc461064e86fe8f4,1,701e076c7aea72b5f668183dde0afa9a,b92e3c8f9738272ff7c59e111e108d7c,2017-11-23 17:55:27,49.9,19.59
de5569837d26b78e94dbcf0d72e29ba2,1,4cafc445fc7535c3b41b8978c0ce68dc,0bb738e4d789e63e2267697c42d35a2d,2017-12-28 06:56:23,79.9,15.06
de5a3a2e05f3b46629d00ae9b9422973,1,4473f3e5c65952b074ef987fa5c24662,ea8482cd71df3c1969d7b9473ff13abc,2018-01-25 02:38:48,29.99,11.85
de76f809479b8391b6166b1448d83f3f,1,7c5514c269002959274a50b996f04e82,d1b65fc7debc3361ea86b5f14c68d2e2,2017-07-10 16:10:07,189.99,12.83
de86d263fd8adbf70b390a50f59266e4,1,bb50f2e236e5eea0100680137654686c,f7ba60f8c3f99e7ee4042fdef03b70c4,2017-12-01 13:57:30,325.0,13.77
de8e149a85e92c7cf24c1f7318f5f1a1,1,165f86fe8b799a708a20ee4ba125c289,7ddcbb64b5bc1ef36ca8c151f6ec77df,2017-11-17 17:35:41,166.99,20.66
dea87e82c0c86203867522c013b7743b,1,efaeb3361423a3cb388b7bf8741ca075,da8622b14eb17ae2831f4ac5b9dab84a,2017-06-01 13:15:08,119.9,18.09
deaa5978bbef127b0a9c68e6a7f4c1e3,1,9b77a0a174a0b29b5720de6cfcc17ba9,85d9eb9ddc5d00ca9336a2219c97bb13,2017-12-08 02:29:47,31.9,15.79
deee3dcdb24a546fe11dbf20968395c8,1,c3ba4e8d3cb30049213b682e751e9d00,6560211a19b47992c3666cc44a7e94c0,2017-12-18 09:50:13,95.0,7.92
deee3dcdb24a546fe11dbf20968395c8,2,c3ba4e8d3cb30049213b682e751e9d00,6560211a19b47992c3666cc44a7e94c0,2017-12-18 09:50:13,95.0,7.92
def90fc6c7d21d34a14af3d6e4d866b6,1,192fdd97f716a6c79db0fdb15fadd854,de23c3b98a88888289c6f5cc1209054a,2018-04-19 13:30:40,179.9,9.61
df14bdc601f10bff4d2757a9710be81f,1,65fd9b358b7ee029fba34839e9c35fdf,9f505651f4a6abe901a56cdc21508025,2018-05-15 13:50:59,29.99,7.39
df3330ae0fa0cb3d71397806c44980d2,1,283fdfa75f7a2ae01b4dec87edd065eb,fa1c13f2614d7b5c4749cbc52fecda94,2018-02-06 18:08:11,429.9,10.59
df54015966b3fa00a42222b5a0e21348,1,c329abd2a10fad4a2f83377956328c67,adbe70ab2c97442046d393988c8d1d27,2017-09-15 17:45:21,59.9,15.18
df638e8bbe2b487525b22f5c7a5c9231,1,195d8e91830247a20eee5eb4c4236294,a5cba26a62b8b4d0145b68b841e62e7f,2018-02-26 17:28:07,279.0,16.7
df8bb1c5e34a83edbd547f2fa290801c,1,05a9dadb8402b6b7ae3dd28f7da187b5,522620dcb18a6b31cd7bdf73665113a9,2018-03-07 11:10:05,149.0,18.66
dfa1e5a290276c05629e2d4180ce6aff,1,bf35317e81a1e1477a2256328bce9e9f,cc419e0650a3c5ba77189a1882b7556a,2017-03-22 14:17:40,56.99,14.57
dfb95a7031f9abf6495bc955837c3125,1,f422d0d9f8b5f7c27289382b14b61248,1554a68530182680ad5c8b042c3ab563,2017-03-16 23:25:14,66.99,17.21
dfe927ca4859176d7377a7543078d4b1,1,b3a3a5bfa5a1ee872afa9c86b8a0d0fa,11bfa66332777660bd0640ee84d47006,2018-08-12 21:25:21,9.9,22.93
e0043b9e113bdc5f84b14893d62e00ac,1,c6e3c9a59b663e36a8b95b2dde81fa33,5b925e1d006e9476d738aa200751b73b,2017-11-30 04:15:21,159.0,12.32
e02d1acde68fc554aee0e2913c3179d0,1,a8856d651600289b162f857e26838480,9616352088dcf83a7c06637f4ebf1c80,2017-11-21 20:46:32,59.9,35.74
e030f5da42afc3b5b81b24d7c4d1bcb0,1,9bd01dd31e915573f3ab0bb9a6d7e113,ec8879960bd2221d5c32f8e12f7da711,2017-12-08 12:12:01,55.9,16.64
e06ff711ddcab05c3651a9b1bb003950,1,56b81eaffe3c2e7e54f3bdf2a935164f,391fc6631aebcf3004804e51b40bcf1e,2017-03-08 12:05:49,44.35,17.09
e06ff711ddcab05c3651a9b1bb003950,2,56b81eaffe3c2e7e54f3bdf2a935164f,391fc6631aebcf3004804e51b40bcf1e,2017-03-08 12:05:49,44.35,17.09
e06ff711ddcab05c3651a9b1bb003950,3,56b81eaffe3c2e7e54f3bdf2a935164f,391fc6631aebcf3004804e51b40bcf1e,2017-03-08 12:05:49,44.35,17.09
e0aa66d7588bc46f68bf32d34ab6562d,1,3fae92f8d0ebb3317991934a6d717c47,1900267e848ceeba8fa32d80c1a5f5a8,2018-05-04 03:55:20,69.0,18.95
e0aa66d7588bc46f68bf32d34ab6562d,2,fe6f03cedd96bcbc5c8726c5963fd35c,1900267e848ceeba8fa32d80c1a5f5a8,2018-05-04 03:55:20,54.99,27.07
e0c49af20b2a6c2089f40a9d7a60d6a5,1,e034d967d446f193a9d72f30a282c312,54065e9aef7e9e9c2dc23b7594db021a,2017-06-26 20:25:14,570.0,19.75
e0c51c7d23c16c36c365b7ae8bbe6782,1,bff67489d3a21dba020609ae1cbd65c7,cca3071e3e9bb7d12640c9fbe2301306,2017-03-16 10:42:45,189.9,16.44
e0e1cc569a1f7a8ddb27bf2c4168e479,1,652698dafbccac29d78c7ba70dceef10,44073f8b7e41514de3b7815dd0237f4f,2017-12-06 19:32:33,65.0,35.77
e0e83bdc2be394626d0f9177dcde0889,1,38fbdbd0a9be4733e29cd1afe360e23b,167fd940acebc789debd6eb418c46e38,2018-04-06 15:31:04,149.9,13.49
e0ff8fbdba29b1192269bb50ef72245e,1,cb9cc307a215ac435ec87b0f799e8dab,f680f85bee2d253556ac91be391d2c82,2018-02-08 21:15:32,199.9,26.15
e1000df659259b29cb73a4798ccd7454,1,b17808303e15dd50538c011b44295427,4a3ca9315b744ce9f8e9374361493884,2017-01-22 23:02:45,68.9,15.69
e11780f33e850a77d1b3c2fa13ed5d4b,1,fc1d8637c0268af3db482c14b7ef8e75,da8622b14eb17ae2831f4ac5b9dab84a,2018-05-14 04:31:18,164.9,10.67
e12019a9afee02a4355f3629cc804f9e,1,4b703444923b5e57bb73ba343f5ebab7,42b729f859728f5079499127a9c2ef37,2018-05-21 22:56:08,35.9,15.23
e12e00057650090fead5dc4e44cdbd0b,1,61b5c300f3e56ac6bda4cb54de396f9b,9baf5cb77970f539089d09a38bcec5c3,2017-05-02 02:55:10,49.99,10.96
e154274f8d5b5bcef8bb9f51a54b218a,1,6cd51331a07b84149502aa6c9c5b536e,c33a5c3c983090c8b78a28e65052a20d,2018-02-12 17:11:17,69.9,15.24
e18cae15f26662973fbe293e695ffcef,1,363218ba55c610b750224f90bdd34be1,33a6f4b1e7cdc205511e76ba1b6e0186,2018-05-08 07:30:27,79.99,16.53
e19a8635d806af6ae2d20b3de998b0c8,1,9b1689a9d895d266ce7134329b4e905c,f8db351d8c4c4c22c6835c19a46f01b0,2017-10-09 10:51:44,98.9,21.18
e1a6a65ef3f7bc155b0e21555a728931,1,7e437c1d65a7baab7e7ca6c9f4e98b84,b56906f7fd1696e043f1bcce164c487b,2017-10-24 13:56:15,65.0,20.94
e1a86e22da680449cba8e136ffa97f8a,1,eb8c629f70275fd1c4f809116cce1efc,1025f0e2d44d7041d6cf58b6550e0bfa,2017-12-07 20:16:30,38.4,9.67
e1a86e22da680449cba8e136ffa97f8a,2,d678178aa4291cd25a755a90188375c8,1025f0e2d44d7041d6cf58b6550e0bfa,2017-12-07 20:16:30,38.4,19.33
e1a86e22da680449cba8e136ffa97f8a,3,d678178aa4291cd25a755a90188375c8,1025f0e2d44d7041d6cf58b6550e0bfa,2017-12-07 20:16:30,38.4,19.33
e1ae83c728cb5ab4352082e5509056ff,1,9fe172fa8e662ca8572cf12abf8bce23,cab85505710c7cb9b720bceb52b01cee,2018-08-23 15:50:08,49.9,15.45
e1cbc1e8c3204aaecc891d1392f7b4d7,1,246bb3747799aedac65feef38ac9e734,66e0557ecc2b4dbea057e93f215f68d8,2018-02-14 09:33:23,399.0,17.54
e1d88321521ac026d9bc246154ee558a,1,e1ed9c25b42fc1afbc7459cc821a9d44,05d2173d43ea568aa0540eba70d2ca76,2018-05-15 18:31:46,58.8,18.29
e204c9b2f4c4eda05420bea7f4b7ac03,1,7f0362988b16ac7b5f65dc5fd0fbc77f,5656537e588803a555b8eb41f07a944b,2017-07-13 13:43:53,20.89,16.79
e21965e5414f7e165a71649e68030100,1,9da0bebb7f9168679e748abbfad05edd,d2374cbcbb3ca4ab1086534108cc3ab7,2017-04-05 21:58:38,25.9,14.52
e21e08b6eee6cda8f5cc69981707fa71,1,884186aaa2ba70b64827a86966f583bd,23d7c96d4a1160db1c726b248601b25a,2017-11-28 19:10:28,69.9,20.98
e21fd08d7e36f975120cb6392ee71ad7,1,f1c7f353075ce59d8a6f3cf58f419c9c,37be5a7c751166fbc5f8ccba4119e043,2017-07-07 16:30:23,205.0,26.27
e22a3e8048469ea68906f666d446c25c,1,775596b5ab8f1cb5890c7263c1c92bc4,c731d18cea9bf687ffee82a241c25b11,2017-09-01 10:05:04,139.0,21.46
e2430bc2e4a68e6e61809fdbe4c15f0e,1,bfd0c7371a844fb057a67f00d67b4a66,e0a366315b1b726b6c7832d664c0f530,2018-01-25 00:33:04,29.9,15.1
e29802498c81638fb4377d7c7137031e,1,35a3e0dd6e0b5b84dfd2997546da5df8,fcb5ace8bcc92f75707dc0f01a27d269,2017-11-30 14:53:27,292.0,21.53
e29802498c81638fb4377d7c7137031e,2,35a3e0dd6e0b5b84dfd2997546da5df8,fcb5ace8bcc92f75707dc0f01a27d269,2017-11-30 14:53:27,292.0,21.53
e2c9f858f7f4d4291add68fd7fcf8090,1,4c6018f41a6c2e5543cc034e94f5ce5b,be9a160a9011f627c3e121d076c1ec7b,2017-11-06 15:45:59,739.0,38.0
e2df710c10b3d255c51ae1fb11bfcd11,1,474bb6b54fc608ca71059a6c4f7ecda3,8b321bb669392f5163d04c59e235e066,2017-11-08 02:26:59,18.9,5.03
e2df710c10b3d255c51ae1fb11bfcd11,2,474bb6b54fc608ca71059a6c4f7ecda3,8b321bb669392f5163d04c59e235e066,2017-11-08 02:26:59,18.9,5.03
e2df710c10b3d255c51ae1fb11bfcd11,3,474bb6b54fc608ca71059a6c4f7ecda3,8b321bb669392f5163d04c59e235e066,2017-11-08 02:26:59,18.9,5.03
e2e8773d11f4499f15349b8f613350a0,1,7273e94a33eb07341d5d86a7b815f901,2a1348e9addc1af5aaa619b1a3679d6b,2017-03-02 15:22:14,139.9,11.59
e2e9a4fe163a44a86fe306af8a9e2bcf,1,c9dbe2eec19a8093cb5ac57486531c18,cca3071e3e9bb7d12640c9fbe2301306,2018-02-07 23:10:48,96.9,13.7
e2ee779edcba1ef236bcfe0260dfa5d5,1,5926c58c462b5d1f932ef3f0a9e37d41,c64a2aec32cc408a8a4c6d7c46017f91,2018-02-02 19:53:46,386.75,29.03
e30e1b2d38289d666f614ee04f5951ba,1,9d8a0e115e802d845b4ce1eb794d1260,d05ae8f7a5bd1d2a690a44cd079e4e27,2018-03-22 03:30:54,120.0,15.72
e317f41180b8a6fa3ce86b6fba6ac3fa,1,a8075470f960215ffb67624782f80fec,ff063b022a9a0aab91bad2c9088760b7,2018-06-29 03:31:47,119.0,39.27
e31f08a6838e8fe22d5850d237cdb1e7,1,e8288cf2d07e2b1b0b889132fc8cd8d5,17ca9b9e9b9ef8fdb529001b49ebb50f,2018-07-24 19:30:14,119.97,47.89
e35b8d9f66d207952c74878ee321a213,1,e168af8b2f0d9319737c6a7a37904f9e,3586b8580d9c917874e053a1bb37b5ff,2017-08-23 02:45:30,29.9,17.6
e35b8d9f66d207952c74878ee321a213,2,e168af8b2f0d9319737c6a7a37904f9e,3586b8580d9c917874e053a1bb37b5ff,2017-08-23 02:45:30,29.9,17.6
e35b8d9f66d207952c74878ee321a213,3,e168af8b2f0d9319737c6a7a37904f9e,3586b8580d9c917874e053a1bb37b5ff,2017-08-23 02:45:30,29.9,17.6
e381abcae5bf5ba29ff7855e91e40837,1,defb79b2269c0fa7bad01b2635aff113,b499c00f28f4b7069ff6550af8c1348a,2018-07-25 20:55:21,44.99,18.42
e3e81ec82803ad01f1d0569485ea0b75,1,4fcb3d9a5f4871e8362dfedbdb02b064,8581055ce74af1daba164fdbd55a40de,2018-02-22 12:07:03,143.8,25.76
e3ee317683c1cb4df51994ca63755d6d,1,7bc37d0450ed1fb9e76f9c0305838c7c,955fee9216a65b617aa5c0531780ce60,2018-05-17 11:55:29,47.99,15.36
e417eb578007d00c0b658bc321e625fb,1,99a4788cb24856965c36a24e339b6058,4a3ca9315b744ce9f8e9374361493884,2017-10-09 15:07:23,89.9,21.12
e4406088398131aed8c21c5a4ec3442b,1,99a4788cb24856965c36a24e339b6058,4a3ca9315b744ce9f8e9374361493884,2017-06-16 10:35:09,89.9,13.65
e44411a5a41caaf23d52f1600d31d888,1,8de310188938fc8abfe1aa7ee927ccd2,1da3aeb70d7989d1e6d9b0e887f97c23,2018-04-12 13:09:08,9.99,7.39
e45620eb46de3b95c078fb17e75db83e,1,e0d64dcfaa3b6db5c54ca298ae101d05,7d13fca15225358621be4086e1eb0964,2018-06-18 12:59:44,144.0,19.98
e4865416690d1f1fdad49bc94f871de6,1,cf4f52b8f3c906f11d98e8866614f140,0ed6ce5d87fd9c69eaacaeb778d67235,2017-12-05 13:15:54,39.9,9.74
e494c29003c61332fdf1340bba650cd3,1,e9cd877ece530798c06b7f8d31b631e3,70a12e78e608ac31179aea7f8422044b,2017-11-10 11:47:49,45.0,42.38
e4abb8fe0937a88e04513430b69d268e,1,a703f5ade6e4fae527357132230ea778,f4aba7c0bca51484c30ab7bdc34bcdd1,2017-02-24 14:07:29,23.9,10.96
e4b6df3eb118302bd304c9d02ca19afd,1,1574ed2c73e4465c572f68dd77528203,17a053fcb14bd219540cbde0df490be0,2017-10-19 20:49:16,379.9,34.26
e4b6df3eb118302bd304c9d02ca19afd,2,1574ed2c73e4465c572f68dd77528203,17a053fcb14bd219540cbde0df490be0,2017-10-19 20:49:16,379.9,34.26
e4c01d7732af07fff2a3e083d93f0581,1,2c1cc48126c2bdca9e59a300ade4f1c8,850f4f8af5ea87287ac68de36e29107f,2018-04-05 13:47:30,39.0,8.29
e4c09ee4522daa0f32bd2e6b2f5ed048,1,8f61327bbc1b9096bd97323ab64fc6bd,4a3ca9315b744ce9f8e9374361493884,2018-08-06 22:30:45,884.0,30.27
e4d88b96fb1801eb436496008e848e1a,1,5a4f16bfafb54a744311f01c11c05737,4170f6a9367e6b5d6401d03ce6d54569,2017-12-27 00:52:23,179.0,26.53
e4dd475ba157a8f4d4dd4f0b8e7c92b3,1,9c9c0e6325bd947d1468817769ed4197,2156f2671501a81034d7d07f217609d0,2017-09-15 16:55:30,72.0,12.0
e504f586e9ffc862cad95482af740af4,1,7868a64aa111bbb4f41f8e1146c0becb,cca3071e3e9bb7d12640c9fbe2301306,2017-04-24 19:22:24,59.9,29.35
e53516f14e3cc830f4afa84315707e9a,1,ab1f9387c0627dd24000bfbc54fdeee0,8b321bb669392f5163d04c59e235e066,2018-02-26 07:15:36,12.25,21.15
e536cdf72fac1ac0394ce265d37d22e7,1,e025f288e09da35a510433c3180b10f1,fcb5ace8bcc92f75707dc0f01a27d269,2018-07-19 00:25:22,65.85,13.12
e5454c2facaa42d8fcf1a1c5ab585666,1,9048cbd294fe0c1a3ec8c8248bc2cadd,6d66611d7c44cc30ce351abc49a68421,2018-03-21 03:16:20,88.9,27.35
e55507dc5f963fbdb8ae1c47181974b5,1,4413a608a42bd21bbf9d5abbd58c249a,7ddcbb64b5bc1ef36ca8c151f6ec77df,2018-04-27 08:31:36,169.99,25.69
e56d6fad37333104e525678504e3b8c3,1,9ecadb84c81da840dbf3564378b586e9,1025f0e2d44d7041d6cf58b6550e0bfa,2018-02-27 12:35:32,38.4,16.11
e56d6fad37333104e525678504e3b8c3,2,9ecadb84c81da840dbf3564378b586e9,1025f0e2d44d7041d6cf58b6550e0bfa,2018-02-27 12:35:32,38.4,16.11
e5896b4982934748a02e2d3d889fd1e1,1,3d0552899dbe2f89cff6197aab33fe99,bfd27a966d91cfaafdb25d076585f0da,2017-05-26 06:35:17,119.0,13.17
e58ed0440e44bc5b5e5cba33106e3f66,1,6f2d7833b8f0a094571ebddebdc6623a,ea8482cd71df3c1969d7b9473ff13abc,2018-01-10 14:01:29,49.99,7.78
e592e00712df4f05bd73ad01993c0251,1,99a4788cb24856965c36a24e339b6058,53d00c40e32aeb924a84ce72b1af869d,2018-05-04 16:54:26,83.79,5.88
e59dbfb7d81fd513f1ffa941fe849c57,1,9feeadd6b97835152e83e1b25b46f5c4,3fd1e727ba94cfe122d165e176ce7967,2017-12-20 17:30:37,104.9,13.07
e5a8f99e473fa6880bc2672805460e4c,1,5ed9eaf534f6936b51d0b6c5e4d5c2e9,8cbac7e12637ed9cffa18c7875207478,2018-01-08 13:30:24,25.0,13.5
e5cba854ed90614d4334d4c5fa4fcbcf,1,742778ff0ce574b84b7ed2fb0788cfd2,638cba8be1fb599bbb76fd6948351eb3,2017-08-22 16:25:18,29.9,11.85
e5e1c16f3df58122b4b4c212ff8a9439,1,387f1559343d513c4383bdb99672e431,4a3ca9315b744ce9f8e9374361493884,2017-06-15 09:55:19,99.9,15.45
e5e7f892785fbe21a339bcd77efdae86,1,62744bf012b60074e5fa0fcd657cbd34,30a2f535bb48308f991d0b9ad4a8c4bb,2017-12-07 21:24:08,74.9,8.72
e6179e66e05b531c6f8ad2b292717091,1,773089b6d8197748b1b173e39dd38ab6,186cdd1b2df32caa72cfb410bba768d3,2018-08-30 04:05:15,30.0,13.69
e6190dea235662449d160357e46eaec8,1,c415aad99ee06e0fe8a58c09d3598ef7,4de6e4ba574aa9dfdc824bc44dc47fdd,2018-01-15 07:27:15,69.9,19.98
e61f15c94900d1cc4cebd96be96f3823,1,b40f2e02089486d971fe39108eacc283,974cf2cb8f4b7add98709c30df02fe10,2018-02-21 01:27:21,129.99,12.41
e62c3201015050463bc2e3b6599a6bc5,1,1e1a186a03f0d98268516827690d4fd2,a420f60ff1aa9acc80d0e42959f2b313,2018-03-06 14:55:38,69.0,14.23
e62d530c9b5d79b0b222e5a4542d71be,1,641a45900528e8324c4848dda4e0a3fa,4830e40640734fc1c52cd21127c341d4,2018-06-13 15:39:08,25.99,7.44
e631d7417c16066c831e8f2599673235,1,ed5122a6a757a4fea8f32a6fb95a5135,00ee68308b45bc5e2660cd833c3f81cc,2018-01-25 14:57:21,110.0,11.97
e670e635e13b902d8de6bdb5026d9a88,1,c6336fa91fbd87c359e44f5dca5a90ed,4c2b230173bb36f9b240f2b8ac11786e,2017-08-31 02:50:20,45.9,14.1
e68a0761535bd432bb847f4ae7b7b4c0,1,cac9e5692471a0700418aa3400b9b2b1,7ea5bfa6c340f58f8e71fc1f0412b0d6,2017-11-28 17:30:25,129.99,15.67
e6bcb00ca5426e9d00b50f8eeee367c7,1,2f9c2888168b8c2d8e625905f3737057,6c177e38df6d3f34182b1f1d427231bf,2017-06-27 22:15:29,99.0,15.44
e6be529ac8d87744b406d4e03a8fe2be,1,0d85c435fd60b277ffb9e9b0f88f927a,f457c46070d02cadd8a68551231220dd,2018-03-29 14:55:32,72.0,13.62
e6bed0846d5d268bf1ebcf66eab19a42,1,03d10117bf5dbd1e4f194566be73de5a,4a3ca9315b744ce9f8e9374361493884,2018-03-19 22:30:37,165.9,31.81
e6bed0846d5d268bf1ebcf66eab19a42,2,03d10117bf5dbd1e4f194566be73de5a,4a3ca9315b744ce9f8e9374361493884,2018-03-19 22:30:37,165.9,31.81
e6bed0846d5d268bf1ebcf66eab19a42,3,03d10117bf5dbd1e4f194566be73de5a,4a3ca9315b744ce9f8e9374361493884,2018-03-19 22:30:37,165.9,31.81
e6d3b5b66f40a99ac01da49f4c543e36,1,31af99e01af722adb2067b365a311998,4830e40640734fc1c52cd21127c341d4,2018-04-25 07:35:09,79.99,15.44
e6e3ea418f0f343e88a3dc62eaf24699,1,7659404ade89460a4be1c11ac47d5f2c,2e1c9f22be269ef4643f826c9e650a52,2018-03-20 02:48:54,53.49,7.39
e70405e60d48ff7771de55e6b39a09da,1,9d8a0e115e802d845b4ce1eb794d1260,d05ae8f7a5bd1d2a690a44cd079e4e27,2017-11-06 12:10:23,120.0,8.26
e72ba1ec61415d0cfa8ddfce38a35887,1,ca92f5c2276bfd491db575cd9de5a70d,7142540dd4c91e2237acb7e911c4eba2,2017-11-20 15:15:22,84.9,13.61
e750c043ac98c8eb957cb52789f126b0,1,56d45b2c27871322801134f57d1b9dfb,d1c281d3ae149232351cd8c8cc885f0d,2017-02-19 15:18:40,127.99,16.01
e7834b339f0ee60fd64151e9ca2c6376,1,4ae634441e444ca4bc85903cafe98d73,92eb0f42c21942b6552362b9b114707d,2017-06-06 06:50:31,11.99,14.1
e7834b339f0ee60fd64151e9ca2c6376,2,4ae634441e444ca4bc85903cafe98d73,92eb0f42c21942b6552362b9b114707d,2017-06-06 06:50:31,11.99,14.1
e7af9428d8b5d65f0fd7d3eb98595308,1,d9bdf643d95cb89844c0da1a0df1d16e,058fd0aa2bfdb2274e05e1ae971dabb6,2017-10-09 04:14:16,145.0,26.29
e7d112a19f81eb693360bd433f03625f,1,810e2944bca9850b934e1570ba372e7d,1025f0e2d44d7041d6cf58b6550e0bfa,2018-05-23 00:14:59,78.0,12.45
e7d3f9457c859cd5b63a25a4c2afb2e0,1,11de130b38213ed7f93d2af1e91bb771,1900267e848ceeba8fa32d80c1a5f5a8,2018-02-01 17:03:27,34.99,15.1
e8250a89f967d49af320330c8660a9a2,1,a3ceb95649a48c0c54ae4bd1dd66d035,6c177e38df6d3f34182b1f1d427231bf,2017-04-20 04:02:13,130.0,15.08
e849e2829de302019ae8bd9924055171,1,bba0d9c4f470ff541dba7f02d791a4f3,fa1c13f2614d7b5c4749cbc52fecda94,2018-05-22 03:16:20,579.9,26.56
e8f9288c671277ab525571871aef27cd,1,566a4f2c4385f36d15c00dfcaae132d1,8b321bb669392f5163d04c59e235e066,2017-12-19 07:49:21,21.9,14.1
e8fba7de8823194ccf9c1f2d52123bee,1,027cdd14a677a5834bc67a9789db5021,81f89e42267213cb94da7ddc301651da,2018-08-20 04:15:08,64.0,13.11
e907255f506a65069535f14d89a5caaf,1,e282624d8c82e04983f125e167eb4521,2138ccb85b11a4ec1e37afbd1c8eda1f,2017-03-30 01:30:41,18.99,14.52
e910cff0c2911f3ca876a47602557c45,1,e4d325bd1eea550509bdbbc5c3301fc1,7178f9f4dd81dcef02f62acdf8151e01,2018-03-27 19:35:24,349.9,23.6
e912fe377f77944ec68b3650ead100bf,1,0fa8853b873ba06e7d27385fbb1411ca,7c67e1448b00f6e969d365cea6b010ab,2017-03-22 02:55:17,239.99,38.08
e92900da13e75122f18f3694fd9e0230,1,62d41a80c366aa2d8644e3270adf8440,25c5c91f63607446a97b143d2d535d31,2018-02-28 02:30:52,275.0,30.97
e93561a5404a0ecc64f56eed482e05b1,1,0030026a6ddb3b2d1d4bc225b4b4c4da,0be8ff43f22e456b4e0371b2245e4d01,2018-01-03 19:29:32,39.9,9.34
e9376e0fd65f7e856a08d32426f523ef,1,91e9e720834fd442374e12835393387c,e24fc9fcd865784fb25705606fe3dfe7,2017-02-14 07:10:51,156.0,11.7
e98405be83624163fbaadf39f502cfb1,1,4178e16324fd0c9a8e18463caf390cc6,ceaec5548eefc6e23e6607c5435102e7,2018-06-15 13:57:33,265.0,41.24
e9977cc6d0f97447ef0f4fcc2e082fc8,1,d4fe034cde911805af12724d73fde7e0,dd2bdf855a9172734fbc3744021ae9b9,2017-02-11 10:26:05,69.9,15.25
e9a0ea38c9ccce5af1c178330ebdf3b3,1,df892547f0d5bb0c35cf26abc8e93d8d,efcd8d2104f1a05d028af7bad20d974b,2017-11-27 20:07:11,60.0,11.92
e9bc7c86be84f95e01a59c247ddf6208,1,fa928ac86f42e63887184bc28cb452fc,cf654707ed6a99f112c7ec3d6f314b8b,2018-06-20 11:01:53,189.0,8.58
e9df66519c360c741bedc488149685e9,1,f29675e9d91d8e0451ced31708497904,d5b9a084373da994a6e37f732169a853,2018-03-22 02:40:26,290.0,24.57
ea048e4dd31fbc0e639a1aade37c7f3e,1,eb6b6f708fb1a57720d0734f30c3b31e,440dd6ab244315c632130ecfb63827b1,2017-07-10 04:24:39,189.5,29.73
ea1857c97012fbeb3b4babd5892ebc7a,1,bf7a3359eeb43b9944c70293e4be896a,e4fc40017a6d22c46a14ac2e17f87c3e,2017-06-05 16:05:14,129.0,41.29
ea1ecba1228b210007951b4a8f12ec3a,1,3516632e8f52b679ff83d1665ecc990e,e9bc59e7b60fc3063eb2290deda4cced,2017-11-30 12:12:31,75.9,16.97
ea33d2e32db7734d3c36091ea506493d,1,d370e908175e2f3b39bb7fd33fd4c530,751bdc4d83a466c7206cd42e8f426b03,2017-08-01 15:50:17,19.99,9.34
ea37b313540105af4a2ad79718d80d97,1,f4a9b2ee7355882bd41e1bf5126cf56a,e5a3438891c0bfdb9394643f95273d8e,2018-01-09 04:14:44,20.3,15.1
ea38dbbe2044b5c96bf31ff508ba1aad,1,45986044725e448e85eb0d81251a8892,cfb1a033743668a192316f3c6d1d2671,2017-05-15 11:05:12,189.0,39.07
ea48f52bfae7e6ed254f9e8d052875b9,1,b833b995caddd97b8786370988e32ee4,aced59e9b31ef866a94f9e7f29d8d418,2017-04-03 10:42:56,9.9,14.52
ea5a5e11ad8f97f731325b326cc2f3e5,1,75d6b6963340c6063f7f4cfcccfe6a30,cc419e0650a3c5ba77189a1882b7556a,2018-02-27 07:15:24,56.99,8.72
ea9a48e8b350731ae78378381394a086,1,0e2d365a247d105fefc31b17ab8706d9,ef0ace09169ac090589d85746e3e036f,2018-03-20 09:30:47,119.9,15.72
ea9a48e8b350731ae78378381394a086,2,0e2d365a247d105fefc31b17ab8706d9,ef0ace09169ac090589d85746e3e036f,2018-03-20 09:30:47,119.9,15.72
eaa10b1bfc8e98b22d99dc4e96ef6a83,1,3e5201fe0d1ba474d9b90152c83c706c,8160255418d5aaa7dbdc9f4c64ebda44,2017-11-29 12:59:30,116.9,16.58
eaa755795bc07ae1c3d55d7f6efe1dfc,1,08c816d9a716567bf436173ef6f5f12e,5656537e588803a555b8eb41f07a944b,2018-02-15 02:35:47,19.89,17.63
eabcc26c288f8e0b366520f24014f8b0,1,9565229244e9341fb8c8069879cf73cd,da8622b14eb17ae2831f4ac5b9dab84a,2017-06-02 15:55:23,139.9,14.0
ead42f8f41e34c480a4a9185ab74b37e,1,2a2d22ae30e026f1893083c8405ca522,1a3df491d1c4f1589fc2b934ada68bf2,2017-10-23 02:12:48,154.9,14.48
eb4c34f6c71f98b594e9df32d8e3c851,1,4f88323d03ffaf090b8fb0116b33c95e,8160255418d5aaa7dbdc9f4c64ebda44,2017-11-03 11:26:01,122.9,13.2
ebac8364f6f97c06df19ad674a12b359,1,8b87bdca52ab6d4c79661a4dbcf903c8,7ff588a03c2aeae4fbd23f9ae64b760d,2018-08-28 21:55:18,38.67,12.93
ebcb12dc163784a4dad2cddb8feb64aa,1,3dd2a17168ec895c781a9191c1e95ad7,de722cd6dad950a92b7d4f82673f8833,2018-06-19 11:22:39,149.9,21.32
ebe3541c37938be5fe324645a702d4d4,1,a5ffaf53a3938ac2c92f493e524adfca,5d0363b33554b373851fc1622e4d5f3c,2018-01-05 17:47:20,45.9,26.67
ec07555943e04d757937a8bea3a75ed7,1,0b7142355a981ed9a8ba988a0b613dce,34056b8b55c1775a22af2331670a799c,2017-11-23 04:06:21,109.8,16.53
ec1692cdaaac26359dd2b8da5e6a409f,1,703d742887bb9267f89b675608ba7aa0,640e21a7d01df7614a3b4923e990d40c,2018-07-31 05:45:09,56.1,19.58
ec1bf6be538a31d3b13bfa67d87010ce,1,a92930c327948861c015c919a0bcb4a8,6560211a19b47992c3666cc44a7e94c0,2018-07-26 10:03:47,78.0,7.81
ec2738d1b8cdc75fa4c9425432f5053c,1,a92930c327948861c015c919a0bcb4a8,6560211a19b47992c3666cc44a7e94c0,2017-06-26 11:35:25,78.0,7.8
ec34503555e993a9e7e2272b563d416c,1,6d313b6e250189718db2169e5e3a38c2,53088c75f948b48a7ece173ac17f0c12,2018-08-13 17:30:10,119.9,23.56
ec34ce0f06a9a35ebf0f0496d595bc84,1,316f27506e0f2a39700f801e859576eb,8f2ce03f928b567e3d56181ae20ae952,2018-03-09 19:28:32,99.9,26.78
ec83ca33654b7762ca475188a2152211,1,5b4b8595bd33017cf3c87c8ab09c2e42,ef30892870c278497523264be1be2241,2018-02-06 19:11:18,47.4,11.85
ec84e555ec0c06ea52e4cd6051f68802,1,d221b0b65668b701135753c952b7a5f5,01cf7e3d21494c41fb86034f2e714fa1,2017-08-17 15:05:18,217.0,78.81
ecc72b676b14179b5bd30e446043c1d2,1,860ad475cebc2e85e852042dad735be0,b2eecf5ea250510da76590ca79d60e5d,2017-11-17 21:15:30,35.0,11.85
ece3ab91bd67ba73563dd0468fc3bde2,1,20f160a9cf2e856ee5eba259e9ae33f9,8444e55c1f13cd5c179851e5ca5ebd00,2017-09-15 16:45:36,207.5,36.77
ecfb623451269ac76a1469faf66dad27,1,261244fc4d0197d8772346872f5b0f5e,6c7d50c24b3ccd2fd83b44d8bb34e073,2017-11-27 21:47:36,37.9,19.23
ed2e531820c09c6a5dd68fe295484148,1,18bbc803715ffa8ec1b58bd3f737fdca,1c68394e931a64f90ea236c5ea590300,2017-12-07 10:33:30,190.32,9.08
ed2e531820c09c6a5dd68fe295484148,2,389c2351d11b4f543c93ceb7e966315d,1c68394e931a64f90ea236c5ea590300,2017-12-07 10:33:30,190.32,9.08
ed3b1288663333783b30c22397f44b36,1,acc444eb5ad26f79d5a11baa6a03c439,1025f0e2d44d7041d6cf58b6550e0bfa,2018-02-22 14:55:30,120.0,23.43
ed6104a0027e6a269ce0269f21c67f0c,1,35afc973633aaeb6b877ff57b2793310,4a3ca9315b744ce9f8e9374361493884,2017-07-20 01:45:11,89.9,25.91
ed7020a10eed1ef7a4895ad933baa211,1,6bbe55cf8f85c87b6eebb775a53402f4,0db783cfcd3b73998abc6e10e59a102f,2017-04-05 21:10:18,99.0,16.39
ed78b29fa4c1255d275df5d4e464503b,1,e947043dd2e144a9039d6b8841200c9b,53e4c6e0f4312d4d2107a8c9cddf45cd,2018-01-24 19:56:24,116.0,41.88
ed7cabc96de8c36774b894e98aa73dc2,1,a5e242d7d26774906928c7c4aa3916bd,0adac9fbd9a2b63cccaac4f8756c1ca8,2017-03-16 09:38:04,8.9,14.52
ed8a6e0832d4fbbd240110423cd1b707,1,422879e10f46682990de24d770e7f83d,1f50f920176fa81dab994f9023523100,2017-11-30 05:50:06,49.0,17.64
ed913f2f9db29736f6ef22c4446abdac,1,2b7fc5ab38be42d8f5498267d2ebe344,87d30a6a0cbf89356e49324971ab1d24,2018-03-14 23:30:50,19.99,7.39
eda22ec044e1100ad6ac68b6a93afff3,1,bbaef2eadf31fe3ea6702077398be06c,cc419e0650a3c5ba77189a1882b7556a,2017-06-09 15:15:08,56.99,34.2
edc9fcd5f5ab3aa69901aa991026ee0c,1,70d01ae15a5d5ee38388b90c0470d9b0,a3a38f4affed601eb87a97788c949667,2017-06-08 12:35:06,89.99,16.39
edd3d7495d5177045823010a1f6ac22a,1,b60f6bba923daf524e87691951512e1a,acce39e832338debb07b02385cde5967,2018-06-19 18:23:23,79.8,16.75
edecb0568b1317aa28a800d5fed23758,1,4ae634441e444ca4bc85903cafe98d73,92eb0f42c21942b6552362b9b114707d,2017-05-05 05:33:19,13.98,14.52
ee0a25ec12376692fee5a7d0613f466e,1,3846c262ddb08db0ea2cc1a1685590ff,7bcd7c5f8631701474db233ccf1c094b,2017-05-31 22:33:13,35.0,15.1
ee43c2648eadad1558b2e3130b736c7c,1,7fb04722aba7a2b632bac8f9819796f3,f3b80352b986ab4d1057a4b724be19d0,2017-11-29 23:58:02,69.0,18.72
ee878ee16f84c47738cda240e8550a90,1,c3097e07a0a5de0d4b4c836d90c5a284,8b321bb669392f5163d04c59e235e066,2018-02-01 03:16:33,13.7,14.1
ee9881886ccdd7fb25bf631d38c0fc35,1,9759a740aa84f55b71c0c8c306a80737,f46490624488d3ff7ce78613913a7711,2018-08-22 03:09:37,19.0,12.43
eea58982d534991bfd7f844e9ff0e28f,1,d472a70d40f4f72dfd5f6024cfc89a13,62c50c1af4dfdc4149d25c5222043d39,2017-03-29 22:15:25,139.99,17.41
ef160b1ef2464ef2521274c790ee0cef,1,62c89abe1afe3a23c17765d462718a4c,fe2032dab1a61af8794248c8196565c9,2017-09-22 15:31:05,259.0,14.97
ef160b1ef2464ef2521274c790ee0cef,2,e7f79c79a485447b88964a9d0b86fe45,3c7c4a49ec3c6550809089c6a2ca9370,2017-09-22 15:31:05,105.0,3.65
ef161f48adcaeede5920308df1c280b6,1,59b47581b7ba51a62bf9c3dd4fef36fd,955fee9216a65b617aa5c0531780ce60,2018-03-02 11:55:58,180.0,18.51
ef18166b5f1dfc60d75435c548674981,1,da1ff964ecbb4df51db9322cdf7a4a74,c72de06d72748d1a0dfb2125be43ba63,2018-07-30 09:31:39,349.0,86.21
ef1af042323731907ad5d9feea27fc61,1,2bb3e85f2a403543fdb64e266e70c792,76d64c4aca3a7baf218bf93ef7fa768d,2017-12-28 22:19:34,329.9,83.4
ef2165ddd56495b711b9a61098a7e6f2,1,1c47e837f2780378d8485d04ab83a45d,094ced053e257ae8cae57205592d6712,2018-06-22 15:03:25,45.9,12.79
ef22b86bfc7dd92a0221c7870bd18089,1,30ac6df06dc59ad72cf2f158fc2d904c,0dd184061fb0eaa7ca37932c68ab91c5,2018-01-18 00:08:41,94.0,21.5
ef29d8249c4f5670c259bda87461e3e4,1,41fe836a60674d3d25645e3698651f6b,eeb6de78f79159600292e314a77cbd18,2017-09-20 19:04:52,209.0,18.71
ef2d13d781a97ea071e0ad0236e35f49,1,cb43c6e1c451902b51f4f4ff512302df,582d4f8675b945722eda7c0cb61ba4c7,2017-04-06 02:10:31,45.49,10.96
ef30a80a52425b419de68e25624a8a9e,1,a4bddd2ee75396cc2e47bdf21343261d,602044f2c16190c2c6e45eb35c2e21cb,2017-12-13 17:10:43,99.99,12.2
ef4d010c07e5ac58d6b9b8f0210df881,1,afbe1e973aefbf72a330e3bc72d4b476,4a3ca9315b744ce9f8e9374361493884,2017-07-13 02:50:36,68.9,15.23
efd5f6d335841ef212ce657580faf95d,1,78819ab10b4a44927c832a21c06849e0,34d1ca11b242c0fee2c834ae8d788566,2017-03-09 08:15:06,580.27,30.32
efdd6716d5125862a11d4e354bd4ec3c,1,34d6306314a47fe15c1efdbc23302020,229c3efbfb0ea2058de4ccdfbc3d784a,2017-08-02 22:55:20,69.0,15.23
eff7cafa6042969690223d33c833fd00,1,69b45497bec8e36af6fd1a31b2cd8f9f,7ade73f1b9b4e965f9009a4c3a7e2c15,2018-05-02 16:30:34,79.9,13.92
f00c74caaa25430b1fa361c158e8996a,1,fb10a064e6f5151ebfffc589e166c917,20b54c376b794ed028df09a3cd88e8dc,2018-05-15 19:35:32,137.2,25.09
f01954cab76ef5d938d291d2f1d201e5,1,1b0f0dd824989bb4f30d03ac3d1e90af,01cf7e3d21494c41fb86034f2e714fa1,2017-04-20 18:15:15,399.9,77.23
f01cedbfe57601b0145a8331f8289138,1,28a652ff04e43c1bc57937a9f8770f9b,3d871de0142ce09b7081e2b9d1733cb1,2018-02-19 15:31:27,139.0,49.5
f05ef3ecdb7796d93e204c0a7ab76759,1,d04e48982547095af81c231c3d581cb6,d921b68bf747894be13a97ae52b0f386,2018-06-07 20:55:41,245.0,19.59
f086e4c6f1e932ae9d9cfe398889d148,1,00e32638060f6356e6f00749dc466b5c,70eea00b476a314817cefde4aad4f89a,2018-04-02 12:08:06,99.0,12.6
f08e7cbe4ee33176122952f10c7128b6,1,dabb495df6a109d46f8faeca31a1c75d,269c5fc9fcadee614364c3620c30a1f9,2018-08-06 19:24:05,45.0,7.58
f08e7cbe4ee33176122952f10c7128b6,2,dabb495df6a109d46f8faeca31a1c75d,269c5fc9fcadee614364c3620c30a1f9,2018-08-06 19:24:05,45.0,7.58
f0b2da40b961baf662d31db42b3964e3,1,808190a48d18d09af357796e2b30d932,bacb1f0ed56ad24198f5810d2b3fe9a5,2018-01-28 23:10:34,179.9,21.75
f0c00b0c02ed4f14f20fad7c26002b9c,1,338925450cde31710e3fd65b8bac0b1f,17f51e7198701186712e53a39c564617,2018-03-21 09:30:49,760.0,108.15
f0c00b0c02ed4f14f20fad7c26002b9c,2,338925450cde31710e3fd65b8bac0b1f,17f51e7198701186712e53a39c564617,2018-03-21 09:30:49,760.0,108.15
f0cb299a9702d7db4e501895d61d2baf,1,deff29051b7f3eb939ef8bf8ca0e85a2,58e4b302b54937e55a678c4d15111da4,2017-06-14 23:02:39,109.99,12.9
f0dbbeed3a0b658b884893bcdde5e4d4,1,9ec6b6619704c31e3fb6d15dbe229fba,77530e9772f57a62c906e1c21538ab82,2017-12-07 19:31:07,148.0,18.29
f11d659584813daadb19252b9659a670,1,87ceed33e1f7fe39fa06b69c9fdf9e53,ea566164622c6b439516ab18062c42cd,2018-03-08 15:35:32,41.9,15.1
f12ff3c8b8e4945b4d0331a56df6ef85,1,0a8699af8de9f3c25f80fe9b530df153,79ebd9a61bac3eaf882805ed4ecfa12a,2018-04-13 19:29:44,179.9,31.91
f15ee2f37da0500e278ec213c201edf3,1,6d8096ca93caea3416a6b24bf411bc86,fa1c13f2614d7b5c4749cbc52fecda94,2018-08-01 18:35:13,329.9,17.41
f1a82d00303b9e9a5863f0eb32ed07ac,1,89f46d1e213867388c2fac6078f5c06d,dc8798cbf453b7e0f98745e396cc5616,2017-06-21 10:10:07,64.9,15.2
f1c81a653dc5314b7aa62e06239f12c8,1,7368c0d612a177b6cb085f56b823dc08,edb65fe661681b1c0de8bd47c8655855,2017-05-04 12:34:35,69.0,15.24
f1f053637dd55791fa3a8ae1df1f3605,1,990166f4c0d91a6cb92663b4d190ad1e,d94a40fd42351c259927028d163af842,2018-07-18 20:25:32,135.0,86.23
f2076489cb09f9d0f11c6a524022fad8,1,610c673331ac3c4fa0f393ce5af9aa2e,8b321bb669392f5163d04c59e235e066,2018-01-17 20:30:46,13.65,14.1
f2120851611e040d268c3be41ac51228,1,aa280035c50ba62c746480a59045eec4,fa40cc5b934574b62717c68f3d678b6d,2017-09-20 19:44:16,39.9,7.78
f2228e3e55ff956909ad7750f08516fd,1,9fb9a39f2e393018aaeb432394aff48f,c03121937e54a93fcc1825c3098bbb6e,2018-04-05 11:30:17,149.0,21.96
f23809a318245a674bc438904349ec63,1,a0fe01e446dce7a61936310e6c3f3e37,218d46b86c1881d022bce9c68a7d4b15,2018-04-05 09:27:36,78.0,12.99
f23863d36bbebad07e688d0010148a26,1,5d0b3bded37ffeb1e67b324f3301ccb6,e333046ce6517bd8bb510291d44f0130,2018-01-15 22:30:02,109.0,16.52
f23a4132d42810c7f591d372282ae3eb,1,181abab3cccc131f868d3bc7a5b97fd0,97e4a63591ca439a2b8b7efd20e6e19e,2018-07-24 17:02:23,69.99,18.29
f23bef5ff346873476747ab073a43877,1,47ed478ee7b2696c2c49229fcad56e98,afe0067131b73e40875c9b6c10bd2e21,2017-05-15 09:45:12,129.9,25.09
f247ddbea2a3d9e88b688d08f946db4c,1,ef7352a2d8b4adc975b83c8e8c23da5c,729b2d09b2a0bdab221076327f13d050,2018-01-22 01:35:22,16.9,11.85
f25f425c1627a369f769d91d56c3da67,1,f15c46e2da924b1fc76fe638911262bc,522620dcb18a6b31cd7bdf73665113a9,2018-07-26 11:55:17,369.0,21.77
f26acc71de5cd391e3a2fc13a5820895,1,9d8a0e115e802d845b4ce1eb794d1260,d05ae8f7a5bd1d2a690a44cd079e4e27,2018-01-22 13:50:51,120.0,17.28
f26fa27bb0f1337c570d70e32fc2e413,1,b2a40530065c5d88115cfa7560151794,808d4348b916efa08e766ebad39f61eb,2018-07-18 16:30:18,9.9,19.04
f29282bc8841ae8bcb88e357e9a32c57,1,dd8ca29b3cd0a856ebeef8ff057c1659,b4ffb71f0cb1b1c3d63fad021ecf93e1,2017-12-11 15:30:46,90.0,21.43
f2c12c46401363b2f37ce6200b520ebf,1,3516632e8f52b679ff83d1665ecc990e,e9bc59e7b60fc3063eb2290deda4cced,2017-11-16 02:47:05,75.9,25.81
f2d47fbf55381cc42d5a3a8afc7f060a,1,3fa7fe855040269e26ef452c5679234e,eb72802c83dc7547529c9546d1a9b8ef,2018-07-23 13:01:14,169.99,18.4
f319cdb9500c67c7a9f1b340da9c2d4d,1,1b43b0a6105ffaa6dae01356daec2657,cc419e0650a3c5ba77189a1882b7556a,2018-05-23 19:16:05,57.99,22.99
f31cf521d461f5b8b5b1456a0448495e,1,060cb19345d90064d1015407193c233d,8581055ce74af1daba164fdbd55a40de,2017-06-04 21:45:10,147.9,21.27
f31cf521d461f5b8b5b1456a0448495e,2,98d61056e0568ba048e5d78038790e77,8581055ce74af1daba164fdbd55a40de,2017-06-04 21:45:10,169.0,25.59
f3381b1e6c37c70f2b3c9d211b166412,1,16ed6a6e3fce23b741650437fe58d65b,e5a38146df062edaf55c38afa99e42dc,2018-05-02 04:11:10,89.18,19.59
f33aa647f08ec9623c76b6212be92333,1,aa5d6a9bd4be367ae1a3a29c323c7c11,e9779976487b77c6d4ac45f75ec7afe9,2017-05-30 02:55:37,85.0,15.34
f340f140ae72544b6df944a32ccba7c0,1,704e268deb9b8eb20603204783b7a0d2,244c2f1bff6afe1f2eaf9bfe9b2aed38,2017-08-25 16:55:09,99.0,31.0
f34349c1787f5a47ace7555af961a47b,1,672e757f331900b9deea127a2a7b79fd,e59aa562b9f8076dd550fcddf0e73491,2018-01-15 07:26:26,410.0,55.23
f3d2fb271269ba8f728d079575258095,1,912d1fc21117a94dc8a67186df6010a7,b33e7c55446eabf8fe1a42d037ac7d6d,2018-02-14 13:35:28,195.0,26.65
f3e4f521d6a68def7f89c8e9c8898829,1,7ac0d3f8ac5b60c13d74b02b8cbb4623,f27e33c6d29b5138fa9967bcd445b6d5,2017-08-15 02:50:26,94.9,13.0
f3edeb6abd99f61bd94454f9e7687b67,1,a767d41b71a909a1dd1e969f4b50732c,582d4f8675b945722eda7c0cb61ba4c7,2017-05-10 19:35:22,269.9,13.28
f40d3749a6d621bb95be74a8ce79e06f,1,d248fe1e952b5b5d62572369cc23ac3c,7e93a43ef30c4f03f38b393420bc753a,2017-02-15 12:53:38,1323.0,24.96
f4371828f48e2b5080d079e60138f149,1,0d85c435fd60b277ffb9e9b0f88f927a,f457c46070d02cadd8a68551231220dd,2018-02-28 22:07:39,70.0,12.62
f47d6af60927db6bd34707fb06c0ad61,1,b8b426747049f2d3d6e00b486d47dedb,01fdefa7697d26ad920e9e0346d4bd1b,2018-02-08 14:56:06,99.9,14.43
f48a1909651bdf6645b2cc6fa8e8ea1d,1,76d1a1a9d21ab677a61c3ae34b1b352f,c826c40d7b19f62a09e2d7c5e7295ee2,2018-03-28 17:55:36,159.77,8.88
f51cb113ad5e21bc6d8082bc824fb25e,1,eaf3ca98b28c4329251a46380c8473c5,aba1721a889e04decc910aa13b768ef4,2017-02-12 14:36:40,179.0,15.01
f52b64a627a310405cfd65e2a23acb23,1,7f27a510cfe7b7c16bdba4e185dd7940,23613d49c3ac2bd302259e55c06c050c,2018-02-16 19:10:22,89.9,36.14
f54985d5e0aa25e89765a7f3c1d7c445,1,002159fe700ed3521f46cfcf6e941c76,048c2757535328e0d7dac690ad3c0aae,2017-04-25 11:25:14,199.7,19.68
f5508c24aa4418c7069ad5a43b06bdee,1,ab1f9387c0627dd24000bfbc54fdeee0,8b321bb669392f5163d04c59e235e066,2018-05-21 04:52:36,12.25,12.79
f55863be6758b60482c4bdfa3cd016ed,1,85fd14e978b92176dd210c046abc3540,4d6d651bd7684af3fffabd5f08d12e5a,2018-01-05 15:25:52,109.9,16.14
f577c78346131418552c3d7fea582723,1,fa9cf28beaafe4f4bec59550f6c76481,1554a68530182680ad5c8b042c3ab563,2017-09-15 11:50:51,36.99,24.39
f577c78346131418552c3d7fea582723,2,f48eb5c2fde13ca63664f0bb05f55346,f7ba60f8c3f99e7ee4042fdef03b70c4,2017-09-15 11:50:51,60.0,4.88
f5a1d7fb9cd502618f942b1295676f1b,1,aca2eb7d00ea1a7b8ebd4e68314663af,955fee9216a65b617aa5c0531780ce60,2018-01-19 12:29:16,69.9,20.98
f5f810c2e855e43855a29906c1cfcfde,1,a80f456f25c5adc5c42db3a682880367,d94a40fd42351c259927028d163af842,2018-06-11 23:31:40,135.0,27.03
f6089c47bab18faae3d90c64cfb08481,1,60525d5b6a1658c5eea3c64713922000,004c9cd9d87a3c30c522c48c4fc07416,2017-02-06 16:13:48,109.99,17.51
f63f9a7699e3674c80a4ba92e56dfbb8,1,6ae3f85f46a37844372252496c77b4d8,53243585a1d6dc2643021fd1853d8905,2017-09-28 02:26:32,212.4,23.81
f644bc7cdc4cf0854f50017d5ccfff50,1,70aa499facb0946dc40ff974166fd522,55f7a3319d80f7fdf078b8f03e6725fe,2018-08-13 15:25:22,129.49,13.21
f64d3fcec2473409b404374ea0ce4ded,1,6f46359e56f51d5deded13adcd1c255c,516e7738bd8f735ac19a010ee5450d8d,2018-07-04 19:51:19,31.9,15.32
f64d3fcec2473409b404374ea0ce4ded,2,6f46359e56f51d5deded13adcd1c255c,516e7738bd8f735ac19a010ee5450d8d,2018-07-04 19:51:19,31.9,15.32
f65681ae52bf95372fcd66c697752f3d,1,41db6d8062fcd38410c699743ccc0265,92eb0f42c21942b6552362b9b114707d,2018-06-22 10:31:01,12.47,7.39
f6679e9eb75edd0750101c5172d662a9,1,f361fccba568fabe00db466f80626d1e,85d9eb9ddc5d00ca9336a2219c97bb13,2018-01-31 09:19:22,15.9,8.11
f6806cb575dffe2dd24873502bc0b413,1,93a12c289ca2b78e7069e469f5053ef2,88460e8ebdecbfecb5f9601833981930,2018-07-11 14:10:45,137.9,22.9
f69ae31bce06a78d626762b53067c7e0,1,3cdff94d5455b793b415be775cace03c,b17b679f4f5ce2e03ce6968c62648246,2016-10-10 16:03:56,156.97,16.8
f6e09765a386aa4607ea665f090511ae,1,e0d64dcfaa3b6db5c54ca298ae101d05,4869f7a5dfa277a7dca6462dcf3b52b2,2017-11-29 07:54:29,170.0,16.82
f6e89f57355aba0267e4063a2d762c90,1,574597aaf385996112490308e37399ce,febab0275244b9a49a623f0bd613ca2f,2017-04-07 16:35:07,49.0,14.12
f6fe071c40a5c65d2756f92dac3506e0,1,14dffa241a078aeaebaef48a49e807ca,fa40cc5b934574b62717c68f3d678b6d,2017-07-25 03:55:23,64.9,15.2
f7198d6fd9c02f8d7f7646b213376ddf,1,33ba4b29d820b397054cc97e892ab1bc,16090f2ca825584b5a147ab24aa30c86,2018-03-05 03:35:40,27.9,15.1
f719f5e18ea61d821edd4a1c8d191b05,1,f71c0f4ee48321ba6b82205b2fc9e08f,cac4c8e7b1ca6252d8f20b2fc1a2e4af,2018-08-20 17:04:23,99.99,16.89
f71f7cfa091dab4d5aaef7195c37c986,1,ca38c039b717207dec906f4fa9a21db7,59fb871bf6f4522a87ba567b42dafecf,2017-11-21 19:50:27,184.99,10.11
f75517cfb973c21eab8559a870263794,1,952670bc019a73f0933157ec82ff6e4f,37be5a7c751166fbc5f8ccba4119e043,2017-07-12 17:18:36,205.0,26.27
f7a282c5fe8addefb48793a1a8c2ea83,1,2a2d22ae30e026f1893083c8405ca522,1a3df491d1c4f1589fc2b934ada68bf2,2017-07-27 21:15:21,134.9,14.34
f7a282c5fe8addefb48793a1a8c2ea83,2,2a2d22ae30e026f1893083c8405ca522,1a3df491d1c4f1589fc2b934ada68bf2,2017-07-27 21:15:21,134.9,14.34
f7abaa156e535f9204ac0cedab166bd0,1,9c7ce59c96e74dfdfc51f13a4a6c3869,6560211a19b47992c3666cc44a7e94c0,2017-07-03 04:23:18,29.0,15.1
f7abaa156e535f9204ac0cedab166bd0,2,9c7ce59c96e74dfdfc51f13a4a6c3869,6560211a19b47992c3666cc44a7e94c0,2017-07-03 04:23:18,29.0,15.1
f7d0eb24b92b2024fc86a38400664675,1,0185e6719ca5c224fc53853997fa3f68,4a3ca9315b744ce9f8e9374361493884,2017-10-18 13:14:16,110.0,15.52
f8046b5049a674585e048bb954e3b494,1,2722b86640ddc24e1374c2df1ac2a230,72c5da29406b4234927b81855e7b64f6,2018-08-26 22:24:38,299.99,16.41
f8166a345b188c9033d127c25e44ab74,1,b192be433004cc1f10b467c0e9ea309b,de722cd6dad950a92b7d4f82673f8833,2018-08-22 03:09:52,179.9,25.61
f822dff2daea3e02fd418699a1068326,1,5a6e53c3b4e8684b13388d6aa4afdf12,7299e27ed73d2ad986de7f7c77d919fa,2017-04-20 19:10:21,16.99,14.52
f82a2055f59b4ccf07be7a6e9d52debd,1,8db8c6b5b338e7a8d3332037c2c218f7,7d76b645482be4a332374e8223836592,2017-10-11 14:07:25,29.9,7.78
f82a2055f59b4ccf07be7a6e9d52debd,2,8db8c6b5b338e7a8d3332037c2c218f7,7d76b645482be4a332374e8223836592,2017-10-11 14:07:25,29.9,7.78
f849f319243bc7755c4fa9ccdb35eea7,1,16bf176650a888512655cc94f61860e3,6560211a19b47992c3666cc44a7e94c0,2017-11-27 11:48:35,39.0,25.63
f849f319243bc7755c4fa9ccdb35eea7,2,380b4664ba5bb18cc9db78ee6bac3558,6560211a19b47992c3666cc44a7e94c0,2017-11-27 11:48:35,29.0,2.56
f84df8c0d5dd2861dd4b0939c1a9fc27,1,422879e10f46682990de24d770e7f83d,1f50f920176fa81dab994f9023523100,2018-07-20 11:30:16,49.91,83.27
f85406a2bb15eead2488ba5e488dbaa9,1,a15b46c05a4d311665eac6750b3e4030,54583ab379489add547fe47b628db589,2018-07-30 09:17:54,250.0,20.94
f8571f355da1f3a55b8e264558e8e1f9,1,003a31970fea14fffe92ac856b8a9b97,8378eb36b6b70c5734e83ad7b8cdc3b7,2018-06-11 17:13:27,222.0,27.63
f8571f355da1f3a55b8e264558e8e1f9,2,003a31970fea14fffe92ac856b8a9b97,8378eb36b6b70c5734e83ad7b8cdc3b7,2018-06-11 17:13:27,222.0,27.63
f8571f355da1f3a55b8e264558e8e1f9,3,003a31970fea14fffe92ac856b8a9b97,8378eb36b6b70c5734e83ad7b8cdc3b7,2018-06-11 17:13:27,222.0,27.63
f8898796f33b7a0741dc0cf4f54c0001,1,363218ba55c610b750224f90bdd34be1,00ee68308b45bc5e2660cd833c3f81cc,2017-10-09 08:07:19,90.0,16.88
f8b158fb8ab6cc090f0746a1eabd2e01,1,7a22c18ef5b314ac41161a5598c05352,5b2e94f2c22b39ccc24d34ad0f669672,2018-06-18 15:47:55,114.0,54.88
f8b96fd393ba501c08394f9f84e8f077,1,6d779dde21981220a9ea25b508015461,5ee7fd217d08dfe5d3e2f51f96a12c9a,2018-02-22 12:10:48,149.0,36.55
f8b990617b1af31bd9e7a3d70f8dafc5,1,95561023115b71f8bbb280afc56b7bed,c679fb69a36e1d8349e8c50a217b4d58,2018-08-03 16:45:20,399.99,43.78
f8bebca5df46ac3fa480fef8376fb24b,1,ea588d45372c3d1b99f7761e35c2952f,ef0ace09169ac090589d85746e3e036f,2018-02-21 02:56:00,99.9,20.19
f8d1bd3e890e8a6792efb7acfc9a4853,1,d76c049f36a5b4975aa3cf095a6fa499,3bb548e3cb7f70f28e3f11ee9dce0e59,2018-07-10 08:31:41,124.89,22.8
f90e3dbda8d123ab2f100a1538f5a43c,1,db5efde3ad0cc579b130d71c4b2db522,4869f7a5dfa277a7dca6462dcf3b52b2,2017-11-23 20:31:15,190.9,16.09
f939e2a89376e44158657a15465cacce,1,3eef0cb94ba82de806bb30ab743c7655,7c67e1448b00f6e969d365cea6b010ab,2018-02-12 07:25:32,79.99,22.88
f939e2a89376e44158657a15465cacce,2,3eef0cb94ba82de806bb30ab743c7655,7c67e1448b00f6e969d365cea6b010ab,2018-02-12 07:25:32,79.99,22.88
f939e2a89376e44158657a15465cacce,3,3eef0cb94ba82de806bb30ab743c7655,7c67e1448b00f6e969d365cea6b010ab,2018-02-12 07:25:32,79.99,22.88
f962d2edc594dccae522feb6446d2104,1,2149e9d51d629c16ce77c0f14c887e01,2eb70248d66e0e3ef83659f71b244378,2018-03-12 20:00:23,1102.39,21.47
f97b2bdfbaca9c2f04722d8cbc8cc8a5,1,054515fd15bc1a2029f10de97ffa9120,e9779976487b77c6d4ac45f75ec7afe9,2018-08-13 18:45:20,43.0,18.4
f97b2bdfbaca9c2f04722d8cbc8cc8a5,2,054515fd15bc1a2029f10de97ffa9120,e9779976487b77c6d4ac45f75ec7afe9,2018-08-13 18:45:20,43.0,18.4
f97b2bdfbaca9c2f04722d8cbc8cc8a5,3,054515fd15bc1a2029f10de97ffa9120,e9779976487b77c6d4ac45f75ec7afe9,2018-08-13 18:45:20,43.0,18.4
f97b2bdfbaca9c2f04722d8cbc8cc8a5,4,054515fd15bc1a2029f10de97ffa9120,e9779976487b77c6d4ac45f75ec7afe9,2018-08-13 18:45:20,43.0,18.4
f989d3ba2acbcf3d6168a67eef142f3e,1,e2bb00220a167d9e60b6776ac33717bc,6560211a19b47992c3666cc44a7e94c0,2018-07-24 20:15:23,56.0,7.65
f9ba4a7646e78ee867081f9a098c3290,1,f889fb87b505b73de10c18b93352469f,c70c1b0d8ca86052f45a432a38b73958,2018-09-03 17:24:29,110.32,8.03
f9cfd7e4eb2776cec1a63a59a1305e9a,1,74f6667fd85d8261aef8e980f235a38b,f789d2c4f2c2eb38fc4373e7a4b35264,2018-08-24 12:04:23,99.99,18.8
f9d6e4f177c33d17573279292f1473e4,1,f449d5919390268a18a8c424e3a62dea,218d46b86c1881d022bce9c68a7d4b15,2017-09-06 19:10:15,133.0,16.69
fa0eabdc8b8a7fb4e0e95a2b70dabf8b,1,21025aea6e634ed0ab9709a4fa5fb69c,870d0118f7a9d85960f29ad89d5d989a,2017-11-16 18:10:34,38.9,14.08
fa0eabdc8b8a7fb4e0e95a2b70dabf8b,2,21025aea6e634ed0ab9709a4fa5fb69c,870d0118f7a9d85960f29ad89d5d989a,2017-11-16 18:10:34,38.9,14.08
fa1885a7cb632c832c660cc710bae77f,1,4745d118bc09758d0a4bf795b7bb5cb7,bb5bd94c8f59cc050072d2930c869cac,2018-04-16 04:10:53,79.9,18.44
fa2de0086db43d394d58f69a111f8f69,1,317a06884480d645d7f0bc82455ec277,974cf2cb8f4b7add98709c30df02fe10,2018-06-13 21:53:06,79.99,19.53
fa4f63175b284248b89a46c3b7e7bc12,1,aef8207c2e91f4fcdbc0824737abf358,5c243662ce92d84573bfaff24c3e3700,2017-04-17 17:45:15,339.99,11.37
fa99f9d0ca69a5d2bc4c66f71e31918e,1,0c2b45d82e82097170c709f30037dcb7,4b9750c8ad28220fe6702d4ecb7c898f,2018-06-29 19:04:30,48.9,19.53
faa01b7a24d0ba51d0d0ec652cd9b745,1,5ef336462ba740ddd4727319e26207e6,8bb48dc19fccaa8613b6229bf7f452a2,2018-07-16 03:30:17,41.89,27.24
faa72e2db68f17d71fa5c725cafc53ad,1,b2545dd62c61d45d55ebaa04d1cb1e23,e48b04bf1aa1ef711caebeb7aede6180,2018-04-20 08:51:12,102.9,23.3
faee84a4283f8d770ea390010415ad05,1,c8f7df520102efbaf9927f5acf21b928,a3a38f4affed601eb87a97788c949667,2017-03-30 17:22:23,84.99,14.76
faf132fb35b3b3b533a67efbd6e7c02d,1,99a4788cb24856965c36a24e339b6058,4a3ca9315b744ce9f8e9374361493884,2017-04-28 20:41:37,89.9,25.12
fb04716648402d4fd6f8158e51779fa8,1,e0d64dcfaa3b6db5c54ca298ae101d05,7e93a43ef30c4f03f38b393420bc753a,2017-04-05 07:35:08,255.61,17.0
fb114a7255e9d0f59416a80b564638d4,1,6ae38d49db7fc65ad1779828542aecba,eeb6de78f79159600292e314a77cbd18,2017-05-12 09:32:35,219.0,16.74
fb11e3f2905ee0f75ef24f40def76252,1,8c591ab0ca519558779df02023177f44,a1043bafd471dff536d0c462352beb48,2017-03-23 18:25:15,99.99,28.89
fb244f5888763d8429a89b3438d70295,1,1c6c35cdf70ee1c3515cd1527f4aa6d8,ac3508719a1d8f5b7614b798f70af136,2018-03-14 22:28:41,79.9,18.49
fb260abf14e47c95a0b19acb1ab3ed43,1,63de2743d05ab59d85caa49e49459ac1,cbd996ad3c1b7dc71fd0e5f5df9087e2,2018-03-02 02:10:31,19.9,15.1
fb34958eef73f87fb9d50297c5cf14d9,1,80a354492ba20a7ef994a4cad98e807d,4a3ca9315b744ce9f8e9374361493884,2018-01-10 23:38:32,38.9,25.63
fb469bc8a14b598d891a004c34546078,1,2e830c73f28d3b8542af03cf2637dfc4,128639473a139ac0f3e5f5ade55873a5,2017-12-05 18:31:06,19.9,12.48
fb520e46696d1669a96549c252ed177d,1,d585c50d622ff40b4d69959caa42a5a3,64b87978a11c1ea7501a89eabe8c2c1a,2017-02-19 22:17:29,69.99,16.19
fb66173878dcc988e4e3e1151901b298,1,afb2faf85bb85d4a5c466c8b7258f5ab,1d8dbc4f32378d715c717c1c1fc57bae,2018-01-31 23:14:27,109.9,18.02
fb95aa20d91cfc568a3bd223c03e9eff,1,84f456958365164420cfc80fbe4c7fab,4a3ca9315b744ce9f8e9374361493884,2018-05-07 20:30:54,88.0,10.3
fb9b2930f4a30f96c7cc98eaaa85e5f0,1,6f9771652ad5ec58e58f50475d6bfe0e,cca3071e3e9bb7d12640c9fbe2301306,2017-11-30 16:19:01,70.91,13.52
fbbd2baf2d839f10d73c99b4642ce46b,1,0f66dd888ff5af9eba17aa59be9870d1,1336efc61c316ddf92c899eb817f7cae,2018-03-29 01:35:29,98.0,26.77
fbc12089bbd03e3a825625899c8c8f92,1,dfec64aac9b864b2807a7be33222b75f,1e8b33f18b4f7598d87f5cbee2282cc2,2018-05-15 14:16:32,84.9,20.64
fbd5d366a19445bc01b83fb9055b6422,1,4fce0eab61e01d521044c8b071cdfead,0509040ea3fe50071181bbc359eb7738,2017-12-20 02:12:00,23.8,12.48
fc52f0b6b2799aab381d22c1500ec63e,1,64fb265487de2238627ce43fe8a67efc,4a3ca9315b744ce9f8e9374361493884,2018-07-10 15:11:15,79.9,26.86
fc8b5696b23d0710ae737ff9c16f80ea,1,5389dbdf62ed8bee6b52fab9c9891f2e,897060da8b9a21f655304d50fd935913,2018-01-23 22:10:41,83.23,15.33
fc9a5afd96050ceb0d9f12a4f8c5d9f0,1,bd6e6fce9ada76ea2db0f1912e8e478f,1835b56ce799e6a4dc4eddc053f04066,2018-08-06 05:15:10,56.99,13.98
fcb6bb55e888419b146e0bd3c612a373,1,1891f20b2a27a8b700d7a7ff5a7a0039,d2374cbcbb3ca4ab1086534108cc3ab7,2017-07-18 10:03:30,24.9,11.85
fcc46438879834c9c223c5fa0eb0ea51,1,5115d8cd6438c0c4d8abdf38d5d41ebd,6560211a19b47992c3666cc44a7e94c0,2017-08-09 22:45:21,69.0,7.78
fcceb7beda0bafc845956f10e4aebfd8,1,8af78635010ca0b1366e5a2b17f52b59,744dac408745240a2c2528fb1b6028f3,2017-07-26 21:05:13,448.0,36.94
fcfe2d5e04958fe97ad8a49d23e12441,1,c8d415e06ebd7a37c7a5b4a18641ca11,cbd996ad3c1b7dc71fd0e5f5df9087e2,2017-06-13 09:50:08,43.48,15.1
fd038d8e957d1407c9928ef57603146e,1,07e1dae59ffce9e47d0f529361d492f6,430315b7bb4b6e4b3c978f9dfa9b0558,2018-01-24 13:57:29,299.0,65.78
fd117d65267f58ad33d914a3cc317543,1,aeaba104830f91586dae1bff90f54a8a,a44fb5a447105f8469bdf16bf9159f25,2018-03-23 16:13:55,99.0,16.66
fd22bd0610424ec9e62c1d98288b51e9,1,7e0dc102074f8285580c9777f79c90cf,e26901d5ab434ce92fd9b5c256820a4e,2017-03-28 13:08:49,34.9,10.96
fd26a8e314b26ecd3011f9d6ec17e7c2,1,acdd408fe971bbe29a81f8febb575ffc,128639473a139ac0f3e5f5ade55873a5,2018-08-09 13:35:21,18.9,13.47
fd2b355e216e132b6c0f3f1b18828c95,1,656e0eca68dcecf6a31b8ececfabe3e8,e9bc59e7b60fc3063eb2290deda4cced,2018-07-12 19:15:13,73.0,18.61
fd4787fa8be4afcbd8ba795e775cab51,1,8e49e2b4aaa2a78f82c80d2e488084f6,3c3017960b2dbd72711a61f0400aab8f,2017-02-01 17:57:35,84.8,18.0
fd4a2838bede5695c44824f56cd274f2,1,d51f9e208b88e49c98f6a55649d5df35,65febd49fd28ec955651299159b1f527,2018-07-27 16:05:20,55.0,23.19
fd4c1cc6d742f00dee7633f6a72cbe60,1,c5f80e9b4f6f51bc7cdb5d004643262a,094ced053e257ae8cae57205592d6712,2018-04-18 08:35:16,169.9,41.13
fd4c1cc6d742f00dee7633f6a72cbe60,2,6c134d5cb3a3dd71dd85c1b5cb4fc7b0,abcd2cb37d46c2c8fb1bf071c859fc5b,2018-04-12 08:35:16,102.9,41.13
fd732412d4727a9a7e0d6231b2ca11ed,1,afa3a51dec198b1d14a0c19849dab3a8,3504c0cb71d7fa48d967e0e4c94d59d9,2017-08-24 19:44:26,29.9,15.79
fd86c80924b4be8fb7f58c4ecc680dae,1,d22bbc02259111e107ee7916637d4791,8d956fec2e4337affcb520f56fd8cbfd,2018-03-14 20:28:42,69.99,12.93
fd86c80924b4be8fb7f58c4ecc680dae,2,d22bbc02259111e107ee7916637d4791,8d956fec2e4337affcb520f56fd8cbfd,2018-03-14 20:28:42,69.99,12.93
fd8c19c45239a0a139f809050de68c88,1,f16ced867a24a244afefb5b867f337df,a3f0b55de503387383c7b1de3ad7f678,2018-02-01 13:18:26,159.9,36.78
fd94e66307d89e3285cde20f9766bafd,1,f1f41c991881dc3d4cbcedade3ec1622,40d54b51e962dbe09cabbcfd33298dee,2018-08-29 14:30:15,389.5,13.75
fd98db0c60caa964759465417876e390,1,6a222302a2e1749b050b0897a01765f2,253f95b3a0e6983ae18aed49fbc2b845,2018-06-14 12:22:38,321.9,18.22
fda140e135ccab872e95fb03e76ba27a,1,3410cbd7df2130ec3cb9300ef0fe3df1,165fc07beebdcb6190fba8a06db2a449,2017-10-09 13:07:21,59.0,17.98
fdab24bf4e3d761c7072e39c69308da3,1,e3b4b906fc11fd64318e4923a3d4594f,17306570e772e7718c92a562d33f5f1d,2017-05-05 19:22:21,629.9,43.3
fddbb434bce33723969c0d1950649dbd,1,4565bb5b964cc42b49780586560c98e0,365e4bce19bda0082c3d15d83fdb8bcd,2018-05-01 23:30:21,99.0,8.46
fe2f8677aaa66d2344481c0925170245,1,73852ee3739732147010f2be732d597c,3fd1e727ba94cfe122d165e176ce7967,2018-01-18 15:51:30,104.9,13.07
fe492b94021fc809f9fd371ca4162c51,1,a5e253ef6240a13a4d631fd39d2c7444,1354d51653f645349064725ed204e85e,2017-08-31 14:25:11,60.0,14.17
fe550a071fd93fdf2ad73e26e878ea3d,1,98b22c1129886cbd7fcae69d1c93e442,da8622b14eb17ae2831f4ac5b9dab84a,2017-11-13 02:26:53,89.9,13.65
fe59203fdf21267082352e201ad44772,1,7aeb83cae61b0e94e6426cba2598ad9e,2a84855fd20af891be03bc5924d2b453,2018-05-11 17:30:36,49.9,15.23
fe60bad9c284d296c50b267f32a70da8,1,c46c87888b081cf424913fd74b9b6e87,41e0fa5761c886a630994a55c12087e7,2018-06-21 20:03:23,84.9,18.69
fe78b46c19e9737d82d7dc5d7ea6ee77,1,8546c6aec945658dd6de0b125806bc8a,391fc6631aebcf3004804e51b40bcf1e,2017-08-01 19:50:17,98.7,16.32
fe8568b0167c1e87d6f1dab1033c9278,1,bae8ac5e125a98fe445bc17714104709,655220df33262c7e0c4949a147366f94,2018-04-05 10:55:09,139.0,40.36
fea5a631859ef3c5c4a7ee9ff36096a8,1,542b3d80712d51eefe3a3cd1c5f4e8fe,537eb890efff034a88679788b647c564,2017-10-27 00:14:18,42.9,22.67
fef9630717f341d93127dbf1d27650c9,1,03d4233b9e3382adaed9e5c58626f1dc,1da3aeb70d7989d1e6d9b0e887f97c23,2017-08-30 13:25:21,17.99,7.78
fef9630717f341d93127dbf1d27650c9,2,e0d3e5cf1969f20bd69e052ec6cf8f8f,1da3aeb70d7989d1e6d9b0e887f97c23,2017-08-30 13:25:21,12.99,7.78
fef9630717f341d93127dbf1d27650c9,3,351eb84de99fb5e43d8706bc3f41fbff,1da3aeb70d7989d1e6d9b0e887f97c23,2017-08-30 13:25:21,12.99,7.78
ff14a3e36b78f407a4e8402572e4edfe,1,f5cb4f19ca215fb34aef190918d45f46,0d83f8e03188682112cc0d93523705cc,2018-01-25 13:14:45,88.9,16.06
ff14a3e36b78f407a4e8402572e4edfe,2,f5cb4f19ca215fb34aef190918d45f46,0d83f8e03188682112cc0d93523705cc,2018-01-25 13:14:45,88.9,16.06
ff14a3e36b78f407a4e8402572e4edfe,3,f5cb4f19ca215fb34aef190918d45f46,0d83f8e03188682112cc0d93523705cc,2018-01-25 13:14:45,88.9,16.06
ff14a3e36b78f407a4e8402572e4edfe,4,f5cb4f19ca215fb34aef190918d45f46,0d83f8e03188682112cc0d93523705cc,2018-01-25 13:14:45,88.9,16.06
ff1a5ab32e4131d647fa856bee2d4ff5,1,195d8e91830247a20eee5eb4c4236294,a5cba26a62b8b4d0145b68b841e62e7f,2018-03-21 16:50:44,279.0,23.66
ff3753fe031ab5314a80e05249ecc275,1,cc03fe412a0cde1ba3de9ebbce01adde,0df3984f9dfb3d49ac6366acbd3bbb85,2017-05-15 10:22:26,136.9,17.4
ff40f38705c95a8eceea1a0db29bff66,1,461f43be3bdf8844e65b62d9ac2c7a5a,7d13fca15225358621be4086e1eb0964,2018-05-14 12:56:47,118.0,4.88
ff40f38705c95a8eceea1a0db29bff66,2,6eb70dfb283dc3f645ed7b03c990dc72,7d13fca15225358621be4086e1eb0964,2018-05-14 12:56:47,55.0,32.09
ff410c670cb5018a763d815c1368f405,1,93c902b021a9e594f658ab1b0351602a,2e90cb1677d35cfe24eef47d441b7c87,2018-02-12 16:51:49,97.9,13.71
ff54c442f3e9f50941a09dcf4e061e6f,1,e41a6ac2f57a273eb0d214c7cbab5db9,a7f13822ceb966b076af67121f87b063,2017-02-16 14:42:14,119.97,29.03
ff85c3e4329457e83cb474799a257ccc,1,144266e1585320d057797a369596bb8b,850f4f8af5ea87287ac68de36e29107f,2018-01-24 16:57:45,899.0,17.5
ffd5efbd46bbf72ad374862a05ef4c72,1,8338cef8355d238f43711dcb9c0657b2,cca3071e3e9bb7d12640c9fbe2301306,2017-02-11 18:39:14,45.9,14.52
ffea79d8c5fecc22cbff0c54eda9b65c,1,ea44caac707f7f1325182a538007f838,855668e0971d4dfd7bef1b6a4133b41b,2017-09-12 04:24:39,50.0,19.59
