order_id,customer_id,order_status,order_purchase_timestamp,order_approved_at,order_delivered_carrier_date,order_delivered_customer_date,order_estimated_delivery_date
b9a6c5f5df52c7226ac85aee7524c27f,f160aaf480efdfa7268f0fa535f73e76,delivered,2018-06-12 20:07:44,2018-06-12 20:44:26,2018-06-13 13:09:00,2018-06-19 12:44:08,2018-07-17 00:00:00
261e71d2349c713eafa9f3df5972b95d,d6708bbbd2d419475869a84e41f620a1,delivered,2018-01-20 12:15:57,2018-01-20 12:37:13,2018-01-25 21:42:52,2018-01-30 11:32:35,2018-02-15 00:00:00
67b50899f52995848c427e361e10dde3,1b353c00c71689afba44554e43cc5a76,delivered,2018-06-16 21:24:10,2018-06-16 21:36:59,2018-06-21 13:55:00,2018-06-27 13:17:27,2018-07-16 00:00:00
32733fc014b67ef70fa6039dd8c6ba82,ad66699beab381d0747605f108cc02b4,delivered,2017-08-30 21:12:28,2017-08-31 02:50:24,2017-09-12 20:16:46,2017-09-25 17:53:23,2017-09-22 00:00:00
39a70e9e9b729b11dee34ac12478597f,20c678bfce3c8252288f70dd2bee5e51,delivered,2017-08-10 21:26:25,2017-08-10 21:44:13,2017-08-11 19:11:16,2017-08-22 16:45:00,2017-09-12 00:00:00
80000ae9d118d79953522e35cce34f13,67372e0bce729cebb559886b6c4d9e2e,delivered,2017-02-27 11:33:35,2017-02-27 11:45:10,2017-03-01 11:03:51,2017-03-08 08:51:57,2017-03-20 00:00:00
2bfd14409ba8ba1153ce42b2abc44bb8,9522d39cabd497bd4bc5fb1b226cd5cf,delivered,2017-12-18 17:43:43,2017-12-18 18:52:09,2017-12-19 19:04:27,2018-01-05 13:46:27,2018-01-18 00:00:00
faa01b7a24d0ba51d0d0ec652cd9b745,e6dfd24ec0d6e4e7002fa6dca5bf55a0,delivered,2018-07-10 18:14:47,2018-07-12 03:30:17,2018-07-12 07:30:00,2018-07-25 11:52:20,2018-08-06 00:00:00
06aa0aa8c22027ebb953d501c4238512,dd22f1d0142d9698c0848674e843525c,delivered,2018-04-25 19:43:19,2018-04-25 20:31:06,2018-04-26 14:39:00,2018-04-27 17:37:28,2018-05-11 00:00:00
3762c0ef92b5bc397671e6d7e6d5672f,39bb2424304a318278cf4516500c657c,delivered,2017-08-15 21:32:14,2017-08-15 23:30:19,2017-08-17 18:47:31,2017-08-22 22:42:13,2017-09-12 00:00:00
4fab84dd561f10bb9c98293f34d749fa,1c141ff3d234a4ea775feaf7d0024a59,delivered,2018-07-03 12:04:03,2018-07-05 16:32:43,2018-07-05 14:25:00,2018-07-11 15:24:32,2018-07-27 00:00:00
e6bed0846d5d268bf1ebcf66eab19a42,2110656d0356c5d1d3c7f1c7bce0e319,delivered,2018-03-13 22:21:03,2018-03-13 22:30:39,2018-03-14 20:15:50,2018-04-19 17:57:33,2018-04-05 00:00:00
e45620eb46de3b95c078fb17e75db83e,a539b9d6f9045415d847df7fd525d2bd,delivered,2018-06-11 12:41:01,2018-06-11 12:59:44,2018-06-15 16:32:00,2018-07-11 19:27:47,2018-07-24 00:00:00
8906cb0ae3ccbd4613940de05579b218,fd5ddf911dca5e102a4856a2ace88a09,delivered,2018-02-12 22:25:07,2018-02-12 22:35:30,2018-02-19 23:39:37,2018-02-21 00:33:39,2018-02-26 00:00:00
a4b276bd4a9eba543ec90cdf29a67308,9d20953453325b0f8badf470f570f98c,delivered,2017-06-15 08:53:26,2017-06-15 09:05:08,2017-06-23 13:33:00,2017-06-27 13:59:39,2017-07-05 00:00:00
5d9fde36e9b14f9c646577bb073b1486,ffed5d4f6245fe13cd57054621eec36a,delivered,2018-02-21 17:27:58,2018-02-22 02:10:26,2018-02-27 17:05:12,2018-02-28 22:25:06,2018-03-07 00:00:00
2790c1db6fab421570c3a789c96ffd46,606526aa253b452a350ce935064f6418,delivered,2017-10-31 18:03:11,2017-11-02 02:35:33,2017-11-07 19:22:25,2017-11-21 22:18:55,2017-11-27 00:00:00
40ebc9d21ae5f5d7dfd398f87e63f455,54c424fd34699c65ea6d0c12a80e4a72,delivered,2018-03-12 16:57:52,2018-03-12 17:10:50,2018-03-13 22:04:05,2018-03-17 00:18:43,2018-03-22 00:00:00
3d5857f4fdb1061d247dea2544782580,ceec04c1f9846950a467eee17ccdfb85,delivered,2017-10-25 14:58:48,2017-10-25 15:14:19,2017-10-26 16:48:54,2017-10-27 18:26:47,2017-11-07 00:00:00
cdab66293e2e4ea2b956d8016c5ad97d,6d03d9c7d95db6de5b59aa4d7218ec07,delivered,2017-12-13 09:01:12,2017-12-13 09:12:24,2017-12-15 22:04:12,2017-12-22 17:14:36,2018-01-08 00:00:00
d32fbb7b9c7d393b293c80e66091ee4b,66538c9da66571088de88815faa7ee9a,delivered,2017-09-10 15:33:23,2017-09-10 15:45:19,2017-09-11 12:08:37,2017-09-15 17:11:32,2017-09-28 00:00:00
fd22bd0610424ec9e62c1d98288b51e9,067715fac053f8972e3887e3784e38f4,delivered,2017-03-19 13:08:49,2017-03-19 13:08:49,2017-03-22 06:44:34,2017-03-24 10:18:13,2017-04-11 00:00:00
ced669a0f18cc433701f1011449b80fe,70f455685561519d6a7770423cbb01ee,delivered,2018-06-26 16:58:56,2018-06-26 18:18:21,2018-06-27 10:17:00,2018-06-29 16:48:46,2018-07-11 00:00:00
f5a1d7fb9cd502618f942b1295676f1b,c1ba054116e13a367a09a45be363525c,delivered,2018-01-13 12:13:44,2018-01-13 12:29:16,2018-01-15 23:51:48,2018-01-22 20:28:42,2018-02-15 00:00:00
cd49c5c6f772ac87200f116a7a5499e5,c68f1a0b156eeb49b2b3168e4ab55681,delivered,2017-03-08 01:59:31,2017-03-09 02:51:06,2017-03-09 13:31:27,2017-03-14 10:34:44,2017-03-29 00:00:00
5fe9874b96028c851e35c1c28aede4c2,4d575680ce2505bef7485ecf1badf1d6,delivered,2018-01-14 14:39:38,2018-01-14 14:51:23,2018-01-24 16:59:54,2018-01-30 14:19:48,2018-02-16 00:00:00
0589d8b975f21fea2ad626ea99527911,77dc1be4c4766a308f7c7516b732a825,delivered,2018-02-27 16:36:42,2018-02-28 16:35:43,2018-03-01 18:47:44,2018-03-07 22:44:26,2018-03-28 00:00:00
0d5fb8614978748bcfbef448c8a74a17,33a3023585bff9c06044bdcd92c95b4b,delivered,2018-08-06 10:00:44,2018-08-06 10:15:30,2018-08-07 15:47:00,2018-08-15 21:19:33,2018-09-06 00:00:00
ed8a6e0832d4fbbd240110423cd1b707,226236428096449139ada8b6e6bf4136,delivered,2017-11-24 14:22:09,2017-11-25 05:50:06,2017-11-28 18:32:27,2017-12-14 21:35:17,2017-12-21 00:00:00
9dabd200c58f609f380ecd1e44898086,1bb2273c4c26af24561221cfc4fbd7f1,delivered,2018-06-12 20:50:18,2018-06-12 21:24:02,2018-06-15 13:48:00,2018-06-27 17:11:52,2018-07-19 00:00:00
573cdc3b8d7f43d865aba5fbbc888802,1d4ed7b29c69512e9a142a6a5c52f5d0,delivered,2018-01-12 15:22:11,2018-01-12 15:30:30,2018-01-15 21:48:54,2018-01-31 21:48:10,2018-02-14 00:00:00
73287734c7b95e805d54a35d062627f2,d8d953c123168b787dceec29e08d08d3,delivered,2018-02-27 12:05:41,2018-03-01 02:35:26,2018-03-02 00:12:43,2018-03-21 21:47:29,2018-03-27 00:00:00
12aab7cb25bc6ae86c66cb3e7dc35a76,d2e258817e38dd6847a2dead3bbafc05,delivered,2017-12-22 17:11:24,2017-12-22 17:31:56,2017-12-26 14:12:49,2018-01-03 11:16:06,2018-01-23 00:00:00
c0e1586eda89047d683b2bc7d902037c,0266506e68e7eac1c7f726da057c28a9,delivered,2017-12-12 23:35:51,2017-12-12 23:49:55,2017-12-13 20:03:34,2017-12-18 21:18:56,2017-12-29 00:00:00
0124e0c5bfae1979838a91e47df53f14,6bf7cea1d53d6e27e5debdb2d5049ff6,delivered,2018-02-08 15:31:37,2018-02-08 16:59:25,2018-02-14 20:04:13,2018-02-15 20:11:58,2018-02-26 00:00:00
26c032093452825fab1ef0adcde581ac,1de5dc5b831942a9161baef126e93870,delivered,2018-08-14 16:42:17,2018-08-14 16:56:04,2018-08-16 17:15:00,2018-08-23 00:04:05,2018-08-30 00:00:00
848e76f65aa5d3843c356d8a68dfa5b5,0fe01041704b943d5c7905323ea63a2b,delivered,2018-05-03 16:05:51,2018-05-03 16:29:22,2018-05-04 12:12:00,2018-05-11 20:39:45,2018-06-01 00:00:00
1227f9af3b2ddb0b95060aab8e5b3dc7,53c9811a9eed9e84d267b8a929840882,delivered,2018-05-10 14:48:29,2018-05-10 15:11:25,2018-05-10 14:00:00,2018-05-18 16:21:53,2018-06-07 00:00:00
5d1aca6ae03324b5398c241b3b402be7,b36aecddfe5ccb0971ba9de40729416e,delivered,2018-06-11 13:34:54,2018-06-11 14:02:11,2018-06-12 15:05:00,2018-06-13 19:59:46,2018-06-20 00:00:00
ba16a6de753feb4dc0a6716cc3ddf951,2f2b6326403a1044d7c1c951fa3867f0,delivered,2018-02-10 18:19:59,2018-02-10 18:30:25,2018-02-14 20:15:52,2018-03-08 13:27:33,2018-03-23 00:00:00
569d43a54c364df5b367ab33e96eacf0,de67b8bed7fa293d54466d66bdaadc62,unavailable,2017-10-31 08:50:06,2017-10-31 09:06:23,,,2017-11-08 00:00:00
cdb67b9f52b1b7cd79169a5aae48d7c2,86d44d270b72592dbef78de27ec82d08,delivered,2018-03-07 12:04:58,2018-03-07 12:15:42,2018-03-10 00:07:27,2018-04-02 11:46:28,2018-04-05 00:00:00
b2e5be9642d390480c19fbc80e533de6,250db83427885000b3aa996cf9dc3a72,delivered,2018-04-16 13:41:24,2018-04-16 14:35:11,2018-04-17 00:03:11,2018-04-30 20:34:36,2018-05-07 00:00:00
fd117d65267f58ad33d914a3cc317543,f7c89da122bf0065f6157a4c19bfe24e,delivered,2018-03-19 15:53:24,2018-03-19 16:13:55,2018-03-20 18:53:39,2018-03-23 16:32:23,2018-04-06 00:00:00
6fd39a1adde54d0a5e6fe5ddc6c8784a,4e364c106217fcf45f21a4db793866bb,delivered,2018-04-01 19:57:10,2018-04-02 21:28:58,2018-04-13 01:51:10,2018-04-19 16:04:20,2018-04-27 00:00:00
4cdf8813fc5f4c3d74041453f606868c,d6e011b818659fed8cfa433ec3bee9fe,delivered,2017-10-10 10:08:32,2017-10-10 10:26:55,2017-10-23 17:46:35,2017-10-27 19:44:55,2017-10-23 00:00:00
5bb8d2fbca419676d395687e28f5263b,bff5a17c6a2c64100921da9fe9591a43,delivered,2018-07-12 12:44:14,2018-07-12 14:10:14,2018-07-13 06:52:00,2018-07-23 19:08:52,2018-08-01 00:00:00
5f4942fc3a59f2e62ae534f981105954,887b8a65e05f6ac52b0084002f88b30d,delivered,2018-03-01 08:07:37,2018-03-01 08:29:07,2018-03-01 20:12:36,2018-03-07 22:51:51,2018-03-21 00:00:00
5b649740381032adc79831802d8d221a,9f953bb4452203555445d713827f1465,delivered,2017-11-04 11:11:51,2017-11-07 07:30:51,2017-11-08 15:46:59,2017-11-13 16:52:04,2017-11-30 00:00:00
b68a52eb0d8bcd5f784a5f95b98a6cf6,56d9e13e6894b123c090a253757182a3,delivered,2018-02-03 10:27:19,2018-02-03 10:40:37,2018-02-05 22:58:49,2018-02-28 09:21:54,2018-03-15 00:00:00
558731462aceb9588378c7c19194d2db,4d916e585f3bb295dbc15dafaeaae8ed,delivered,2018-05-10 14:00:11,2018-05-10 14:16:26,2018-05-17 13:29:00,2018-05-18 16:59:56,2018-06-07 00:00:00
77e4da3755c479aac3d6f7f2a5e94516,6995decf2663f921e8dfb49b3e7b5b9c,delivered,2018-02-13 14:36:43,2018-02-13 15:07:58,2018-02-19 23:42:39,2018-03-09 16:58:30,2018-03-23 00:00:00
578daeebdebcc19bd2dcba1f6b06b3ce,af31beb9cb1ad7f0dd644d33b9e9ea44,delivered,2018-05-29 18:54:31,2018-05-29 19:17:23,2018-05-30 08:53:00,2018-06-02 14:12:57,2018-06-21 00:00:00
1aa78d3a94e9d8054d63fd230c076bf6,07c7380ec99877459637515df52ee55a,delivered,2017-11-24 18:49:41,2017-11-24 22:14:11,2017-11-28 00:12:11,2017-11-29 17:09:17,2017-12-08 00:00:00
a5d3eeeb605f6e2ce95e590543148234,05e8586e1ca488defddd47b5be9179c3,delivered,2018-05-13 21:46:59,2018-05-13 22:13:44,2018-05-14 13:40:00,2018-05-15 17:31:01,2018-05-25 00:00:00
2e233dded5d8af5e2baa5c1fca89a6c6,7f6cc609946a187554550e1a9192a46f,delivered,2017-12-06 14:37:35,2017-12-06 14:52:16,2017-12-20 18:59:29,2017-12-21 23:38:53,2018-01-04 00:00:00
9eaec2635ebf99416ead21c62ef53f67,216b824e1aa1817c80b40f8f2f8b246c,delivered,2017-12-13 17:14:37,2017-12-13 17:31:27,2017-12-15 21:42:19,2018-01-03 20:29:09,2018-01-15 00:00:00
db7a9e1d2cbac54cc7ead44f1ae8535c,3eda5c7e6340baf62f38dec00856a877,delivered,2018-02-16 16:32:47,2018-02-16 16:46:57,2018-02-19 18:29:11,2018-02-20 19:45:03,2018-03-05 00:00:00
3caf6c286c8cde37ea9c0fb2da0e3169,c8b8fc6a174f7e78125428ff2e452cca,delivered,2018-06-11 09:37:23,2018-06-12 05:15:58,2018-06-13 10:25:00,2018-06-19 16:18:43,2018-07-13 00:00:00
e317f41180b8a6fa3ce86b6fba6ac3fa,6285f604fa70a13975a094497da3bf6b,delivered,2018-06-25 20:52:04,2018-06-27 08:54:31,2018-06-27 07:37:00,2018-07-05 18:32:09,2018-08-03 00:00:00
3a73a24fa6a0d8ffd462fb4bb62e66fc,da5bd8e328c797b2d8f4d7199d5e94d5,delivered,2017-12-18 17:24:21,2017-12-18 17:36:30,2017-12-19 18:21:51,2017-12-27 18:58:40,2018-01-12 00:00:00
51879b7474407f56048b6c36cc3e263c,82141426f5565b47a8b8433342024da7,delivered,2018-07-25 21:44:59,2018-07-25 22:15:07,2018-07-26 11:12:00,2018-08-20 11:52:13,2018-08-08 00:00:00
385408894abaef5ea2b48046ca02f823,18e2faab25e5ef1ffc283ef3775b9a87,delivered,2018-02-15 11:26:54,2018-02-17 03:47:43,2018-02-21 16:55:08,2018-02-27 17:18:54,2018-03-08 00:00:00
a5dfe2f94a7c8cb55a435a6ed9fc2c12,7838d18f32fd8c01bf0712b588663c16,delivered,2017-05-01 19:04:07,2017-05-03 11:35:43,2017-05-04 12:15:24,2017-05-15 12:10:57,2017-05-26 00:00:00
5662e7f8bbc6abe55e104ac06994a731,b253ab4ce264a72304410c04d66e3908,delivered,2017-10-02 11:56:39,2017-10-02 12:07:21,2017-10-02 19:05:32,2017-10-18 16:22:50,2017-10-31 00:00:00
7e4d4a50dc999bcf59d2e055db0f4b37,3ea256d0100550636253563da3e913bc,delivered,2018-01-08 01:30:12,2018-01-08 01:39:20,2018-01-08 22:37:51,2018-01-19 20:49:02,2018-02-07 00:00:00
d7ebfa9a59497087b6f2383f00689fcf,6da7fdc344021e769a846085968f48f0,delivered,2017-10-29 22:45:35,2017-10-29 23:05:48,2017-10-31 23:44:50,2017-11-14 18:42:27,2017-11-23 00:00:00
bcaa7f7240deb32b0410ee6cc085d9b4,829d3ea58fe45816348ab857d059a6ae,delivered,2018-08-12 10:33:18,2018-08-13 10:30:19,2018-08-13 15:28:00,2018-08-14 21:48:58,2018-08-20 00:00:00
21c9855588b3946347dcaa1f159edcd8,499311489d89baa6ed8f9f9f1f3758b8,delivered,2018-06-02 12:40:09,2018-06-02 12:51:57,2018-06-05 15:01:00,2018-06-06 22:12:47,2018-06-28 00:00:00
b5eb3252f8e5ded7044d176ed49e2ecb,86d7e0b2821894373d67a03352affdcb,delivered,2018-05-28 17:23:08,2018-05-28 17:35:10,2018-06-18 11:59:00,2018-06-22 17:59:29,2018-08-03 00:00:00
5f8772295e1adb4e4832c988d6b631b6,d6ea3ab260c02dc5a2d6270e7d49286d,delivered,2018-03-17 10:11:49,2018-03-17 10:28:37,2018-03-21 19:24:40,2018-04-10 01:19:14,2018-04-20 00:00:00
22caa724849d26dec4cd73ffc70bc133,983286740ff2d1fd74d499fd1a711de7,delivered,2018-06-20 16:51:23,2018-06-20 17:21:20,2018-06-21 12:51:00,2018-06-28 13:48:32,2018-07-17 00:00:00
76ae7f8d0104f4808d4a93f4b81661d7,279b18bebb145265c6490f1de02cd947,delivered,2018-02-03 12:34:20,2018-02-03 13:20:32,2018-02-05 16:42:17,2018-02-15 00:26:45,2018-03-01 00:00:00
dfa1e5a290276c05629e2d4180ce6aff,1cb19e72dbe69d9091b464032caebb40,delivered,2017-03-13 14:17:40,2017-03-13 14:17:40,2017-03-14 15:05:58,2017-03-17 17:51:45,2017-04-06 00:00:00
d33a24a5ea67f8f5a06b0a32e53f3acf,5681c6fa141b43aaa13277dd0fd30b76,delivered,2017-05-16 11:15:51,2017-05-17 04:10:25,2017-05-17 14:37:03,2017-05-23 10:42:20,2017-06-07 00:00:00
c8c002c98c3b0b4d4136b84f76f635a8,c7f827df881d513428043f6c8153eb6b,delivered,2018-01-23 22:51:57,2018-01-24 18:12:42,2018-01-26 22:19:07,2018-02-09 01:44:46,2018-02-23 00:00:00
07bebe0626c8053ad425381fe0882655,a7077f133d9d048e55dc77a59d97c83e,delivered,2017-09-22 11:16:39,2017-09-26 04:07:12,2017-09-29 22:33:53,2017-10-05 21:07:46,2017-10-19 00:00:00
d5d0829757e3f168a603b3c272d96fff,add7aa6095dd2aae6b8d70d022bae3e5,delivered,2018-03-07 19:39:28,2018-03-07 19:55:32,2018-03-08 20:28:34,2018-03-15 22:32:39,2018-03-27 00:00:00
0ea322b0cc5c5a359a4b83e2cae08390,fda9a2bf4f0b8d64bf713e261189a2bc,delivered,2017-04-21 09:11:44,2017-04-21 09:22:07,2017-04-25 11:06:48,2017-04-27 15:43:31,2017-05-11 00:00:00
377627ea55b004e8d55a2af17ba3c0e1,3f0bd16414d5fee5cb1d19769c3c825e,delivered,2018-05-20 13:52:02,2018-05-20 14:18:58,2018-05-21 13:12:00,2018-05-22 14:56:33,2018-05-29 00:00:00
989829039549b9b62b547646ee72c034,c947bd7320af6ca068c7ef4389693173,delivered,2018-02-17 19:34:10,2018-02-17 19:50:25,2018-02-21 22:05:26,2018-02-22 13:49:08,2018-03-06 00:00:00
0739104e30e20de6c0956c0889a9b9dc,066a9e746ce5eead40d2afa9bccd3d7d,delivered,2018-08-17 19:00:16,2018-08-17 19:10:44,2018-08-21 06:04:00,2018-08-27 16:02:46,2018-08-31 00:00:00
3772bd82db6b988f9a7008bdb3a4b729,d00682c2eaf70db1869809d2fbaf7aba,delivered,2017-08-30 14:01:17,2017-09-01 06:24:30,2017-09-01 18:17:49,2017-09-06 17:52:25,2017-09-22 00:00:00
ece3ab91bd67ba73563dd0468fc3bde2,b4111141220267ae8e763af405bc6469,delivered,2017-09-04 16:30:33,2017-09-04 16:45:36,2017-10-03 18:04:57,2017-10-19 21:43:53,2017-10-10 00:00:00
f6806cb575dffe2dd24873502bc0b413,f9f0c70f7f91d4bebab7ed1cb0206489,delivered,2018-06-29 13:50:02,2018-06-29 14:10:45,2018-06-29 15:34:00,2018-07-05 19:46:36,2018-08-07 00:00:00
e1cbc1e8c3204aaecc891d1392f7b4d7,3b4d546d0e5f84a84c5cd3034c557b72,delivered,2018-01-04 09:22:57,2018-01-04 09:33:23,2018-02-06 19:27:54,2018-02-15 20:25:12,2018-03-14 00:00:00
a7b984cb7dba04216ef3408f9fdc724f,abda0fc72e1f8c32dd8291c542e273c5,delivered,2018-02-16 21:27:05,2018-02-16 21:35:26,2018-02-21 23:35:38,2018-02-27 00:10:13,2018-03-12 00:00:00
c000556923c9e9f96eb1121213f153b0,e630c8a8b546a3a6486ccdca9cc6eb0a,delivered,2017-11-24 14:22:59,2017-11-24 16:33:41,2017-11-27 21:43:07,2017-11-29 21:37:23,2017-12-12 00:00:00
544bad401327a8f0de6786c7ccd73c8b,3663cf3c9fafa9cc511c4d990ea35326,delivered,2017-04-30 19:25:23,2017-04-30 20:00:07,2017-05-04 13:14:08,2017-05-17 15:32:56,2017-05-23 00:00:00
c0cb48c270009fc128318b2f9eda3bec,246295516c97fc54aa274c6fd2222602,delivered,2018-04-22 17:47:10,2018-04-24 18:34:06,2018-04-23 18:02:33,2018-05-04 18:17:35,2018-05-15 00:00:00
38ac62af1b354671501c9bbfc55bf187,d14a98aaff22268ebdcbcd6acb7161be,delivered,2018-02-02 12:15:33,2018-02-03 02:53:24,2018-02-27 22:51:34,2018-03-06 19:35:44,2018-03-23 00:00:00
faa72e2db68f17d71fa5c725cafc53ad,a6a0a62ce165053b536f84be26fd22c7,delivered,2018-04-15 18:34:32,2018-04-16 08:51:12,2018-04-16 18:56:48,2018-04-20 20:28:56,2018-05-16 00:00:00
338be6220254203898339bb8b6021138,fef6ee8cb0a99f0fa68808e0fadca078,delivered,2018-05-17 09:53:34,2018-05-19 02:58:57,2018-05-21 15:32:00,2018-05-31 00:19:44,2018-06-06 00:00:00
2282f08c7a3e5bc3e7b84bb444d6e1e6,9024b6b926dff086c50dfd85762b9a45,delivered,2018-04-11 11:41:21,2018-04-11 11:50:28,2018-04-11 22:18:28,2018-04-26 19:42:49,2018-05-18 00:00:00
b62490833ad4da4f0f696c9358737651,36a52cbef5f4a32aed0c0215995985d4,delivered,2017-10-30 02:03:05,2017-10-31 04:30:15,2017-10-31 16:53:48,2017-11-08 17:54:43,2017-11-29 00:00:00
8fad1f3654133d30218cd4b6fae827ee,9111c8e96c761096f6fbe14a3a539f5d,delivered,2017-06-18 11:37:07,2017-06-18 11:45:18,2017-06-19 16:42:20,2017-06-22 15:34:10,2017-07-07 00:00:00
84d1f58195cae334b50f9088b38b3495,544e77a62037110df48c7f23d0a320e7,delivered,2017-04-26 08:45:44,2017-05-01 22:33:38,2017-05-04 15:14:39,2017-05-11 13:33:01,2017-05-17 00:00:00
44259226d73d340f929777553ecf199b,10101c15aec095b6078c8dd047739392,delivered,2018-03-30 13:36:43,2018-03-30 14:27:02,2018-04-02 19:21:05,2018-04-17 23:18:36,2018-04-25 00:00:00
3b9de7cf25713aac3ab7e5cc48d83983,4233f443bac7d7de2c4e6782763fa516,delivered,2017-07-20 10:38:58,2017-07-20 10:55:11,2017-07-21 18:22:58,2017-08-09 17:42:52,2017-08-22 00:00:00
d7ebe26f7b9c7600c40edd2b0edc7afc,994ce8a078d9b40c268787c6ff42d514,delivered,2017-05-20 10:41:57,2017-05-23 03:22:53,2017-05-25 10:37:45,2017-06-06 18:52:29,2017-07-03 00:00:00
1dd524259037e53865e1fbee3697183b,1a13719d21dafc59a8a17846e0172f0f,delivered,2017-06-16 15:19:13,2017-06-16 15:30:33,2017-06-16 16:01:52,2017-06-23 11:48:38,2017-07-11 00:00:00
c4ed5db53397cdd0f24bb4ba48f769f8,b965b22eb0be25b8a06e11e390c4ffb8,delivered,2017-06-22 22:14:08,2017-06-22 22:25:18,2017-06-23 11:09:17,2017-06-26 16:57:54,2017-07-05 00:00:00
c9abb9f3b4b71b87bfbc5645a02cf8cc,72430ca7638959110ed1dcc035402546,delivered,2018-04-16 17:14:02,2018-04-16 18:33:55,2018-04-17 12:51:09,2018-04-23 19:26:30,2018-05-09 00:00:00
b2b86f50f1d5ec8763fc9fc6894ac6c4,89fe1107a7a7a8e70a256454d3da5335,delivered,2018-08-01 19:51:31,2018-08-01 20:15:21,2018-08-02 14:49:00,2018-08-03 21:19:23,2018-08-06 00:00:00
a711032f5b2df3b039238b1a273076b8,9393744f4214f430a813fee1316567e2,delivered,2018-04-04 18:08:41,2018-04-04 18:15:19,2018-04-07 22:03:07,2018-04-22 21:05:11,2018-05-03 00:00:00
ec34ce0f06a9a35ebf0f0496d595bc84,d3cafb429363e1c6b3a3af369e31728a,delivered,2018-03-05 19:13:59,2018-03-05 19:28:32,2018-03-07 19:15:05,2018-04-09 18:47:34,2018-03-29 00:00:00
f0cb299a9702d7db4e501895d61d2baf,3d14ef1b615443e8569574ccf4c70ffb,invoiced,2017-06-10 22:46:28,2017-06-10 23:02:39,,,2017-07-03 00:00:00
edd3d7495d5177045823010a1f6ac22a,fbf9c2e3c687f16df64422a9c855b8e2,delivered,2018-06-13 17:55:32,2018-06-13 18:23:23,2018-06-14 14:58:00,2018-06-20 15:08:38,2018-07-20 00:00:00
b0200f320613faea21c999a90efa28ab,cb3e59ee986f4594de1982df4ae214f7,delivered,2018-02-10 17:58:16,2018-02-10 18:48:12,2018-02-19 21:42:18,2018-02-20 22:33:02,2018-02-26 00:00:00
cecccaa359491439461332bbb0dad3d5,6e99733532423390e0d537024ac60812,delivered,2018-02-28 23:35:06,2018-03-01 00:20:27,2018-03-02 17:57:06,2018-03-28 00:09:03,2018-03-29 00:00:00
f7198d6fd9c02f8d7f7646b213376ddf,d32c1be9389b63d5e611ae874bf4403d,delivered,2018-02-24 21:15:18,2018-02-27 04:31:12,2018-02-27 19:33:48,2018-04-06 20:33:34,2018-03-19 00:00:00
042649285cd08ef7c546445419b43407,8e4a0eaf18400c5715796fc724708d00,delivered,2018-03-13 15:24:32,2018-03-13 15:35:36,2018-03-15 23:07:58,2018-03-16 23:32:59,2018-04-16 00:00:00
22a1a580ac153c5e2f469d27ad6a4e3d,b9662bb6c6a36059b08d2ade7f499d65,delivered,2018-04-15 13:45:06,2018-04-15 13:55:18,2018-04-16 22:13:32,2018-04-23 21:28:42,2018-05-09 00:00:00
4f62d593acae92cea3c5662c76122478,dfb941d6f7b02f57a44c3b7c3fefb44b,delivered,2017-07-18 23:10:58,2017-07-18 23:23:26,2017-07-20 19:00:02,2017-07-21 16:19:40,2017-07-31 00:00:00
edc9fcd5f5ab3aa69901aa991026ee0c,07c457249ec4f7f19f0244025b671ccc,delivered,2017-06-03 11:55:09,2017-06-03 13:05:18,2017-06-05 08:52:20,2017-06-14 15:38:09,2017-06-28 00:00:00
540544251975ba4515aebe0ac8525067,09aa1b31dfac63e1e90d5ddf79560f86,delivered,2017-06-19 11:02:33,2017-06-19 11:10:18,2017-06-21 18:43:49,2017-06-30 14:27:57,2017-07-11 00:00:00
d4e413e096efb5d9b209b28ac79c62b7,18f711d8d5d66c0a2d470f4b851e8038,delivered,2018-06-28 09:12:34,2018-06-28 09:31:36,2018-06-29 08:42:00,2018-07-19 19:55:34,2018-07-13 00:00:00
afc164a698c08de061cc7173650121fa,fdec684fa0be036ee7039f3edf5a0323,delivered,2018-02-19 14:27:36,2018-02-19 14:47:26,2018-02-20 20:35:24,2018-03-05 22:17:29,2018-03-21 00:00:00
3eb08a4c95b522bed075ec059ad858ab,8aac7e3ddd515089585bbab2b7d85aa8,delivered,2018-08-07 22:03:27,2018-08-07 22:15:22,2018-08-09 10:56:00,2018-08-17 11:42:52,2018-09-21 00:00:00
317c2c773295f70b67e5511ccd55f81c,1a87ac7d56c7f9d337a271a7c157184c,delivered,2017-08-01 00:03:15,2017-08-01 00:43:11,2017-08-03 16:29:43,2017-08-09 16:14:51,2017-08-21 00:00:00
115cf7c242febcbed832ad6d631db40e,aa7aba441952b013edbf055028d6e7dd,delivered,2017-05-11 00:08:39,2017-05-12 02:45:08,2017-05-15 12:08:27,2017-05-16 09:47:48,2017-05-26 00:00:00
4cf6bc9c5e6ff30151bfb6f92f791b28,515dcc3641e65fbef358398ae6dc91cb,delivered,2017-06-23 20:43:32,2017-06-23 20:55:08,2017-06-26 14:22:47,2017-07-12 16:17:46,2017-07-25 00:00:00
2f6e1ce2926b6a1f5f9ea11d94b58cb0,8d0705b3e380f94aacb2c36ecc0bd425,delivered,2017-05-25 12:57:19,2017-05-25 13:10:23,2017-05-31 14:17:52,2017-06-19 17:43:21,2017-06-26 00:00:00
60218eecf87eaeb58657769f328f2726,98a0dc59ecc82225fd647c39cbdf1494,delivered,2017-09-03 12:01:13,2017-09-03 12:15:15,2017-09-05 12:17:17,2017-09-11 19:34:03,2017-09-28 00:00:00
c6c17394464f987209982d3f1423f068,4f4ed20c56c49d645e19d6e63e37517e,delivered,2018-05-16 19:04:43,2018-05-16 19:36:44,2018-05-17 13:51:00,2018-05-28 18:03:37,2018-06-14 00:00:00
2c5871f32e23db4f41bf1c58df2f1bee,072495211b56605859c385bdbd35103a,delivered,2017-10-11 09:23:44,2017-10-11 09:38:19,2017-10-13 14:00:39,2017-10-23 20:33:13,2017-10-30 00:00:00
13cde3630a835cffb389eee14cbc0e1a,458a7594568f442693c952daece0fd1f,delivered,2018-03-06 06:16:20,2018-03-06 07:08:28,2018-03-16 23:18:41,2018-03-18 14:44:29,2018-04-06 00:00:00
825c221a4e981f278e9c5ec6ead83a3f,933bf00ad9a4f8bfd36bd85e09bd6cba,delivered,2017-06-29 23:08:50,2017-06-29 23:23:28,2017-07-06 14:05:35,2017-07-10 13:48:36,2017-07-19 00:00:00
a67f04f0a3022835f86664a0070fe36e,686427538716525c9b1b699caa2bd8f7,delivered,2017-07-18 13:02:39,2017-07-19 07:10:12,2017-07-20 19:06:00,2017-07-26 17:13:00,2017-08-10 00:00:00
0a15572811e0bc23e2963de1cdf344f0,a0a88da4a6858c8d7cc650bbd21949e8,delivered,2018-04-19 10:59:31,2018-04-19 11:36:50,2018-04-19 21:36:40,2018-05-04 20:04:01,2018-05-23 00:00:00
1389d3b1fab26d87e40c382d11a8ac3c,e4a1289920c7a33574e0433abd5b90d7,delivered,2018-08-14 22:49:18,2018-08-14 23:05:50,2018-08-17 13:18:00,2018-08-27 19:51:59,2018-09-06 00:00:00
fa2de0086db43d394d58f69a111f8f69,254a99b66d18dc590fb0b5e226382afb,delivered,2018-06-05 21:32:16,2018-06-05 21:53:06,2018-06-06 14:17:00,2018-06-12 18:32:35,2018-07-16 00:00:00
6c27984bddb654e222cd1b9a238d2e74,722dd6e14d2f43121531d24edae4e1e7,delivered,2018-05-17 16:38:34,2018-05-18 04:54:43,2018-05-18 13:51:00,2018-06-04 15:51:46,2018-06-11 00:00:00
e19a8635d806af6ae2d20b3de998b0c8,67a6887d8952c16de0e49e6ad2d6e2a4,delivered,2017-10-03 10:38:39,2017-10-03 10:51:44,2017-10-03 16:05:19,2017-10-06 18:28:02,2017-10-27 00:00:00
a6f118bcb8721211afbb36e4a1e63610,e09c6265f1f8647749be9898aa511e98,delivered,2018-08-16 11:22:55,2018-08-16 11:35:12,2018-08-17 13:59:00,2018-08-18 18:04:33,2018-08-21 00:00:00
943dc313319b98a46f1aa70d59b68715,c0ca3b0cd457d58573982009c592f913,delivered,2018-06-29 11:50:43,2018-06-29 12:10:03,2018-07-02 14:11:00,2018-07-06 17:51:00,2018-07-27 00:00:00
360d1b0085f85a626f77b5fe558e8ae8,33c7436be4e08a85eb14b56f24f4506f,delivered,2018-07-18 12:10:39,2018-07-18 12:22:21,2018-07-18 14:09:00,2018-08-01 21:04:13,2018-08-03 00:00:00
26543fb8b34f4547bcbbd431f998ee76,7b795a9df1fb7368c9c00514370d5c4f,delivered,2017-11-08 16:12:36,2017-11-08 16:30:48,2017-11-09 15:18:46,2017-12-06 12:48:29,2017-11-28 00:00:00
bd34db34f886a82d2f7e9214b6fd01e0,5c2bab9a09604f016d9ccd13242db649,delivered,2018-01-10 19:34:34,2018-01-10 20:08:16,2018-01-11 20:23:13,2018-01-23 19:52:54,2018-02-14 00:00:00
f2120851611e040d268c3be41ac51228,4428f44a71d4ed03fdaa62d4ed852f12,delivered,2017-09-14 19:23:28,2017-09-14 19:44:16,2017-09-15 17:18:59,2017-09-18 18:08:10,2017-09-26 00:00:00
0c91c4102d1858f4ced29970f55e54a0,ae8ed9c83d32613ae9f7e6c72443cdbb,delivered,2017-03-01 10:46:15,2017-03-01 11:01:46,2017-03-03 13:51:39,2017-03-07 07:57:54,2017-03-28 00:00:00
479715da59efdc67c1722f985a94d18c,8683c94ecfeed1552bd8b944bf81d66d,delivered,2017-09-03 23:44:26,2017-09-04 02:31:38,2017-09-05 15:55:58,2017-09-11 17:03:14,2017-09-22 00:00:00
4cddfa3db1f20697139ba4a46c4fd399,24cddae2e51926ae7ac40c628a8338ca,delivered,2017-07-22 19:06:31,2017-07-22 19:15:09,2017-07-26 18:46:35,2017-08-17 13:42:42,2017-08-21 00:00:00
14e3b02a42f36ad7bdcdc8a0df427be3,178e6ac2e067591cde169461107ac469,delivered,2018-03-10 17:26:33,2018-03-10 18:08:26,2018-03-13 15:56:26,2018-04-04 16:22:41,2018-04-03 00:00:00
a820e4b8830258a148d161ba6d8bf419,ae8103a85db8c3dfc90a0473e90db207,delivered,2017-06-13 14:51:21,2017-06-13 15:10:22,2017-06-14 15:33:11,2017-06-22 16:22:55,2017-07-06 00:00:00
0c5c8063a673f3c44b6499053e534ccb,3b0841e521dffa992a8ef9e4e00b2c9e,delivered,2018-01-08 20:04:06,2018-01-08 20:12:30,2018-01-10 19:28:08,2018-01-17 18:59:02,2018-02-06 00:00:00
636f0241ddc83a3b9e37a8088167bd45,0d14d28bc941474750feb2e030e54460,delivered,2017-10-22 00:31:28,2017-10-22 18:33:27,2017-10-23 12:48:04,2017-11-03 17:27:44,2017-11-09 00:00:00
afd1ca4a245a9a04d0f8d5dc1ccb7ed3,cf78fe7532c375731b3d6ce693a8600c,delivered,2018-04-17 13:32:54,2018-04-17 13:51:07,2018-04-17 22:20:55,2018-04-23 21:13:59,2018-05-09 00:00:00
27d6233886151ecc1ed368ce120ec5cf,508477b76a482e31673805fe43e12760,delivered,2018-05-15 22:05:44,2018-05-15 22:33:47,2018-05-16 14:08:00,2018-05-22 22:12:08,2018-06-07 00:00:00
2fc4ba497db1306b9048aceaf0f7e5a9,3ebebafcab1829291818288df19d4def,delivered,2017-09-22 11:41:58,2017-09-23 02:30:13,2017-09-27 18:17:09,2017-10-03 22:40:12,2017-10-19 00:00:00
3d4bfa3de7e617f61d1ee3c87e95b204,5e98755f49cf29e4e9e87d81d2f86db2,delivered,2018-05-28 09:26:31,2018-05-28 09:52:14,2018-05-28 15:16:00,2018-06-14 00:46:38,2018-07-16 00:00:00
0452166f3b0d8e378179ecea1efdfe05,f9ea98973ad5377b86d588b734afda06,delivered,2018-08-10 11:25:41,2018-08-10 11:35:23,2018-08-13 15:13:00,2018-08-14 22:44:56,2018-08-16 00:00:00
b8fba4dc6ff421731ed01f46c701084a,16292a565a0a28cb79837f9e0aee1ffa,delivered,2018-01-09 12:23:45,2018-01-11 03:08:40,2018-01-15 16:17:00,2018-01-22 21:51:17,2018-02-02 00:00:00
b3e2b81932a8bc32dfffd128937c3c5e,cb633030180d869d7bb76aa783a78b6d,delivered,2017-07-04 23:29:52,2017-07-05 17:36:19,2017-07-07 13:11:21,2017-07-10 19:07:41,2017-07-18 00:00:00
8a2d731a57d62d23bbf9556f80343140,3e2c76f875903f5937c2713907124051,delivered,2017-06-06 21:25:22,2017-06-07 02:45:28,2017-06-07 09:48:48,2017-06-22 17:52:07,2017-06-27 00:00:00
f939e2a89376e44158657a15465cacce,ec980872eea3778facea3e17ec48107c,delivered,2018-01-08 16:02:04,2018-01-09 07:25:32,2018-02-17 02:21:38,2018-04-03 17:38:54,2018-03-19 00:00:00
8b50d4c9560cac1625c6fd9f536fc780,7372fb39ddd5b2bcfb9466a66fa69dd3,delivered,2018-04-24 21:34:35,2018-04-25 21:30:24,2018-04-26 07:17:00,2018-05-03 17:12:37,2018-05-22 00:00:00
5620e57611d71ee82bf1b40183f57bdf,9b079dd2ab921fbefaa935054ed0e183,delivered,2018-02-14 10:53:15,2018-02-14 12:00:28,2018-02-27 15:33:21,2018-02-28 16:37:27,2018-03-14 00:00:00
0724cc371750e7fdfe769d2a8bdd5b92,650a73a3bd9b9aa96aa43406dd84fdab,delivered,2018-01-19 15:14:29,2018-01-19 15:36:57,2018-01-22 15:17:59,2018-02-03 13:18:40,2018-02-20 00:00:00
a52e6fa2d7c6ecaf73ff5f7f10438339,0324eee00643cd63d11ec25cb930d53e,delivered,2017-01-28 20:09:18,2017-01-28 20:32:25,2017-01-30 12:00:42,2017-02-08 12:31:55,2017-03-07 00:00:00
f97b2bdfbaca9c2f04722d8cbc8cc8a5,3ba38209ae8f27771c90ec6b410f2043,delivered,2018-08-08 18:34:29,2018-08-08 18:45:20,2018-08-10 14:49:00,2018-08-16 22:31:44,2018-08-24 00:00:00
09fd9b0402ed675bbd1ee1e81171ac7c,06d529bccb0825265d8b5b73c66e53d8,delivered,2018-08-18 21:36:49,2018-08-18 23:31:32,2018-08-20 13:47:00,2018-08-29 20:17:39,2018-09-21 00:00:00
19230cac8f45f89fc992b4048422b72e,f859fb23e2e8315da5d17d72d4f372f5,delivered,2018-02-25 17:19:58,2018-02-25 17:30:27,2018-02-26 23:44:18,2018-03-06 18:41:30,2018-03-19 00:00:00
8bca89b4311c48e6e6a22acd5cebd242,ecbefacde17c98967b427a3a1f98880e,delivered,2017-03-27 18:45:23,2017-03-27 18:55:14,2017-03-28 13:12:52,2017-04-05 13:34:01,2017-04-20 00:00:00
cca0fdbe32d86d386a95c02433412640,e25f3c0da7eeb0dd9bb46770cd17a61f,delivered,2018-06-27 09:26:23,2018-06-27 11:05:59,2018-07-03 14:47:00,2018-07-14 12:51:37,2018-07-27 00:00:00
243312dbb316253ab77bb0140d94803c,680e38a70d371582570f41cc47dc2791,delivered,2018-03-17 08:21:08,2018-03-17 08:49:39,2018-03-19 19:12:11,2018-03-21 12:24:26,2018-04-05 00:00:00
8628cf35f313fe2e46a2168f21860031,e9fbe7886163acf808479322d2b87ccb,delivered,2017-11-18 19:49:54,2017-11-18 20:06:49,2017-11-22 13:38:29,2017-12-02 00:46:49,2017-12-11 00:00:00
65a9d3006386a380f4b594577a01cef0,fb611ba8817096ba3bdc1d9807f5cdac,delivered,2018-01-16 21:39:25,2018-01-16 21:51:29,2018-02-01 02:44:55,2018-02-19 12:13:32,2018-03-01 00:00:00
dc078338903735916fab84f036188dcc,59227a9b6b75b6c0612c26336eec0a47,delivered,2018-04-18 04:57:10,2018-04-18 08:34:52,2018-04-23 20:48:28,2018-04-27 13:53:54,2018-05-16 00:00:00
bb95c9f509ff2da87b6015a0d9046f0f,8e7952773b680825d0c65e05592440e7,delivered,2018-05-05 16:47:08,2018-05-08 04:15:29,2018-05-09 11:06:00,2018-05-14 18:42:36,2018-05-24 00:00:00
853927b32b0ebc007ece729a314338cd,be0e2abfe1e57a99b37f471ba7380aa6,delivered,2018-01-24 15:42:08,2018-01-24 15:58:13,2018-01-25 14:52:43,2018-02-21 00:19:44,2018-03-05 00:00:00
f33aa647f08ec9623c76b6212be92333,f6750b796dc102521e62579639ad43b1,shipped,2017-05-23 17:03:13,2017-05-24 02:55:37,2017-05-24 12:31:48,,2017-06-19 00:00:00
c8426a2c3cc5c11e8aa0789c3238d4d9,6b05139c22666edaab8363c643187ed1,delivered,2017-10-16 23:26:54,2017-10-16 23:49:08,2017-10-17 22:35:05,2017-10-24 17:33:30,2017-11-01 00:00:00
99f10393ec3328b3b416a154afd5d714,b593c249903e4280399e991fdbe8d7a3,delivered,2017-07-19 23:51:41,2017-07-20 00:45:20,2017-07-26 11:07:51,2017-08-04 18:06:08,2017-08-17 00:00:00
8304f049f874798b19276d475a0b1851,5044e8b37438c40fd1ec142dfb1d6807,delivered,2017-12-08 23:44:20,2017-12-08 23:54:39,2017-12-12 13:33:30,2017-12-26 15:14:42,2018-01-04 00:00:00
c5ba516dae0f7c34ba8ad92dad570249,7e65f2e10589a7e3149badfe2d5ccb42,delivered,2018-08-26 21:01:53,2018-08-26 21:15:17,2018-08-27 15:52:00,2018-08-29 15:52:33,2018-09-06 00:00:00
bb102364b6a29f9f8683f21e5825595a,229d046873d7452a773c42e0f35916f9,delivered,2018-01-18 10:20:43,2018-01-18 10:31:31,2018-01-19 22:28:38,2018-01-23 15:07:12,2018-02-02 00:00:00
f65681ae52bf95372fcd66c697752f3d,eb47fece1267f094ec35bc6efb35b9a6,delivered,2018-06-15 00:41:04,2018-06-18 10:33:32,2018-06-25 12:56:00,2018-06-26 21:18:51,2018-07-04 00:00:00
5001ef7f5cc08023f39a4f6b7c09b5f5,b970847909a71ab7da63fe4fa663987e,delivered,2018-05-16 22:28:23,2018-05-16 22:55:46,2018-05-17 12:46:00,2018-05-21 19:52:44,2018-05-30 00:00:00
1e2b94b476c8738fbc5aed69524f2da4,15377ad18854e02069af4900c8e4039f,delivered,2017-08-07 13:02:20,2017-08-07 13:15:20,2017-08-10 17:07:46,2017-08-24 21:33:36,2017-08-31 00:00:00
b1d045cd447d2961b72e0d67c18f5d94,aed3f1f445a4ea906938e139249662a9,delivered,2017-06-06 21:49:13,2017-06-06 21:55:14,2017-06-07 09:48:50,2017-06-26 14:22:43,2017-06-27 00:00:00
ea1857c97012fbeb3b4babd5892ebc7a,bf96e70ffefc1f625f3db89f1949af48,delivered,2017-05-30 15:55:30,2017-05-30 17:34:56,2017-06-05 09:52:35,2017-06-09 22:55:52,2017-06-22 00:00:00
e0043b9e113bdc5f84b14893d62e00ac,567e09a51ff57f2f6ef54ef2dcb742e8,delivered,2017-11-24 12:00:57,2017-11-25 04:15:21,2017-11-29 15:12:10,2017-11-30 19:26:44,2017-12-08 00:00:00
0ca1bac7f133e0eced641bff853f52ea,c38daf55356a31e900fd1f44eb1609d5,delivered,2017-10-31 20:45:18,2017-11-01 03:15:34,2017-11-01 17:12:39,2017-11-07 20:18:45,2017-11-21 00:00:00
4ce0d39282d4d45834a51b1ca7fbb311,33b83055b03f489566ebb99c68d45cee,delivered,2018-02-01 09:11:43,2018-02-01 09:31:15,2018-02-06 00:48:33,2018-02-21 21:55:15,2018-02-23 00:00:00
37c8cbbb816470ceb8a3026653cf3d3c,0c6ddd0fc46185e7fd0bb6d767bf4d36,delivered,2018-03-01 15:25:54,2018-03-02 02:10:01,2018-03-02 21:56:43,2018-04-04 00:29:49,2018-03-26 00:00:00
d43d694cf81ca89d8e50c6f3c199f0de,1e46b29a43929d0f05b69dc61a3668aa,shipped,2018-01-18 15:07:13,2018-01-19 16:59:45,2018-01-23 23:14:50,,2018-02-09 00:00:00
7e28a3542ea8306e42298ea3718222ee,b14a788b10030beb7ea368ea345caf7e,delivered,2017-12-16 16:38:38,2017-12-16 16:53:45,2017-12-20 19:11:03,2017-12-26 15:33:19,2018-01-11 00:00:00
00fc308dd7f0937682698becaa9dcc45,f40f31f8bfcc5f74d9d246354b90af09,delivered,2018-08-20 19:51:32,2018-08-20 20:10:12,2018-08-22 14:26:00,2018-08-28 01:52:03,2018-09-06 00:00:00
ca7296a83aa279afb28c2388a4f48891,daada56f7d2e74dfd291d652b7e03ac2,canceled,2018-02-07 09:48:08,2018-02-07 10:10:17,2018-02-08 23:26:57,,2018-03-07 00:00:00
a95f8f8384a13be626e06154468a9200,aea320a768b6bf82d76979c16260e2a9,delivered,2018-02-12 08:20:56,2018-02-12 10:00:27,2018-02-16 01:55:04,2018-02-27 20:22:47,2018-03-07 00:00:00
33c1911ef3652a03c6cb098b9399b1d3,70f95a47532d0a1ffd3b15302f61a1bf,delivered,2018-07-03 15:14:01,2018-07-05 16:32:54,2018-07-04 12:14:00,2018-07-09 20:26:43,2018-07-27 00:00:00
c6c96aae858cf470816e5080de363e47,3ea720b336a4ee1c2a5fa2b77cec0d48,delivered,2018-07-17 19:48:27,2018-07-17 20:10:18,2018-07-19 11:16:00,2018-07-23 22:37:43,2018-08-02 00:00:00
f00c74caaa25430b1fa361c158e8996a,e1ec5ddd749cd760a0c408a40ae5a4a3,delivered,2018-05-09 19:19:19,2018-05-09 19:35:32,2018-05-24 09:50:00,2018-06-20 13:35:46,2018-06-07 00:00:00
546c8958ff67b28473cf140ec32a5a91,a88f6b2e3e51c830e4850876c911fb8d,delivered,2017-11-24 19:47:58,2017-11-24 22:56:18,2017-11-29 11:37:48,2017-12-27 15:00:00,2017-12-20 00:00:00
a25b9ed9a3a53f53489c105482625129,22a7b639ea009c1e430eb43244204bda,delivered,2018-06-21 19:04:30,2018-06-21 19:21:35,2018-06-22 14:41:00,2018-06-25 15:56:52,2018-07-18 00:00:00
6699d7eb202a80ad0dd024134fe5ed60,18715b86f15b55cc06dcaef3708656c7,delivered,2018-01-15 00:14:21,2018-01-15 00:29:16,2018-01-15 21:33:17,2018-01-24 20:18:57,2018-02-19 00:00:00
95de62498e177002f6ef1949e2e788ea,80acb244f16eb759ec0bafcb47c21cce,delivered,2018-02-07 19:29:00,2018-02-07 20:32:16,2018-02-08 18:36:15,2018-02-16 22:37:18,2018-03-06 00:00:00
7e09cc861487709e81e6c729d2635208,bbe208ab812ec207b4af5580b64e68cd,delivered,2017-12-05 13:33:44,2017-12-05 13:53:37,2017-12-06 00:27:05,2017-12-22 15:07:17,2018-01-08 00:00:00
083ade26303c53b4aa1c779b67d44485,9388bb1d7e8b53211cff72e787efb6e7,delivered,2018-06-07 20:38:06,2018-06-07 21:35:59,2018-06-11 11:27:00,2018-06-15 15:38:44,2018-07-23 00:00:00
a1e393fb70c2916de4f93974682521a0,7c70a35d01718282e98dbe56e2765377,delivered,2017-04-01 21:35:01,2017-04-01 21:45:15,2017-04-03 14:43:31,2017-04-06 11:13:42,2017-04-26 00:00:00
5cc6d864fa9e1a90eaf5207737549ffc,8b574f4c72ba3539b5a1cfe2429352a4,delivered,2017-11-07 19:49:52,2017-11-07 20:06:58,2017-11-08 19:28:45,2017-11-15 16:22:59,2017-12-01 00:00:00
32f7f9fd01c6b5592202b48442caa441,db1f2c9256482f22307b39827a99f732,delivered,2017-08-10 21:05:35,2017-08-10 21:15:20,2017-08-11 20:48:05,2017-08-22 12:44:18,2017-09-08 00:00:00
f51cb113ad5e21bc6d8082bc824fb25e,23304f69dac259edcc18688d38ab9250,delivered,2017-02-08 14:36:40,2017-02-08 14:45:16,2017-02-09 16:08:52,2017-02-13 10:05:41,2017-03-09 00:00:00
51c064ec2d79d398b30db3f8e1de8ec8,91da5278c565f5d5d22b3724ec4839fd,delivered,2017-05-04 19:16:04,2017-05-05 02:25:24,2017-05-05 13:30:49,2017-05-10 09:17:54,2017-05-29 00:00:00
d8d8abd9a4aa1b36575678bdf5e9d23e,aadf2752fbf607535468b271f7f7d094,delivered,2017-03-12 22:47:16,2017-03-12 22:47:16,2017-03-16 05:37:56,2017-03-31 09:46:05,2017-04-06 00:00:00
0510f632b86f01064ebbde67deb63bb5,3413b1a3a719cf261ac926114e3d3da8,delivered,2018-06-26 23:37:29,2018-06-27 01:30:01,2018-06-27 08:57:00,2018-07-04 21:29:48,2018-07-31 00:00:00
2d5a9031ce30f2732d18bb3722b887a4,1fa1869a410018e63e73c5a1fe358492,delivered,2017-05-22 14:38:48,2017-05-22 14:50:07,2017-05-24 12:39:46,2017-06-01 10:55:31,2017-06-30 00:00:00
72c81a6a9dcf354f87393c361caa13ce,1cd146c5b0b02ca65ae036c0dfcc2f3f,delivered,2018-07-20 15:56:15,2018-07-21 15:50:12,2018-07-23 11:39:00,2018-07-24 18:30:46,2018-07-30 00:00:00
19aeea45917083f03541b7d11afc8e2b,afc216c58cdbe8ed9cebe1495b155a86,delivered,2018-06-11 19:19:29,2018-06-11 19:41:01,2018-06-14 13:30:00,2018-06-22 20:48:43,2018-07-19 00:00:00
7b4cc813e327ec14c78f547a763f46b8,725ba0268900143556050bd3513a3369,delivered,2018-03-08 15:59:45,2018-03-08 16:31:38,2018-03-15 19:46:25,2018-03-29 23:23:20,2018-03-29 00:00:00
0eb43791d78d71f1098d5cb2b46e4c7b,bab91c3c25a207c83b5c95392df95163,delivered,2017-03-25 14:57:53,2017-03-25 15:10:16,2017-03-28 09:51:58,2017-04-08 03:46:03,2017-04-13 00:00:00
6b751a27edaaa33537b2e893d7fd18ce,894337b29433786ec770ef5bf5475cba,delivered,2018-02-02 18:02:51,2018-02-02 18:31:15,2018-02-07 20:33:23,2018-02-20 18:41:50,2018-03-07 00:00:00
c263f74f0ce9f6d9e0f4608a22a67dfd,7dd4ca386e9a4add580925c77a483225,delivered,2018-05-08 08:46:56,2018-05-08 09:09:47,2018-05-08 15:28:00,2018-05-15 13:22:09,2018-06-06 00:00:00
7f922477f06db4ab69f6f173f439088e,ef019b3cc077faf03d999168daaf8d07,delivered,2018-06-06 21:47:57,2018-06-06 22:12:17,2018-06-07 15:01:00,2018-06-15 19:41:33,2018-07-03 00:00:00
56430e0b9968b381942760e433583b27,25fc5fcd13751095236ea257c9cfb62a,delivered,2017-03-02 07:28:36,2017-03-02 07:35:17,2017-03-03 13:25:40,2017-03-08 17:53:42,2017-03-23 00:00:00
8d23fb4e17833d8bf866d3ae3481a3cd,6e1291c1d47555fbfbf4fcfbfc13fb17,delivered,2018-07-24 08:48:10,2018-07-24 11:23:57,2018-07-27 14:12:00,2018-07-31 11:16:41,2018-08-14 00:00:00
e9977cc6d0f97447ef0f4fcc2e082fc8,9434d806ad79343f0380e4c9d87453bb,delivered,2017-02-07 10:26:05,2017-02-07 10:43:31,2017-02-15 14:21:10,2017-02-21 14:47:32,2017-03-06 00:00:00
e504f586e9ffc862cad95482af740af4,4d547b17f5dc533970786de8f7233eab,delivered,2017-04-09 19:10:24,2017-04-09 19:22:24,2017-04-10 08:40:05,2017-04-20 09:15:28,2017-05-24 00:00:00
8bfc859f734def7a579d24fe9b618da3,5b31d1ba9e2b08086f398b79477962d7,delivered,2018-08-15 20:51:44,2018-08-17 03:09:40,2018-08-17 13:17:00,2018-08-29 17:25:48,2018-08-31 00:00:00
3b1bf20520476dc7b150dd52f521e525,aea1dc2400dfb8eed8cc28b4f8f84faf,delivered,2017-05-24 21:39:01,2017-05-26 02:25:18,2017-05-26 17:53:52,2017-06-02 15:07:53,2017-06-16 00:00:00
778d960ed98fe278fca42ee20d002b1f,797b1107c9db6e7610141a5edc125009,delivered,2018-05-03 22:43:17,2018-05-04 16:30:26,2018-05-05 09:30:00,2018-05-09 21:36:44,2018-05-28 00:00:00
39c438f2a835b25cd51bbd1bed5d089e,94fc7152214303f351fb2a3a171d8386,delivered,2017-12-18 23:10:55,2017-12-18 23:30:12,2017-12-19 23:47:16,2018-01-08 17:15:47,2018-01-15 00:00:00
7deb5565bced95f67ceac6f5dc57d4f4,5a91625bc8965ebc869d9e5247df4673,delivered,2018-01-22 13:46:07,2018-01-22 17:37:02,2018-01-26 13:52:50,2018-01-29 17:28:00,2018-02-06 00:00:00
654236657c61378a35416f08170ff0ad,244c5781e9005c4d4ed312232b155b00,delivered,2018-02-17 19:32:41,2018-02-17 19:50:23,2018-02-21 19:49:06,2018-02-26 19:22:33,2018-03-12 00:00:00
e6d3b5b66f40a99ac01da49f4c543e36,5ad1822b8f9f79c3b54bcc1346280bcc,delivered,2018-04-19 07:24:54,2018-04-19 07:35:09,2018-04-20 22:26:20,2018-04-26 12:22:04,2018-05-14 00:00:00
7645406942825a748f5db38c177b0a5e,ab0703a77ae050888f246bbe42ae20d4,delivered,2018-01-07 08:07:19,2018-01-10 10:32:44,2018-01-13 03:52:31,2018-01-27 09:32:32,2018-02-02 00:00:00
2939b6d48c2488e276205bc547c56aac,6efbee10da96b631dcd2c0f3dcfccbd1,delivered,2018-01-04 17:32:20,2018-01-05 02:38:00,2018-01-09 17:35:49,2018-01-11 22:43:31,2018-01-22 00:00:00
5ad066b6e468fcd60b0d871bfa99112a,00c7e84c0c77753093b456d787638eed,delivered,2018-01-22 15:06:20,2018-01-22 15:18:30,2018-01-23 22:46:39,2018-02-05 15:38:06,2018-02-23 00:00:00
b4c45d4cc2a2e24e10d4e20bae928819,5feeb43744a61e50a53346dc3169225e,delivered,2018-03-03 21:40:09,2018-03-06 03:49:33,2018-03-06 20:27:46,2018-03-16 17:51:45,2018-04-05 00:00:00
fb66173878dcc988e4e3e1151901b298,5add6659c12e55e5d6379c8ce5786512,delivered,2018-01-25 23:02:11,2018-01-25 23:14:27,2018-02-01 23:29:00,2018-02-28 22:03:06,2018-02-22 00:00:00
53b48de8c162b1a00ace27c3c0a9b148,6cad8bda4d24c4f8c23b060739f09d50,delivered,2018-07-23 16:15:49,2018-07-23 17:20:33,2018-07-24 13:37:00,2018-07-30 18:16:31,2018-08-08 00:00:00
09a0d7c2cc6f652acd3537e7a91c7000,9462d88d82a551270b7c345a53aac7f2,delivered,2017-05-15 14:08:00,2017-05-15 14:15:23,2017-05-16 15:18:40,2017-05-19 12:59:39,2017-06-02 00:00:00
c7af2f59ff42f4410a1739111dbea489,896aac6741f1b66d32a3ef9a02617e90,delivered,2017-06-23 07:59:39,2017-06-23 08:10:07,2017-06-26 07:27:47,2017-07-04 18:32:34,2017-07-20 00:00:00
22df89b611e2a03b4957043cf949e51f,3703dabac361c6249a0d8d21564fb925,delivered,2018-08-22 09:17:07,2018-08-22 09:30:20,2018-08-22 15:44:00,2018-08-27 07:42:37,2018-08-27 00:00:00
82b1c20e33da405ba22cded4ff91d160,05ad208d1e3ae7d49fc33c89026327d2,delivered,2018-02-12 23:11:00,2018-02-12 23:27:43,2018-02-15 00:32:02,2018-02-17 13:29:45,2018-02-26 00:00:00
1c4b283e95602be28c975207016558f1,caa3fad70b77994e203633b13ea16118,delivered,2018-07-31 14:27:06,2018-08-01 03:31:47,2018-08-01 15:56:00,2018-08-07 18:55:31,2018-08-13 00:00:00
d95c203ba62b39ad3c3a2df8d5e7c052,b31b5ecd79d2528b3340abb86f5c2a4d,delivered,2018-02-21 23:54:14,2018-02-23 02:31:01,2018-02-27 00:08:16,2018-02-27 15:34:06,2018-03-07 00:00:00
3785ffb02b0b201a23df7daf357c271d,7cba2705c01b76fa986e0efd815d3b09,delivered,2017-10-03 13:27:13,2017-10-03 13:49:19,2017-10-04 16:41:36,2017-10-07 16:29:03,2017-10-19 00:00:00
832c61671b530bdc7d56880581bc2146,bc01d798f24a959b19dc8168975bf7ec,delivered,2017-09-12 17:00:49,2017-09-12 17:15:18,2017-09-14 21:50:33,2017-09-18 10:52:00,2017-09-28 00:00:00
38b80ac02e3ce34b306483fc57a33bc5,ceaeed79bef0496075037b3cc8eab28b,delivered,2017-03-12 15:34:47,2017-03-12 15:34:47,2017-03-20 12:44:54,2017-03-28 08:50:52,2017-04-13 00:00:00
cd323a618a599ad1cedaeb75d1d5b8fd,f68bb3a77af642b3618a3a67fa542e47,delivered,2018-02-10 12:33:00,2018-02-10 12:48:04,2018-02-14 21:33:25,2018-02-20 22:08:50,2018-03-08 00:00:00
4c074254980764fecff977c97ce88c4d,25b97380259fb4fa328c4ab94b33c81f,delivered,2017-12-12 11:14:59,2017-12-12 11:28:54,2017-12-15 15:20:27,2017-12-21 00:22:47,2018-01-05 00:00:00
07440dff5293ea24c5fac25a473c2eef,5941cab9faecc602df8b6e69150b9d65,delivered,2018-03-29 22:53:27,2018-03-29 23:07:36,2018-04-02 15:52:31,2018-05-15 18:49:01,2018-04-26 00:00:00
4abd25ff34f0b324cadc39a6529b05c8,48fd5f9b1d184c27ecb32729042a3200,delivered,2018-03-30 21:23:47,2018-03-30 21:35:16,2018-04-03 00:34:36,2018-04-12 19:58:30,2018-04-24 00:00:00
dc15d43ae100ecc5bac78d9e974af643,daf60dffd5783e6927f3660ed83ecdd1,delivered,2018-08-19 22:12:22,2018-08-20 22:10:19,2018-08-21 13:46:00,2018-08-27 17:34:50,2018-08-30 00:00:00
cd24256f456d55df11e3049017c86d05,846a4b8f5a1ef6bb498fdea341f425a3,delivered,2017-11-14 17:27:48,2017-11-14 17:35:47,2017-11-17 19:14:46,2017-11-23 18:49:02,2017-12-07 00:00:00
ca786c07fdbcd2a6beb42eab64c23a3e,e60d09530ea34dd2ad7a33d35bf73086,delivered,2018-03-21 17:50:59,2018-03-21 18:09:30,2018-03-23 00:05:41,2018-03-23 17:48:43,2018-04-04 00:00:00
fb469bc8a14b598d891a004c34546078,8cfccb3fb973f58b56ba50e213092e4c,delivered,2017-11-29 18:11:24,2017-11-29 18:37:23,2017-12-04 14:37:08,2017-12-08 16:03:13,2017-12-26 00:00:00
92f4f749aa508d58dee50d9ccdb6c9dd,5daf8a84ec87f4988b337626369c4dba,delivered,2018-07-15 07:33:32,2018-07-15 07:45:08,2018-07-16 14:55:00,2018-07-24 21:36:46,2018-08-06 00:00:00
4ed3b57567c08a15c71665d759230b6f,3488c223952176954f711d33db8c20a4,delivered,2017-12-09 01:49:39,2017-12-11 01:50:03,2017-12-12 22:54:36,2017-12-23 15:09:09,2018-01-08 00:00:00
699b7692e65138e6874b4c6f42202974,a7bc004b32eb75e7546d6b81d5b8fe44,delivered,2018-03-07 16:59:34,2018-03-08 16:56:24,2018-03-12 16:05:04,2018-03-21 20:20:34,2018-03-23 00:00:00
a5849d6f70582d4c5217bac6616a45fa,1373cf3dd7bd65ead85da26b09d4ac41,delivered,2018-08-14 10:03:50,2018-08-15 03:23:59,2018-08-15 08:25:00,2018-08-20 21:56:21,2018-08-31 00:00:00
0bc16cf0c58995bbc893af2e151534d0,7c6835555806136bacab36fd7fd8bb70,delivered,2018-06-03 19:34:25,2018-06-03 19:52:19,2018-06-04 11:16:00,2018-06-13 19:11:59,2018-07-16 00:00:00
def90fc6c7d21d34a14af3d6e4d866b6,c8830d8a8312a8b3b74370c4e61202ec,delivered,2018-04-14 13:09:25,2018-04-14 13:31:37,2018-04-17 15:11:40,2018-04-18 15:18:31,2018-05-02 00:00:00
ad9259e8a14df6ee75201925f28d4a8f,08a761b27ad72e5fa65e351ca23bb2f5,delivered,2017-08-29 15:02:12,2017-08-31 04:32:07,2017-09-01 18:53:25,2017-09-05 20:45:47,2017-09-18 00:00:00
99316aecfb3e31190e43714f7643a49b,cf72b318eb9cd0e7712a2c1bca227789,delivered,2018-05-10 22:27:24,2018-05-10 22:57:24,2018-05-11 14:53:00,2018-05-14 21:21:55,2018-05-25 00:00:00
5b7aed674843fc9b20d1c4cef543a761,d53c6b90e37d56179bc7524f9570c4fa,delivered,2018-05-09 17:23:45,2018-05-11 03:50:17,2018-05-11 15:35:00,2018-05-18 20:18:47,2018-05-29 00:00:00
309de5faf9baa8961fd068f3f4e44dcd,212faae3e5c3646879daad76a9f106b3,delivered,2018-01-31 00:05:22,2018-01-31 12:31:08,2018-01-31 20:46:45,2018-03-11 19:46:30,2018-03-07 00:00:00
45881387721786e660460cd8bfcb2010,bd7ca23c050b88950225b16f05d65e35,delivered,2018-04-16 20:41:12,2018-04-17 14:11:40,2018-04-18 12:38:50,2018-05-10 14:06:43,2018-05-15 00:00:00
42769a5163a34297f4458dbccf206b36,fa8aaa18814fdd364807cf2de3b57fa5,delivered,2017-08-24 16:44:37,2017-08-24 16:55:19,2017-08-29 19:27:46,2017-09-06 12:41:18,2017-09-20 00:00:00
4d34da0824213ee7962a5c5ed32b3f51,a428b29ed08b54ee2ba2c4f06f1a0172,delivered,2018-02-10 17:01:48,2018-02-10 18:00:23,2018-02-14 18:46:38,2018-02-19 10:33:05,2018-02-26 00:00:00
c0364ee18a0b18e6da5e7754cf4f4e8a,6842592a4cdd735bf3fd43ce522773ef,delivered,2018-02-13 11:35:15,2018-02-13 12:47:05,2018-02-21 10:53:06,2018-02-26 20:54:11,2018-03-15 00:00:00
9292a5004e4adeb999700abae47eb13b,3048281f246c7e5342d10ac837c5c8ee,delivered,2018-05-30 14:32:46,2018-05-30 14:57:32,2018-05-30 13:40:00,2018-06-11 18:32:29,2018-07-13 00:00:00
5cf925b116421afa85ee25e99b4c34fb,29c35fc91fc13fb5073c8f30505d860d,delivered,2017-02-18 16:48:35,,2017-02-22 11:23:10,2017-03-09 07:28:47,2017-03-31 00:00:00
e68a0761535bd432bb847f4ae7b7b4c0,d9d2cd20127873b3196b6847b7810504,shipped,2017-11-22 17:11:13,2017-11-22 17:30:25,2017-11-25 01:22:12,,2017-12-08 00:00:00
99dde9a4d6ee5c602380551b002ddad7,5229e43884ffd6794e9397bd346ab7dd,delivered,2017-09-04 12:57:02,2017-09-04 13:10:12,2017-09-06 19:05:06,2017-09-13 20:53:43,2017-09-22 00:00:00
b89601b4491425014432a96e02034092,be803b9fe5a431219ecfd15e355099a5,delivered,2018-01-18 13:21:16,2018-01-20 09:07:45,2018-01-23 19:28:12,2018-02-06 17:58:43,2018-02-08 00:00:00
717b5830932c155c67ba3232934a93c5,acec81168c11c0d01d9d5955a3d507ab,delivered,2018-07-23 12:50:09,2018-07-23 15:31:47,2018-07-24 14:51:00,2018-07-28 00:08:21,2018-08-14 00:00:00
343ee80178e16012130cb0007eac5888,aeed83f14583aecd0c82d49c45a833a8,delivered,2017-11-25 16:16:35,2017-11-25 16:32:57,2017-11-29 23:12:14,2017-12-20 20:27:38,2017-12-22 00:00:00
904d1d3bf21a8c56e931f8ac05d284c6,417ba684f004a0a409878bbfe65cdf3b,delivered,2018-07-15 07:18:51,2018-07-17 07:31:30,2018-07-17 12:07:00,2018-07-24 16:04:10,2018-07-31 00:00:00
20cae0a28869a4321d8fe372731f80e0,c3537eef72f2b883b3cbc75b1b9480b5,delivered,2018-01-15 23:42:12,2018-01-15 23:53:31,2018-01-16 19:34:51,2018-01-26 17:25:11,2018-01-30 00:00:00
f75517cfb973c21eab8559a870263794,cabb8af06c1bc856f52368fd7772e41f,delivered,2017-07-04 19:48:21,2017-07-05 17:42:57,2017-07-07 13:11:21,2017-07-11 20:27:58,2017-07-27 00:00:00
f05ef3ecdb7796d93e204c0a7ab76759,98fb13b264449f06da6834b86e0693a8,delivered,2018-05-30 20:36:20,2018-05-30 20:55:41,2018-06-01 13:51:00,2018-06-06 19:39:03,2018-07-12 00:00:00
d8c441318d48082352e8592142db807c,2a5ed0328806da6241e75520ed74d9e6,delivered,2018-02-20 15:11:50,2018-02-20 15:31:14,2018-02-24 00:32:20,2018-03-16 21:32:44,2018-03-12 00:00:00
229d2824e311bf2592b6b7ce32af04a8,6d257eb6ad859a44e9f7815a121cc9e7,delivered,2018-04-23 12:12:24,2018-04-24 17:22:49,2018-04-24 18:38:47,2018-05-10 20:36:02,2018-05-28 00:00:00
f12ff3c8b8e4945b4d0331a56df6ef85,833f9bfebc6895534e9567939653e933,delivered,2018-04-09 19:07:08,2018-04-09 19:29:44,2018-04-13 17:42:09,2018-04-19 23:52:34,2018-05-07 00:00:00
233f0d86db908dbeb6c2ae5675b31e71,bbeb2d228004bb46b49889f614f80c48,delivered,2017-11-15 20:55:55,2017-11-15 21:10:33,2017-11-16 14:17:50,2017-11-21 13:58:32,2017-12-11 00:00:00
0c11df2b80d95b1eabdcdf3790bb3347,498262061f04103f440f2e643da02027,delivered,2018-03-10 17:32:15,2018-03-10 17:45:25,2018-03-12 22:28:49,2018-03-24 14:12:39,2018-04-02 00:00:00
cd3e9759dc483946db2133168746fddf,8ebee0cc741eb27e8501e4b4e3c6422d,delivered,2017-06-28 10:49:33,2017-06-28 11:05:15,2017-06-29 17:01:55,2017-07-07 23:36:56,2017-08-01 00:00:00
6f6785dde266434130a2aa8af06a52b7,e19274edf7a9c51689822810be84c9e9,delivered,2018-06-05 12:14:43,2018-06-05 14:31:37,2018-06-07 08:29:00,2018-06-16 22:42:12,2018-07-11 00:00:00
af85e6e8c9f67f653b51429df7839001,b704f6bff2b0add361439bc7ff6891b9,delivered,2018-03-06 14:22:46,2018-03-06 14:35:46,2018-03-12 18:47:34,2018-04-18 00:54:22,2018-04-06 00:00:00
a162da83b66ff8c619d83b87c1de93b9,9dfa54220517b2eceea1134d006e2fba,canceled,2018-08-07 14:27:32,2018-08-07 14:44:55,,,2018-08-21 00:00:00
2e4d78cc067d04eaaf791ecbfb2bc3ce,5234fd7181ad48cc892aeffb5cca652e,delivered,2018-04-14 09:18:34,2018-04-14 09:31:32,2018-04-16 15:19:27,2018-04-17 23:18:32,2018-04-26 00:00:00
1674cd4deb921f97a794a8401ce9017b,710f531a591d1042892eb71a78499cd5,delivered,2017-12-18 18:30:40,2017-12-18 20:31:27,2017-12-19 19:47:06,2018-01-04 20:13:44,2018-01-18 00:00:00
1fbebbbba3149f89e410951ca531cae2,5b9e676ba4af242f149ba51d095d4f5d,delivered,2018-04-01 18:13:09,2018-04-03 05:50:26,2018-04-03 21:07:22,2018-04-13 23:06:30,2018-04-23 00:00:00
454b6ccf9f8f2c12b3a00ee763e027b9,01214c5f31d06b6da030e5825b431446,delivered,2018-08-19 14:59:34,2018-08-20 12:11:09,2018-08-21 14:50:00,2018-08-24 16:52:28,2018-09-04 00:00:00
29d3f2fc23b7f95b28dbe5e3ef783d93,cb3ee5f55f9cbc6ed99ee638a4c72613,delivered,2018-08-06 13:51:30,2018-08-06 14:05:20,2018-08-07 11:47:00,2018-08-13 19:12:47,2018-08-17 00:00:00
249ec92a8757d3abe81210827a19f08f,0fd9e022d3e82c6e05d0104ce129466c,delivered,2018-06-15 10:36:49,2018-06-15 10:57:42,2018-06-18 15:27:00,2018-06-19 19:57:19,2018-07-03 00:00:00
3a97b29009aa1ec54a67fd256b762b14,83f98a31688d3ce5de0bc10d5c375ce0,delivered,2017-08-07 16:31:14,2017-08-07 17:03:29,2017-08-09 19:10:27,2017-08-22 17:46:12,2017-08-31 00:00:00
008a40c2b8b21893e04945ce58854b55,a11dde3e6e22e6541818f5e81563bfc7,delivered,2018-04-29 20:26:41,2018-04-29 20:54:23,2018-05-03 12:01:00,2018-05-08 17:14:38,2018-05-28 00:00:00
ff54c442f3e9f50941a09dcf4e061e6f,c761ebec64b4f7a47b094442b3dbfe0d,delivered,2017-02-08 14:42:14,2017-02-09 03:03:23,2017-02-20 07:35:07,2017-02-25 05:57:53,2017-03-27 00:00:00
e06ff711ddcab05c3651a9b1bb003950,bc4e6f215af91483d54431baacb9506f,delivered,2017-03-02 11:53:33,2017-03-02 12:05:49,2017-03-03 14:09:15,2017-03-14 15:47:49,2017-03-23 00:00:00
9e711ba681b09da30750ac0fe7a0cc3b,0a9b989d01b6dcfb690b128b24ab3221,delivered,2017-09-29 22:53:38,2017-10-02 15:35:21,2017-10-03 22:42:51,2017-10-09 19:08:17,2017-11-07 00:00:00
f23a4132d42810c7f591d372282ae3eb,57690c2fc610a75de4875a2b9f1826e6,delivered,2018-07-18 16:47:00,2018-07-18 17:02:23,2018-07-20 08:46:00,2018-07-23 21:08:34,2018-08-06 00:00:00
132ab6f8e1c86c21b064ee8832129bb1,78d5661572968e9b17462be561afa42c,delivered,2018-08-17 16:53:48,2018-08-21 04:35:20,2018-08-22 08:07:00,2018-08-27 23:32:33,2018-09-12 00:00:00
ac8b3ecc5daa5b2d54a81b3ba337bf6f,769ff3a041b439485ac1e0db67d72fcb,delivered,2018-02-23 13:45:04,2018-02-24 03:20:27,2018-02-27 22:47:58,2018-03-02 18:08:40,2018-03-16 00:00:00
8ef3801f58da6b652a3082e1fa5b6589,5133dfd79e71fc9244e60dde0bb6229a,delivered,2018-03-11 09:17:14,2018-03-11 10:09:05,2018-03-14 17:41:11,2018-03-19 17:06:45,2018-03-28 00:00:00
e750c043ac98c8eb957cb52789f126b0,13cd366fe64b37786a0c7cf845d1711f,delivered,2017-02-15 16:18:40,2017-02-15 16:25:23,2017-02-17 15:52:55,2017-02-23 08:44:48,2017-03-14 00:00:00
4cea4082bde3d6f0846e8a5537f3eeb4,8b70e14114ad1b6f5050481b48c24a24,delivered,2017-12-10 16:03:23,2017-12-10 16:13:19,2017-12-11 21:18:12,2017-12-13 16:47:05,2017-12-28 00:00:00
fea5a631859ef3c5c4a7ee9ff36096a8,cf6c82a042005e750e4b3d9c67c4ff03,delivered,2017-10-22 23:54:36,2017-10-23 00:14:18,2017-10-23 23:03:00,2017-11-04 17:34:39,2017-11-14 00:00:00
08d3b6ee17b7cb32e530f4488c3f6abf,1a954bbd169e7813291d468aff07267d,delivered,2018-07-27 14:32:05,2018-07-27 14:45:08,2018-07-31 14:47:00,2018-08-03 14:06:49,2018-08-10 00:00:00
a61bafa3b59313a79ecd7be1ca2a2477,5d2c31fb208857c95e5fe089f10e0479,delivered,2018-03-22 22:57:32,2018-03-22 23:10:26,2018-03-23 21:22:06,2018-04-05 16:39:08,2018-04-27 00:00:00
2e823fe077401bf3d30b8a47e324571f,3e4d5f8f67400f2829ce7e9dec5ecb78,invoiced,2017-02-15 14:38:14,2017-02-15 14:50:17,,,2017-03-22 00:00:00
6423db30ee1e8cbd5d066f414bde1a0e,fd50af22f5637b7daafbab8605f402ef,delivered,2018-04-21 22:47:17,2018-04-24 18:06:56,2018-04-24 01:17:48,2018-04-26 09:08:40,2018-05-17 00:00:00
a45087c16cf11897252052baabb332c0,44c788d8ffa07a4963c9b8bd8017d151,delivered,2017-09-02 21:36:53,2017-09-02 21:50:24,2017-09-06 16:47:35,2017-09-11 19:45:46,2017-09-22 00:00:00
737a2768fd261ef8391251a0ccbf150a,fdb23f61fc434280c9c4775870bb3e25,shipped,2017-06-08 16:43:45,2017-06-08 18:00:26,2017-06-09 15:12:34,,2017-07-13 00:00:00
5c1a7adae63c3dd38c445817f9947cf2,a55b85ff2960e23e05447c3c371899b0,delivered,2018-03-16 11:11:42,2018-03-17 02:40:36,2018-03-20 00:37:45,2018-03-26 14:17:37,2018-04-05 00:00:00
0965b209e76b9ac20f7dc673c735ade3,62beebea8629d73ab3ca95c23ed239ae,delivered,2018-02-08 09:30:54,2018-02-09 02:55:51,2018-02-09 22:17:22,2018-03-07 20:35:18,2018-03-07 00:00:00
fa1885a7cb632c832c660cc710bae77f,911ddd6a22200fb5be95414c01dbab72,delivered,2018-04-08 13:05:22,2018-04-10 04:10:53,2018-04-12 16:41:53,2018-04-19 00:33:08,2018-05-14 00:00:00
24df3585323f6a191abb565d1706daf2,f37e018586ddc359d2f1ad32f64ff8aa,delivered,2018-08-14 23:23:38,2018-08-14 23:35:15,2018-08-20 11:10:00,2018-08-28 21:32:16,2018-08-30 00:00:00
fe8568b0167c1e87d6f1dab1033c9278,97396993d63e820df7610ffaa26f14fd,delivered,2018-03-30 10:14:34,2018-03-30 10:55:09,2018-04-02 19:08:18,2018-04-10 22:31:52,2018-04-18 00:00:00
abd7d619de0d42df3a64707190c05bb6,1f72dd32d17ef87a76bb334c45094010,delivered,2018-07-07 09:21:43,2018-07-07 14:05:47,2018-07-27 11:03:00,2018-08-03 16:46:39,2018-08-13 00:00:00
1527028c6f0d2ca7a42e5337dc2762e5,da40474632f5b5c599e949b0800e7d64,delivered,2018-05-08 20:34:15,2018-05-08 21:11:51,2018-05-15 14:30:00,2018-05-16 19:54:30,2018-05-21 00:00:00
b17838c714aef16bc099010feb2261ba,b544075a6d77dcd06337afdb49927000,delivered,2018-06-14 14:53:37,2018-06-14 15:20:49,2018-06-15 13:00:00,2018-06-19 20:20:59,2018-06-28 00:00:00
91ad6a8d591e94d9e1ca998185243e2d,941a225471304a6c4d1e3694b7a19220,delivered,2017-12-17 17:54:00,2017-12-17 18:09:53,2017-12-18 19:57:18,2018-01-05 19:59:03,2018-01-11 00:00:00
5b74abebfd5bc1d137d7ade71c5cfd36,f4514fc7499d3434ea63195c12bfca4f,delivered,2018-08-24 20:22:30,2018-08-24 20:35:18,2018-08-27 14:47:00,2018-08-28 21:11:45,2018-09-12 00:00:00
19dc396137b147d804b74b9e5bbb9875,ff6b00a007b6c413a1106354f2588a07,delivered,2017-06-25 15:26:19,2017-06-27 03:43:24,2017-06-30 12:04:13,2017-07-11 16:03:31,2017-07-18 00:00:00
056a1317ffaefaa2dff2d9ecb54fc7bc,3c3cc3aa98327a4a14d761d165a30f32,delivered,2018-02-22 15:08:29,2018-02-22 16:00:34,2018-02-28 17:22:40,2018-03-08 16:29:41,2018-03-19 00:00:00
f11d659584813daadb19252b9659a670,9974e59c3f6c8186342935125184d014,delivered,2018-03-04 15:26:54,2018-03-04 15:35:32,2018-03-05 19:23:07,2018-03-21 18:48:50,2018-03-26 00:00:00
a22775141b5e773fb0dec808e36bf9f4,9596cd16cfef60f8c7ec8c8d78d008f4,delivered,2018-08-03 09:47:50,2018-08-04 04:15:37,2018-08-09 12:12:00,2018-08-22 23:41:44,2018-08-30 00:00:00
e6bcb00ca5426e9d00b50f8eeee367c7,2fac2e14733a2deb5e7b5973ff95b115,delivered,2017-06-18 22:02:41,2017-06-18 22:15:29,2017-06-29 16:47:24,2017-07-04 15:50:21,2017-07-14 00:00:00
f8b990617b1af31bd9e7a3d70f8dafc5,ad9ad1bbc3ec168f6d7e7e5637788fc3,delivered,2018-07-27 16:31:12,2018-07-27 16:45:20,2018-08-03 14:57:00,2018-08-09 21:04:37,2018-08-23 00:00:00
d74cdf7dea16668a34d57964004f0e94,0d084e109d08dc18e40858b407ce7c6b,delivered,2018-06-16 21:49:37,2018-06-19 04:16:51,2018-06-19 13:17:00,2018-06-25 20:32:44,2018-07-11 00:00:00
bc3551dbac6e56b70347f161a1c0e434,2b8a2569bb942d6448c531e427cc2193,delivered,2018-04-15 13:38:26,2018-04-15 13:51:16,2018-04-16 18:32:38,2018-04-19 18:16:48,2018-05-11 00:00:00
ca35a20423cabbc81c577f3ffe72169d,1e223899442e479b03b6e0056d14b25d,delivered,2017-10-31 21:40:27,2017-11-01 21:50:21,2017-11-06 22:22:39,2017-11-13 18:07:11,2017-11-29 00:00:00
bedc87ce363e6bf8c8868b96b2213ae4,88a98577c0d60c958eaaab2bf1e57f2b,delivered,2018-02-24 22:09:13,2018-02-27 04:31:10,2018-02-28 17:49:01,2018-03-09 00:58:29,2018-03-23 00:00:00
480295bd3b66aeb4f624e16dc17a7412,64986afd0f3863810521731e53f92463,delivered,2018-05-16 23:48:43,2018-05-17 08:36:26,2018-05-17 13:55:00,2018-06-07 13:52:37,2018-06-13 00:00:00
de76f809479b8391b6166b1448d83f3f,efe064b5515dd171c84ebd7ec64ddd2c,delivered,2017-07-03 15:56:09,2017-07-03 16:10:07,2017-07-04 13:57:32,2017-07-06 18:33:06,2017-07-24 00:00:00
c1bb3ffb1aeb6afbe42101499bd15708,5331ac2d2ed2def738a9c200cf8ebacb,delivered,2017-11-28 21:31:13,2017-11-30 02:20:22,2017-12-01 20:49:50,2017-12-06 19:12:54,2017-12-18 00:00:00
ce8502b200546c12a54e51a65f313f34,b494a22912f25bd9fd639019c32607ca,delivered,2017-03-23 14:42:05,2017-03-23 14:55:08,2017-03-28 12:24:06,2017-04-07 16:52:30,2017-04-24 00:00:00
b38103e665600114e3155ab60ee0ef70,3ca581e4a4ee0b48467bb142750e2bfb,delivered,2018-07-22 18:02:20,2018-07-23 12:32:12,2018-07-24 15:50:00,2018-07-27 18:03:03,2018-08-09 00:00:00
d7a1546121d90a9aaae7a851291d2ac6,f778aadf83ae85d8364c56f1daf01234,delivered,2017-11-15 13:36:21,2017-11-15 13:50:36,2017-11-20 11:38:40,2017-11-24 22:28:29,2017-12-06 00:00:00
9682a979182968d8d0b1a356f8bb330e,d6e5a4173470d0e38dcff1153aba6397,delivered,2017-05-25 10:05:42,2017-05-26 10:15:12,2017-05-26 15:04:40,2017-06-16 22:42:35,2017-06-29 00:00:00
f0b2da40b961baf662d31db42b3964e3,06f3fd76e17823db11f5af33cc79ddfe,delivered,2018-01-17 22:58:43,2018-01-17 23:10:34,2018-01-18 16:26:36,2018-02-05 16:59:15,2018-02-19 00:00:00
63dd1232853b91debb2470c70da85dca,4c3741130dccdca5d4fce3bb2822c9d7,delivered,2017-08-17 19:09:51,2017-08-17 19:55:21,2017-08-18 14:45:37,2017-08-25 17:35:30,2017-09-11 00:00:00
ad20d0dfe5b91c07df72dff0206aacd9,50ff7fc5ed9bd9bb79a4313f9924c6e0,delivered,2017-10-31 22:19:42,2017-11-02 02:27:03,2017-11-07 14:53:06,2017-11-10 16:56:33,2017-11-28 00:00:00
f29282bc8841ae8bcb88e357e9a32c57,6fe3e86aaffe0c52d238e4f89950ac1e,delivered,2017-12-02 15:11:46,2017-12-02 15:38:07,2017-12-04 18:30:11,2017-12-20 21:09:46,2018-01-04 00:00:00
33cd2b3de2ec32a78518fd9a66c98641,eb0c867b626b00b70a9995eb0333ff47,delivered,2017-11-10 11:00:27,2017-11-10 11:11:06,2017-11-10 19:52:04,2017-11-13 15:17:46,2017-11-24 00:00:00
407fe646704ea7828e324c8ef7e7e616,8514e0aeceab9ef5bc9c2e86392cd6e6,delivered,2018-07-23 15:44:35,2018-07-25 02:55:20,2018-07-25 12:28:00,2018-07-31 17:58:44,2018-08-10 00:00:00
8f7075f9808a783f9794cf5f7e1860d5,ed3b435e402f52f7895ef9d01d8e2e2b,delivered,2018-02-13 16:57:36,2018-02-13 17:10:20,2018-02-14 23:55:06,2018-02-21 18:59:09,2018-03-07 00:00:00
00275bce676303c3bfd7292aefdfa223,a12427487c970a4a75dbeb5884f126a8,delivered,2017-11-24 23:10:30,2017-11-28 03:39:45,2017-11-29 17:28:59,2017-12-04 19:42:16,2017-12-14 00:00:00
366446679f4ddbffb2d8934f1abef1f8,eb9e4ffb14ee9484e33031726c7ec185,delivered,2018-04-22 22:38:49,2018-04-24 18:25:34,2018-04-23 20:08:28,2018-04-30 18:52:22,2018-05-17 00:00:00
5c4ddbfa718a93f4b6b964b9e19472df,406c04dcbb14cfc2efdfa97866b1f17d,delivered,2017-04-30 17:50:27,2017-04-30 18:03:06,2017-05-12 09:17:40,2017-05-16 08:29:43,2017-06-06 00:00:00
4dbf5de576e0e8d18ad0932e1ed8e89d,6585b54dd5ac7f69a3ea0b4c6d6ed130,delivered,2018-06-10 13:20:20,2018-06-10 13:37:06,2018-06-12 13:58:00,2018-06-18 21:18:40,2018-07-11 00:00:00
ad0e80cb90ad456f01f1533e4cdc1f0d,38a210aed00016125db0e5206d6f300f,delivered,2018-02-07 08:18:53,2018-02-08 14:10:44,2018-02-09 18:58:59,2018-03-01 23:59:05,2018-03-21 00:00:00
43c20095b0f5f569fe0d24426cf8a7d2,8f1ef83e4c4114368bfa4e4cd446ad51,delivered,2018-07-07 15:35:46,2018-07-07 15:50:08,2018-07-11 18:01:00,2018-07-21 14:58:50,2018-07-31 00:00:00
71cefe5177d8b6b11dce9fa4060f01cc,795d2de5fab854dd2b68a6c1fbaa1f21,delivered,2017-08-04 14:17:36,2017-08-08 04:10:45,2017-08-08 17:40:20,2017-08-21 22:25:28,2017-08-30 00:00:00
6c04516be61ae90e04756c3290c405b7,e67ca606dd04696d0ab6e2ed2d63a126,delivered,2017-09-24 14:59:52,2017-09-24 15:15:11,2017-09-25 20:51:31,2017-09-27 14:56:07,2017-10-20 00:00:00
578e93018456eabf67495ce86d6e6315,bfb4818d76854787283fd72c7b5f84f8,delivered,2017-02-08 21:53:29,2017-02-08 22:05:14,2017-02-10 07:05:18,2017-02-21 08:13:55,2017-03-09 00:00:00
5468ed226abcf74527e93b11988e4a3e,30abcca05e3c8ce1278a2d8f8abbdfc9,delivered,2017-03-17 14:40:20,2017-03-17 14:40:20,2017-03-24 12:26:35,2017-03-29 08:28:53,2017-04-07 00:00:00
73c0786753e32171d5d1bba1e682b4ba,437820aa4853d90478621dffef1aae45,delivered,2017-08-07 21:41:19,2017-08-09 02:55:48,2017-08-09 17:15:40,2017-08-17 15:46:52,2017-09-06 00:00:00
d5a6117da9e539f1a08e0443644788ff,75d1ae5c2bcbc14de4a8ec95bfc28dfa,delivered,2018-06-29 21:53:40,2018-06-29 22:10:14,2018-07-03 05:48:00,2018-07-05 22:24:28,2018-07-20 00:00:00
4759dc5cd30f8e283de04872dd5446cd,8c8ebb03344906d2201f54daafd859cf,delivered,2018-06-01 13:43:43,2018-06-01 13:55:15,2018-06-01 14:42:00,2018-06-20 12:35:24,2018-07-19 00:00:00
f55863be6758b60482c4bdfa3cd016ed,be914b8a12f44c21a6a7070f585e2e42,delivered,2017-12-07 14:24:06,2017-12-07 15:25:52,2017-12-12 21:19:07,2018-01-05 19:43:21,2018-01-31 00:00:00
ea9a48e8b350731ae78378381394a086,8c3d04e424d330c628d1c1f62342915b,delivered,2018-03-14 08:52:55,2018-03-14 09:48:27,2018-03-15 12:16:53,2018-03-16 21:17:50,2018-04-03 00:00:00
b4dc09cbd4cc735632779c738cda842b,6f25b294d48cc71893594ae8ace3056e,delivered,2017-03-20 14:10:45,2017-03-20 14:10:45,2017-03-22 10:42:18,2017-03-28 14:22:42,2017-04-06 00:00:00
b7c3462b308e3d9d375ba7d120ee0893,c445359b5a2478c8b99696562ad4a2fd,delivered,2017-04-04 19:41:58,2017-04-04 19:50:22,2017-04-06 12:48:17,2017-04-20 08:48:03,2017-05-15 00:00:00
e44411a5a41caaf23d52f1600d31d888,b443cbafebdbd5c74e00d344cd9924f3,delivered,2018-04-06 12:55:08,2018-04-06 13:09:08,2018-04-07 01:19:07,2018-04-09 15:21:19,2018-04-23 00:00:00
57f7bb7d658b442616fce795fcc30146,7dfac2f8b35d57481de621c401fa4733,delivered,2017-01-31 20:04:08,2017-02-02 02:45:15,2017-02-03 11:02:47,2017-02-07 12:11:41,2017-03-09 00:00:00
8d994041d6127d2acc8d13aad557e75f,79549bf1ee85aa08fa9007af4f4a6dde,shipped,2017-03-24 21:48:54,2017-03-24 22:02:26,2017-03-25 09:33:55,,2017-04-19 00:00:00
662bf5e7e6b6350fd9e93fb5793f5c98,ad530f0385e180b5b52ffe8cb9658bca,delivered,2017-12-15 19:09:40,2017-12-15 19:16:30,2017-12-18 18:55:00,2018-01-02 09:02:38,2018-01-29 00:00:00
410cfb42b9a36728a695fe883df04ebf,b74584aa39691bb6fdd0f68571d3ba0b,delivered,2018-06-04 20:28:14,2018-06-05 04:15:17,2018-06-11 14:23:00,2018-06-28 20:25:51,2018-08-08 00:00:00
53fd3dd3b669e8e5e6bbf3d9e0403643,752c20c019899b96b3740dcf1e43ba3d,delivered,2018-01-18 17:15:08,2018-01-20 09:08:37,2018-01-25 23:58:28,2018-02-05 16:04:40,2018-02-15 00:00:00
9ac3e0dd6aeb10079e605b2e0f1cd7de,020c87503e1eeb262f17c9e7c0b556b5,delivered,2018-08-12 00:13:50,2018-08-12 00:25:12,2018-08-20 12:31:00,2018-08-24 15:16:37,2018-09-06 00:00:00
4ed4a6e12e74982dd78c78df1ed3f372,f211d9a5df865e35ec0010fdb6122f85,delivered,2017-07-29 01:28:37,2017-07-29 01:35:19,2017-08-01 19:37:24,2017-08-10 21:39:38,2017-08-25 00:00:00
374d4811c6f3657ec62ffec582801ccd,3e9aca248d1d381339c86c8682cd7647,delivered,2018-08-03 17:53:36,2018-08-03 18:24:00,2018-08-08 14:21:00,2018-08-14 14:32:03,2018-08-17 00:00:00
8f2b0c41d21837f8c6d4682867c66ffb,af2ad7b99991563a69a5f25d9a6c3e40,delivered,2017-06-09 06:04:20,2017-06-10 03:03:43,2017-06-13 13:21:49,2017-06-27 11:14:46,2017-07-14 00:00:00
e59dbfb7d81fd513f1ffa941fe849c57,affa1ae9fc01158bf723814d1dd9d0ce,delivered,2017-12-14 17:07:59,2017-12-14 17:31:55,2017-12-15 22:24:37,2017-12-22 16:49:06,2018-01-09 00:00:00
4148591d51d8741aef65abefd186887b,86d870bc6aaa37f7c193f9b2d19b8015,delivered,2018-04-20 17:09:14,2018-04-24 18:57:29,2018-04-23 21:48:43,2018-05-08 16:48:46,2018-05-22 00:00:00
a767f123fcb9ebe4eea953349dfd5a81,e8945aceed698580f92f6d9e4ecaf34e,delivered,2018-04-05 07:53:47,2018-04-05 08:10:08,2018-04-18 01:52:38,2018-06-05 18:11:00,2018-05-04 00:00:00
ac21545a31cc2f10904bcc68254c1d11,ef679ddb34f8f011599d10e88c859117,delivered,2018-03-16 18:06:44,2018-03-20 03:08:29,2018-03-20 22:17:32,2018-04-06 20:02:18,2018-04-25 00:00:00
8c81595257edb72a9b20d995eaae0319,a746774b7095aff23fd5bbdcd85c29d5,delivered,2017-05-28 11:49:27,2017-05-28 12:02:42,2017-05-29 07:39:56,2017-06-13 14:43:56,2017-06-23 00:00:00
49bbb428c234dcf31c4d66d4e8e1c04c,4c36169fa0fb2131640c936269b87ea5,delivered,2018-05-01 13:31:21,2018-05-01 13:50:38,2018-05-02 13:39:00,2018-05-05 16:08:41,2018-05-14 00:00:00
8b3bda465a61f930742d256916d1d7d9,72439ef3181cd62d5b508cb9beb48c4c,delivered,2018-03-18 12:38:29,2018-03-18 12:50:33,2018-03-26 19:29:33,2018-04-02 15:21:22,2018-03-29 00:00:00
9c9036dccc18ec72597a1abafc18d3b4,651a93e609de83580b7e073e997f7631,delivered,2017-08-09 14:57:39,2017-08-09 15:10:13,2017-08-09 20:09:51,2017-08-14 15:04:19,2017-09-06 00:00:00
e3ee317683c1cb4df51994ca63755d6d,5023bc2931283adb435a1ef20a8ae944,delivered,2018-05-15 11:44:29,2018-05-15 11:55:29,2018-05-16 14:28:00,2018-06-05 22:32:29,2018-06-07 00:00:00
af6e44b9d409160a33f41a80537af9b2,1a71c3ead49ef67aed93c31aacc4d046,delivered,2017-10-03 14:30:50,2017-10-04 02:49:34,2017-10-04 18:48:09,2017-10-18 16:40:28,2017-11-09 00:00:00
93881917b8e0f2bf11eec7abbbfe43ec,5c78528de7bc16285f19af96fce88f02,unavailable,2018-08-11 21:38:00,2018-08-11 21:50:11,,,2018-08-21 00:00:00
cb61ea5ecf3a762ee7460dc23d50fffd,2d5e77fae689aee9992cc9669cb61710,delivered,2017-12-20 15:14:25,2017-12-20 15:31:27,2017-12-21 23:13:42,2017-12-22 20:17:13,2018-01-09 00:00:00
6362a7fa249232a216ff4ed1cec9f7b3,ab85203400c4ddb2933ef58e6d6716f9,delivered,2018-01-28 22:23:57,2018-01-29 22:30:12,2018-01-31 22:51:24,2018-02-15 14:52:27,2018-02-23 00:00:00
a3a0cfe6661449e2d725b5b1ff658d84,2e57ca0d2c4b939fd528fe677acca228,delivered,2018-07-10 11:52:24,2018-07-10 12:05:32,2018-07-11 08:40:00,2018-07-20 19:55:33,2018-08-01 00:00:00
1166ac5af4262300b61e079c496223c6,0d8cb40fe23920b0a6078753a31bb617,delivered,2018-08-14 20:44:23,2018-08-14 20:55:23,2018-08-15 12:22:00,2018-08-22 18:32:24,2018-08-31 00:00:00
5dc6b1dfab4fc8303ea318faec36a73e,d78589eeacbfd204322ded214caadbe0,delivered,2018-02-15 20:03:19,2018-02-15 20:15:27,2018-02-16 23:43:40,2018-03-14 21:03:40,2018-03-16 00:00:00
0611e51b65ca1c2274c5a2463141dcb6,0a53041ab2e72cccb3329613978e2e2e,delivered,2017-10-10 14:24:10,2017-10-10 15:06:47,2017-10-11 19:53:48,2017-10-20 22:04:14,2017-11-06 00:00:00
e62d530c9b5d79b0b222e5a4542d71be,b323dd4451f8a811f505bd4c597bd181,delivered,2018-06-11 15:24:27,2018-06-11 15:39:08,2018-06-12 15:05:00,2018-06-13 19:54:39,2018-06-20 00:00:00
55a54184af6cdb5cbd95d124883c2dbb,6633e658356d7a598fe1cd44a46cbf34,delivered,2018-06-27 06:56:08,2018-06-27 11:18:24,2018-06-27 09:57:00,2018-07-05 19:03:34,2018-07-26 00:00:00
dcd9141cf681c0a831e8988b32156d3c,7558e6beb7efdd069ac43b97f4f8e67d,delivered,2018-05-28 11:35:37,2018-05-28 11:54:32,2018-05-28 14:09:00,2018-06-08 18:20:14,2018-07-03 00:00:00
8d47ca771c5f1f48f545ecf4a7c85f82,fc056cb6f79dbf7ab1e6ea6ef66f7837,delivered,2017-08-08 21:12:42,2017-08-08 21:25:20,2017-08-11 18:32:28,2017-08-22 20:06:54,2017-09-01 00:00:00
382fe4c08d9dc3aec94cd1aeca20b992,625ebee3bb8680d39f443c840f5afdaf,delivered,2017-11-27 22:00:40,2017-11-29 02:16:50,2017-12-05 20:59:06,2017-12-13 19:42:55,2017-12-11 00:00:00
fbbd2baf2d839f10d73c99b4642ce46b,d6e5282ef68aa9ed7c6d9f38731872ff,delivered,2018-03-24 01:41:40,2018-03-25 01:35:29,2018-03-28 00:11:16,2018-04-12 21:42:39,2018-04-17 00:00:00
b76cebb0a09007c35a19e98b178acd63,e8043e94a03541766bca8246a5af9d8b,delivered,2017-12-20 13:05:53,2017-12-21 02:10:54,2017-12-21 19:45:58,2017-12-27 21:58:43,2018-01-10 00:00:00
896b228e1623e6b8f20f2b3782750d48,6099b4a3bbcc0a01fb20ff6cab0289e3,delivered,2018-07-27 18:27:18,2018-07-27 18:44:10,2018-07-30 12:55:00,2018-07-31 22:23:35,2018-08-06 00:00:00
f52b64a627a310405cfd65e2a23acb23,0c0b4497d7324e5a4e31262c93fbc3c4,delivered,2018-02-12 18:58:50,2018-02-12 19:10:22,2018-02-21 21:55:20,2018-02-28 22:32:47,2018-03-06 00:00:00
0f1c3e42f560452d091c6906f9accb48,21691bb6e6986524cbbaa74ce9086c98,delivered,2018-03-29 18:48:31,2018-03-29 19:08:11,2018-04-03 01:32:56,2018-04-13 15:33:32,2018-04-23 00:00:00
16e38caa92e342c7780f68832f832d4d,d29935fdaf4a76f34653da3def4f2a24,delivered,2018-05-07 01:09:09,2018-05-07 16:52:39,2018-05-07 15:09:00,2018-05-24 00:31:18,2018-06-07 00:00:00
1e73ecf14966e33e06e79c339fb3f7cd,4d6a2339ba829456960bc4a6ac74eec9,delivered,2018-05-28 16:37:29,2018-05-28 16:51:38,2018-06-01 14:09:00,2018-06-08 18:54:47,2018-06-21 00:00:00
3deae78fe543fe7c561f18a237ad309e,fc63101cdeb7148093b5bf42644568d5,delivered,2017-11-23 23:00:11,2017-11-23 23:08:22,2017-11-24 16:25:46,2017-11-25 16:52:24,2017-12-14 00:00:00
70b9629a764d2247cf5995014b7204d2,2351d4314775fcbef54ecdf9c93ad410,delivered,2017-10-22 13:39:48,2017-10-22 13:49:28,2017-10-24 18:57:52,2017-11-01 21:52:00,2017-11-17 00:00:00
d61fb054800247ebeef5200e8bf9c9bd,544df65cf6b7f2cc5d7637b4189edc50,delivered,2018-01-02 23:26:09,2018-01-02 23:50:39,2018-01-06 00:25:44,2018-01-13 11:27:04,2018-02-01 00:00:00
6813f213a0d422a84a0e231bffc5fda8,7d8fc5d1f066bc73c68e6c207878c1b4,delivered,2017-11-25 02:14:10,2017-11-25 02:54:28,2017-11-28 17:59:05,2017-12-04 16:58:57,2017-12-19 00:00:00
6f8ef1903034bc19ff5a5c51dbcec604,469eac1e2fe2a69a8ade2d146e9cbb9a,delivered,2018-03-22 15:29:21,2018-03-22 15:48:33,2018-03-23 02:51:11,2018-03-29 17:36:44,2018-04-18 00:00:00
3431dbb0c64629bd76dc81b736c46e4d,e899e0c8c1ff8d71c53bcf89ce519cfd,delivered,2018-03-18 23:40:36,2018-03-18 23:50:32,2018-03-20 02:39:28,2018-03-22 23:44:32,2018-04-05 00:00:00
dcfe9b5776f30f14bdb7c5505d269c08,35f96e58f8d8dbc038a306283c9b4b4b,delivered,2018-08-08 09:56:14,2018-08-08 10:10:20,2018-08-08 16:38:00,2018-08-13 18:18:40,2018-08-20 00:00:00
bb787d6e68f079fbf94e8df39219086d,47236502c05ba94b54a18feb382a6a59,delivered,2018-06-26 09:18:41,2018-06-26 09:37:51,2018-06-26 13:27:00,2018-07-04 20:22:33,2018-07-26 00:00:00
ce500b2ca0d960f937fb4d24282d3291,b77ef6aa11b50074739e74d4a78ae4a9,delivered,2017-01-27 12:15:07,2017-01-28 04:34:27,2017-01-31 10:05:13,2017-02-15 18:22:02,2017-03-02 00:00:00
6bb214f60f0b2331b730f74f70dc322f,4109c63be22f97950143c4acbfa68e4d,delivered,2017-04-24 21:21:45,2017-04-24 21:30:18,2017-05-05 15:31:28,2017-05-15 15:39:53,2017-05-24 00:00:00
2bec039adcca39ad3a2d76a949e6c99d,dd06035a7c124081d791d46dea94f128,delivered,2018-07-26 13:03:46,2018-07-27 13:04:27,2018-07-27 11:55:00,2018-08-03 15:18:37,2018-08-16 00:00:00
fe2f8677aaa66d2344481c0925170245,222e1556b86ff309b9ee3f03a826567a,delivered,2018-01-13 15:40:44,2018-01-13 15:51:30,2018-01-16 00:18:07,2018-01-19 18:38:30,2018-02-05 00:00:00
4233067932385b2d8b301e18e1b75958,7e1c94909b82d667fde37d090d81d101,delivered,2018-07-18 10:14:56,2018-07-18 10:25:16,2018-07-18 14:42:00,2018-07-26 15:51:32,2018-08-08 00:00:00
f644bc7cdc4cf0854f50017d5ccfff50,99e92a4ae3b87639d2b55ee0319dee00,delivered,2018-08-09 10:54:00,2018-08-09 15:25:22,2018-08-10 15:05:00,2018-08-13 16:41:48,2018-08-15 00:00:00
c8d07bf0161cd0a2aacc163c238f397e,e312f3c85be577c566c09d776b380735,delivered,2017-07-10 19:37:07,2017-07-10 19:50:17,2017-07-11 16:57:41,2017-07-13 19:32:20,2017-07-28 00:00:00
73a12daa7a024fd6a3895ffcb1fc99cb,e1757fdb0a5da58aaa609d9c28a203d5,delivered,2018-04-30 15:48:06,2018-05-01 02:10:43,2018-05-02 13:28:00,2018-05-09 20:42:35,2018-05-30 00:00:00
8c5c95d76d1bd802cde533288848d786,b3a679397fd9fc5140a33c5033458395,delivered,2018-01-20 12:38:11,2018-01-20 12:50:59,2018-01-23 03:13:18,2018-01-29 21:12:45,2018-02-15 00:00:00
e849e2829de302019ae8bd9924055171,de4c2b462c44197b26b6e596865da44c,delivered,2018-05-16 12:43:12,2018-05-17 03:16:20,2018-05-17 13:55:00,2018-06-06 22:33:07,2018-06-12 00:00:00
6bdf9b89e5c81ead45dbc0a260dfbf13,2c4bf1b6bbd370f8ce5380fd47458fd6,delivered,2017-09-20 13:05:16,2017-09-20 13:25:47,2017-09-20 19:32:55,2017-09-29 19:53:03,2017-10-05 00:00:00
b48959225675859f01913fbd8cb4abe6,88a9b809cb9f14bee2a9756e44680552,delivered,2018-08-13 17:04:57,2018-08-13 17:15:19,2018-08-14 14:23:00,2018-08-15 23:42:27,2018-08-20 00:00:00
e35b8d9f66d207952c74878ee321a213,26280c295879b204d2d3c0452e0fed88,delivered,2017-08-10 12:44:46,2017-08-12 02:45:30,2017-08-15 19:31:14,2017-08-24 20:05:52,2017-09-08 00:00:00
19cfcf45fc399af9d3e9d1d98638997b,a1611dd64649bd4c6ff1de1b4b5fdfd7,delivered,2017-12-18 13:51:17,2017-12-18 14:16:17,2017-12-19 20:37:06,2017-12-28 20:18:41,2018-01-16 00:00:00
2259c28617dcf9c2ed34e78bb3dfb562,daf42b4ca0bdcc543c7059047a122897,delivered,2017-12-16 23:59:58,2017-12-17 00:12:12,2017-12-18 21:47:04,2017-12-22 18:41:47,2018-01-16 00:00:00
66de0095e3cd190938887b524433e56e,4568b6ca77fd9f28ed5ba06a4a8f2e6a,delivered,2018-04-13 19:45:22,2018-04-13 19:55:16,2018-04-17 18:16:33,2018-04-25 17:51:13,2018-05-23 00:00:00
194722a4c1cad67f5b368dce6edcc88a,575ef70c7539be8b334b433a37246097,delivered,2018-03-28 16:30:53,2018-03-28 16:47:58,2018-04-04 21:32:01,2018-04-06 20:56:50,2018-04-10 00:00:00
57490284e3524fb4b1c4112fa966cbde,1badfbfeee64a427f1e3fcd009ddcee0,delivered,2018-06-19 23:20:37,2018-06-21 03:38:42,2018-06-21 13:40:00,2018-07-10 22:02:23,2018-07-18 00:00:00
e0ff8fbdba29b1192269bb50ef72245e,02acb1d49edb6c09b61d2f496afc61b5,delivered,2018-02-04 21:02:18,2018-02-04 21:15:32,2018-02-06 00:16:41,2018-02-15 23:27:48,2018-03-05 00:00:00
710bc497ddb33d94263a302f17416924,b22eeea84d8a63d56ee0ebb6ec8e0ae0,delivered,2018-01-30 09:47:48,2018-02-01 02:56:26,2018-02-06 16:32:30,2018-02-14 18:52:42,2018-03-01 00:00:00
baaaa6a46bf8f53d113193a6a23efbd4,ff56a290f17f6ce95604d2e7c1bd3ab3,delivered,2017-12-09 11:50:39,2017-12-09 12:32:25,2017-12-11 18:24:21,2017-12-26 16:09:19,2018-01-10 00:00:00
52a547866cd2082c600fb72eced19331,0bf644fc54b89e3ba5b32c2b9e618de6,delivered,2018-05-16 15:02:31,2018-05-16 15:19:36,2018-05-16 14:29:00,2018-05-21 16:53:46,2018-06-05 00:00:00
96c2e97254411b014e9c6497388ae8bb,5f4e8d05ec1f8bb24733577690c48f5f,delivered,2018-08-03 23:04:07,2018-08-03 23:15:15,2018-08-09 09:40:00,2018-08-15 01:21:25,2018-08-17 00:00:00
7bba6be8b33b014bb9523db5f992d070,fd5e7ef8ebb833e81b09dc6c1afc92fe,delivered,2017-07-03 20:08:35,2017-07-03 20:23:48,2017-07-04 15:12:45,2017-07-12 17:46:11,2017-08-08 00:00:00
908c02868bb2a9b847e64b23139137e5,76f71522a4d0db001ac6caf99763656f,delivered,2018-06-17 09:42:02,2018-06-18 21:35:43,2018-06-19 14:35:00,2018-06-26 17:08:21,2018-07-13 00:00:00
99330d45c3ba6f45ad5745f6de036c5f,223f5e3208f2fa202a8ff706a4d9b206,delivered,2017-10-17 10:16:16,2017-10-17 10:28:18,2017-10-17 21:05:56,2017-10-20 22:05:20,2017-11-07 00:00:00
023af4b88d12c9f3f56bcb55da0450c5,96b3ea36ae6536e8d46ac247b72b9364,delivered,2017-12-09 17:31:45,2017-12-09 17:50:26,2017-12-14 22:21:44,2018-01-08 23:12:49,2018-01-09 00:00:00
43b29d0de4927fa24f56341687c9e06e,acaf6410aabbc2e292355a66dd2b38cf,delivered,2017-04-21 18:10:10,2017-04-21 18:21:46,2017-04-24 10:42:00,2017-05-15 13:44:36,2017-05-25 00:00:00
b18478bbf9b2283e3d12452f69fd9ce2,79af00341a7edf65ba773dee228d5008,delivered,2018-05-11 20:12:19,2018-05-11 20:30:29,2018-05-17 14:39:00,2018-05-23 16:50:45,2018-05-30 00:00:00
611f544f53c61bfeee1a6923ea8555a9,c60f17355c341bb9008e70012da7ba70,delivered,2018-01-07 10:12:32,2018-01-07 10:19:20,2018-01-10 13:03:09,2018-01-12 22:19:56,2018-01-31 00:00:00
736e1922ae60d0d6a89247b851902527,ec5b2ba62e574342386871631fafd3fc,delivered,2018-07-15 14:49:44,2018-07-17 04:31:36,2018-07-20 13:09:00,2018-07-26 22:03:06,2018-08-02 00:00:00
5df16667b4591b93ff7b1930d8b7da36,95fd46b89a4174004b2407d01069a6d7,delivered,2017-06-17 14:44:38,2017-06-18 07:42:33,2017-06-23 11:15:49,2017-07-08 12:21:54,2017-07-19 00:00:00
b5b0356c157cc9bfa4ec67e43d7abc09,6640da9a0b84cb913692c909108f2dfe,delivered,2018-05-07 15:21:26,2018-05-07 17:17:17,2018-05-09 12:31:00,2018-05-17 21:38:37,2018-05-21 00:00:00
882c447d8edd3d32db6a03ff2fc74f8f,406c0e75c679a46577815134afa52837,delivered,2018-05-03 14:13:48,2018-05-03 14:32:33,2018-05-03 14:40:00,2018-05-16 21:42:16,2018-05-25 00:00:00
e7d3f9457c859cd5b63a25a4c2afb2e0,e65509bad7e534de9c1f202b06901672,delivered,2018-01-18 23:26:10,2018-01-26 17:03:27,2018-01-29 22:19:36,2018-02-14 19:53:18,2018-02-09 00:00:00
0733aab1e972ab531705cf45a1e77281,5ca683b344929c41668368dcf9d5b168,delivered,2018-04-27 13:55:56,2018-04-27 14:10:22,2018-04-27 16:30:00,2018-05-03 14:11:18,2018-05-17 00:00:00
5953d2dd57f0e259f8b8489c37556e00,9cdd2de18cb0bfec28ca0c4babb6f253,delivered,2017-08-04 20:12:46,2017-08-04 20:25:14,2017-08-15 21:22:16,2017-08-24 20:45:32,2017-09-01 00:00:00
68be1c52f0c662cedbe21ca137ca77fe,3770b28ef0626cf945d6f4129077c7ae,delivered,2018-01-25 09:22:50,2018-01-25 09:36:27,2018-02-01 20:04:06,2018-02-16 18:32:32,2018-03-12 00:00:00
5494d7febdfd2f93ebdb691782d56f02,b09ff235742f48bfa743f3e9474d36ef,delivered,2018-07-09 20:06:06,2018-07-10 04:25:24,2018-07-12 19:02:00,2018-07-13 21:51:52,2018-07-18 00:00:00
9822680d395506e5602b3c1ea555aa61,b7972dea0691475465acaef017a83fce,delivered,2018-04-24 22:59:44,2018-04-24 23:15:08,2018-04-25 13:47:00,2018-04-30 22:27:47,2018-05-21 00:00:00
e62c3201015050463bc2e3b6599a6bc5,1d811f8b00a528ee91e12ddcd26e958a,delivered,2018-02-27 14:44:44,2018-02-27 14:55:38,2018-02-28 17:52:06,2018-04-24 23:04:15,2018-03-20 00:00:00
f8d1bd3e890e8a6792efb7acfc9a4853,53dee9b3304eaaeeb645b5a449759c51,delivered,2018-07-02 20:37:52,2018-07-05 16:09:15,2018-07-05 15:56:00,2018-07-12 17:38:46,2018-08-15 00:00:00
4ec3265e1601e14b39e11dee2e1d5fc2,c85c1adead3ced3636c148be7270ab62,delivered,2018-04-15 20:27:11,2018-04-15 20:51:40,2018-04-20 16:04:08,2018-04-26 23:28:50,2018-05-10 00:00:00
d9e85a628a68f162d46b273ae52d0119,a2591f825643f634e74804d71261369c,delivered,2017-09-13 07:57:20,2017-09-14 02:55:20,2017-09-14 19:13:40,2017-09-21 15:32:28,2017-09-29 00:00:00
378035ea5017f82d47a885f52fff9be1,a5cc05472dc39567d79da21664133388,delivered,2017-05-05 11:25:20,2017-05-09 09:43:18,2017-05-10 03:42:16,2017-05-17 14:06:02,2017-06-05 00:00:00
28037715728a348c84215e5db015de7e,4d6c393e8d157f91ced96c5a89beeb77,delivered,2017-09-29 15:43:51,2017-09-29 15:56:17,2017-10-03 21:10:30,2017-10-09 17:03:31,2017-10-23 00:00:00
f2228e3e55ff956909ad7750f08516fd,fb60e1236b474808fc33b9d2bf26d323,delivered,2018-04-01 11:17:22,2018-04-01 11:30:17,2018-04-04 00:47:20,2018-04-11 18:52:20,2018-04-25 00:00:00
5e8c4235c5941812c1831d835ae020fd,e787ddf38676914ffe9704e1766096ab,delivered,2018-04-07 20:39:43,2018-04-07 20:55:30,2018-04-11 18:21:35,2018-04-23 15:42:04,2018-05-02 00:00:00
09138fb3bbda7e400f9aac03c238385c,083e90e0576402957154264852d4b8ca,delivered,2018-03-17 18:33:39,2018-03-18 18:30:29,2018-03-19 20:09:44,2018-04-05 21:44:23,2018-04-12 00:00:00
ab8d7e03c02e35b89d4eee1dd9ab65ca,263d3314eb124da16668b6968c381690,delivered,2018-01-21 16:42:52,2018-01-22 13:53:47,2018-01-23 19:12:51,2018-02-02 12:19:02,2018-02-16 00:00:00
2fcae632b06e40088d1800fc1cfc3e69,b9543736a1c64efd425d1fbfeb613771,delivered,2018-02-07 10:03:37,2018-02-08 09:55:30,2018-02-08 22:12:12,2018-02-23 17:45:01,2018-03-06 00:00:00
e592e00712df4f05bd73ad01993c0251,041c1b581b3d75b637507c4bc0e4905f,delivered,2018-04-29 16:27:58,2018-04-29 16:54:26,2018-04-30 14:24:00,2018-05-07 18:08:39,2018-05-18 00:00:00
8fe3b44d3161e377a52ba346b2b0ec08,6066d537b297112e9ad8737b8c8a2eb6,delivered,2018-07-20 14:45:04,2018-07-20 14:55:13,2018-07-23 15:29:00,2018-07-24 19:52:33,2018-07-30 00:00:00
3b1c5a036e0412d8c9dda3d6df67782a,0dd70915d5f46c4cf8afce382e0b5b86,delivered,2017-02-23 15:32:21,2017-02-23 21:55:18,2017-03-13 12:09:11,2017-03-18 11:07:36,2017-04-06 00:00:00
086f617d66181efa193629791e0a9076,bd9f453692541458b7e80c8ec16bc167,delivered,2018-08-10 12:48:28,2018-08-10 13:04:45,2018-08-13 14:24:00,2018-08-21 16:39:05,2018-08-31 00:00:00
b28a856ec450375c2c61dfb94250fbb0,a5b2145cb0a276784c2e3fb28cd1d565,delivered,2018-08-02 18:01:24,2018-08-02 19:05:18,2018-08-03 16:56:00,2018-08-08 13:51:52,2018-08-09 00:00:00
16bf4bebb63fe2842793fa1e3fbb83d9,55c9db9425ab8c9ee904753ebb3e9718,delivered,2017-09-26 18:38:52,2017-09-28 02:49:30,2017-09-28 19:03:13,2017-10-01 18:32:39,2017-10-13 00:00:00
32339685fefe9062d33175a4bc12d555,b5ea05c72a89dbe101d94083e18df207,delivered,2017-01-22 20:25:54,2017-01-22 20:35:09,2017-01-24 16:16:14,2017-01-28 04:04:57,2017-02-28 00:00:00
3db52c1df4d52ab19d7e7365d647f6fc,94df3c23c37dc051dbb2f1d03a3693de,delivered,2018-05-25 09:54:34,2018-05-25 10:16:36,2018-05-25 13:20:00,2018-06-04 20:28:32,2018-06-19 00:00:00
08202fbf5047a2f85a0983ac291a69fb,de9ebceca7f056c08928dfa4bb245205,delivered,2017-04-05 08:38:19,2017-04-05 08:50:09,2017-04-05 14:48:01,2017-04-11 10:03:50,2017-05-15 00:00:00
4f0a2c058df62bfe77f0e0e1e1ca66eb,55a0c3e86baf62169bf4ec368c02193f,delivered,2018-02-17 19:14:12,2018-02-17 19:26:51,2018-02-21 18:49:11,2018-03-05 22:13:11,2018-03-12 00:00:00
fb260abf14e47c95a0b19acb1ab3ed43,5e03611738b719fa467609220c293474,delivered,2018-02-26 02:03:03,2018-02-26 02:10:31,2018-02-27 01:04:45,2018-03-22 00:02:34,2018-03-19 00:00:00
ac17f36b9ec35c47dc44e96558d33dc7,4c99e4d80794cc4520af0b07913b4d6e,delivered,2018-07-03 10:00:13,2018-07-05 16:27:11,2018-07-04 08:00:00,2018-07-11 01:29:34,2018-08-06 00:00:00
6106af2a0590979c9d7c7918f6eae6ae,cc2f295002062005243ef38ca0f95ebe,delivered,2017-07-13 19:43:41,2017-07-13 19:55:20,2017-07-17 21:38:38,2017-07-24 20:24:49,2017-08-04 00:00:00
17421d31a07ce8e9c61fe6b1adecfdaf,6c3eb82bd1bc98eeb319254fdb38a2da,delivered,2017-07-21 08:26:00,2017-07-21 08:35:18,2017-07-28 11:02:39,2017-08-04 19:41:14,2017-08-24 00:00:00
42fa07019d8252444a920c348dc8b011,2939a5df4e8439863d6ef160fdd53295,delivered,2017-07-17 14:27:43,2017-07-18 07:10:11,2017-07-20 12:46:37,2017-07-21 18:21:26,2017-07-28 00:00:00
43ada20efaad1c2c55197dd39050267f,df56491c32230f0ef86a5c35dac4e0e8,delivered,2017-12-21 17:01:47,2017-12-21 18:12:33,2017-12-22 23:38:29,2018-01-03 21:34:07,2018-01-18 00:00:00
17b64a39e956f1ff14d42a2f76a37305,6b170d60eabcac609caaaf419e9e57f1,delivered,2018-01-19 15:56:19,2018-01-19 16:15:06,2018-01-23 21:48:50,2018-02-08 23:54:29,2018-03-22 00:00:00
cfd5d5311ae38742b4ecdbcf4c3662a7,8219dbbbff05552e56dabd762e39de3a,delivered,2018-02-09 18:55:54,2018-02-09 19:08:12,2018-02-15 00:32:01,2018-02-21 19:52:00,2018-03-14 00:00:00
23fb5e6768dd0cf8df7aaa74d80f8ec6,b54c3706d7d7a59b0f07541d4070dae3,delivered,2017-12-10 23:59:32,2017-12-11 00:10:41,2017-12-20 18:52:07,2017-12-26 22:09:13,2018-01-15 00:00:00
087c44ddc65697d4a3a2af9234c5a22b,75de575b1ac67f10d725383d4ae0b0ae,delivered,2018-04-08 20:12:30,2018-04-08 20:30:04,2018-04-10 14:48:44,2018-04-19 13:14:48,2018-05-08 00:00:00
ba8ebbd4a50913dea058ff7695922d95,3f3aa91e753c454557cb29ee5a852eab,delivered,2018-05-19 18:06:11,2018-05-19 18:32:42,2018-05-21 14:57:00,2018-06-04 22:12:27,2018-06-07 00:00:00
8747a928f786c8b31e0afb1b815886bc,e6f40fd97b2ae5d03f8a2a211fa042b2,delivered,2017-11-12 20:48:29,2017-11-14 03:35:40,2017-11-21 13:49:08,2017-12-04 19:42:40,2017-12-01 00:00:00
93d8685fec4218f06bf202723dc1da52,3c71dc159116331b7643d296a921f725,invoiced,2017-02-21 21:17:48,2017-02-22 03:22:38,,,2017-03-22 00:00:00
aeb5c78d2d8968b2a53ac5d6a554cdb4,3bdae7f94f5dcf2f6d395ddab50d3596,delivered,2018-01-18 17:50:20,2018-01-18 18:14:46,2018-01-24 23:38:07,2018-01-27 15:31:30,2018-02-02 00:00:00
7cbb15d12a1bb13fde596f305857b22e,70eb2dbf20da55dcfb3bbe2cb2cf1fe2,delivered,2018-03-30 15:19:20,2018-03-30 16:07:33,2018-04-04 18:54:49,2018-04-05 19:38:47,2018-04-12 00:00:00
a8011c5b1b6536063a53c05cabf56bb0,e8b75845a700bb574b2346b8f489736a,delivered,2018-01-20 13:31:12,2018-01-20 13:42:13,2018-01-23 00:19:03,2018-01-24 18:49:05,2018-02-09 00:00:00
e631d7417c16066c831e8f2599673235,477b96a7bebf346f0b61baea85b4e2b9,delivered,2018-01-19 14:38:13,2018-01-19 14:57:21,2018-01-23 13:16:52,2018-01-25 15:48:57,2018-02-05 00:00:00
278ffae8d541775ba53338a54ee391a3,74a975276d0c266162d2ee51a6fccea9,delivered,2017-10-03 14:29:58,2017-10-03 14:49:17,2017-10-04 19:59:41,2017-10-30 20:34:47,2017-11-07 00:00:00
8691ef52aa97f8ba6d500780b5897e04,ce24092edd3791e3991bdabf0c09778f,delivered,2018-05-06 17:07:09,2018-05-07 09:13:53,2018-05-09 16:18:00,2018-05-18 10:22:54,2018-05-30 00:00:00
55bde651a2c412e983a9ace2f3e05c5d,0238124998cd8eddd5b3ea04d4c1e658,delivered,2018-08-12 19:57:00,2018-08-13 19:50:16,2018-08-14 13:21:00,2018-08-15 19:24:40,2018-08-17 00:00:00
31c97425f34d48507d57e56e0ec2986b,11ead7c657fc4f2412db1babe52d1619,delivered,2017-09-03 19:49:03,2017-09-03 20:03:45,2017-09-06 16:42:30,2017-09-16 16:13:54,2017-09-25 00:00:00
6c682aa3032d2639e12a64b3c2a907b7,deaa5dd4f21cf2d8741e476989fe7d5d,delivered,2018-02-12 11:51:43,2018-02-12 12:05:31,2018-02-14 23:34:30,2018-02-16 23:41:59,2018-03-08 00:00:00
2beb7e011571a837462a006a779881e8,a26d969df103529ca7d2dc3b8f8a1e5a,delivered,2017-07-24 15:37:15,2017-07-25 15:45:14,2017-07-26 19:17:47,2017-08-04 18:13:41,2017-08-15 00:00:00
166a835dcb0ffdb5d917db2a93358502,3274aedc859b9aa7d7e5db28cfb7768d,delivered,2017-07-11 23:14:57,2017-07-11 23:25:18,2017-07-13 19:09:52,2017-07-31 11:34:32,2017-08-04 00:00:00
8b761bca5ade41b47694b0225c668b75,60759d1a0d02d7e2d74834df707b597a,delivered,2017-08-03 16:51:19,2017-08-03 17:23:43,2017-08-04 18:52:08,2017-08-14 20:05:54,2017-08-23 00:00:00
2b9319f90cac6853394132c982ff27bf,835c64056c71ad9d093dc7166f22a8a8,delivered,2018-01-13 13:53:39,2018-01-16 03:51:17,2018-01-20 00:13:00,2018-02-08 13:03:23,2018-02-19 00:00:00
12d8f84b2205c7654fdf6768718d243d,0cb1ec7f7b0d209fdfbb7c3592b32634,delivered,2018-06-28 21:51:14,2018-06-28 22:10:06,2018-06-29 12:29:00,2018-07-10 20:21:57,2018-07-26 00:00:00
0bfd90889de46373db5089b3bb941135,b2bbf530455f67fe10265197326aab8e,delivered,2018-06-05 20:08:08,2018-06-05 20:32:55,2018-06-06 14:45:00,2018-06-07 18:34:54,2018-06-29 00:00:00
5b0ee19a3125fc083348baa76d816ed0,97e5ea711c00ba54392bf866a7d5f1e0,canceled,2018-03-05 13:56:34,2018-03-05 14:40:27,,,2018-03-15 00:00:00
a9c74f167b0d8af61d6487fc21934f7e,c913ae1bc977b139a50287f6bd0b1c19,delivered,2018-07-10 12:40:12,2018-07-11 03:45:47,2018-07-13 14:12:00,2018-07-23 21:42:09,2018-07-31 00:00:00
ae58081c0be4ca730f53473f8f5d5df7,6a0ce72a507b9ca7bdf5ab4f1a875a46,delivered,2018-04-13 18:45:26,2018-04-13 18:55:20,2018-04-17 18:20:55,2018-04-18 19:14:24,2018-04-30 00:00:00
151137bf7ab537c1a2da6bba1368d87d,8678ce9bb3f23410f28b6caa0813528a,delivered,2017-09-05 13:52:21,2017-09-05 14:05:17,2017-09-11 18:11:49,2017-09-18 18:59:39,2017-10-03 00:00:00
8021c3dc6a034e6f153035028d421c94,dbce625996b257695026f8bd3c5ee160,delivered,2018-04-17 00:15:54,2018-04-17 00:34:43,2018-04-17 19:11:24,2018-04-18 19:38:23,2018-05-03 00:00:00
4cb0286c9f5805ddd172e00cef67ecc3,e3d025dfd872e46859d611e7a73f6c2d,delivered,2018-06-17 20:18:47,2018-06-17 20:33:54,2018-06-18 15:10:00,2018-06-20 19:08:22,2018-06-29 00:00:00
f8166a345b188c9033d127c25e44ab74,b6d0ae20431d0f3e9d26bbf4c311914e,delivered,2018-08-17 17:18:43,2018-08-18 03:09:52,2018-08-20 13:48:00,2018-08-27 19:18:27,2018-09-05 00:00:00
67b777d7aeb1fefbc4e88626f76955dd,659dbb4ebaf7a20e6b542adcc862c6f4,delivered,2017-08-11 09:28:43,2017-08-12 02:45:31,2017-08-14 19:07:58,2017-08-21 12:37:45,2017-09-01 00:00:00
df14bdc601f10bff4d2757a9710be81f,51f34a61223200b58e35b7e7f3b462c3,delivered,2018-05-11 13:35:46,2018-05-11 13:50:59,2018-05-11 20:40:00,2018-05-14 16:32:57,2018-05-21 00:00:00
210e60465099814a1d2c7635e4065153,fc849c5fbc7e2b0c7cfebc138886c693,delivered,2018-05-09 18:27:00,2018-05-09 18:54:13,2018-05-10 16:07:00,2018-05-22 00:08:26,2018-05-29 00:00:00
f3edeb6abd99f61bd94454f9e7687b67,0229d7450ba7ceb9aee1e3fcc74f7dee,delivered,2017-05-04 19:27:18,2017-05-04 19:35:22,2017-05-05 11:21:31,2017-05-12 14:51:38,2017-05-25 00:00:00
9418ab9676b7f5d9539c74b557c59284,adbaf853316ae66a289a06231c4e0a4a,delivered,2018-03-29 22:21:02,2018-03-29 22:30:16,2018-04-05 00:28:30,2018-04-30 11:46:50,2018-04-18 00:00:00
470ceef9068e1385a280703397af31e8,71f6152998635c3ea46ac44cb989ff49,delivered,2018-04-15 19:56:47,2018-04-17 04:11:54,2018-04-18 19:11:21,2018-04-26 10:09:37,2018-05-16 00:00:00
383ba1470e3ace2021f232303b6d4097,3e2adca6ca503c06bee11ad4ebbdd009,delivered,2018-04-10 22:32:53,2018-04-10 22:52:39,2018-04-11 22:38:38,2018-04-18 20:29:20,2018-05-04 00:00:00
4d23a772e8fc588881020cd749f76c8f,3142d98ec0bda2129bacbddf0c8fdd17,delivered,2017-06-12 09:08:19,2017-06-14 02:25:36,2017-06-14 13:42:07,2017-06-21 18:35:23,2017-07-12 00:00:00
74748a8ba7d523ab46fe3354996609f6,a3cce16d1def5991f7314b717b373ab4,delivered,2017-02-08 12:55:23,2017-02-10 02:45:27,2017-02-10 07:27:59,2017-02-14 16:08:45,2017-03-17 00:00:00
ab7bbcf90a1c2d1b7cf184cc23e18af8,6d7f7138d2c8c74549dd30dc4e2d56e6,delivered,2017-11-29 14:40:33,2017-11-29 14:58:45,2017-11-30 20:13:27,2017-12-02 15:08:47,2017-12-13 00:00:00
27778e8302a1880621730425fd82fb60,f4114c3a49ac4dfbe34464e0df196f1e,delivered,2018-05-20 12:10:01,2018-05-20 12:30:32,2018-05-22 14:31:00,2018-05-23 22:08:51,2018-06-04 00:00:00
819adcd651eaa6b9ce751285bfb7e85d,3ee66d65dd46cf1a5839e7198b9eda59,delivered,2017-10-19 08:38:00,2017-10-19 08:49:17,2017-10-19 18:55:45,2017-10-30 13:13:01,2017-11-10 00:00:00
8a5b38ec15fb5bb88a060a17587a2590,089525d394be31397b994bcf92c6b31a,delivered,2017-11-17 19:49:26,2017-11-17 21:15:44,2017-11-21 15:58:40,2017-11-22 21:59:04,2017-11-30 00:00:00
9c77966338b7a4afae520a5723c937a3,db4184568ca754f6639d2d5c23578d27,delivered,2017-07-22 19:07:32,2017-07-22 19:23:14,2017-07-24 19:09:40,2017-08-14 14:45:55,2017-08-15 00:00:00
8b75cb6fd9531cacf7f2cb7dadf7467b,1a663679384785e911792fb4a86d61c4,delivered,2018-02-20 18:35:00,2018-02-20 18:50:24,2018-02-21 19:48:00,2018-03-07 00:15:35,2018-03-19 00:00:00
31c2a4ddeb6a9db03922009a2dfcb254,83979a5effa437c8a99f07066147957f,delivered,2017-10-25 18:52:40,2017-10-25 19:07:43,2017-10-26 20:04:11,2017-11-03 17:42:54,2017-11-16 00:00:00
735349ca95c43f6af88a10437821de08,6c99c2743ac8c7f04fc33d796f7b93a2,delivered,2017-10-15 13:33:52,2017-10-15 13:49:21,2017-10-16 22:52:15,2017-10-19 16:22:48,2017-11-08 00:00:00
6248b0a9b547366913fb67922a7a2b77,4ae48f8e3942147402a1286118601c83,delivered,2017-01-14 15:11:28,2017-01-14 15:22:39,2017-02-03 10:50:28,2017-02-03 10:50:28,2017-02-28 00:00:00
9d747ac28c9c16805493c802a6ebafff,4ffeacfa8b6ea5a14800c504dad2f46a,delivered,2018-01-18 18:55:18,2018-01-20 09:10:02,2018-01-25 22:06:44,2018-02-01 02:41:15,2018-02-06 00:00:00
a6891e28ce17d3ec9391ae48c5a321d1,c8d818c5d5c614a9042ce8e23ad8f125,delivered,2017-08-30 15:01:26,2017-08-31 02:50:28,2017-09-04 20:12:41,2017-09-06 16:35:03,2017-09-18 00:00:00
46c99067d2014deb825b963f5acc76da,797e47f5ab7bfd84bc11a737a210e11a,delivered,2018-04-11 00:16:46,2018-04-12 08:10:04,2018-04-18 22:18:35,2018-04-23 12:55:33,2018-05-14 00:00:00
30fe274ae9909568c501af6539d4306f,16fbb85003b2c83ea0ff31ed5022b9eb,delivered,2018-06-29 15:09:58,2018-06-29 15:30:37,2018-07-03 16:01:00,2018-07-06 12:47:54,2018-07-16 00:00:00
0f9d568730bf125dbbfed4fc655ff91a,3249a3fb2ccd4b5f7103a6e759c0d873,delivered,2017-03-22 09:56:29,2017-03-22 09:56:29,2017-03-24 11:23:27,2017-03-31 19:07:45,2017-05-15 00:00:00
fbc12089bbd03e3a825625899c8c8f92,17abf348943d3a3ad0573f2910035417,delivered,2018-05-11 13:51:11,2018-05-11 14:16:32,2018-05-14 14:00:00,2018-05-21 16:16:26,2018-06-04 00:00:00
2bad074d8cb50fea70e0a12bc2ee304e,a53f827b1dbbefc7db9951541abe454e,delivered,2017-06-04 11:55:57,2017-06-04 13:01:52,2017-06-09 20:19:49,2017-06-12 15:57:07,2017-06-19 00:00:00
46c820acb13d40759d9cf3941fb7a47d,d2cbd9146c1cee46f887d3731fee7e89,delivered,2017-11-21 21:34:05,2017-11-21 21:47:37,2017-11-23 18:52:19,2017-12-09 15:12:44,2017-12-11 00:00:00
5fe46d14177744ae2180101ce19bb414,8dcc5cd0569e6c1cfd0444e4a26419d4,delivered,2016-10-07 10:06:58,2016-10-07 11:39:34,2016-10-15 10:32:35,2016-11-01 16:37:59,2016-12-09 00:00:00
1b27565cc48efbd53ada61fe61bb9c2a,1a825a018a70af4a34062710e7df0965,delivered,2017-09-10 15:43:07,2017-09-10 15:55:21,2017-09-13 21:32:30,2017-09-28 16:33:15,2017-10-06 00:00:00
93cae495607755570d9b4c0c2d0474e6,2eaeb6168aa4c77889f4c92ff8923288,delivered,2018-03-18 09:34:24,2018-03-18 09:48:01,2018-03-20 19:42:10,2018-04-03 23:45:38,2018-04-12 00:00:00
779078ac80552fa400b11c285d16e4fa,f583831c572cc8569de2841fd281fd2b,unavailable,2017-06-13 21:11:58,2017-06-13 21:22:41,,,2017-06-28 00:00:00
65b8cbd6d0ad97befea844cc40817ccb,220a1f1adf2be499250db06cd27d0a1e,delivered,2017-05-10 16:48:50,2017-05-10 17:02:49,2017-05-16 08:54:14,2017-05-22 20:26:17,2017-06-02 00:00:00
8d1c5a867cd01e45e5fc57dddd896f00,f68c9552d4a213e753972820790aa3fd,delivered,2017-07-03 16:36:30,2017-07-04 16:43:56,2017-07-07 20:29:29,2017-07-26 20:07:47,2017-08-09 00:00:00
89035fb6f9ed1693ad716ef81c18cdb2,ac9d00289136be90ac64557222f2e9fd,delivered,2017-09-21 22:00:15,2017-09-21 22:48:32,2017-09-25 19:10:13,2017-10-13 21:37:47,2017-10-31 00:00:00
0553f54e437f2d7fddccf81ae9a646c6,9959467a8562a7937386de4cdc07ae13,delivered,2018-05-06 14:48:08,2018-05-08 03:52:03,2018-05-10 14:34:00,2018-05-15 21:52:52,2018-06-12 00:00:00
c410904a63a021b7cc16816947ea4769,5dae3234ff8f2891c3ce08f65f791d1e,delivered,2018-03-20 14:04:25,2018-03-20 14:15:33,2018-03-23 23:08:49,2018-04-17 00:39:52,2018-04-17 00:00:00
854fc42da7246b10ed8dcec4ae8f48ca,3925d8a5f225de2b3e2d791e3a547748,delivered,2017-09-05 18:15:24,2017-09-05 18:25:27,2017-09-06 21:41:18,2017-09-22 19:52:36,2017-09-27 00:00:00
ceca30e6de65f20adb181e92932941a3,caedd3b1bebfca71c001c276fb477fa2,delivered,2018-03-20 19:57:14,2018-03-20 20:10:25,2018-03-21 19:54:23,2018-04-11 20:07:50,2018-04-12 00:00:00
9202a540dd3900ebeb2ff790e949a54e,778765c3508c03c80697308b8ba5aa3c,delivered,2018-01-22 08:05:13,2018-01-22 14:12:39,2018-01-22 22:35:47,2018-01-23 19:51:47,2018-02-06 00:00:00
5e08f8357b3660485f47d00381feaa6f,6f3ff429d5c4b068e63ef27beeace380,delivered,2017-07-05 13:00:03,2017-07-06 13:05:19,2017-07-07 16:53:43,2017-07-21 18:45:03,2017-07-31 00:00:00
b1600c1915c18f85050002d08b6274a3,340ca5d6edd1acd5f533cab61ac899f7,delivered,2018-05-12 06:33:05,2018-05-12 06:51:20,2018-05-14 06:05:00,2018-05-22 21:14:42,2018-06-07 00:00:00
32bc89adafbfd38be0cf6931769c6a6d,e740d1c438e9072d5a23b6dd96e59b8b,delivered,2018-07-20 09:34:27,2018-07-20 09:50:11,2018-07-25 13:50:00,2018-08-05 15:11:40,2018-08-13 00:00:00
a1b804216bd2104b89826d9c884a06aa,5c7595d88d9ae99c0829d2304a39eb9e,delivered,2017-12-05 13:49:27,2017-12-05 13:58:29,2017-12-06 17:33:54,2017-12-19 18:19:19,2017-12-28 00:00:00
1b34f3de23ae790473c7e4ef6ac0b1f1,8953f8bf10bed387ad35f83d268ecf2a,delivered,2018-08-17 08:05:07,2018-08-18 02:55:18,2018-08-23 14:47:00,2018-08-27 21:27:55,2018-09-03 00:00:00
e72ba1ec61415d0cfa8ddfce38a35887,75d90429e22ec177e6c69928ef95a9a4,delivered,2017-11-02 15:05:03,2017-11-02 15:15:22,2017-11-03 18:32:38,2017-11-17 17:28:41,2017-12-04 00:00:00
f82a2055f59b4ccf07be7a6e9d52debd,48970007c61cc12f2624b1212e10419f,delivered,2017-10-05 13:56:51,2017-10-05 14:07:25,2017-10-06 21:03:09,2017-10-07 15:58:34,2017-10-24 00:00:00
d19868a76a0e39afe462fa942122200c,0c0202f6f6b9ce5a9aa8f9fa0a7580c4,delivered,2017-12-29 19:03:07,2017-12-29 19:09:24,2018-01-02 21:41:55,2018-01-24 01:16:45,2018-01-31 00:00:00
0eac9f8e158a0eadfce8c9da8547a8ce,c889eec026a928be2c4ddde850ef4919,delivered,2018-05-03 13:36:47,2018-05-04 17:10:17,2018-05-07 16:25:00,2018-05-14 15:28:50,2018-05-22 00:00:00
de09bc4ff6a9de96b6895cd565f80e69,864ac617f28e226558e823780f171c9f,delivered,2017-03-11 19:23:25,2017-03-11 19:23:25,2017-03-20 08:03:53,2017-04-17 14:17:52,2017-04-11 00:00:00
d04eab35da4dc8a5fbab6771c0a8b517,ad7c1f0f24e5bd4681a7646641714f81,delivered,2017-03-19 19:08:57,2017-03-19 19:08:57,2017-03-20 13:14:27,2017-03-27 13:23:09,2017-04-13 00:00:00
0a56861d762ee1f82f5cdc2de2b1f71a,5990f7c1a76e6442f8759da9aa555d21,delivered,2018-06-27 04:36:14,2018-06-28 02:15:47,2018-06-28 10:52:00,2018-06-29 16:41:28,2018-07-12 00:00:00
02dbd29bc7a490d582762fae9f0fd997,8aa4d935310fc9211fa1e78dcf74babe,delivered,2017-11-24 12:12:41,2017-11-26 12:11:19,2017-11-28 01:18:20,2017-12-14 01:52:01,2017-12-20 00:00:00
ec2738d1b8cdc75fa4c9425432f5053c,3f9c2ab2dba880b58557d8bc27f43da2,delivered,2017-06-19 01:46:34,2017-06-20 11:35:25,2017-06-20 13:19:36,2017-06-29 07:03:50,2017-06-30 00:00:00
ce361366b38e58d923fe2e3cc60521f9,dd2806a552e8e9bdb0a8196c0f192dd9,delivered,2017-08-31 21:21:18,2017-08-31 21:32:19,2017-09-04 21:03:04,2017-09-09 12:58:14,2017-09-19 00:00:00
b8e17df0f313ac216d29c0683a83b992,560c8089d5a164844c203f61c55d88c6,delivered,2017-12-11 15:26:43,2017-12-11 15:36:31,2017-12-13 00:24:02,2017-12-26 17:32:39,2018-01-11 00:00:00
d2cbe14a29b243f01171170540ddc94d,ea5a701c34fae54a0179667dcad5dae3,delivered,2018-03-09 17:19:27,2018-03-09 19:00:32,2018-03-15 13:12:34,2018-03-19 20:42:00,2018-03-21 00:00:00
312f43273284b7ab987d5bc4d880d5ef,dcfcc8796b47089b9fb9d73e06011085,delivered,2018-07-03 20:17:22,2018-07-05 16:27:45,2018-07-04 13:01:00,2018-07-09 15:40:50,2018-07-27 00:00:00
4b7bf1f7eb492ad33680ba2cb4c4ba56,1b2fccd64ead0637991ff28c1971d9a7,delivered,2017-09-03 16:52:33,2017-09-05 04:24:48,2017-09-05 20:03:35,2017-09-08 17:36:34,2017-09-27 00:00:00
8b2a3c0228399148a783f5ed8c1ce83b,b3add2a91f41661317ee98d39d720fcf,delivered,2018-01-19 15:41:49,2018-01-19 15:56:15,2018-01-24 22:52:33,2018-01-30 19:46:09,2018-02-09 00:00:00
290673dd0e92d677725fdb80ce26d46f,7a5aaaaec11d575445323b17c38189f3,delivered,2017-11-25 20:43:50,2017-11-25 20:52:49,2017-11-27 15:53:59,2017-12-13 00:36:49,2017-12-15 00:00:00
25d7504420f738317dcbb29f7e565976,b131df50e42e825b93ca23fa215df7d8,delivered,2018-04-03 17:11:45,2018-04-03 17:28:55,2018-04-04 18:22:21,2018-04-23 15:22:32,2018-04-30 00:00:00
3be070ae2edd92621c933c5341674b4e,9f7a3eae3a5b96c05358e8308e4db1b0,delivered,2017-11-24 04:14:51,2017-11-24 04:28:35,2017-12-02 00:29:07,2017-12-28 14:05:02,2017-12-27 00:00:00
bd6ab28252f15e7c57f212a725aa1c37,aa0633423572bf600bd7f9bda734ed44,delivered,2018-05-08 14:49:25,2018-05-08 15:09:59,2018-05-09 09:09:00,2018-05-16 16:28:45,2018-06-14 00:00:00
ccefed81ada949952e76166b19f2b723,4ac279df237d79f58d8b70addc6e5d4d,delivered,2017-05-28 23:57:50,2017-05-29 01:10:25,2017-05-30 14:33:27,2017-06-07 16:05:27,2017-06-23 00:00:00
16d65d58409db5d0534f2fb1817696b0,9711a23693eaa23367227bd36040faa5,delivered,2017-08-28 20:47:42,2017-08-28 20:55:16,2017-08-30 11:39:37,2017-09-04 18:45:54,2017-09-14 00:00:00
49feda914c01f29c2cfdf7708278752e,c09ec34dc25bd644243e3e72f4065ec2,delivered,2018-06-25 01:28:11,2018-06-26 01:36:59,2018-06-29 09:46:00,2018-07-03 16:12:52,2018-07-17 00:00:00
7e460703dd3adb450213b20170a237f6,b79d85bfccc2df403dc6610e85d2ab71,delivered,2018-03-04 12:49:38,2018-03-04 13:29:23,2018-03-05 20:44:30,2018-03-08 17:19:08,2018-03-21 00:00:00
43070b94b6d741a764e8e1ba4a2ea91d,373facce3e17d33fec7df11c961c6ff1,delivered,2018-05-22 20:33:27,2018-05-22 20:56:49,2018-05-25 14:24:00,2018-06-04 20:52:31,2018-06-11 00:00:00
55e5ec213742bae19f2e36685d3aa5e9,09ab4ae2ecab51b1bf620bba0027abd9,delivered,2018-02-16 08:18:51,2018-02-16 08:30:21,2018-02-16 23:16:37,2018-03-03 14:04:04,2018-03-14 00:00:00
689338a5ff7fc20c596ee2695dfac8c3,2254b94e0f630fbf407e03563b0747c5,delivered,2018-01-21 16:34:52,2018-01-24 08:31:52,2018-01-30 01:38:31,2018-02-04 10:08:55,2018-02-14 00:00:00
3ab7017ae596ec8fae78b7232580a0a8,c93cde10296df75c3bd18bdce1cbfffc,delivered,2018-01-08 15:05:57,2018-01-08 15:12:31,2018-01-09 18:37:27,2018-01-11 17:25:46,2018-01-24 00:00:00
a49bb03badf724e5180699f77387a444,691baba358611db5368f5441c8975113,delivered,2017-05-05 12:35:47,2017-05-06 02:15:59,2017-05-17 14:02:08,2017-05-25 15:42:10,2017-06-09 00:00:00
68fa625f02107978e969340da28d0c89,1da22604a27387196b8a4cf970336f8a,delivered,2017-05-10 22:45:21,2017-05-10 22:55:16,2017-05-11 11:52:00,2017-05-12 11:12:18,2017-05-18 00:00:00
2c353c9011928609140c2fe8c3f925a5,e8e3d8d996f2b2945feab63c6c337989,delivered,2018-02-02 12:32:57,2018-02-06 05:31:46,2018-02-07 22:52:39,2018-03-07 19:32:59,2018-03-12 00:00:00
95edd52b3452d4069b0fbc8056f01daa,f6917e239b9f9f34309ae169d4adf084,delivered,2018-05-03 22:12:32,2018-05-03 22:52:43,2018-05-04 17:23:00,2018-05-07 21:28:55,2018-05-17 00:00:00
4f2dc4a949823819bfc75b784fb32686,f9e02bc10bfffa9852c78f6c9a5d06ec,delivered,2018-06-27 16:50:00,2018-06-28 02:15:54,2018-06-29 14:45:00,2018-07-04 20:26:25,2018-07-18 00:00:00
c7b0be5584c50efa8a9d95d3eecbece3,d7c6f5abd3a5d2d8104fcfcd7d532537,delivered,2017-03-01 11:44:37,2017-03-03 02:35:40,2017-03-15 15:59:26,2017-03-20 06:15:33,2017-03-29 00:00:00
6b0e4ed8dcbabec5410a8b28f0405cd6,565f86d78a5b057917366c58362a85c4,delivered,2018-07-02 11:12:27,2018-07-05 16:20:47,2018-07-10 15:27:00,2018-07-13 16:41:49,2018-08-07 00:00:00
21c03a286e71d3afc682942e4c8eb2bf,4c188e7804452934753b45b54f5d2bb0,delivered,2018-01-06 12:38:44,2018-01-06 12:47:22,2018-01-09 22:10:41,2018-01-22 23:09:03,2018-02-06 00:00:00
f8046b5049a674585e048bb954e3b494,62027a3235ec0eb7e75e53ac09ad6e55,delivered,2018-08-21 22:23:01,2018-08-22 22:24:38,2018-08-23 12:35:00,2018-08-28 23:26:37,2018-08-30 00:00:00
1b90587d2255b7eb1dcc4d2c7eba1c54,c864ab08bb4dee24abda9f5d464194bb,delivered,2018-01-18 14:08:58,2018-01-19 02:38:48,2018-01-19 23:39:08,2018-01-23 17:12:41,2018-02-09 00:00:00
5fd0b812a7ad786c02970c4223ef1dff,8c13e5ab23851a6fdf5000a1db2378db,delivered,2017-09-06 13:12:04,2017-09-06 13:24:09,2017-09-22 19:43:00,2017-10-20 20:00:04,2017-09-25 00:00:00
e92900da13e75122f18f3694fd9e0230,5f05de07772c3e69f3a019b70a0c97e9,delivered,2018-02-20 17:03:21,2018-02-22 02:31:04,2018-02-27 18:58:51,2018-03-21 20:21:02,2018-03-19 00:00:00
35b93dcd988cc9e90dd933769bb196c4,8f278fe8beaf13805e548072c6d990ab,delivered,2018-05-01 16:25:05,2018-05-01 16:35:19,2018-05-02 15:43:00,2018-05-03 19:26:44,2018-05-15 00:00:00
37f6cceb272b1ae10ed4bd8cc0d4a98a,4154a7bfad13391d383b6b30cb06f639,delivered,2018-08-06 13:24:54,2018-08-06 13:35:17,2018-08-07 09:46:00,2018-08-10 18:03:15,2018-08-17 00:00:00
052121d17f8eab43c577497c9b1451e2,016187b76ffe3a8b7709732077de2fc2,delivered,2017-09-13 21:51:41,2017-09-13 22:05:50,2017-09-14 19:47:49,2017-09-20 21:02:34,2017-10-02 00:00:00
1ae35fdd1e36d167c790179f16cad2e0,55f97f92c63a40b9f9591f26b4e22de1,shipped,2018-01-10 21:54:19,2018-01-10 22:08:35,2018-01-12 10:59:09,,2018-01-31 00:00:00
e2c9f858f7f4d4291add68fd7fcf8090,250d070dccc06bf15a6e4e2f2b1b5870,delivered,2017-10-27 23:57:47,2017-10-30 16:31:54,2017-11-06 11:51:08,2017-11-09 18:46:30,2017-12-08 00:00:00
784a38e6df598963bf1d5e1b633eca5c,4afabb31ddcf1de88f110a045ef355da,delivered,2017-12-28 15:13:20,2017-12-28 15:27:29,2018-01-02 20:27:18,2018-01-08 16:27:43,2018-01-31 00:00:00
2d3c3cbfc3286b15ef13547f94567459,9c8c7021766b19f1857d1af3e458ec3d,shipped,2017-04-09 23:15:16,2017-04-09 23:25:13,2017-04-11 06:24:43,,2017-05-10 00:00:00
48a32a844d2782e2d2b33c2ccb6a941a,bdab8bc8ecc3b284ddf047a31601cd33,delivered,2017-08-19 22:49:42,2017-08-22 04:05:43,2017-08-23 18:00:19,2017-08-29 14:04:35,2017-09-04 00:00:00
02a98752595ee9d94c570ad3e18055b4,7bb5b53c7d838d8ca7e94ce809b7d784,delivered,2018-08-02 12:05:59,2018-08-02 13:04:18,2018-08-03 16:15:00,2018-08-07 18:18:30,2018-08-07 00:00:00
a8ddfd6f6316a1c31da18f179981ecc6,5b4a17cdf8e611b47a912e232cdf6441,delivered,2018-06-27 12:01:22,2018-06-28 12:31:09,2018-07-03 15:37:00,2018-07-05 21:13:50,2018-07-12 00:00:00
65c599e3998c4243f4e62affbf5bcdd7,cd8297dac73c55a89cc61dddf4027a55,delivered,2018-08-19 18:06:33,2018-08-20 12:50:44,2018-08-20 14:32:00,2018-08-23 20:16:43,2018-09-11 00:00:00
dd800b5dd3395650111f9a4539000e7d,236c0490b8ca680df0093921b3d182f5,delivered,2017-11-24 07:12:24,2017-11-24 07:28:30,2017-11-24 20:11:54,2017-12-06 15:05:51,2017-12-21 00:00:00
c056578fe94b80e3f1e732d013df9374,4ab0b8cd1e875e4d28abc70289f1e90e,delivered,2018-03-03 20:59:46,2018-03-03 21:15:30,2018-03-07 00:03:36,2018-03-19 10:04:43,2018-04-03 00:00:00
dfb95a7031f9abf6495bc955837c3125,759402811612c3837b9e688e4ddc26bf,delivered,2017-03-01 23:12:39,2017-03-01 23:25:14,2017-03-02 07:36:45,2017-03-09 14:27:45,2017-03-31 00:00:00
cf8152b6a51ad306ad09a2d253c8133c,9b0ca7ce354778d017ea016dd199f9ee,delivered,2018-08-18 19:48:43,2018-08-18 20:10:05,2018-08-20 15:04:00,2018-08-24 19:16:48,2018-08-31 00:00:00
f5508c24aa4418c7069ad5a43b06bdee,73c5b90f781d271fe81aad2a4f3fdb09,delivered,2018-05-14 20:38:09,2018-05-15 04:52:36,2018-05-15 14:21:00,2018-05-18 19:16:45,2018-05-30 00:00:00
d8e63c9990a74e7e6a7f16ad81251a3c,4ccfc3a8ef510c3a3c2492f64b5bb9ef,delivered,2018-08-25 12:42:41,2018-08-25 12:55:24,2018-08-27 15:52:00,2018-08-30 19:38:31,2018-09-04 00:00:00
ee43c2648eadad1558b2e3130b736c7c,28d908a1782ec9fd7f094debcbbeecf8,delivered,2017-11-24 21:11:34,2017-11-24 23:58:02,2017-11-27 21:43:14,2017-12-07 18:37:52,2017-12-15 00:00:00
c72e93d7e98b14432271347cec69043b,e19b49a1c05d6f9016f3cabab37fb45a,delivered,2017-04-25 22:48:07,2017-04-27 13:32:48,2017-04-27 08:04:28,2017-05-11 10:32:43,2017-05-19 00:00:00
431d5e312bed6ff804f464a5e0c63cf8,1d1675fc8bb113d2244bf8778d7074e5,delivered,2018-06-13 21:37:01,2018-06-13 21:59:26,2018-06-14 14:04:00,2018-06-20 23:58:37,2018-07-23 00:00:00
1fb42df5f777c1b9bf5790d888e15075,a7c23222a85de41cffd488ed80857a19,delivered,2018-06-21 12:26:37,2018-06-21 14:00:26,2018-06-21 13:09:00,2018-07-02 19:07:45,2018-07-20 00:00:00
c46eb22210707fb554e033849d39b24c,49427b49e7addb6ad5680c3491475991,delivered,2018-05-16 12:21:15,2018-05-17 03:16:19,2018-05-17 15:01:00,2018-05-18 13:10:33,2018-05-28 00:00:00
8e084e8efad16f27d7f26e71af985ce2,bd3d0f3d1788cdcc21aa86f223d60b7b,delivered,2018-03-07 22:11:46,2018-03-07 22:28:33,2018-03-08 16:38:48,2018-04-12 16:03:37,2018-04-03 00:00:00
d2816e182d8750e410a4288b16a9ecd6,9cd5e05a30f36125715250b8a012d354,delivered,2018-05-04 12:44:54,2018-05-04 18:30:23,2018-05-09 16:08:00,2018-05-17 20:13:27,2018-05-29 00:00:00
1dfdbd592873be9e467a641589b7595e,b1e427ff221ac2de74bf451c5e3d7206,delivered,2018-03-01 19:12:54,2018-03-03 02:51:26,2018-03-06 01:08:53,2018-03-15 22:04:32,2018-03-21 00:00:00
687827c3a3bcdf03c6956d9bbe263ed5,448c7012ea9044144e5006640fe2709e,delivered,2018-05-19 15:57:55,2018-05-19 16:19:11,2018-05-21 14:23:00,2018-06-01 19:24:32,2018-06-13 00:00:00
3335f13449d5b75804a0a49611cf11a4,905c64238c028ba8ea9cbe01d51d38b9,delivered,2017-12-03 20:25:24,2017-12-03 20:32:21,2017-12-06 20:12:28,2017-12-21 22:51:20,2018-01-05 00:00:00
a4d5fcb131fab3ac106ae40ac7042833,60dd5ea5f8bfa751e88c6ba644c486d7,delivered,2017-09-24 22:28:08,2017-09-24 22:44:17,2017-09-26 12:29:07,2017-10-07 13:33:10,2017-10-26 00:00:00
859a1faf872d345b39b31e3c9e044325,1ba3856af8b4149496b4dc9ea3c36895,delivered,2017-07-18 10:58:13,2017-07-18 11:10:13,2017-07-20 14:26:35,2017-08-03 20:22:44,2017-08-24 00:00:00
4eeecb9e657525024b9b538730c5f974,b7a7e149c4a6120ec3938bd2752683c2,delivered,2018-06-16 00:01:56,2018-06-16 00:23:09,2018-06-18 12:23:00,2018-06-28 16:41:38,2018-07-13 00:00:00
241c2b89490a7f6f12808716cd51c45c,df1ff2ee71213d4b45436b9112ef71ec,delivered,2017-11-26 23:03:58,2017-11-28 03:23:46,2017-11-29 20:44:53,2017-12-13 18:58:37,2018-01-02 00:00:00
343a5573915ce27b1a6200e1656b5049,3316210707aa526d6607add03d086ec7,delivered,2017-03-24 19:36:28,2017-03-24 19:50:16,2017-03-31 07:43:55,2017-04-07 13:20:25,2017-04-19 00:00:00
d00c0296f63ccdcf9062c425887095e6,4b63e580a723f5f78ecf8f0d4c81890a,delivered,2018-08-01 22:10:36,2018-08-01 22:35:17,2018-08-02 10:01:00,2018-08-07 16:42:17,2018-08-13 00:00:00
67fc16d6dc881afa68e40df4c30d510a,170613a781d065db789a866ce2281435,delivered,2018-04-15 13:37:09,2018-04-17 05:50:17,2018-04-19 17:58:49,2018-04-24 00:26:48,2018-05-14 00:00:00
8a3c2c90a94d0d385e338f5765a86292,868abd036b449e8e53761765bf59bbbf,delivered,2017-11-26 21:09:26,2017-11-26 21:18:21,2017-11-28 18:51:50,2017-12-18 15:39:47,2017-12-19 00:00:00
23fd789ce06f3c54f212b3b9d358579f,aa19484ec6282b1a5a8a73035bb402ed,delivered,2018-03-01 11:54:29,2018-03-01 12:40:22,2018-03-02 19:06:18,2018-04-01 01:46:52,2018-03-22 00:00:00
5d31808356c1ecbf7eeadc61144a098c,96893778bb00036d90c7c6c8082660b3,delivered,2017-10-17 11:47:02,2017-10-18 03:27:23,2017-10-27 22:04:39,2017-10-31 13:53:49,2017-11-03 00:00:00
cb1529a953c6df155505c4e2863b3b10,2b710f598151f86cea8be84007ac53e7,delivered,2018-04-04 17:15:58,2018-04-05 17:10:23,2018-04-07 00:48:52,2018-04-21 00:44:29,2018-05-10 00:00:00
7c97900442dd98ddd06bab55a03c8564,a526ad521f88f610b87a17a8a064a502,delivered,2018-06-20 10:57:46,2018-06-21 03:38:42,2018-06-25 09:31:00,2018-06-28 18:16:43,2018-07-12 00:00:00
f822dff2daea3e02fd418699a1068326,3f4ea183de6009df33cf21c4363cb2f2,delivered,2017-04-15 19:03:36,2017-04-15 19:10:21,2017-04-17 10:35:04,2017-04-19 07:55:38,2017-05-10 00:00:00
75b7d764765f4cf3a5f03e7f3f35319f,f680ea76654a400d48f8ca6d16a20442,delivered,2018-01-22 15:54:09,2018-01-23 03:52:57,2018-01-23 19:47:44,2018-02-01 10:57:52,2018-02-19 00:00:00
6f9f51617d16189c2f4cd4e84f92afce,eca75e9adc8c91318ff3031a136b5130,delivered,2018-05-02 00:14:36,2018-05-02 00:34:04,2018-05-03 15:09:00,2018-05-04 20:12:01,2018-05-21 00:00:00
b7a9713d1c8b02fbefa580bd0edc2756,b195e38bf691c3171e5861b9c431f4bf,delivered,2018-05-12 23:35:49,2018-05-12 23:55:54,2018-05-15 10:19:00,2018-05-18 16:16:37,2018-05-29 00:00:00
71564d5e5450bf310e411bc3087b2903,d515bf2f113f96d3dc8907c00ba6f590,delivered,2018-06-16 13:26:20,2018-06-19 03:36:56,2018-06-19 10:54:00,2018-06-22 18:37:47,2018-07-24 00:00:00
b0f093c9a7e135bb44a1e1bd7406ba30,f57351f8f87213bbb758f2f902f600c2,delivered,2018-05-18 12:22:08,2018-05-18 13:05:59,2018-05-21 12:52:00,2018-06-06 20:41:34,2018-06-07 00:00:00
574a92fb05e01159e32c2a4cba131e3e,2a7d2a567dbf4e484dc9ff01ee6a5a29,delivered,2018-05-23 20:40:56,2018-05-23 20:57:35,2018-05-24 10:39:00,2018-06-06 19:32:01,2018-06-20 00:00:00
0d56e8508b66a43c6f5141863185c917,c41577db6be598c85be04a2d94c3a8eb,delivered,2018-02-28 20:23:05,2018-03-02 02:16:42,2018-03-09 16:01:46,2018-03-11 14:42:26,2018-03-28 00:00:00
fd86c80924b4be8fb7f58c4ecc680dae,db76ebd0d51c2b3cc44d84cd6df46336,delivered,2018-03-08 19:37:45,2018-03-08 20:28:42,2018-03-09 18:04:46,2018-03-16 01:30:56,2018-03-27 00:00:00
156164b0c009c68c766b1ce1213cee18,04ebc2712225141ac34d1ba5ebee0629,delivered,2017-08-08 18:01:27,2017-08-08 18:15:17,2017-08-15 14:13:30,2017-08-21 15:05:02,2017-08-28 00:00:00
3acbf8d525d03b71546282c532a3dc6b,b70d5f83bd11f46b13a82b2ee6392eb2,delivered,2018-01-17 21:59:08,2018-01-17 22:07:22,2018-01-18 21:03:20,2018-01-24 15:38:34,2018-02-15 00:00:00
631e1f23f43b7ccee3a0792a1852c931,b58dcebd1080a35715998c1c6b9f4d81,delivered,2017-11-24 01:39:47,2017-11-25 03:34:30,2017-11-28 23:07:36,2017-11-30 23:47:05,2017-12-11 00:00:00
dccf99a9f12d7217cd20878c985d55ac,a0786a9a0b79d012f0c4558a7744c594,delivered,2017-11-29 03:15:25,2017-11-30 02:26:54,2017-12-05 02:49:46,2017-12-18 16:45:43,2017-12-28 00:00:00
b53273dc08d42154a427ce58148a7664,ab4c9e7ca64df4b924904624092ddeb7,delivered,2017-11-17 06:22:23,2017-11-18 02:15:29,2017-11-20 16:36:39,2017-12-06 16:52:08,2017-12-11 00:00:00
6c4b00d2f2c7cbac0902dd6367da9f97,25613332a78a059ea028f0360023a830,delivered,2017-07-05 12:47:45,2017-07-05 17:39:25,2017-07-06 14:59:46,2017-07-11 18:03:02,2017-07-25 00:00:00
7b9f5e24a87d548effb470329e3705ea,fccae75f93f9d98d7be1e1c36a0820a7,delivered,2017-07-06 21:46:52,2017-07-07 02:43:40,2017-07-10 16:52:53,2017-07-11 19:29:53,2017-07-19 00:00:00
c0452c14e00c9d8c3f5f30c189382329,a0de49e00efb2ecb7d47d0266b771319,delivered,2018-06-15 21:50:10,2018-06-15 22:20:35,2018-06-20 14:39:00,2018-06-26 02:36:24,2018-07-13 00:00:00
9db0b5f3481614484592866ec7c902f3,574bc1bc07d89145ec04fd7a5eca5c3e,delivered,2017-05-23 10:24:45,2017-05-24 02:50:20,2017-05-24 10:34:19,2017-05-31 09:42:08,2017-06-20 00:00:00
d6021b689d20a82e885a61d75888df6a,e811ef51626307094e57cf8d443dd4fb,delivered,2018-04-03 07:28:21,2018-04-03 07:50:12,2018-04-05 14:19:22,2018-04-09 21:08:38,2018-04-25 00:00:00
19196153dd04a2d8685e3928185e498b,67103ece896ea12c89ef860d152ea9a8,invoiced,2018-05-12 23:19:17,2018-05-12 23:31:01,,,2018-06-07 00:00:00
1b0e1058a094f333948edf16f4248323,91e07c844b9c9cd8a820a32f93af9629,delivered,2018-07-09 19:51:17,2018-07-09 20:05:37,2018-07-10 12:44:00,2018-07-12 22:08:46,2018-07-18 00:00:00
e0aa66d7588bc46f68bf32d34ab6562d,03e5e57dd377a3da84cec48a7bbfba2a,delivered,2018-04-27 03:45:31,2018-04-27 03:55:20,2018-04-27 12:50:00,2018-05-07 20:38:51,2018-06-07 00:00:00
cca4026695c4b2f280bc099e58601c71,1cf11582fcfc4e9b387dbcf13697a623,delivered,2018-02-26 14:56:52,2018-02-28 09:56:21,2018-03-05 17:41:54,2018-03-12 12:46:43,2018-03-19 00:00:00
ef18166b5f1dfc60d75435c548674981,c0e2c21e84f18fe6c06cd6bf960cb016,delivered,2018-07-23 20:42:29,2018-07-24 10:31:03,2018-07-24 09:34:00,2018-08-03 19:03:55,2018-08-24 00:00:00
abf6c7f874686f41f606c83a8e8d2a9f,ef1da686c3cbeb7aad736391842d0446,delivered,2018-06-06 14:26:36,2018-06-08 02:56:28,2018-06-08 14:26:00,2018-06-11 15:14:38,2018-07-03 00:00:00
2982a4a9b9ff0bf9a4f5b88a45a6fa67,e64d794f227cf73be5dc344cd062a168,unavailable,2017-03-06 13:52:04,2017-03-06 14:03:09,,,2017-04-13 00:00:00
69563539a33f6dbf50c8e280e4e8a88b,39a3a09af913e6f029e2d845fa0110b7,delivered,2017-06-12 15:45:26,2017-06-12 15:55:14,2017-06-13 15:15:24,2017-06-19 13:47:36,2017-06-26 00:00:00
706296e2ab240216ffef853d1095d04f,f0685eff82fe533447ab1a84c25704c1,delivered,2017-08-29 16:25:58,2017-08-30 16:25:11,2017-08-31 19:33:50,2017-09-04 19:27:34,2017-09-18 00:00:00
4ce042e8a6468ee3e7090d9687228184,fe476fb992cfac604d990a6e8b50a434,delivered,2018-02-19 14:48:00,2018-02-21 06:05:38,2018-02-21 22:19:15,2018-02-26 23:15:34,2018-03-05 00:00:00
b07abc8b9acaf00e79b4657419f469f3,15308b044c9608fc82e57f2e5d6878f6,unavailable,2017-03-09 17:45:04,2017-03-09 17:45:04,,,2017-03-28 00:00:00
fc52f0b6b2799aab381d22c1500ec63e,b3f63321d868c01dfd7a025899954ec5,delivered,2018-07-06 14:49:06,2018-07-06 15:11:15,2018-07-10 14:16:00,2018-07-25 15:11:11,2018-07-31 00:00:00
03da04c1427d7b8bff38d76efca1029d,709116483105e4198b439016da66d4d0,delivered,2017-12-13 16:56:40,2017-12-15 02:17:46,2017-12-15 17:39:33,2017-12-18 21:27:25,2018-01-02 00:00:00
59dccb56096ce22662c9a3f2f2312f39,4f478a1b6fdf3b0ea05cba4ca2aa473b,delivered,2018-01-23 15:02:57,2018-01-25 02:57:54,2018-01-25 23:58:27,2018-02-03 00:16:10,2018-02-15 00:00:00
829f7b42460d760ab4f2c03faf6534ee,07d18ca5eb0bb3e96f406d74edb2462e,delivered,2018-01-15 12:44:17,2018-01-15 12:51:26,2018-01-16 23:32:40,2018-01-22 18:05:59,2018-01-30 00:00:00
66c8dae0eb958ee945dc71efd0a99659,50ce1380a46e62a29e1749267839d4a3,delivered,2018-02-01 17:35:51,2018-02-01 17:53:20,2018-02-06 20:22:37,2018-02-19 16:24:50,2018-02-23 00:00:00
61e7365ad2e2ce5a3dbf650586623b7f,884e5773f9ec5902aec38d330c7daa7f,delivered,2018-08-14 16:20:40,2018-08-14 16:30:18,2018-08-15 14:45:00,2018-08-20 21:05:18,2018-08-29 00:00:00
27d59d6c52a0d2dbb8e2ea86ff71f962,663b8b90136c0c90b486a72adaafd911,delivered,2018-06-14 19:33:22,2018-06-14 20:02:14,2018-06-15 18:52:00,2018-06-18 18:21:51,2018-06-26 00:00:00
7a5ff6680378afabf6b6a1e75bff8b8c,2f3524f7d4156e3c4b08227bcc982d66,delivered,2017-10-18 10:56:27,2017-10-18 11:07:45,2017-10-18 16:39:15,2017-10-19 16:51:55,2017-10-30 00:00:00
0814daa4d12a646aeb73c429d5852f4d,b4eb4ca3fef464f5a8778c47da055604,delivered,2018-07-28 13:14:37,2018-08-01 16:31:31,2018-07-30 14:58:00,2018-08-02 19:32:21,2018-08-13 00:00:00
099b01b8cc6b861aa593247b2f7e0b7b,68c3651d6752a9bf3b7797626f200e06,delivered,2017-05-31 19:57:21,2017-06-01 11:10:21,2017-06-01 12:07:46,2017-06-08 17:06:51,2017-06-21 00:00:00
9371a323185fe5bc627ed3065bf2fcd8,9632189e7c39675d6984fda2932d81d2,delivered,2018-03-22 10:11:39,2018-03-23 02:27:47,2018-04-03 20:26:44,2018-04-04 22:28:51,2018-04-05 00:00:00
53e4f7240aa13df65778901b7e368c5b,b915de450bfcf26fb15d9d80656184c9,delivered,2017-06-17 23:53:28,2017-06-18 00:47:04,2017-06-22 13:21:49,2017-06-28 15:29:42,2017-07-11 00:00:00
41d7166cd7b904ab5eb52a1fb6783e5f,638080b723966c4c61bb9169ead9c097,delivered,2018-05-17 17:13:19,2018-05-18 01:57:14,2018-05-18 14:52:00,2018-06-04 19:12:48,2018-06-07 00:00:00
27d38402a9bf35d21de2f99946b1c1ae,887161ac86a185362955d1b9383647ff,delivered,2017-05-06 02:54:13,2017-05-06 03:10:09,2017-05-10 13:36:19,2017-05-17 12:52:58,2017-05-29 00:00:00
d274c6fec283184db0a84729351bf6cc,976def33b41838395939fe28ca651b37,delivered,2018-05-10 22:37:13,2018-05-11 22:32:14,2018-05-15 14:27:00,2018-05-22 21:34:46,2018-06-20 00:00:00
c9ff04aa260f20f8b69d7a6dce2327c7,025ce7b097bd128c2d494aeac94d62ea,delivered,2018-04-02 16:13:00,2018-04-03 05:08:23,2018-04-04 18:06:53,2018-04-08 16:38:38,2018-04-13 00:00:00
1d911134e95ec6f299e80fe19b5b88c5,4dfe57404141dbca39b1eae2ec077e78,canceled,2018-08-05 22:27:23,2018-08-05 22:35:17,,,2018-08-28 00:00:00
c10f283ced7431fdfdcc159b12344b11,eab8d39b5241abcb22eebeca69547491,delivered,2018-06-12 20:26:38,2018-06-13 20:39:47,2018-06-14 14:41:00,2018-06-18 15:28:55,2018-06-29 00:00:00
3d04db36b662c14acf27ab0dc7057fef,f07050b4d39b333b0181b6dc9d01c593,delivered,2018-05-15 00:09:07,2018-05-15 00:36:51,2018-05-16 12:33:00,2018-06-05 20:52:54,2018-06-08 00:00:00
d5cdc053cdfd98fad4a2330ff501852e,019b7076acf0ef17a372c02e8b170cb4,delivered,2017-05-08 09:25:02,2017-05-08 09:35:23,2017-05-09 14:19:21,2017-05-16 09:44:37,2017-05-30 00:00:00
d110ac83a8b313d9d5e17d9ed61e7804,44b7421de4760857c604d484db9844f4,delivered,2018-07-12 08:43:58,2018-07-12 08:55:24,2018-07-17 14:16:00,2018-07-20 18:12:46,2018-08-15 00:00:00
69697763300040978b1c88f1bb60ad24,907d77f631b9ca3c2e1f6e38c0905d48,delivered,2017-10-27 09:15:13,2017-10-27 09:29:29,2017-11-08 18:54:52,2017-11-13 20:24:37,2017-11-09 00:00:00
6fec4ed02a4de8f4e7e064591aa2c5eb,2bd5509ed2fb45c04d0e44b9094fe195,delivered,2017-10-24 12:45:21,2017-10-25 02:28:06,2017-10-26 21:24:57,2017-11-07 20:13:13,2017-11-23 00:00:00
8fe67bda0dbc9ae5101d62f494f74e1d,a1d11c86c04b7d1902367e61fb144d79,delivered,2018-03-30 16:08:41,2018-03-30 16:50:17,2018-04-04 23:23:38,2018-04-10 13:56:37,2018-04-20 00:00:00
907057c26859398070400de963028855,f04c3f6e20a2a4318d97d7cec1d27bbf,shipped,2017-08-21 15:01:40,2017-08-21 15:15:10,2017-08-24 18:40:09,,2017-09-21 00:00:00
08f5487befe25744feabb3203a4dc09b,a6472fafe286c66c40540fa2b3217657,delivered,2018-02-27 18:26:39,2018-03-01 02:49:00,2018-03-20 19:12:03,2018-04-04 18:08:56,2018-04-02 00:00:00
141d3bf5aa7128f40bf2a60cef620b93,c04a2307a632d018118403bd57ce1395,delivered,2018-05-02 16:05:21,2018-05-02 17:32:00,2018-05-03 13:49:00,2018-05-11 23:42:22,2018-05-24 00:00:00
491d0f75b13fe6ae121d0deb9a410a51,8bb0928c36fbf8a37b88a419e3cb0ffa,delivered,2017-06-21 14:59:12,2017-06-23 02:30:45,2017-06-23 12:46:44,2017-06-29 16:47:50,2017-07-11 00:00:00
59e965eb9a8f7f341a003466fbe14229,8713f2c76cceb801594317bc39ef35bd,delivered,2017-12-28 20:17:58,2017-12-28 20:29:25,2018-01-02 20:32:15,2018-01-11 15:14:16,2018-01-23 00:00:00
06b2c7035561ef12b16045ef4bf459e2,8bb9547aec97f493e91a078f66fa7ac5,delivered,2017-07-05 07:54:14,2017-07-05 17:38:29,2017-07-06 11:55:27,2017-07-12 17:53:56,2017-07-27 00:00:00
7c927a3dfb1af7e87c6a262fc4b0a8fd,689bfbfc2b6153e94e7ca8a1b52e3308,delivered,2018-07-08 22:35:30,2018-07-10 15:15:16,2018-07-11 11:54:00,2018-07-16 11:51:40,2018-07-30 00:00:00
4fb59cc4950521f470473ef761b30d7e,e2eed9d273e12f782167ef6b5a5a1bce,delivered,2017-09-04 21:09:04,2017-09-04 21:24:08,2017-09-18 21:58:43,2017-09-26 20:13:40,2017-10-03 00:00:00
ac5d693f43004c406ffca277f9d3e63c,8194ad28cf37555c0e649b4ebf89ddb3,delivered,2017-10-03 20:34:50,2017-10-03 20:50:34,2017-10-06 17:10:10,2017-10-08 16:19:37,2017-10-19 00:00:00
5075b9e252eb0b3f1350f282c94a82b0,1bed328bed3e5501868523f4d8a3b646,delivered,2017-11-24 08:15:54,2017-11-25 04:30:52,2017-11-28 17:16:59,2017-12-12 14:17:09,2017-12-14 00:00:00
fbd5d366a19445bc01b83fb9055b6422,a780609535c7b7ab858f53daaf25c628,delivered,2017-12-13 15:21:19,2017-12-14 02:12:00,2017-12-18 19:18:33,2018-01-03 15:42:28,2018-01-08 00:00:00
e5a8f99e473fa6880bc2672805460e4c,9a4108082d43d4f287f1f71297a88f8e,delivered,2018-01-02 13:23:45,2018-01-02 13:30:24,2018-01-04 12:42:55,2018-01-19 18:08:56,2018-01-24 00:00:00
b9301fa4912e6d5f755e12b4986c5f84,75c435ed38ebed76da849c31086b8ebc,delivered,2017-03-19 22:22:20,2017-03-19 22:22:20,2017-03-20 10:14:17,2017-03-28 12:48:41,2017-04-10 00:00:00
ef2d13d781a97ea071e0ad0236e35f49,39ed53d31627390f1a8fa1470cef1b5f,delivered,2017-03-29 21:27:45,2017-03-31 02:10:31,2017-03-31 11:08:54,2017-04-05 10:05:03,2017-04-18 00:00:00
c736eebe212e3065b4ca629fb98389f8,ccd88d5a028a8673a1f2e9b98af66132,delivered,2018-08-23 07:36:13,2018-08-23 07:50:12,2018-08-23 15:35:00,2018-08-28 20:18:26,2018-09-11 00:00:00
ccb211459abb148401c4f7c596524cae,9c9216f8fa659fc786c005ed7672ecee,delivered,2018-08-11 13:43:16,2018-08-11 13:55:18,2018-08-13 14:24:00,2018-08-20 18:03:29,2018-09-04 00:00:00
fe550a071fd93fdf2ad73e26e878ea3d,2c2fada471b6383ccf74a3d333b26a4f,delivered,2017-10-31 12:21:22,2017-11-02 02:27:23,2017-11-07 00:37:27,2017-11-07 21:46:49,2017-11-21 00:00:00
3dd189079200a1a247bc4a01d16e7ebb,2f3e2d8073267f019f4b470612a159ac,delivered,2018-03-24 17:52:07,2018-03-24 18:07:59,2018-03-27 01:08:49,2018-04-02 21:38:47,2018-04-23 00:00:00
e8fba7de8823194ccf9c1f2d52123bee,4ed0344372e80ad60bba6b668bd61bff,delivered,2018-08-10 09:42:32,2018-08-14 04:15:08,2018-08-16 13:56:00,2018-08-20 18:23:23,2018-08-28 00:00:00
8890828f16facb8b8a9c48194daccb85,161bbf41f242e91075dcd075c9034992,delivered,2017-07-02 13:05:45,2017-07-02 13:15:12,2017-07-03 12:27:49,2017-07-07 17:28:29,2017-07-25 00:00:00
e9bc7c86be84f95e01a59c247ddf6208,d62db763ef217a63fb356a1b08f55f30,delivered,2018-06-14 10:40:24,2018-06-14 11:01:53,2018-06-20 15:04:00,2018-06-21 19:18:36,2018-06-29 00:00:00
9553913bb01853f78a265724d13eda3a,0da511c15dd976bb8df4ece33cfc38dc,delivered,2017-02-23 23:49:22,2017-02-24 01:05:27,2017-03-01 14:53:57,2017-03-07 09:38:54,2017-03-20 00:00:00
c8035c255b0c345f46e7ed85cbaf1a79,ae697bc1ed176e43ee2032cde856bd82,delivered,2018-08-06 11:05:42,2018-08-06 11:15:24,2018-08-15 12:03:00,2018-08-17 01:12:49,2018-08-28 00:00:00
ade69ba18f873dc21f043783d60beeb6,c795e55ace97cf16ec76d19128d8af87,delivered,2017-11-28 10:12:32,2017-11-28 10:40:26,2017-12-01 19:49:12,2017-12-14 22:07:17,2017-12-21 00:00:00
5e2150868494c26407f39ac03c5de246,988440a77f06ef4a5885c7dd31833bf4,delivered,2017-12-19 09:33:24,2017-12-19 10:31:59,2017-12-20 19:52:06,2017-12-22 00:22:16,2018-01-08 00:00:00
b00853fe8ddc3b34dd00f0054914241f,a42adaaa0467568a702ec76c3876984b,delivered,2018-01-28 10:21:30,2018-01-28 10:40:21,2018-01-29 18:58:51,2018-02-10 14:13:28,2018-02-23 00:00:00
968daeb20a9a0e6c8433cad2c886756a,4b118c6a2f825845bae401ae5b1b993c,delivered,2017-07-28 17:31:17,2017-07-29 02:25:27,2017-07-31 16:42:54,2017-08-05 15:23:52,2017-08-24 00:00:00
f7a282c5fe8addefb48793a1a8c2ea83,d225478ebc7787b9b8774397fd3ae56b,delivered,2017-07-19 21:04:25,2017-07-19 21:15:21,2017-07-24 12:54:45,2017-07-25 19:53:56,2017-08-03 00:00:00
4568bd0a9ecf831c2b27743ccf0f2015,6aef8b4eabee28b90344d0d4611df15d,delivered,2018-06-25 18:13:33,2018-06-25 18:50:22,2018-06-27 08:35:00,2018-07-12 17:33:39,2018-07-24 00:00:00
f9d6e4f177c33d17573279292f1473e4,59409983803dc8c6d5420c64f8fbb75e,delivered,2017-08-30 18:53:29,2017-08-30 19:10:45,2017-08-31 14:47:48,2017-09-14 20:57:42,2017-09-22 00:00:00
f48a1909651bdf6645b2cc6fa8e8ea1d,867cbd39f5519fd4062ed75e3567e76e,delivered,2018-03-22 17:39:36,2018-03-22 17:55:36,2018-03-26 19:23:06,2018-03-27 13:42:33,2018-04-04 00:00:00
a260362d840e55aa9895f1012776a329,8af79516f6e41a5dbf47396cf9e60311,delivered,2017-12-27 12:09:56,2017-12-27 12:15:33,2017-12-28 23:09:50,2018-01-18 22:26:50,2018-02-06 00:00:00
7093b7177380b099eb92c2ab46c6f10e,f0c20eb716fdd6eee9527ec291b182e6,delivered,2017-04-09 15:49:31,2017-04-09 16:01:57,2017-04-10 13:48:25,2017-04-26 12:53:28,2017-05-12 00:00:00
12281975d2de5af133e549f49a1b9093,0370d1c87da5bce39a913db0c94c146f,delivered,2017-10-16 20:06:28,2017-10-17 04:25:12,2017-10-18 16:44:16,2017-10-23 22:33:46,2017-11-08 00:00:00
38422d02f6afe2fd7a700d046a3cabee,e9d57c4662295c8b41c050d116d90a04,shipped,2018-05-22 15:04:49,2018-05-22 15:15:27,2018-05-23 12:55:00,,2018-06-08 00:00:00
ca8371fd938708a12fe7ddb1d5d7d14f,dc31258635460c1b340ee7c16485a60b,delivered,2018-02-16 22:05:21,2018-02-17 00:15:43,2018-02-19 23:53:11,2018-03-06 23:21:52,2018-03-16 00:00:00
57ec43facf6675a86b249b5c44867350,844dbd978c6fe91dcaf59a20e93de660,delivered,2018-04-30 16:01:04,2018-05-01 05:55:11,2018-05-02 13:36:00,2018-05-23 16:12:10,2018-05-24 00:00:00
4a7bd485a7782360556161a38c725e5b,b2b4d80645cd613edb31955f2e5f59d1,delivered,2018-06-08 17:26:46,2018-06-12 04:17:37,2018-06-12 15:51:00,2018-06-15 15:41:26,2018-07-16 00:00:00
63a7cdcbeb840292008964a3654b9745,fae61b3ca7edec361575b1d0e7da7239,delivered,2018-01-17 09:59:58,2018-01-17 10:10:01,2018-01-17 17:13:02,2018-01-18 21:12:44,2018-02-02 00:00:00
5fa4923e35eb4c0d471dc44378b1215c,34719522510c9db1f9599a1dc98d61a5,delivered,2018-01-10 17:02:12,2018-01-11 02:48:46,2018-01-13 02:17:19,2018-01-15 17:49:05,2018-01-29 00:00:00
aef19c7ffbe816963b54aa3bd8777f1b,131740d1fa70fbc1e265ac7fe700e34c,delivered,2018-04-23 08:36:10,2018-04-24 19:03:45,2018-04-27 08:48:00,2018-05-08 21:33:37,2018-05-16 00:00:00
04ee5eeac980a849efb5ac99abf87259,875821ff77f94d5c8960cccdc48500e8,delivered,2017-08-23 16:01:02,2017-08-23 17:34:50,2017-08-28 12:03:41,2017-09-01 20:07:46,2017-09-13 00:00:00
95d9d2979d40161be87292ff88563cba,e4721b61e8d2b4b85d606809f6baa292,delivered,2018-06-07 23:42:37,2018-06-07 23:53:58,2018-06-08 14:15:00,2018-06-16 16:44:34,2018-06-26 00:00:00
78a040518000bd952718c7c856d1d3fc,f89dfd053604484eaa990ca4f8a0ece2,delivered,2017-04-24 22:34:57,2017-04-25 11:15:12,2017-04-25 12:53:16,2017-05-05 18:27:51,2017-05-18 00:00:00
64c3463da17e1c9262d302b03a81fb0b,589a69c58e212423c7bf817269be05df,delivered,2018-05-07 21:47:15,2018-05-07 22:11:35,2018-05-08 15:07:00,2018-05-09 20:40:56,2018-05-15 00:00:00
5942bd3a8502a95cab0655d31eb2c6fc,0da03c17bb6e78ca54c42dd0332b5847,delivered,2017-09-02 10:17:22,2017-09-02 10:30:20,2017-09-05 11:59:12,2017-09-13 18:44:50,2017-10-04 00:00:00
3f2467ae6b5a92494a59e95de0d79ba8,83b048e87ab6bc8d7f04a7bd976d9c31,unavailable,2018-01-21 09:43:40,2018-01-23 03:36:52,,,2018-02-19 00:00:00
a5ee069718f4fc72e7a0567f4a45ba53,d38d6629ae21f5962e9ab76b553360ca,delivered,2018-05-19 20:17:34,2018-05-20 00:30:08,2018-05-22 12:43:00,2018-06-02 00:38:45,2018-05-29 00:00:00
d401e4eb313c624cb7c140e43e38192e,6d765526989aaae489cdb8d1afafbb15,delivered,2017-07-09 16:34:23,2017-07-09 16:45:15,2017-07-12 10:16:37,2017-07-17 20:51:16,2017-08-07 00:00:00
e6179e66e05b531c6f8ad2b292717091,cb97d1bf364dd9bbb2a3897fef633e52,delivered,2018-08-06 13:16:55,2018-08-07 04:05:15,2018-08-09 12:48:00,2018-08-13 13:14:51,2018-09-05 00:00:00
de5a3a2e05f3b46629d00ae9b9422973,7520f9fd4f9a0764e6abc26bb74a8f80,delivered,2018-01-17 22:31:41,2018-01-19 02:38:48,2018-01-22 22:23:33,2018-02-01 18:31:50,2018-02-07 00:00:00
ae5d768eedbb1d0d2d3cf01e6b844739,32217e3d1646bc53e60f94b1bb5db968,delivered,2018-03-01 11:16:40,2018-03-01 11:31:08,2018-03-02 20:52:20,2018-03-27 20:08:46,2018-03-21 00:00:00
7af48c3262020f1e61fed763bbe80920,3fceae1db8d9a8ea20c73ebb3348932e,delivered,2018-02-05 16:30:40,2018-02-05 16:52:05,2018-02-07 23:37:12,2018-03-10 12:28:25,2018-03-16 00:00:00
378895a1dc15cc571051e1b1c2e0c27d,5e802d53b291e129b462409e56402786,delivered,2018-02-15 18:51:20,2018-02-15 19:10:28,2018-02-19 20:59:09,2018-03-02 17:27:05,2018-03-16 00:00:00
edecb0568b1317aa28a800d5fed23758,1fb495930adb9f2a8dc5b88a0f925717,delivered,2017-04-26 13:55:24,2017-04-28 11:41:29,2017-05-02 13:15:08,2017-05-12 13:44:28,2017-05-17 00:00:00
f40d3749a6d621bb95be74a8ce79e06f,3689abfed7e332a5cf585915310c0056,delivered,2017-02-08 12:53:38,2017-02-08 13:15:10,2017-02-13 08:17:32,2017-02-21 12:34:16,2017-03-16 00:00:00
0f187bdbef138399bae3eeee9ec1d48e,6643c99ffb651f9b5002aba628853005,delivered,2018-05-05 17:18:17,2018-05-05 17:33:23,2018-05-08 14:32:00,2018-05-09 21:51:12,2018-05-17 00:00:00
56b6c0c35525102d39f7314a90f95977,bc5070ca41ac816753a5644f5940c923,delivered,2018-03-05 15:44:41,2018-03-05 15:55:41,2018-03-07 21:22:13,2018-03-12 21:42:41,2018-03-21 00:00:00
b8d5cd6eb84d7b61c5c77ac4cb0b90b4,dbf97c157f82439aa4e22e65e10ae811,delivered,2017-10-02 11:37:10,2017-10-02 11:49:25,2017-10-05 21:33:57,2017-10-19 21:43:55,2017-11-06 00:00:00
7c363fbfb4e41c26246ea6097cd275bf,3f2c91cf99f9896186902778e28051a9,delivered,2018-04-17 17:23:03,2018-04-17 18:32:30,2018-04-18 18:04:04,2018-06-13 12:23:48,2018-05-29 00:00:00
2e58b7c9ceac16033e568d728d30d620,8b0d2a7469a834be66121a363b65bf20,delivered,2018-08-16 15:58:25,2018-08-18 03:09:50,2018-08-23 11:44:00,2018-08-27 22:28:38,2018-09-10 00:00:00
616fa7d4871b87832197b2a137a115d2,bf6181a85bbb4115736c0a8db1a53be3,canceled,2018-10-01 15:30:09,,,,2018-10-23 00:00:00
11a6156f787eb963fb211db50db44d99,ee517d3a38e003aabc2dc2b08a0bc6fb,delivered,2018-05-11 20:26:43,2018-05-11 20:57:13,2018-05-14 12:56:00,2018-06-07 00:08:47,2018-06-04 00:00:00
b948b354fbf88e12e43fc0877623eef9,c8aacd5c3222b0fcd0c71843092fcf09,delivered,2018-06-18 21:10:31,2018-06-18 21:35:28,2018-06-20 15:28:00,2018-06-25 22:38:37,2018-07-13 00:00:00
3d989e705eac70bfb1f4a430924f3402,58cc4d3f5e77f3ea1a9f93f1f751fac0,delivered,2018-06-25 08:27:21,2018-06-26 05:15:24,2018-07-03 13:34:00,2018-07-11 18:08:53,2018-07-31 00:00:00
fc9a5afd96050ceb0d9f12a4f8c5d9f0,98fe6ae8410f2e46f8169623ccfa5e6d,delivered,2018-08-01 09:08:40,2018-08-02 05:15:10,2018-08-03 15:10:00,2018-08-09 17:11:42,2018-08-13 00:00:00
2064a88a243add2e2cc03b9c6043e616,b1c9a1e6aa6d7fcd06fbe3c647ff34df,delivered,2017-09-27 20:32:22,2017-09-29 02:14:42,2017-10-03 17:26:26,2017-10-10 18:33:57,2017-11-06 00:00:00
403e499c55ee10e52fbf26762b33a5f3,066bdd46da5e8a7f24e244574e3f51aa,delivered,2017-08-22 21:12:27,2017-08-23 01:31:11,2017-08-23 15:33:04,2017-09-15 11:28:02,2017-09-18 00:00:00
afc1b46f2cb4b3f0d3432cae0af0ea75,e8a9561ee949a7a4b2f58351ed6f9d85,delivered,2017-03-09 15:35:03,2017-03-09 15:35:03,2017-03-10 15:44:41,2017-03-16 17:51:46,2017-04-04 00:00:00
b431ef5386c1579fc784586883d7ac91,4ab64c670b01bdc70c2d4bb3b80e4961,delivered,2017-07-08 21:44:48,2017-07-08 22:03:40,2017-07-11 19:32:42,2017-07-14 18:56:39,2017-08-01 00:00:00
a739570c1cd11112aa1fc229a15155ac,f9101abc91870da87ab5c5c0b687e5cd,delivered,2017-03-16 20:25:10,2017-03-16 20:25:10,2017-03-21 06:15:04,2017-03-28 15:16:09,2017-04-06 00:00:00
f63f9a7699e3674c80a4ba92e56dfbb8,40e7aab419643f84ecd6670ff5c8db95,delivered,2017-09-22 19:20:07,2017-09-23 02:26:32,2017-09-25 17:36:53,2017-10-10 12:48:18,2017-10-19 00:00:00
dc12fa02210be1acbcc15ed310547ba0,c42188ecda96aa87f2f7ae67974093ab,delivered,2018-05-11 07:12:30,2018-05-11 07:37:03,2018-05-11 14:08:00,2018-05-25 15:16:46,2018-06-11 00:00:00
cbf962ea0d3753eb77e28f576f636f71,ca010bab03307159bd329c6c806b98dd,delivered,2017-10-28 12:31:30,2017-10-28 12:45:48,2017-10-31 18:47:26,2017-11-23 22:31:52,2017-11-29 00:00:00
0e6844f9954c0a475641b6490c3f9739,dea5d6374006a4aa182a73371da9f731,delivered,2018-06-05 03:52:26,2018-06-05 16:55:41,2018-06-06 14:36:00,2018-06-12 21:51:56,2018-07-18 00:00:00
96b7f5a470ca6a58f261be1af286e4d9,b35a12036c527e0cc8e2310bc04c14a4,delivered,2018-05-29 16:42:28,2018-05-29 16:51:46,2018-05-30 13:36:00,2018-06-08 21:33:17,2018-07-12 00:00:00
53893bc57fd2d4ff7dc5e76ad4773540,a7b965e306e0424d1a5750ba287aa2cf,delivered,2017-05-22 12:52:51,2017-05-22 13:10:53,2017-05-25 16:15:48,2017-06-01 14:45:40,2017-06-13 00:00:00
31be4a9a42c356eb746eee159757c1b5,aff2bc2049dba7f43d6997a6e0994a1f,delivered,2017-07-09 14:42:48,2017-07-09 14:55:12,2017-07-11 19:43:54,2017-07-28 13:47:54,2017-07-21 00:00:00
ae375d6b88c37582455ff3a2b83462d4,e676e40ce5590961bdcc32bb0e61a97e,delivered,2018-05-18 23:11:42,2018-05-18 23:38:20,2018-05-21 12:55:00,2018-06-12 18:34:56,2018-06-07 00:00:00
73314e79b29b8857a78a32853790a9d0,f3f53cfb944cd5bdd21aef1d8e59a43c,delivered,2017-08-17 17:18:28,2017-08-18 02:35:17,2017-08-30 17:35:06,2017-09-08 15:13:54,2017-09-21 00:00:00
936979ce0687947765e88fe5fe1b741e,d37f9472ef5b98a17bcf2716cfe87cfb,delivered,2018-06-22 23:34:28,2018-06-26 04:58:47,2018-06-28 14:11:00,2018-07-04 16:58:34,2018-07-18 00:00:00
eff7cafa6042969690223d33c833fd00,9d4f09256e5f25a5524be3683a133cec,delivered,2018-04-25 15:31:51,2018-04-25 16:33:38,2018-04-27 15:11:00,2018-05-03 15:06:55,2018-05-10 00:00:00
0c31953b008c5e98882d436f4298cde0,4aa1c9249c489f2b6a739f210c0af109,delivered,2018-04-30 18:59:21,2018-05-01 02:15:40,2018-05-02 19:00:00,2018-05-04 21:42:29,2018-05-14 00:00:00
45060534aef780077c10103b60fe71c4,a34cb9acedf3c08390532e4df4f38ac7,delivered,2018-07-03 15:40:07,2018-07-05 16:12:38,2018-07-05 14:12:00,2018-07-10 20:08:37,2018-08-03 00:00:00
31f49b876b40d899bdb6c403b4d2b20b,8356099ada1aeb005c267bed62a9c750,delivered,2017-05-08 10:16:29,2017-05-09 09:50:18,2017-05-12 13:49:56,2017-05-15 08:12:10,2017-05-31 00:00:00
75ac904a1ba87fab8d6d93751d68ddb1,9c033575d6b8818ce82640aa5674494c,delivered,2017-10-20 22:02:06,2017-10-20 22:14:22,2017-10-23 18:23:44,2017-10-31 23:24:34,2017-11-21 00:00:00
8cf61a0f8eed49e1728caab2510e796d,936eec24610ffb239dfdef99c2411122,delivered,2017-10-11 00:28:36,2017-10-11 01:04:18,2017-10-13 13:41:27,2017-10-20 14:18:45,2017-11-03 00:00:00
114e12eca60507f3e3153182f258684d,a7b3bd7ba727dae2bc4a68b78b7a7c64,delivered,2017-08-15 11:14:25,2017-08-16 03:26:11,2017-08-18 19:22:18,2017-08-29 19:41:49,2017-09-13 00:00:00
4647f189e31add16ebebc6f67a6b6dc1,d2b82dc17fa9036f3f7608c89e3f27cf,delivered,2018-06-04 19:27:14,2018-06-04 19:53:02,2018-06-05 13:15:00,2018-06-12 00:26:41,2018-07-13 00:00:00
0c50644a967084c645a3bfdf0cc47545,627ed432c94cb78c7372b6f7cade43b5,delivered,2017-02-18 15:29:37,2017-02-18 15:35:21,2017-02-24 06:58:09,2017-03-02 15:52:02,2017-03-23 00:00:00
97e91e3d9575f0a13e6c2f6a8c0bfd7b,2d48c9765cb9dafa7459c2d3570d358f,delivered,2017-12-25 20:18:34,2017-12-26 13:28:39,2017-12-27 17:04:52,2018-01-12 12:29:28,2018-02-06 00:00:00
40f486f48285528ce9da6577b086c451,c315c87d66692883960f01d9ca597093,delivered,2018-01-31 16:43:25,2018-02-01 11:50:38,2018-02-06 16:33:31,2018-02-10 17:12:54,2018-03-06 00:00:00
70c50ba283cdd637ec95a4c0b0821a7b,8e017b4671087e525f876be6b8a73938,delivered,2018-02-09 19:30:28,2018-02-09 19:47:55,2018-02-16 23:26:34,2018-02-28 19:42:35,2018-04-03 00:00:00
a526fe23020ad8b0d2b1081b7f769452,c4ab9534c84e6ebbc22853ff357ea2ae,delivered,2018-06-23 10:27:01,2018-06-23 10:58:46,2018-06-25 12:53:00,2018-06-28 13:16:34,2018-07-12 00:00:00
b5d3a4b81af25c152a2b6938ed054942,1b866cf3a2f6c85e99d9b07c73951689,delivered,2018-04-24 10:47:56,2018-04-24 18:37:27,2018-04-24 22:54:20,2018-05-02 23:03:37,2018-05-22 00:00:00
7321b3d6dabc180e041d57f60a5b838c,685eb37a9cadabd8f2ad2259cca7ed97,delivered,2017-07-27 08:45:45,2017-07-27 09:35:26,2017-07-27 19:22:43,2017-08-01 18:29:53,2017-08-23 00:00:00
061eb3fa9ee22a8dc3c90060e5a637c9,2ec58f2c612ff2a103859e7615e10a52,delivered,2018-05-30 12:06:45,2018-05-30 12:29:37,2018-05-30 14:55:00,2018-06-12 17:34:28,2018-07-03 00:00:00
e4406088398131aed8c21c5a4ec3442b,8cfb9c9751da0ae0f664b97b2fa0ecc2,delivered,2017-06-12 10:26:05,2017-06-12 10:35:09,2017-06-13 09:10:09,2017-06-19 15:17:44,2017-07-03 00:00:00
4e376d36ceeae3f2cbf66cb0ca84c799,791e2999c57aaaf4919b414931385ea1,delivered,2017-07-29 14:07:44,2017-07-29 14:23:33,2017-07-31 15:58:18,2017-08-07 17:22:44,2017-08-30 00:00:00
00b47ee856118583dbec7d1f9b18d847,7f6a163f7d28e407e5eaa735bf7014c5,delivered,2018-03-26 19:58:48,2018-03-26 20:10:20,2018-03-27 22:45:50,2018-04-09 18:52:28,2018-04-13 00:00:00
2bc1eac46ee8d6fad3f7369668f1bdf0,309e974054989e7a4f3fc8805b3bf55e,delivered,2018-07-21 13:24:30,2018-07-21 16:15:11,2018-07-24 14:51:00,2018-08-23 23:04:52,2018-08-21 00:00:00
517edfde8ef25f2a7f7da80e82c77c27,8699d0149c8c7df92b6a8c3c0a272639,delivered,2018-01-05 09:57:09,2018-01-05 10:09:37,2018-01-09 17:51:52,2018-01-23 16:02:56,2018-02-14 00:00:00
e6e3ea418f0f343e88a3dc62eaf24699,01c77b0f81a1e64cc8de4f736226f7a1,delivered,2018-03-12 21:31:18,2018-03-14 02:48:54,2018-03-14 20:47:24,2018-03-16 21:40:44,2018-03-22 00:00:00
3fe67b23f3a9532482fd5c6dda351895,eb68e8ebd5a36d827e0c55b8d535fea3,delivered,2017-12-18 17:44:31,2017-12-18 18:52:22,2017-12-26 18:23:26,2018-01-04 22:56:46,2018-01-15 00:00:00
672e1607b26c5a9e1ec3e1e537af3257,e6c88425cced764e5c72f44c9d8ef940,delivered,2017-06-03 20:16:31,2017-06-04 20:15:11,2017-06-06 14:18:05,2017-06-14 13:44:04,2017-06-30 00:00:00
c69e067f9b64eea56517834d123baf0e,ba5bcfbc3a5e2dfa78d63431c45c9f27,delivered,2018-02-22 17:35:01,2018-02-22 17:55:25,2018-02-27 17:20:01,2018-03-07 22:28:30,2018-03-16 00:00:00
42f364e1317053c36378cc534b19ab6e,93a991179d5b741e60819f8adc163df3,delivered,2017-06-29 00:10:22,2017-06-29 00:23:32,2017-06-29 10:27:32,2017-07-12 15:36:50,2017-07-24 00:00:00
2d9ea2efa410b1efd6bbd47d126819b6,3a3fc10a053a684ea7b581c82916e794,delivered,2018-02-19 00:38:22,2018-02-19 01:47:38,2018-02-19 20:09:33,2018-02-28 23:53:38,2018-03-12 00:00:00
d181dfce5d8355bc51c2370c6910d4bc,de1c64a7f4179d4216ee09d181aa2e6a,delivered,2017-07-06 17:25:17,2017-07-07 17:30:19,2017-07-14 19:46:16,2017-07-19 17:49:02,2017-08-15 00:00:00
67204cd665c7418b36623b21584dc92c,e28c7984cdad31abb88f1e19cd8621e1,delivered,2017-12-01 16:13:05,2017-12-01 16:40:20,2017-12-07 22:07:02,2018-01-13 12:49:20,2017-12-29 00:00:00
c2392e568835f3d748e67d74da04c934,7fd14a93c967b606432018bfcade5e71,delivered,2018-03-13 08:52:31,2018-03-13 09:08:41,2018-03-19 20:26:58,2018-04-06 18:16:56,2018-04-04 00:00:00
c9af5ac1e116ade464741593ef70e986,7b25145539f38697d2da83bce9cb8725,delivered,2018-06-11 11:10:56,2018-06-11 11:40:12,2018-06-13 13:37:00,2018-06-18 19:48:32,2018-07-04 00:00:00
0f2f7e210f5079ed1f797cb4aed6dfbc,93d186739ba905a3489bf2f239a97167,delivered,2018-05-02 15:40:15,2018-05-02 16:19:50,2018-05-07 09:22:00,2018-05-11 12:33:07,2018-05-29 00:00:00
64c04b1fbf1d65307ee77fa046ea3b7a,7ee37cd773f9b9d512246953410a97c4,delivered,2018-06-13 17:05:11,2018-06-14 10:19:57,2018-06-14 15:08:00,2018-06-21 15:20:43,2018-07-05 00:00:00
5597332b7eded552f104108f22b023e4,aaa423fb52f4106f477683490cbd5845,delivered,2018-08-15 13:03:37,2018-08-15 13:15:22,2018-08-15 14:37:00,2018-08-17 16:06:37,2018-08-21 00:00:00
989c69b80eadc79ccae5fe89c92a35ce,2d48f4b0f15931ea30ce7b0d4871dd4e,delivered,2018-06-24 23:18:37,2018-06-24 23:34:15,2018-06-25 10:40:00,2018-06-26 23:25:24,2018-07-05 00:00:00
d1d9e82abdaaa28b562b48d23f5e8203,71dd1c2bbcb2590101080d3921cfc540,delivered,2018-05-28 11:40:49,2018-05-29 14:11:34,2018-06-04 10:18:00,2018-06-05 21:11:40,2018-06-20 00:00:00
c41d48eaf09ea5de1864866821efe3c1,0ada8a74b033323d122247743366e898,delivered,2018-06-06 11:14:45,2018-06-06 11:54:18,2018-06-06 14:21:00,2018-06-20 01:08:50,2018-07-24 00:00:00
f6e89f57355aba0267e4063a2d762c90,5a9c24ae3a1031f1439b260a24d14f36,delivered,2017-04-03 16:00:59,2017-04-03 16:35:07,2017-04-04 15:30:03,2017-04-06 12:57:00,2017-04-24 00:00:00
8bbc0e9b5ac010d6a9b8d76570cd20c4,269ebe5042123ff1dfbfc95d52eae825,delivered,2018-02-11 19:10:14,2018-02-11 19:28:07,2018-02-21 10:18:45,2018-03-06 23:44:56,2018-03-16 00:00:00
47e8f8fc6c6d0bdeb784394a599459a3,df1c0d10b952370cfaf589b4f7c615b5,delivered,2017-06-01 08:50:03,2017-06-01 09:03:03,2017-06-02 14:39:30,2017-06-09 12:25:35,2017-06-26 00:00:00
57db58fa887c4205f3bf01211de5cceb,db55b2c93fa9997f28cdef04794eb027,delivered,2018-07-14 19:23:47,2018-07-14 19:35:22,2018-07-17 09:33:00,2018-07-20 16:44:27,2018-07-31 00:00:00
08cd76ff1d27c6e6c522bbaead822fd7,27cda559c51079a52420a3366d38517e,delivered,2018-07-25 12:47:28,2018-07-25 13:24:14,2018-07-27 15:45:00,2018-07-28 16:22:15,2018-08-07 00:00:00
121c96617b2e0acee04016a0f37c1c7b,5fdda35530bccd97623de0d77924e337,delivered,2017-07-02 13:18:33,2017-07-02 13:30:14,2017-07-03 16:59:25,2017-07-13 21:03:50,2017-07-28 00:00:00
00f1bb0af030935db1745ee28367ea26,0d8111a81ce6ed7cb969e28a01392f63,delivered,2018-08-06 23:19:06,2018-08-06 23:35:17,2018-08-10 12:34:00,2018-08-18 14:25:48,2018-08-27 00:00:00
0a472c47d928bf4cd8b6a7a30345eeb7,8762d94c493b70216cd453ea2320234e,canceled,2018-08-30 10:14:00,,,,2018-10-02 00:00:00
31ca199ff8e0748b9d065f1bfa90450b,f8a3f90054427bb63eed0ec42ed00e70,delivered,2017-08-03 11:55:05,2017-08-05 02:50:11,2017-08-07 12:18:49,2017-08-12 16:27:29,2017-08-29 00:00:00
6dc5773abc829c019c8912d3993bc2c9,de94f0c27ccec790de091fb1c61a374d,delivered,2017-03-04 17:54:28,2017-03-04 18:05:10,2017-03-06 13:28:27,2017-03-21 02:13:51,2017-03-31 00:00:00
17229fc3b255deaf774bd892c1673951,70685ed2b54ea53d14b41a1e7c57b06d,delivered,2018-06-04 12:12:32,2018-06-06 02:54:27,2018-06-06 11:25:00,2018-06-13 19:18:49,2018-07-05 00:00:00
b4c9708f4e37c6ac87564ef1f0efa7f3,b6e90c9642ff01784741d3aabd4c94a1,delivered,2017-12-07 14:12:48,2017-12-08 02:54:14,2017-12-08 16:12:07,2018-01-12 22:36:21,2018-01-11 00:00:00
65a922b4c66d6c7389088e16d37a85e9,7f6b2e3e2f12b066757ab8e9f5795d33,delivered,2017-06-02 10:14:17,2017-06-03 08:55:11,2017-06-05 16:13:15,2017-06-12 17:32:11,2017-06-29 00:00:00
4f183da167de562d253b5bb596f17516,d6432abaa147482576f7efa196cb47db,delivered,2018-01-14 21:11:13,2018-01-14 21:18:21,2018-01-17 18:46:11,2018-01-18 14:54:50,2018-01-31 00:00:00
c7077af9c2e19b516a79690cab23a96d,555cc3325655e6de190f2ecebf14110c,delivered,2018-02-06 19:35:51,2018-02-06 20:31:22,2018-02-09 23:18:42,2018-02-14 22:21:37,2018-02-22 00:00:00
6f6926816d7f45e2ce64ae33c9faf58e,26cad29ce2fd0d9203145f2d71b7aa43,delivered,2017-05-18 15:15:28,2017-05-19 02:43:17,2017-05-19 12:01:40,2017-05-25 17:52:50,2017-06-13 00:00:00
f6089c47bab18faae3d90c64cfb08481,1521c5e9bf82979a6b8794e90692097d,delivered,2017-01-31 16:13:48,2017-01-31 16:25:20,2017-02-02 10:42:44,2017-02-09 15:51:55,2017-03-03 00:00:00
094dbecbb0ab054a620f21c04e82df03,ba24dd2a357ed4fed5ab575862f41b61,delivered,2017-10-01 13:26:22,2017-10-01 13:49:22,2017-10-04 19:36:45,2017-11-20 11:38:22,2017-10-27 00:00:00
314639bc2e41647756681b0f2afdb306,a8b2feb6b27345e7706e17607e869eb5,delivered,2017-06-04 01:07:50,2017-06-06 13:25:29,2017-06-06 15:07:09,2017-06-14 11:47:03,2017-06-30 00:00:00
8866ae65c875985acc6fd5772fa8e4a9,79d8872425bf0cea7e133d08e0e45f1a,delivered,2017-11-26 14:29:44,2017-11-28 03:33:17,2017-12-04 15:49:03,2017-12-12 15:42:23,2017-12-11 00:00:00
65b7f928b236039112ed2441d2237a11,2cfec1970705b37e4a308bb0d39113f0,delivered,2017-06-15 20:56:18,2017-06-15 21:05:43,2017-06-16 14:26:28,2017-06-22 17:59:48,2017-07-17 00:00:00
b0c04ea907df18b10625b845cb6ddc10,95c1444daa9e7372d604f64f3ee1a567,delivered,2017-12-05 10:19:57,2017-12-05 11:05:33,2017-12-06 21:53:21,2017-12-28 00:29:04,2018-01-10 00:00:00
4f07b37dd214946af6cb26405ca91727,9884376f4d6e303ed119a8cd78d7d975,delivered,2018-03-11 20:24:04,2018-03-11 20:35:37,2018-03-16 17:26:39,2018-03-28 19:32:50,2018-04-04 00:00:00
c11e1e377e956e9d5bec2b0fa2ddc067,d53b4f45e70cf4ffa40c191672179c64,delivered,2018-06-18 21:39:42,2018-06-19 09:58:08,2018-06-20 12:49:00,2018-07-04 22:18:33,2018-07-17 00:00:00
2475c5c954f98701b93b7ceb0f5bb669,0ab1722e3f8953ef04ed2b8db98bd0a9,delivered,2017-07-11 23:00:54,2017-07-12 13:50:12,2017-07-18 11:59:48,2017-07-25 22:58:01,2017-08-10 00:00:00
38ef39ee8ebc5f492b0253bcd1213dcc,8511218eb25a2ad53760f66d63df7659,delivered,2018-06-10 22:56:17,2018-06-10 23:11:08,2018-06-19 15:14:00,2018-07-07 13:49:39,2018-07-19 00:00:00
a4521fa62b4f3bbe260aecf4dbc78935,a0b74b6766104f9ae731fe5750fb4f96,delivered,2017-10-17 22:57:34,2017-10-17 23:07:56,2017-10-20 20:23:54,2017-11-02 04:02:39,2017-11-13 00:00:00
448c60334e2a53a5c678e4bd6b1e77a7,402ee7c789991c2390d968451ae17e0e,delivered,2017-12-09 17:04:08,2017-12-09 17:13:42,2017-12-11 23:32:12,2017-12-18 21:53:28,2018-01-04 00:00:00
6d885151b431516792fbfc7d393c90cd,7122c24d3c0eff23bbea46f485fa0d66,delivered,2018-01-11 17:03:35,2018-01-11 17:16:30,2018-01-15 23:16:47,2018-02-07 22:12:42,2018-02-15 00:00:00
ca2f0670d0d753e332c0ae97f466c9b0,fb78c8dbefdc1d9fec4507fe77045390,delivered,2018-02-22 05:50:50,2018-02-23 02:15:29,2018-02-24 00:09:54,2018-02-27 20:48:53,2018-03-14 00:00:00
c6be81e3c1e9e15e5893e19d7ce49647,57de18af3ee9319c436bc09bfb515b5d,delivered,2017-01-26 20:15:14,2017-01-27 10:45:37,2017-01-30 17:25:25,2017-02-02 12:54:48,2017-02-22 00:00:00
41e296c991263f9ade5507299e38fe72,26414d88442f62fcbd8a39607b9211e4,delivered,2017-11-25 01:30:14,2017-11-25 03:58:34,2017-11-27 22:21:07,2017-12-05 01:24:41,2017-12-15 00:00:00
318160e821f4c754080f46f95afc1ded,1f71fab0d389e193f5162fde6227fb2b,delivered,2017-10-17 00:34:56,2017-10-18 02:49:49,2017-10-18 18:10:18,2017-10-30 20:16:37,2017-11-10 00:00:00
9570e7230d3d4ecaacbc7843e6646b33,19cd19a792b8ba4bc826a9a3874159dc,delivered,2017-06-26 18:15:14,2017-06-26 18:31:38,2017-07-10 15:29:50,2017-09-04 23:33:27,2017-07-17 00:00:00
73cc28d48ecf54949b91163a0f7d3351,2e611ee9dde59daf5acfb7471bdd0180,shipped,2018-01-28 16:15:46,2018-01-30 03:47:26,2018-01-30 21:51:35,,2018-03-01 00:00:00
eabcc26c288f8e0b366520f24014f8b0,b46f53945d890c2f7ab73763bb6fca0f,delivered,2017-05-29 15:42:48,2017-05-29 15:55:23,2017-05-30 08:34:03,2017-06-01 14:47:58,2017-06-19 00:00:00
b7dc42271c71663ceed71350d60a5559,533a3d75aeb7abdd7d803dd264c9851e,delivered,2017-07-12 13:00:15,2017-07-12 13:15:25,2017-07-18 21:52:16,2017-07-26 01:06:29,2017-08-09 00:00:00
ebac8364f6f97c06df19ad674a12b359,e6fe99ccca7205804697a0aaef1539fb,delivered,2018-08-26 21:47:50,2018-08-26 21:55:18,2018-08-27 13:28:00,2018-08-29 22:07:52,2018-09-04 00:00:00
51bba23b6fd5b430636450f273aadd8a,f2fd5f74881dfb8d8fd5e0010a0b86f2,delivered,2017-10-03 15:16:25,2017-10-03 15:36:59,2017-10-09 17:57:49,2017-10-30 21:41:18,2017-11-03 00:00:00
c69a753d027c44254d7964a47718c07e,dfabae7548b656d6a0d4b68896377ddc,delivered,2018-05-10 01:01:48,2018-05-10 01:10:11,2018-05-10 15:55:00,2018-05-23 19:33:09,2018-06-11 00:00:00
3ccf90ae3753b3d692dd5f400621502e,11b8d5bca945346e1096f142d0e423e0,delivered,2018-04-04 20:44:11,2018-04-04 20:55:27,2018-04-05 18:50:38,2018-04-27 01:09:28,2018-05-03 00:00:00
582e0dbdbf89bc46dbcc5c34ff60745a,5f72cc875d166f261f0469ab1b52c4ad,delivered,2018-03-25 18:29:15,2018-03-27 04:10:21,2018-03-27 20:03:35,2018-03-29 14:04:29,2018-04-06 00:00:00
4d4c65feca16bc9de359cb5d4feef10d,7cfa3cb5ae1ae9ae5ffcc1904141b47e,delivered,2018-07-06 22:01:35,2018-07-07 14:10:18,2018-07-13 15:15:00,2018-07-25 18:41:05,2018-08-02 00:00:00
bf5a44a0843a026ecf32a63d882550f5,9c296bfe22d67feac315424199ca7b3d,delivered,2017-03-01 09:13:57,2017-03-01 09:25:10,2017-03-03 14:18:38,2017-03-08 10:26:02,2017-03-27 00:00:00
b167109334768a2c342b85139a6437d6,111acc29194a247a328b7cf4f1f8d5df,delivered,2018-02-16 19:30:08,2018-02-16 19:46:47,2018-02-20 22:23:18,2018-02-21 14:59:12,2018-03-02 00:00:00
d5fbeedc85190ba88580d6f82d1d5ed3,344423c2e26d47d2b6d3dd363a89e812,delivered,2017-05-15 11:50:53,2017-05-15 12:12:07,2017-05-15 12:52:34,2017-05-16 10:21:52,2017-05-24 00:00:00
02e8498a91ec0e72dfaff47b27c805a3,c4866f0b17eceb1322854c023648a596,delivered,2017-11-03 13:40:44,2017-11-04 07:30:41,2017-11-08 18:06:33,2017-11-18 12:41:58,2017-12-13 00:00:00
a8fff3e04abf1de340f6a42662daa292,ff979d3f952328374b41b7b6b52a56f1,delivered,2018-08-01 19:31:36,2018-08-03 02:50:29,2018-08-13 14:45:00,2018-08-20 23:21:48,2018-08-24 00:00:00
4642b5eb7edc14a4a0dd2c2eb7b68e14,30fca276feb60858f0292213c46c9756,delivered,2017-09-10 21:28:33,2017-09-11 21:35:22,2017-09-13 12:38:05,2017-09-14 16:12:08,2017-09-22 00:00:00
20682401f377f9713842c128b03fc43f,dd9e543aa63df2f0c0b15dfd977f650b,delivered,2018-02-22 00:02:08,2018-02-22 00:30:06,2018-02-22 16:52:25,2018-02-28 00:56:37,2018-03-14 00:00:00
a201a3d5774c7b81c6a50dad1be5f488,f2d6a280d9aadd9fc04f2e1e4660e2b7,delivered,2017-07-06 22:50:32,2017-07-06 23:03:18,2017-07-07 16:37:40,2017-07-18 15:22:19,2017-08-07 00:00:00
1b211e29b1a6d0431f4f9daff2f2e207,d5fcc29b8b9802010da44e8f873a96d8,delivered,2017-05-23 19:19:18,2017-05-23 19:35:15,2017-05-29 07:37:37,2017-06-07 11:09:48,2017-06-19 00:00:00
d24cf30658f279bb1e8677169e43e44a,933da2a653210f730747c28a49d54d8e,delivered,2018-07-27 13:12:48,2018-07-27 13:25:22,2018-07-30 13:51:00,2018-08-04 12:18:56,2018-08-13 00:00:00
673414c4a1bf9b72b8b6ff0d9decdfc6,18ad953cb2e41768f9d27a594bde4efa,delivered,2017-08-02 09:01:49,2017-08-02 09:10:16,2017-08-03 14:22:58,2017-08-23 11:58:04,2017-08-28 00:00:00
3c31676dda1c2731a56d31f4157f72b4,59fa4d3923b20aed0ae89cc86febe83d,delivered,2017-07-10 09:21:18,2017-07-11 09:25:14,2017-07-11 18:55:44,2017-07-14 17:34:00,2017-08-01 00:00:00
845af102c87e1c1bbcb900956ca08e90,c38c4b830f5c4a3825eea988694fb0af,delivered,2017-07-15 14:01:45,2017-07-15 14:10:15,2017-07-17 19:13:02,2017-07-26 20:27:27,2017-08-10 00:00:00
32f0db75abd9599736ef815f021c684f,0c322573ba503cd7e758af29de300dc3,delivered,2017-11-13 14:43:42,2017-11-14 03:50:31,2017-11-16 23:07:02,2017-11-22 22:38:34,2017-12-07 00:00:00
9205fa5e239eb69fa652c044d52f7c0c,0320b57550ef2aea72c685cc12c09ecd,delivered,2018-06-08 17:08:41,2018-06-08 20:31:45,2018-06-12 12:38:00,2018-06-15 12:23:43,2018-07-05 00:00:00
e7af9428d8b5d65f0fd7d3eb98595308,f198681d09edbdab2cc9532cfbd58cf2,delivered,2017-09-30 13:19:25,2017-10-03 04:14:16,2017-10-03 14:52:46,2017-10-16 20:58:35,2017-11-06 00:00:00
cd0a3a0546d575990039ca72965ced27,cc75b9bab7d984b2bb2feac7b5908d68,delivered,2018-01-25 09:51:23,2018-01-25 09:58:31,2018-01-29 17:36:34,2018-02-10 19:36:55,2018-02-26 00:00:00
bff91283b9a8721d0491825a37e59d89,3008ef16956251f42daab39f8e3a87af,delivered,2018-03-06 09:57:20,2018-03-06 10:10:26,2018-03-06 22:54:41,2018-03-24 00:32:15,2018-04-02 00:00:00
037e725440b59939735ae0aff888a015,636be70d7b46fb1db9836009fa61d6ff,delivered,2017-11-17 19:51:56,2017-11-17 21:06:17,2017-11-20 18:21:31,2017-12-10 18:37:02,2017-12-15 00:00:00
9aff2e622002df9b94eb9255485fec96,69d14927f98708eef99ec0b5d3e2a37a,delivered,2018-01-08 19:35:28,2018-01-08 19:48:27,2018-01-09 22:07:46,2018-01-13 15:03:27,2018-01-31 00:00:00
6550f76a630f229b798ea19ef27694d9,9ef5831c1ecc3fcac9e45c3b873c1bf9,delivered,2018-08-17 15:11:21,2018-08-17 15:29:32,2018-08-20 14:38:00,2018-08-24 21:32:52,2018-09-10 00:00:00
92b6250c9e1d1e359a29929fa9f62395,b17ac2d4ba142dda51133ec4ccc22314,delivered,2017-09-19 23:08:38,2017-09-19 23:24:08,2017-09-25 20:10:38,2017-09-28 19:53:28,2017-10-05 00:00:00
c02e19b57ca332a2dd2e61ff8b2f07ca,2b2cdde08e3dfef7b01d635917ec54a1,delivered,2018-06-13 15:13:54,2018-06-14 02:17:18,2018-06-14 10:18:00,2018-06-25 20:17:42,2018-07-16 00:00:00
9d57e7a9c3dae94772187f73e97d9854,7ebbd71d486f47070362e2e9be10898b,delivered,2017-01-26 13:51:54,2017-01-26 14:02:11,2017-01-27 08:43:07,2017-02-02 07:29:05,2017-03-08 00:00:00
620f2b2f6cabdf0426262c47bf3a883c,3c84e38052e77f837c05363ad8a2b16b,delivered,2018-08-01 13:23:02,2018-08-01 14:00:13,2018-08-01 15:54:00,2018-08-03 20:52:42,2018-08-13 00:00:00
73ab919f6023d8c8a68fb70d0b08a28b,7911c4a4ae2d5749ce6f3e40fbdeb5e5,delivered,2018-08-02 15:07:15,2018-08-02 15:24:03,2018-08-07 14:32:00,2018-08-15 15:21:47,2018-08-28 00:00:00
76b8568803f110a59ece4167463a4a7e,9d13f5da757d6d19132fa0980c9e9729,delivered,2018-04-28 14:07:52,2018-04-28 14:30:19,2018-04-30 16:01:00,2018-05-03 00:03:52,2018-05-17 00:00:00
ed78b29fa4c1255d275df5d4e464503b,a5dceb0a120a9b028d3d4582422ad480,delivered,2018-01-17 09:33:47,2018-01-18 19:56:24,2018-01-22 18:48:41,2018-02-20 18:36:45,2018-02-22 00:00:00
8730eb6033096bc99877b2f10d4de04a,ea3acd2d48472322455ab1b6ed05f253,delivered,2017-11-29 15:51:14,2017-11-29 17:11:45,2017-12-01 19:38:32,2017-12-11 20:33:15,2017-12-14 00:00:00
3598d5876c343ad3d9699be24dc09b8a,68d54b6b1f24a481a2f472046153c118,delivered,2018-05-17 17:15:08,2018-05-18 02:14:37,2018-05-18 14:19:00,2018-06-07 15:24:52,2018-06-05 00:00:00
01235dc626dcf13283207ba7f36a959a,f418fa622ecaa0dc1bc8524446faf6fd,delivered,2018-07-24 09:57:43,2018-07-25 02:50:16,2018-08-03 14:14:00,2018-08-06 14:57:42,2018-08-09 00:00:00
fdab24bf4e3d761c7072e39c69308da3,c57b4ec1791188f1d3b38bc85b208a3c,delivered,2017-05-01 19:05:18,2017-05-01 19:42:22,2017-05-05 11:42:27,2017-05-16 10:42:57,2017-05-23 00:00:00
56aa3b6b2c30314ee80914fea9543573,70972230081174ffa0f073a7fa56d95e,delivered,2018-08-08 19:46:37,2018-08-08 20:04:53,2018-08-09 15:15:00,2018-08-10 20:48:30,2018-08-17 00:00:00
f0dbbeed3a0b658b884893bcdde5e4d4,f184af34654e6c42b67146220328aafe,delivered,2017-12-02 19:11:14,2017-12-02 19:36:24,2017-12-05 21:49:00,2017-12-21 21:48:58,2017-12-28 00:00:00
6368c8705f72b986b9fd5275b759e5e3,8ebae1632217e6669b1a563f319d238e,delivered,2018-02-26 18:50:10,2018-02-26 19:08:58,2018-03-01 14:47:08,2018-03-19 19:02:18,2018-03-28 00:00:00
b1526a2bd67c99a417bbd10df7904bb0,7a22cc2284c8c071bb159fb99289c831,delivered,2018-03-18 19:27:58,2018-03-18 19:47:37,2018-03-21 21:42:49,2018-04-11 19:38:44,2018-04-23 00:00:00
644fa2355020340eaa627c83e17eee27,181d85c587921142b36f4e1546d35102,delivered,2017-11-20 23:42:30,2017-11-20 23:49:34,2017-11-21 20:33:30,2017-11-28 00:03:53,2017-12-11 00:00:00
b5b411510c27795418ac5808a30054e0,dc965c402585418454e732f34c9d3e84,delivered,2017-09-17 18:12:09,2017-09-17 18:25:08,2017-09-26 20:09:14,2017-10-06 13:39:08,2017-10-11 00:00:00
5a72aaf4a78a5e2b0ba132b0e9c21fb1,6ee45baed0289293ba172055f0dd9011,delivered,2017-11-25 19:41:15,2017-11-27 19:39:43,2017-12-01 19:18:22,2017-12-21 17:03:15,2017-12-18 00:00:00
e5882de2409ffb5a26782367e95b91ba,7d66a925cb032def39bd1476c0cfa518,unavailable,2017-06-30 13:26:22,2017-06-30 13:43:43,,,2017-08-08 00:00:00
a6ea59851ffee8cb73761179fc7bcb6c,4f431dee2efccd72a2b5707929dc85bf,delivered,2017-11-28 12:18:08,2017-12-01 12:31:34,2017-12-01 21:17:41,2017-12-15 22:28:37,2017-12-28 00:00:00
b86c4834a1f80bb5f808842b4624a2cc,ace1a8511961e8466d5dcacfa5da3185,delivered,2017-11-28 19:46:33,2017-11-28 19:54:27,2017-11-29 16:02:42,2018-01-17 17:49:03,2017-12-26 00:00:00
c5d3fae065a8090bae39f4f34b14cd06,8866a052aebe7f7cee97bace65b379b2,delivered,2018-06-25 09:53:57,2018-06-25 10:14:04,2018-07-03 14:40:00,2018-07-09 23:04:31,2018-07-24 00:00:00
6c90fc612a10cf8c7c74570e1db07aa0,8c3c65fe9b99f72cf45b51959a335c0e,delivered,2018-04-05 21:00:26,2018-04-06 09:09:20,2018-04-07 01:26:24,2018-04-11 18:02:36,2018-04-23 00:00:00
bfff22b563631e997a4a22dd4b87abc2,c4781eecc0840edcc02c29277533004c,delivered,2018-04-02 14:08:53,2018-04-02 14:30:50,2018-04-03 20:05:22,2018-04-09 20:32:13,2018-04-19 00:00:00
499db357fa1bac9b96c44bd42dd17718,9e2974fe836024cfbba8ed46b8baf767,delivered,2017-08-10 21:35:06,2017-08-11 04:15:19,2017-08-11 13:43:59,2017-08-14 16:59:50,2017-08-24 00:00:00
55b2cadb9946209a0283fd636ddc6676,32f7f86eb8098b2c0bdfc1604b5da9bf,delivered,2017-12-14 17:38:47,2017-12-15 02:19:31,2017-12-18 20:09:18,2018-01-04 20:14:11,2018-01-22 00:00:00
bca8bef56cc32e6f9374350f671f7229,49c23f19788a952bc6bccd97314d3185,delivered,2018-05-06 22:13:53,2018-05-07 16:53:15,2018-05-08 14:41:00,2018-05-09 21:34:56,2018-05-24 00:00:00
078f6e79012194cd9eb77b10f6753d77,07e01746e8b90bfb4cab6ef323d33ab2,delivered,2018-08-05 15:07:09,2018-08-05 15:15:15,2018-08-07 12:47:00,2018-08-09 20:18:49,2018-08-24 00:00:00
d5b0848c1878546fbebe673d1d679b83,300cbcf2f05d4b9e0c68b316a05c0057,delivered,2018-04-24 08:43:53,2018-04-24 17:35:59,2018-04-25 14:17:00,2018-04-30 18:15:38,2018-05-14 00:00:00
c20880befd228c3983ddefda4f2549db,f6f71a017148c4026116257e000e95a7,delivered,2017-05-20 19:30:11,2017-05-21 09:31:16,2017-05-22 10:06:03,2017-05-23 13:43:27,2017-06-02 00:00:00
de5569837d26b78e94dbcf0d72e29ba2,df26ca4971ed6b416836e89a20d4fe13,delivered,2017-12-18 22:50:21,2017-12-20 06:56:23,2017-12-22 15:09:40,2017-12-23 18:13:35,2018-01-08 00:00:00
74c142641fc482d8aeb7e31805a9aa2b,353dfebd323164d94436d351b73d8df0,delivered,2018-07-12 14:32:47,2018-07-14 04:35:11,2018-07-16 13:40:00,2018-07-21 12:27:46,2018-08-03 00:00:00
a9850cfaa6a85bd626e548413454f108,22b9321f022b2c6574492c71012dcc2f,delivered,2017-11-28 20:16:33,2017-11-28 20:31:36,2017-12-08 12:42:05,2018-01-04 15:17:30,2017-12-26 00:00:00
0a9d793da20eb89ec326c840c46d7a9b,39f008f05281376690e251346106e6e8,delivered,2018-01-23 01:04:59,2018-01-23 01:14:43,2018-01-27 19:19:41,2018-01-30 18:53:15,2018-02-07 00:00:00
63ae84a9387b93ffa05dde71794f61f9,cb2931ea3f789f27dae36f4f94e6c86b,delivered,2018-08-12 21:11:28,2018-08-12 21:25:16,2018-08-13 17:57:00,2018-08-17 18:04:37,2018-08-23 00:00:00
81161411335afb1d9c6dfd1b42a63eb3,ab2e87ad1a915cf88638ab6f43f5450c,delivered,2018-06-30 20:44:28,2018-06-30 20:55:21,2018-07-03 05:28:00,2018-07-05 01:13:01,2018-07-20 00:00:00
7af014956ed06246005b5e0740fd891c,913e1c5bc2d3a433d3886677298dcbf9,delivered,2017-10-26 21:31:25,2017-10-26 21:46:17,2017-11-01 19:44:52,2017-11-09 17:03:48,2017-11-08 00:00:00
a4de95599a7ceea15c118d8a59c8d574,75cf84d6780222c5fa6285b1a93532cc,delivered,2017-03-24 22:20:26,2017-03-28 03:45:48,2017-03-29 11:04:09,2017-04-04 15:32:02,2017-04-17 00:00:00
e381abcae5bf5ba29ff7855e91e40837,349c4a594c6aa6384e7b42ebc6d10856,delivered,2018-07-21 20:44:36,2018-07-21 20:55:21,2018-07-23 11:10:00,2018-07-26 21:48:39,2018-08-22 00:00:00
b9d1db9d3e9608b2d37f962aaef45e03,5c0a13726f1fdc75fb023894e1b64590,delivered,2018-04-17 10:16:57,2018-04-17 10:31:15,2018-04-30 15:35:00,2018-05-07 10:55:31,2018-05-08 00:00:00
4e0091a0a84b39634a3ecc33bdc49d09,9998c6bf5ef16b8498d0202e25a2c33c,delivered,2017-11-25 13:43:45,2017-11-25 13:53:30,2017-11-27 19:51:28,2017-12-12 19:42:46,2017-12-19 00:00:00
e11780f33e850a77d1b3c2fa13ed5d4b,af1789225641b6acc60f97f3f32f5673,delivered,2018-05-08 11:49:49,2018-05-09 04:31:28,2018-05-10 12:38:00,2018-05-14 17:58:44,2018-05-23 00:00:00
356108ac93685d12f65fe827e25bb138,070ae6a687b800200c1f7dd6a2671c75,delivered,2017-12-13 17:12:42,2017-12-14 02:12:13,2017-12-15 18:04:28,2017-12-26 16:33:13,2018-01-16 00:00:00
0ac372f92fbec55ca27ef4fa99a6a13a,96d3328d8b8625bc4d656279e1515bee,delivered,2018-01-11 14:01:09,2018-01-11 14:12:26,2018-01-13 02:51:29,2018-01-24 16:39:08,2018-02-09 00:00:00
088858a852d62de0c175c9cc4bc0ddb6,c49ddc57f4de85a5c7694bf37f9b525d,delivered,2018-05-13 13:35:03,2018-05-13 13:52:16,2018-05-15 09:06:00,2018-05-17 21:19:51,2018-05-28 00:00:00
29985fe387407ff7f6904b294fb89028,bbcd801cba7b655a6aab583778eb6af8,delivered,2017-02-12 15:53:19,2017-02-14 04:10:25,2017-02-15 11:08:42,2017-03-03 09:28:01,2017-03-14 00:00:00
a9ad04772c6cf0d63efb9444ea80bbaa,eab2880591a21d4581a807d98d67f489,delivered,2017-11-06 22:46:03,2017-11-07 05:32:22,2017-11-07 15:17:36,2017-11-08 22:58:32,2017-11-17 00:00:00
8341e99159d0cde5b28d7915b011ce2e,a66712c31e8c65998902f67af30ec475,delivered,2017-12-14 14:32:32,2017-12-16 02:36:39,2017-12-16 18:03:03,2017-12-21 18:03:38,2018-01-15 00:00:00
21ccfd8ee777c40d2407604c5ddd2db1,d8ffafcca7e2d9ee5d8e7cbd7a2eb524,delivered,2017-02-06 17:56:25,2017-02-06 18:05:23,2017-02-08 11:07:43,2017-02-21 16:57:45,2017-03-03 00:00:00
60243a953c19e3606e7757264ea2ad3e,1b520c220eb287288d456d947acec195,delivered,2017-07-09 20:46:12,2017-07-09 21:23:12,2017-07-12 20:03:37,2017-07-18 19:59:29,2017-07-28 00:00:00
bc877ab9e18f1ce0fda75eab87a0ca8a,23647526d326c88c24aae4523594b0d9,delivered,2017-10-05 15:56:03,2017-10-06 02:25:12,2017-10-11 20:57:59,2017-10-18 21:05:59,2017-10-30 00:00:00
2cb2f557ab7119a8f1e9e00b7bf75547,024fb58b51f34a34fad7a533363f0c93,delivered,2018-05-07 08:41:05,2018-05-08 03:55:18,2018-05-08 11:27:00,2018-05-11 17:16:37,2018-05-28 00:00:00
b3424a1c4c3af064d3472b285180bed0,6ed4bc068468ce67d11a938a9f6691de,delivered,2017-08-30 15:46:07,2017-08-30 16:04:13,2017-08-31 21:19:57,2017-09-25 13:56:47,2017-09-28 00:00:00
37d24e9a88068283d102aebd4f765133,548d14db00395dec9825ea9673c7e672,delivered,2017-01-22 23:08:14,2017-01-22 23:21:47,2017-01-23 15:35:44,2017-01-26 13:51:54,2017-02-20 00:00:00
99221769ebf04d97afe0f08894b75586,cdc52f69c17d2edb73646f3834bf5488,delivered,2018-03-02 01:11:39,2018-03-03 02:51:05,2018-03-06 16:05:24,2018-03-24 18:08:34,2018-03-28 00:00:00
97bcc96998b24fe6ee7cec4ae04001df,2ed91b89dc143b6e37e3adbec2c52fb8,delivered,2017-05-16 17:58:04,2017-05-16 18:05:21,2017-05-17 14:25:43,2017-05-22 15:25:44,2017-06-07 00:00:00
f2c12c46401363b2f37ce6200b520ebf,9d69cb8a80980be80313e53d52f0d78f,delivered,2017-11-07 17:09:12,2017-11-09 04:31:15,2017-11-09 18:32:14,2017-11-22 17:44:42,2017-11-30 00:00:00
4f85d5b9b7d5cdc7e7f6ceb64aa47f5b,8a2d8ef5b8f61f14709d8de117293969,delivered,2017-08-11 17:17:14,2017-08-11 17:30:08,2017-08-14 19:31:21,2017-08-25 21:06:30,2017-09-13 00:00:00
f69ae31bce06a78d626762b53067c7e0,08c95eb831d93a76079d7e24a117db29,invoiced,2016-10-06 00:12:47,2016-10-06 16:03:56,,,2016-12-02 00:00:00
3f80947ce4ab2d28cede3db5c92e44d7,93dd5f88e0f7e9a8f74d27a4b90879ab,delivered,2018-05-08 06:55:21,2018-05-08 07:09:54,2018-05-08 15:18:00,2018-05-09 22:08:54,2018-05-16 00:00:00
6cc8ee95fa041110dc49df7e0a2e85b1,30fae2b7dc2ac59de3a6bbf85cdd9db7,delivered,2017-08-24 10:36:36,2017-08-24 10:50:39,2017-08-24 19:30:05,2017-08-28 20:19:31,2017-09-14 00:00:00
1f559479dd8bfb2e398b0372cad1c2a2,feaef48e150d4f22138e748bb313698c,shipped,2018-04-15 23:04:24,2018-04-17 04:35:22,2018-04-18 01:38:47,,2018-05-21 00:00:00
28f079a1f1568fda3a17841d6fe48390,459f6d9169372a39b0fe1f00e96947b4,delivered,2018-06-18 13:03:53,2018-06-18 13:16:52,2018-06-20 06:32:00,2018-06-23 15:03:44,2018-07-12 00:00:00
46bccbbbcccb1a8afec60c3bcbd287b7,ebff917ea54bbda6b10b23802b36c8c1,delivered,2017-08-22 13:14:43,2017-08-23 02:51:02,2017-08-24 19:18:14,2017-08-31 17:28:28,2017-09-14 00:00:00
2608e8f1fa4c7e37526b68e2fd2e6d10,519a15e6969240c16ef4437b4c650dca,delivered,2018-03-22 10:59:41,2018-03-22 11:15:51,2018-03-23 22:39:39,2018-04-03 14:28:48,2018-04-16 00:00:00
bbc13e09a09a77b4f6ea6a981a399473,7822a6861b0a8c3a5b4ed5f42268eab0,delivered,2018-05-28 22:11:08,2018-05-28 22:35:37,2018-05-29 14:04:00,2018-06-05 13:12:51,2018-07-04 00:00:00
1388a23b57206bf7673819fd3a30d4de,ab5925f86dedb8bf8ee88416ce4004d5,delivered,2018-06-11 11:06:11,2018-06-11 11:15:24,2018-06-13 14:18:00,2018-06-21 17:31:56,2018-07-16 00:00:00
03d3db2eb72705d4b4dd30987cf610f8,670ec71eb17d748055f9fa2a0d111979,delivered,2018-04-09 22:18:02,2018-04-10 00:15:47,2018-04-11 22:09:40,2018-04-24 12:13:37,2018-05-07 00:00:00
972976cb62fb977bfbc253219799e486,1472468d6d56167600d5b11dfc70f7b1,delivered,2018-07-20 11:15:51,2018-07-20 11:25:13,2018-07-20 10:27:00,2018-08-08 20:46:24,2018-08-07 00:00:00
be6619cf0f41dbf6491aafc3b5a0d638,51f6210c02eb2afeda1b62f940bc39b8,delivered,2017-11-08 22:49:54,2017-11-09 05:31:31,2017-11-22 01:48:36,2017-11-26 20:37:34,2017-11-22 00:00:00
8a601ac58a66e7a37b56294b81c2b373,dbf371c0a6ca1ab9a8d156fd12c8f8d1,delivered,2017-06-11 15:49:32,2017-06-11 16:02:32,2017-06-19 20:33:53,2017-06-29 12:16:23,2017-07-28 00:00:00
83b0d41b8098a854e66c33ac7d1e8dcf,2be913efdd5e87b86e959381ef909b74,shipped,2017-05-29 17:20:24,2017-05-29 17:30:20,2017-06-09 14:02:44,,2017-06-29 00:00:00
403fee786bf2a91a88cb6bb0ac68d07f,3ce9063b1f550cca16b3946b3c4ef694,delivered,2017-09-22 10:25:36,2017-09-26 06:33:32,2017-09-26 18:16:41,2017-10-02 10:43:08,2017-10-18 00:00:00
ebe3541c37938be5fe324645a702d4d4,e626896a14e00a84683d8cf6f8c30a5c,delivered,2018-01-01 17:39:53,2018-01-01 17:47:20,2018-01-04 22:09:07,2018-01-18 23:32:30,2018-02-06 00:00:00
d3b59b9a0767514f777439a668f564b8,e4b73f0c9ebdea67a8300aaad25ff939,delivered,2017-02-05 12:31:58,2017-02-07 03:50:31,2017-02-08 18:23:40,2017-02-24 10:04:51,2017-03-07 00:00:00
52628d72feaca84428e9d902d3985605,a5e6bf4ac91d2a0df7e87ad00f4b35b9,delivered,2018-08-07 14:52:44,2018-08-07 15:05:16,2018-08-08 12:23:00,2018-08-13 18:56:21,2018-08-17 00:00:00
fb04716648402d4fd6f8158e51779fa8,d85a1facca20ed298fa0936c7af6e7e4,delivered,2017-03-29 09:07:20,2017-03-30 07:35:08,2017-03-30 17:44:38,2017-04-04 14:22:52,2017-04-20 00:00:00
18d0a01d343f9a3789e7ae38fc92f907,09c5222856be1228af5bc3c2dd8842fe,delivered,2018-07-16 08:45:31,2018-07-17 04:31:52,2018-07-17 13:03:00,2018-07-20 23:26:38,2018-07-30 00:00:00
a5db57e596494a2570d250dea03da4ce,993677d5b12e91002d0d47c2a782a7d1,delivered,2017-10-16 08:11:57,2017-10-16 08:29:22,2017-10-16 20:13:02,2017-11-06 09:15:55,2017-11-07 00:00:00
c7e1e46af92704b1c2e1924de96e7479,9d71e1cf1662cfda7aeafb61975a3e78,delivered,2018-05-18 00:35:08,2018-05-18 04:14:31,2018-06-04 16:03:00,2018-06-05 11:58:59,2018-06-06 00:00:00
368df49737936bddc9d47a700a1920b9,ef3603c61b3afedf0cd74652a06dca96,delivered,2018-08-09 03:35:29,2018-08-09 03:55:22,2018-08-09 13:23:00,2018-08-16 21:04:35,2018-08-20 00:00:00
88821a1158691d3d5f4e35004aeb2aee,fcd5f6483d41d80112a58322955bf9f1,delivered,2018-06-20 16:28:00,2018-06-20 18:47:07,2018-06-21 15:17:00,2018-07-11 21:05:29,2018-07-20 00:00:00
a50f9f0c6dc14bdf95d5621a5bd6b80b,a50a163029fb5f7935f311cfd2f5c6f2,shipped,2018-02-15 12:10:37,2018-02-15 12:28:11,2018-02-16 16:58:57,,2018-03-09 00:00:00
199c544290f4c34265e9b01c137baecd,3416e45f6c9842bfc863fe211e22a261,delivered,2018-07-23 17:57:33,2018-07-24 10:31:25,2018-07-26 13:03:00,2018-07-27 20:26:43,2018-07-31 00:00:00
d80b473a1e39c2640618ae7d6e181f4d,94f306aa0409590067dd3c13fb2cfb4d,delivered,2018-06-25 20:02:03,2018-06-25 20:17:53,2018-06-26 14:52:00,2018-06-27 12:56:28,2018-07-11 00:00:00
7e68991a1a850b61d2a20fd75f462397,85eb23c7cef0b97eda81a956c3f748c7,delivered,2018-08-16 23:15:46,2018-08-16 23:30:08,2018-08-17 12:08:00,2018-08-29 22:36:48,2018-09-13 00:00:00
d00e79f339bb76a1b6dbcc8cb41934e7,fd4d2add7fddcbb3074920019da1290a,delivered,2018-06-07 19:51:33,2018-06-07 20:15:08,2018-06-11 12:17:00,2018-06-18 21:58:01,2018-07-04 00:00:00
4e4d9ab79db69a4bd0d79833bfce91f3,c5ec9e7825f8ec234b331113945cb5ef,delivered,2017-12-22 09:36:53,2017-12-23 02:13:30,2017-12-27 17:47:36,2018-01-11 19:20:49,2018-01-23 00:00:00
c0064eb733991511a78ddc2fdba0effe,051cfab9a2157fdd2150d0b4aa0128ba,delivered,2018-07-03 10:47:11,2018-07-05 16:40:44,2018-07-04 13:12:00,2018-07-07 19:41:48,2018-07-17 00:00:00
6f2849e42b2d61384f499ab4bc2a5206,a190f4bbd7900a0fc820f0be7cbbded1,delivered,2018-03-20 16:18:39,2018-03-22 02:49:45,2018-03-22 21:20:40,2018-04-05 00:22:44,2018-04-16 00:00:00
a1e339ab5b57754551c63176e6d98528,d3878d302b1f3a54da025c3c593c48cc,delivered,2018-04-16 19:03:42,2018-04-17 17:55:21,2018-04-18 19:38:25,2018-04-20 20:07:37,2018-05-09 00:00:00
bbc3a95177ff0c8a012e117f4dcb06c8,91d98668d81671694d440add6ff4db2e,delivered,2018-01-22 15:14:12,2018-01-24 02:35:02,2018-01-26 18:46:36,2018-01-31 20:17:03,2018-02-07 00:00:00
e5454c2facaa42d8fcf1a1c5ab585666,c577a3560a4ef759e583df6ba85764d4,delivered,2018-03-13 18:49:26,2018-03-15 03:16:20,2018-03-19 17:22:29,2018-04-06 17:19:05,2018-04-10 00:00:00
cbb54b440099b6c4994d1109f3968b97,0532c16fb3717ba27a99fd5492710144,delivered,2018-06-19 00:16:16,2018-06-19 00:38:06,2018-06-19 10:53:00,2018-06-21 13:04:08,2018-06-29 00:00:00
4b4d5464625e478996dffcd761c4b9a2,b8ad74fa0f4c5b9fad84af6809c95105,delivered,2018-01-06 19:32:11,2018-01-06 19:46:37,2018-01-08 18:56:34,2018-01-11 19:38:56,2018-01-31 00:00:00
f23863d36bbebad07e688d0010148a26,70dadea89e8294361606fe742fceabec,delivered,2018-01-09 22:17:57,2018-01-10 10:32:13,2018-01-11 22:29:19,2018-01-22 18:29:11,2018-02-19 00:00:00
9cf7337281a128f4f29a2f476c733601,c606407eec8f9304dcd264811b9f0523,delivered,2017-12-13 21:00:47,2017-12-13 21:41:08,2017-12-18 21:04:04,2018-01-15 22:33:16,2018-01-17 00:00:00
3e50ccb3e4c2558e4235db553f8dc2b1,94b1e925c0b906a75bd2464a24243db3,delivered,2018-06-09 21:38:58,2018-06-09 21:51:02,2018-06-11 21:56:00,2018-06-15 01:26:37,2018-06-20 00:00:00
73a1b2c642b36dc0c5930e4b654ce46f,08ffdbf0b21cffff0d50f69e34097e6f,delivered,2017-08-14 11:03:36,2017-08-15 03:25:21,2017-08-16 17:12:49,2017-08-29 14:03:00,2017-09-20 00:00:00
d244f2083d5bb47133c5b240a8f6013d,987792d50bb54634e7d921c843a4c0c9,delivered,2017-06-11 23:09:59,2017-06-11 23:25:17,2017-06-12 12:39:27,2017-06-19 18:50:02,2017-07-10 00:00:00
837d0f47af4d0d6a1e3fc98603bd48ec,0355544e5f4818d9553faa520fedf38b,delivered,2018-02-16 16:19:31,2018-02-17 16:15:35,2018-02-21 00:27:17,2018-02-27 01:29:50,2018-03-08 00:00:00
1c9ac08a8e474b38e9231382778f7eb9,82218c42033c0f36f36f1c4fd3d7935e,delivered,2017-08-09 18:53:13,2017-08-09 19:05:13,2017-08-10 18:04:54,2017-08-18 21:29:57,2017-09-05 00:00:00
2721cdbb603d7ab34553d2e44a6f9ae0,5d403e9930692daa08e3a13f8a68d462,delivered,2017-07-16 11:32:34,2017-07-18 05:55:20,2017-07-18 20:32:08,2017-07-24 22:27:30,2017-08-14 00:00:00
afa2c425be2efd14c19b4a0aa62f9b59,2a22ba1cb2f182b16cfd4b7620ea6114,delivered,2018-03-04 02:25:53,2018-03-05 08:15:31,2018-03-06 17:03:46,2018-04-06 19:24:59,2018-03-22 00:00:00
bef03713fe5980450be9ff427e26b699,5a1e1bd65193677d3cec2a77ce02bf18,delivered,2018-07-07 14:14:00,2018-07-07 14:25:46,2018-07-09 14:32:00,2018-07-13 13:08:34,2018-08-06 00:00:00
7708348e3397bde852e5dade4c632d8e,5a4ee1320c445a642238d915249864ac,delivered,2018-02-15 02:20:14,2018-02-15 02:35:19,2018-02-16 19:45:47,2018-02-27 23:33:00,2018-03-07 00:00:00
ea38dbbe2044b5c96bf31ff508ba1aad,5f3cf131f81aea5ea90fde7a77feadfb,delivered,2017-05-08 10:55:54,2017-05-08 11:05:12,2017-06-07 11:07:38,2017-06-07 12:01:35,2017-05-30 00:00:00
906fa2ba215b24e3888dc3f8c0950f78,3ee82f4a953ea7f018f21457044917f3,delivered,2017-07-15 19:04:37,2017-07-16 19:03:20,2017-07-18 13:29:35,2017-07-26 10:38:21,2017-08-14 00:00:00
c45686ed86426af3f7be41420b6020ea,667b5b2ec3ffc38456c616b28951e49c,delivered,2018-05-06 21:49:48,2018-05-08 19:34:56,2018-05-09 10:13:00,2018-05-18 16:40:54,2018-05-29 00:00:00
0c7f78afde3e635c59eef76c3f1a5ea5,82394d9ee9f28882adb2888d34b4d164,delivered,2018-03-23 18:45:37,2018-03-23 19:27:37,2018-03-26 15:12:04,2018-03-27 19:11:59,2018-04-05 00:00:00
c3a3138b83444e2e6c24b0bdd327bd30,4f45d57597e28593ae50b9c4fea31173,delivered,2017-12-11 21:59:48,2017-12-12 00:14:09,2017-12-14 11:44:47,2017-12-20 03:07:19,2017-12-28 00:00:00
ee0a25ec12376692fee5a7d0613f466e,544c58d4cdf2d598c7146aecaca5f86c,delivered,2017-05-23 22:21:30,2017-05-23 22:35:15,2017-05-24 13:56:51,2017-05-29 11:01:32,2017-06-19 00:00:00
b58ad6013994eef55be5cdaf76a1a14d,e89d9baac0b6b9fa7a520be393ff22d0,delivered,2017-11-30 18:02:45,2017-11-30 18:13:23,2017-12-01 21:21:25,2017-12-14 16:09:26,2017-12-27 00:00:00
31b5594fc512aedc5f790621219fd23b,48dac436905723c1a5cdaf40bb3c01f6,delivered,2018-07-30 19:52:59,2018-07-30 20:30:57,2018-07-31 15:44:00,2018-08-06 14:42:08,2018-08-13 00:00:00
a1cadef58ea9a00d7e27089a29644883,35ce0878563c58ae6204141b827a6b86,delivered,2018-03-23 16:36:35,2018-03-24 02:07:55,2018-03-26 22:08:44,2018-03-29 01:29:44,2018-04-05 00:00:00
52ef81c49a349b1162a7bd4a8c2034e4,3caa046edff3326e7b06ce037829952c,delivered,2017-04-16 14:25:05,2017-04-16 14:35:19,2017-04-18 17:18:11,2017-05-02 16:55:10,2017-05-08 00:00:00
8d3c15519d40227c3bcca13bb5bbf6d2,b367e7f1a5b42e9bcd14d91190ff9db4,delivered,2017-10-03 13:09:28,2017-10-03 13:24:27,2017-10-04 18:11:35,2017-10-18 19:42:11,2017-10-26 00:00:00
8e9358bf838db65d965ffe0913252ac8,f3aa1c92c018f313579899999ea7ec40,delivered,2018-05-03 17:04:29,2018-05-03 17:15:26,2018-05-07 12:31:00,2018-05-18 05:47:40,2018-06-08 00:00:00
b2ac7b0754b724547abf07a172a45bf4,809ad2833c6b78506d5fc64546edc4cb,delivered,2018-08-02 15:12:56,2018-08-02 15:25:13,2018-08-03 06:25:00,2018-08-16 16:23:34,2018-08-14 00:00:00
3218aff04047889f8c6eaafbbcb4ea4e,0ec1d2c13f8309ab79e431af6dc72245,delivered,2017-12-10 18:33:37,2017-12-10 18:50:10,2017-12-12 21:05:50,2018-01-15 17:48:41,2018-01-05 00:00:00
5d389775a013b9eb8fcdab4cdc1eae1d,1004ffe8679b2e76e70417c5224b71ee,delivered,2017-02-03 16:25:13,2017-02-03 16:35:17,2017-02-06 13:27:11,2017-02-10 10:51:54,2017-03-14 00:00:00
8fc946cd9c823c0d350def51cea2f603,f5d8041d9f4ad5b0499a6dcd698577b2,delivered,2017-11-19 20:55:58,2017-11-19 21:10:28,2017-11-23 17:48:29,2017-11-24 17:43:25,2017-12-01 00:00:00
5b71dc5aa10d933a7c579eadd1da1894,3a0d9464f949d26dc04a2d4a13e1aac2,delivered,2018-07-20 11:03:48,2018-07-20 11:15:12,2018-07-30 12:29:00,2018-08-03 20:09:31,2018-08-15 00:00:00
af8f5400111370accfbc1ba9820c5d20,d18570550aa0268a73256e98a945ff15,delivered,2018-08-14 02:08:11,2018-08-16 03:24:04,2018-08-16 12:21:00,2018-08-20 19:59:21,2018-08-30 00:00:00
9a29901dd783afb25b9daca2a52ae1e8,9cd5dc9af35a13cdb631b0899b32387e,delivered,2017-09-22 01:40:53,2017-09-22 01:55:09,2017-09-25 16:48:22,2017-09-26 16:34:53,2017-10-09 00:00:00
11b6318ec732b94b5593c66ef1f37863,2eeafd9d0467198f7d94fabf020d86e1,delivered,2018-05-16 10:47:06,2018-05-16 11:19:00,2018-05-17 13:07:00,2018-05-18 22:12:44,2018-05-24 00:00:00
747472f67c6d285c60bd732fc28beaf9,e68996d7ba9225ec61f16385285d3ae2,delivered,2017-10-26 14:57:29,2017-10-26 15:08:20,2017-10-27 18:56:59,2017-11-24 00:22:59,2017-11-27 00:00:00
e70405e60d48ff7771de55e6b39a09da,0781f7137f42f48c0121b25b06a9587a,delivered,2017-10-30 11:54:58,2017-10-30 12:10:23,2017-10-31 22:09:32,2017-11-03 21:33:26,2017-11-10 00:00:00
4f209a7c48b44a32ff3196ddbfb4d67e,ec367d9328f38ee210f6dce68c73f5b9,delivered,2018-07-21 16:19:34,2018-07-21 16:30:18,2018-07-24 09:07:00,2018-07-27 21:48:37,2018-08-06 00:00:00
54745af3cd64e980bb671452c9b01d15,0058153a752ee674162564afb1191d25,delivered,2018-08-17 13:13:21,2018-08-17 14:30:20,2018-08-20 15:21:00,2018-08-27 17:51:49,2018-08-29 00:00:00
efdd6716d5125862a11d4e354bd4ec3c,3630110a4717d9f7969032afa285b469,delivered,2017-07-27 22:39:53,2017-07-27 22:55:20,2017-07-28 19:45:45,2017-08-04 14:32:19,2017-08-18 00:00:00
707ce3d3698a90d1ab9d9c2dc47223c2,f4a9f3a779e9783f7c992f5723bbe3d3,delivered,2018-05-02 20:08:45,2018-05-02 20:53:25,2018-05-03 13:28:00,2018-05-09 23:12:11,2018-05-21 00:00:00
9a9c8bac5de91ca285c8224b5abd58ae,d8be51d4139b593eadb40bcb184f6c8f,delivered,2017-11-28 16:21:58,2017-11-28 16:35:26,2017-11-29 23:16:41,2017-11-30 12:59:04,2017-12-12 00:00:00
fe492b94021fc809f9fd371ca4162c51,f7b168a3506088397cd2d771c1553a9e,delivered,2017-08-27 14:15:47,2017-08-27 14:25:11,2017-08-28 13:14:34,2017-08-31 20:41:12,2017-09-14 00:00:00
427bdcc4eb03caf53fde12f57a84d443,0f5cb52a437e2f6062863423966ccb54,delivered,2018-06-06 14:47:29,2018-06-06 15:12:55,2018-06-07 13:29:00,2018-06-13 18:45:38,2018-07-12 00:00:00
9d27094c5a72cbf877d632e2d03356e4,acb4334d42e78620fd025c2da7847bd0,delivered,2018-03-03 20:24:24,2018-03-03 20:35:31,2018-03-06 00:18:31,2018-04-09 18:31:53,2018-03-29 00:00:00
2d2fa725a6a15bb11defd40be0a0f79e,757c2dd6ddfe021260303dea1b58b33f,delivered,2018-05-15 07:55:19,2018-05-15 08:12:41,2018-05-17 12:37:00,2018-05-21 18:29:03,2018-05-30 00:00:00
ad7e012867d486bee881d0a10df0399c,ff5731378cb5629a451019021cc4cbbf,delivered,2017-10-10 18:10:44,2017-10-10 18:27:41,2017-10-16 19:33:58,2017-10-27 19:52:55,2017-11-03 00:00:00
09324a6d203673f8d0b62bd726f25a87,a368e7a5ecc4fbc5f7c9bbd5b809244d,delivered,2017-12-18 22:40:18,2017-12-18 23:51:35,2017-12-22 21:13:10,2018-01-03 20:42:33,2018-01-15 00:00:00
ff40f38705c95a8eceea1a0db29bff66,3d9b3665a39eb741b1ae50706cbddb8d,delivered,2018-05-08 12:27:09,2018-05-08 12:56:47,2018-05-09 16:22:00,2018-05-15 23:11:25,2018-06-04 00:00:00
2074522aabccf07984a2e77f7219ece5,c6a15026437250fd96680f784d665e01,delivered,2018-08-11 18:40:05,2018-08-11 18:50:19,2018-08-13 14:07:00,2018-08-17 21:48:29,2018-08-23 00:00:00
b7775ddf9a56a4bbabff3e2e84c08b07,c389715f8b1f89ba6f0160230cfd95a7,delivered,2017-10-27 18:19:14,2017-10-27 18:31:08,2017-11-01 15:47:24,2017-11-07 20:08:57,2017-11-29 00:00:00
7f9230d9db6715e755cc320e1a6b2436,15e479d07cf2a62758cfbe67c4742a1b,delivered,2018-04-27 07:59:20,2018-04-27 08:15:17,2018-04-30 14:35:00,2018-05-10 01:26:20,2018-05-17 00:00:00
46513a6be6229688ac9b3144f995f95a,6442854d50234aa44495bcab02c5ce8b,delivered,2018-06-08 09:55:19,2018-06-08 10:16:10,2018-06-11 15:22:00,2018-06-13 19:28:46,2018-06-26 00:00:00
721c90253d3c1f625f71e2faf53a6b57,742cedd54dad5e81da2cdaf719678e3d,delivered,2017-01-26 21:58:53,2017-01-26 22:15:13,2017-01-30 09:09:54,2017-02-03 15:09:34,2017-02-20 00:00:00
0eb7aec5fc39bddda0c24ee5cf824415,1e57c443e89e347a469a7a94b902e9f2,delivered,2018-03-23 11:39:18,2018-03-24 02:10:59,2018-03-29 21:57:28,2018-04-17 22:57:21,2018-04-30 00:00:00
4dbffcbeb7412cf8ebcbd77a6f0b64b6,291ae85099302fb8d13e152abecc5691,delivered,2018-05-02 16:32:04,2018-05-02 17:32:08,2018-05-03 11:26:00,2018-05-10 20:52:46,2018-05-22 00:00:00
8effe67a72c715f926a6dc1a616a5ea9,c6a83d4ee4872883d607d09e428d1eda,delivered,2017-02-26 00:20:58,2017-02-26 01:03:23,2017-03-01 13:01:13,2017-03-09 10:51:54,2017-03-22 00:00:00
38c08fbad68f49682733a8d83e997aa6,ddf7eddfa863931d992313aa1b1ccf79,delivered,2017-10-01 00:19:04,2017-10-01 00:35:17,2017-10-02 18:18:16,2017-10-10 15:42:25,2017-10-18 00:00:00
794651af98ca9412aa91961e14c0a796,5f4d146ec198ef05d2582c0744068489,processing,2017-05-10 20:35:15,2017-05-12 02:50:26,,,2017-06-07 00:00:00
048f3e9b77a965f84a501a7f29076128,78a198d1efd0b8219f1be948094c5ff0,delivered,2017-07-28 00:35:02,2017-07-28 01:20:06,2017-07-28 17:45:44,2017-08-02 21:06:12,2017-08-17 00:00:00
88c588c116fd06fb8e48dd83af88ec4a,8787c72a20002592238d7b80721ab729,delivered,2017-11-19 13:23:27,2017-11-19 13:35:26,2017-11-24 22:06:56,2017-12-22 17:44:27,2017-12-12 00:00:00
983ee8a15c6bc4fab3c4f5503259ed37,abf1a0d261ee8e27ea07f10bf7c9e95d,delivered,2018-02-23 11:55:53,2018-02-23 12:10:35,2018-02-26 19:57:03,2018-04-19 16:44:43,2018-03-29 00:00:00
2f5c5719818df4d83050dd5174ca0288,1be3deb75d2f1f4fdfbd22c4650136f6,delivered,2017-04-17 10:06:22,2017-04-17 10:22:27,2017-04-18 14:48:18,2017-05-05 14:08:12,2017-05-10 00:00:00
d5cbbe1602100752cd72f9630321613d,d6f64ae60a50240b7d2dfb4bab157856,delivered,2018-01-04 11:55:05,2018-01-04 12:09:08,2018-01-10 16:09:53,2018-01-19 15:38:43,2018-02-05 00:00:00
6390d8596b48fe36ecbd508af3770dec,5f302af18bb0da175bc7b0eff5307451,delivered,2017-11-24 12:58:54,2017-11-24 15:13:32,2017-11-27 21:48:39,2017-12-05 00:32:49,2017-12-28 00:00:00
d9107994bd1bf31404591bce06a547f8,c396c33a13de8470ca7f0fbff9ac4e9b,delivered,2018-01-03 17:27:00,2018-01-05 02:34:52,2018-02-03 04:05:02,2018-02-14 21:22:12,2018-03-19 00:00:00
020f04b3da1d597b9a00b825762299ba,0b42990c6a03665bc6591652ed10d6ae,delivered,2018-07-05 16:07:58,2018-07-05 16:36:00,2018-07-06 10:27:00,2018-07-13 18:28:50,2018-07-30 00:00:00
bab2b00c7dda561a8e77047d346f36cc,27b939024664f89f9ed6d687e1265de0,delivered,2018-06-06 08:58:02,2018-06-08 02:56:09,2018-06-14 16:02:00,2018-06-24 13:07:43,2018-07-25 00:00:00
d55d5f2d92f548bd9928f3edef443395,a955de2289dd1f2a6d80df6b565860f1,delivered,2018-08-06 19:31:50,2018-08-06 19:45:14,2018-08-07 17:30:00,2018-08-17 00:12:36,2018-08-29 00:00:00
712c3c76ddb4bc5fc94f6643096cb289,6c9c8a2de23ec5eaed4eae5905a1f9a5,delivered,2017-12-04 11:21:07,2017-12-04 16:31:35,2017-12-05 15:35:18,2017-12-07 19:56:51,2017-12-21 00:00:00
9048f1cdb0bbc082cc3bdd315f052bf3,4df72ed5240f354774615dbdecdf3d30,delivered,2018-04-27 21:12:00,2018-04-27 21:30:24,2018-04-30 15:00:00,2018-05-02 17:33:14,2018-05-11 00:00:00
d6290a5294ee8d7eb9b6aafd583e59e3,b6335bb5ffac3a44fd1f325a4dab8998,delivered,2018-01-04 19:07:29,2018-01-06 14:13:02,2018-01-10 19:38:41,2018-01-14 18:08:37,2018-02-08 00:00:00
8490980aaf59839a601c4184474b9220,94da0318e77932de7618aa1aead5fa77,delivered,2017-10-26 13:25:03,2017-10-26 13:49:27,2017-10-27 17:35:59,2017-11-03 14:34:51,2017-11-08 00:00:00
345a398e91fef84fbffb9c07611c9959,7185fdbf483003e78b65e2571d89976f,processing,2017-05-07 22:55:53,2017-05-07 23:05:13,,,2017-06-12 00:00:00
02bee300cb834a5d334ae42fdc325e7a,9172f54a6e979ee28aaaada718189c9b,delivered,2018-06-19 17:51:45,2018-06-19 18:22:56,2018-06-20 14:07:00,2018-06-21 19:11:42,2018-06-29 00:00:00
18f3d3d3d8f47205c56d03799039c61a,7786e89e083495d8466993cd6b3fde4f,delivered,2018-02-07 16:36:46,2018-02-07 16:50:40,2018-02-08 16:33:00,2018-02-15 21:52:42,2018-03-08 00:00:00
b9f5ca0dd8ac07db0b02705dc2be4d21,927e550cffb5caa83ce9afd6ec0d886e,delivered,2018-04-23 11:12:58,2018-04-24 18:52:59,2018-04-24 16:48:51,2018-05-04 02:12:41,2018-05-16 00:00:00
7013bcfc1c97fe719a7b5e05e61c12db,2941af76d38100e0f8740a374f1a5dc3,delivered,2017-02-18 13:29:47,,2017-02-22 16:25:25,2017-03-01 08:07:38,2017-03-17 00:00:00
5446ddcc7951680ce606991e1d953e6d,7dea9815eda7c64b6e839879d428e458,delivered,2017-07-24 08:56:42,2017-07-24 09:05:20,2017-07-24 17:42:29,2017-08-03 19:06:01,2017-08-15 00:00:00
849e77f9701faf689705a0eb09003764,13518d3af2e425cc97f19d1c8919808e,delivered,2017-11-23 12:29:18,2017-11-23 12:37:52,2017-11-23 22:02:31,2017-12-13 03:09:29,2017-12-22 00:00:00
50a6fb3fc2465d6d820f5a569be4d566,06feba89747b8e9e2a482ca08e3b1c3b,delivered,2017-12-28 16:22:35,2017-12-28 17:29:45,2018-01-04 13:10:55,2018-01-15 16:05:27,2018-01-29 00:00:00
86ba74562effd10bf32402978095963c,aacaa4169ad65e20c67f8cdc04ba074a,delivered,2017-09-13 16:03:18,2017-09-13 16:24:43,2017-09-14 16:12:24,2017-09-15 19:39:52,2017-09-25 00:00:00
b042196844fac663617a8534823b6720,1b647f8a54bfd8baa6a26e3fadac97c4,delivered,2018-08-04 12:03:14,2018-08-04 12:15:13,2018-08-06 14:00:00,2018-08-13 13:37:45,2018-09-05 00:00:00
305af4823119256511e64863ca221c60,c9c97a0dffedebf3619790954219437f,delivered,2018-05-13 14:56:49,2018-05-15 05:14:47,2018-05-15 15:05:00,2018-06-04 14:26:45,2018-06-20 00:00:00
584c2b6afebd2ec8c284ee84f4c79ebf,b962d24bb3c12996d839400f1dea145e,delivered,2018-04-02 20:24:21,2018-04-04 03:08:53,2018-04-04 18:46:54,2018-04-12 18:51:51,2018-04-25 00:00:00
69df6146503dba833ea2ae56237acd97,3a04eb9c6f03e8bff298d4172dc8ae5f,delivered,2018-02-17 23:33:56,2018-02-17 23:46:46,2018-02-27 22:06:52,2018-03-19 13:16:43,2018-03-20 00:00:00
b3ea3f6381d1b6d2683698960134fe13,fbb6b1c7deb81cb55bd3c0ccf3414912,delivered,2017-07-28 15:38:34,2017-07-29 02:23:49,2017-08-01 18:17:45,2017-08-07 17:35:55,2017-08-22 00:00:00
2343d4a98379202b11d3ec66c322ab57,83a013746849c173ca9305957f463d89,delivered,2018-03-22 18:07:42,2018-03-23 02:15:43,2018-03-31 15:36:35,2018-04-05 21:32:29,2018-04-10 00:00:00
841f22552ef7bc21e205df35283025c4,616ee49a34c54a09dd48d105944aa843,delivered,2018-06-06 12:49:27,2018-06-07 12:58:09,2018-06-15 13:57:00,2018-06-26 18:28:33,2018-07-23 00:00:00
3d5651800efaa81c9c96808ded6f145e,2a882786bc3a3af530ed3405b171b09b,delivered,2017-09-16 19:36:06,2017-09-16 19:45:39,2017-09-18 21:51:46,2017-09-22 18:02:43,2017-10-05 00:00:00
5d08d050576ab268270b7c0956c6f162,b29169462571611d1417abbb0c788dca,delivered,2017-12-18 08:18:42,2017-12-18 09:18:32,2017-12-19 20:58:01,2017-12-22 19:56:50,2018-01-15 00:00:00
2bf01051ff9e5195111fd7ffaf865240,bfcde53e4fc9b102273906be1a94f9fd,delivered,2018-07-23 08:36:36,2018-07-25 02:35:11,2018-07-25 12:28:00,2018-07-28 20:24:31,2018-08-13 00:00:00
5fc078d078575df6ce8980acdcfb6dad,439adb41e2c206f3f1a7825ce4708083,delivered,2018-02-10 18:04:57,2018-02-10 18:25:44,2018-02-14 19:27:59,2018-02-27 14:25:26,2018-03-13 00:00:00
fcc46438879834c9c223c5fa0eb0ea51,445f187cc1cfea0edfd2865118e1b183,delivered,2017-08-02 19:44:50,2017-08-03 22:45:21,2017-08-07 17:59:50,2017-08-11 15:33:56,2017-08-15 00:00:00
9c957591bcb898e6250cde437b938d95,c645112b5c938ad3082211e7bd71423d,delivered,2018-07-24 09:46:25,2018-07-24 11:24:24,2018-07-24 14:55:00,2018-07-27 18:28:58,2018-08-07 00:00:00
9fbb5a7911ef83cac2881f1bbdaf7812,d880d473fdc38c2ffc94c2f3ae89184a,delivered,2017-04-09 13:33:34,2017-04-09 13:45:16,2017-04-11 11:08:26,2017-04-18 16:48:26,2017-05-10 00:00:00
132e2cd17bdaa2f84fc9cea118197634,2fc14824142e4206fb5848d2f9e43727,delivered,2017-12-28 23:10:02,2017-12-28 23:26:59,2018-01-04 19:58:53,2018-01-16 17:57:21,2018-01-24 00:00:00
d60af32e2107bccc3efe66e3faad59c6,2c05e0fab14a8b027ea735e5f68c753c,delivered,2018-03-15 09:49:01,2018-03-17 02:50:51,2018-03-20 01:56:34,2018-03-27 02:22:09,2018-04-17 00:00:00
6d6f0c5bbf3fc7bbef3b260c1a8c89f8,e236ca0447927499f71f89d6a453e0b0,delivered,2017-08-30 15:31:33,2017-08-30 15:44:36,2017-08-31 17:25:18,2017-09-01 19:13:03,2017-09-12 00:00:00
94f039fd9c674f33650e01915dd3dd43,7be7ac0cd4778f818f1bf044ba846f7d,delivered,2018-03-30 17:11:07,2018-04-03 05:27:54,2018-04-04 21:58:24,2018-04-25 21:54:52,2018-04-27 00:00:00
12cfc50e5dd5eb78bd329c22b46da0b1,a43be428f03e58fe060cbc93599c1881,processing,2017-06-05 12:13:39,2017-06-05 14:31:23,,,2017-07-10 00:00:00
379fed4a1ab7b5a3e8126fe0b76b9ebe,88d527116cfe395e822beea99fc73c12,delivered,2018-07-27 12:44:03,2018-07-27 13:20:11,2018-07-30 12:02:00,2018-07-31 14:53:55,2018-08-01 00:00:00
419c1fa500ceff6a8d5ee78cf19d2a6d,97aa9c5cc26befddd36f8a548e8ba0f0,delivered,2017-05-09 15:22:24,2017-05-09 15:30:24,2017-05-09 15:58:15,2017-05-16 23:57:18,2017-05-29 00:00:00
f6679e9eb75edd0750101c5172d662a9,07e4085b7cf2721692374ad112e78f35,delivered,2018-01-15 09:12:14,2018-01-15 09:19:22,2018-01-18 21:35:48,2018-01-22 23:23:20,2018-02-09 00:00:00
0e80321be8a729339d21fdcfb58967bd,ea2caaeb89337bb02c4795b08b1fd8fb,delivered,2018-03-16 08:59:25,2018-03-16 09:10:35,2018-03-16 21:41:52,2018-03-20 20:58:49,2018-03-28 00:00:00
bc14e28998f2436b7a9adbaad226703a,6b303d3b8cdd5fbdbeefea8874d5bbe0,delivered,2017-05-24 20:38:05,2017-05-25 03:05:23,2017-05-25 09:31:02,2017-05-31 10:26:54,2017-06-20 00:00:00
cf08f889cfc7f4e20d52cf7c6828eeee,7713e861b6b25bb555804711dc1a57e8,delivered,2018-07-14 10:04:12,2018-07-14 10:24:15,2018-07-24 16:07:00,2018-07-30 13:51:38,2018-08-09 00:00:00
0bb273d0289520ad7addfc985468f5bb,73a710dbc1214a53b1c3b7222b9bfd83,delivered,2018-03-12 17:01:43,2018-03-12 17:10:42,2018-03-13 21:24:48,2018-03-15 23:33:05,2018-03-22 00:00:00
57a382ec5b2ec69093d3bdc7de3ec927,3cf0ae0b8daef388a5106a0f9999fe97,delivered,2017-06-02 15:12:18,2017-06-03 15:15:17,2017-06-05 17:05:16,2017-06-08 06:22:40,2017-06-16 00:00:00
ff85c3e4329457e83cb474799a257ccc,bebdd0fa741d459ddb69cf8862bb641c,delivered,2018-01-17 14:02:36,2018-01-18 16:57:45,2018-01-19 17:41:49,2018-01-21 17:44:12,2018-02-01 00:00:00
7a7d2c889e27d93b2005462a8788e168,88927ff4f54b497957d9947e926ec6fe,delivered,2016-10-05 00:32:31,2016-10-06 15:57:05,2016-10-30 14:03:48,2016-10-31 14:03:48,2016-11-25 00:00:00
2777dd73cc83e92e814ebb6126f236d4,a4c949266758d95f0a1aae3ffd688954,delivered,2018-05-10 11:05:38,2018-05-10 11:36:23,2018-05-15 09:40:00,2018-05-17 18:31:05,2018-06-06 00:00:00
b9e94fdb4a15c04cbde632c381826608,bc9b1d17c0cea5e7ff2d2b42a184ea85,delivered,2017-08-16 15:31:02,2017-08-17 15:55:18,2017-08-18 14:45:38,2017-08-29 12:26:16,2017-09-14 00:00:00
dea87e82c0c86203867522c013b7743b,a72dfdf9a18da0ad52689d418656aa33,delivered,2017-05-22 13:04:57,2017-05-22 13:15:08,2017-05-23 09:46:07,2017-05-26 13:43:09,2017-06-20 00:00:00
df8bb1c5e34a83edbd547f2fa290801c,49514292b7c96900328c314056e19641,delivered,2018-02-26 10:49:26,2018-02-26 11:10:05,2018-02-27 18:36:10,2018-03-06 14:14:05,2018-03-21 00:00:00
181ba9a81073ea2d653d9a7338f4cf98,c6dcb798b5f3502dbd1efbfd35bd7197,delivered,2018-05-07 11:32:21,2018-05-07 18:09:43,2018-05-08 15:35:00,2018-05-14 14:31:21,2018-06-07 00:00:00
a823e340670fb72aaeea0c7aa697212a,af0444fd0bec2983bc41d5f9874ce221,delivered,2017-10-19 11:58:03,2017-10-19 12:14:17,2017-10-20 19:56:06,2017-11-04 00:05:41,2017-11-28 00:00:00
45776460b7ff952460b7e9d32c28bd9b,8106875d8a76c94534a5cece49730acd,delivered,2018-05-16 22:54:29,2018-05-16 23:14:36,2018-05-18 13:06:00,2018-06-06 00:26:33,2018-06-11 00:00:00
5cb1ebf7fc3436167b8c37a78ceed6a1,e0bdc76109fff228c2f4a5f09b47f3ea,delivered,2018-01-18 19:10:45,2018-01-18 19:33:37,2018-01-19 18:08:36,2018-02-07 23:48:51,2018-02-08 00:00:00
6d1a52060faffae010ab6d691f913b7f,e911b98a78cc611363070276582bb7ce,delivered,2018-06-19 16:58:12,2018-06-19 17:26:40,2018-06-20 15:51:00,2018-06-25 21:04:04,2018-07-24 00:00:00
b1170faa12a2f134d1c75c7494c64eaa,20b9c1c22b268584d60d38d65e92f10f,delivered,2017-06-02 20:47:40,2017-06-02 21:02:51,2017-06-05 14:05:55,2017-06-09 16:16:54,2017-06-20 00:00:00
64e64a4dd77d71d6bc307f24af1e55ac,28f22fffbbea1777ebad93132dc17012,delivered,2018-05-25 15:17:39,2018-05-25 15:37:59,2018-06-05 16:36:00,2018-06-06 19:29:50,2018-06-20 00:00:00
b34e0fe701f0a4fd62a44b88b142ab67,72b4434c1b3bfa28203ef23a7b4aae78,delivered,2017-07-02 22:40:18,2017-07-04 03:55:16,2017-07-05 12:39:37,2017-07-12 19:06:59,2017-07-25 00:00:00
094f7614f77e85fb05c77ecb164afdc3,a536fed4f2a97c5dea43c049d0850f1b,delivered,2018-03-01 11:37:26,2018-03-01 11:50:34,2018-03-02 19:04:57,2018-03-27 17:03:59,2018-03-19 00:00:00
fe59203fdf21267082352e201ad44772,766688dea854fc408d44e2f210fdc531,delivered,2018-05-07 16:08:14,2018-05-07 17:30:52,2018-05-08 13:02:00,2018-05-09 19:33:11,2018-05-23 00:00:00
4d890e83adf9bc9532d53b2227e92c7b,a5a1d696925fe03b4645c9ac6a417230,delivered,2018-02-20 08:24:03,2018-02-20 08:56:12,2018-02-20 19:34:08,2018-02-27 21:08:13,2018-03-13 00:00:00
7b1c9d44d6e6a5fa56cc9d084f9e1698,86ff70f8d524fc65ed5f59c12384e411,delivered,2017-09-23 18:15:44,2017-09-23 18:35:14,2017-09-28 12:55:38,2017-10-11 20:04:21,2017-10-23 00:00:00
987e9593668be10f799158973ca6fb87,d1dac904be59e9a142e30ad313465c2d,delivered,2018-02-22 20:50:24,2018-02-22 21:08:28,2018-02-23 23:39:23,2018-03-15 22:33:17,2018-03-16 00:00:00
da1a0dd3bf29adb14c8a77fca7388c11,68f3666fedabd658c5aae67697b67e61,delivered,2018-07-30 22:17:50,2018-07-30 22:31:32,2018-07-31 10:00:00,2018-08-06 22:39:20,2018-08-10 00:00:00
78cdcb172d0131f82c621d36e496db8d,482106fe3dfb5d9b889c62e60e51273f,delivered,2018-08-01 21:57:38,2018-08-01 22:05:18,2018-08-10 06:14:00,2018-08-14 20:31:53,2018-08-10 00:00:00
c283d7942d2bbca2c27a9c15ee2a390e,aa1c88ef1c54651170df45bffe3c2a87,delivered,2017-11-26 21:27:45,2017-11-26 21:35:21,2017-11-27 18:42:45,2017-12-21 19:52:04,2017-12-27 00:00:00
d44df0d4c71052d8b2a3bd5c50bd42b5,46e69377adf8857c9ce9c568ba073b06,delivered,2017-01-31 09:31:33,2017-02-01 10:31:59,2017-02-01 11:11:40,2017-02-08 14:14:15,2017-03-27 00:00:00
351c9272da4d3af9d74d3b30ee84cdde,d398ba7b07e152f0a90538e6c0a9be96,delivered,2018-02-17 12:47:04,2018-02-17 13:06:39,2018-02-21 21:04:22,2018-02-28 22:23:37,2018-03-14 00:00:00
8ebe945989d8e36075f1a141e40968c7,f1159a36d6696022379b3696298d1316,delivered,2018-08-01 12:11:48,2018-08-02 05:30:47,2018-08-02 13:49:00,2018-08-07 16:59:49,2018-08-09 00:00:00
957109fd6a6321b74f0d9cf8969aff76,1066173000b6d215df54fb72fb1f99d1,delivered,2018-07-14 21:58:16,2018-07-14 22:05:13,2018-07-19 13:45:00,2018-07-21 01:11:41,2018-07-26 00:00:00
821c1b3c87d17a24efad81096bee5f09,24455809d8e25059274e820cc202b50a,canceled,2017-10-21 17:39:23,2017-10-21 17:49:28,,,2017-11-03 00:00:00
a430c3923f187d00e67e7fef037109d3,9d4d8a6556530ce85b30147f9ecb799c,delivered,2017-12-20 08:57:56,2017-12-20 09:11:45,2017-12-21 21:28:30,2018-01-07 14:49:30,2018-01-15 00:00:00
82b9b991770e6880a10a11c5a29da6d4,a04dce798419f82084975adb9d6a79d2,delivered,2018-02-09 18:43:27,2018-02-09 18:55:24,2018-02-16 22:18:29,2018-02-22 18:37:18,2018-03-06 00:00:00
d1ccec3180d63d8bfd37f65d34f07da5,6130b51fcec3b20306df2145393397a2,delivered,2017-02-03 16:30:51,2017-02-03 16:45:11,2017-02-07 11:51:28,2017-02-20 13:32:30,2017-03-08 00:00:00
0d6fee6350875c4d645f6490e7f3ee5b,8c033b565b53f0b593b0c0a9d3b9dcd8,delivered,2018-02-20 12:55:55,2018-02-20 13:10:49,2018-03-01 20:34:18,2018-03-14 16:42:01,2018-03-20 00:00:00
790174a33341ef5cb1534732bfcbce28,b951f4aa14bd8cdbdaa9fe4bcc4f4750,delivered,2018-01-17 09:41:23,2018-01-17 09:51:30,2018-01-17 17:08:45,2018-01-25 00:34:27,2018-02-09 00:00:00
9e1cc8d31c00bfb769e00998a4b665c9,c9b7848f3a59efb83e4b34507faa7c63,delivered,2018-01-24 12:13:16,2018-01-25 02:58:02,2018-01-26 21:50:49,2018-01-31 14:29:13,2018-02-16 00:00:00
ec1692cdaaac26359dd2b8da5e6a409f,bf1f1943a062f996e5d32bcb5662b10f,delivered,2018-07-27 05:30:50,2018-07-27 05:45:09,2018-07-27 13:45:00,2018-08-08 16:08:33,2018-08-15 00:00:00
9635ce9faca001ffd1c913c8e55deaed,4541fb6085235c60a37508989a808894,delivered,2017-11-24 10:12:09,2017-11-24 10:31:47,2017-11-24 18:57:07,2017-11-25 19:24:49,2017-12-12 00:00:00
36b99cb18912a8b79b8b49685d71503a,9bdd5cd13aabfe185161f71fc3b505d2,delivered,2018-05-14 19:26:30,2018-05-14 19:35:31,2018-05-15 15:39:00,2018-05-21 14:51:38,2018-06-01 00:00:00
3e73a3d4003ea03e955b2fba57e2dc79,46742eaea64c916d632b97c24f6b8da2,delivered,2018-07-15 17:50:12,2018-07-15 18:04:11,2018-07-17 12:26:00,2018-08-01 13:39:36,2018-08-02 00:00:00
4429817093ef382ad98f0d8471211146,41f7daecd21e5bf31d52eead8fd593fe,delivered,2018-04-03 09:57:16,2018-04-03 10:10:11,2018-04-04 16:36:44,2018-04-10 00:43:01,2018-04-26 00:00:00
f1a82d00303b9e9a5863f0eb32ed07ac,90d791d06a3613f5232770d70dca4c63,delivered,2017-06-14 09:52:54,2017-06-14 10:10:07,2017-06-19 21:59:43,2017-06-26 15:44:48,2017-07-10 00:00:00
eda22ec044e1100ad6ac68b6a93afff3,83b30045e891ce55e307dd8b1e6140d3,delivered,2017-06-03 15:02:49,2017-06-03 15:15:08,2017-06-06 09:33:56,2017-06-19 19:53:44,2017-07-11 00:00:00
693571876f68cfd82ad0772a4fe8136f,25b47b76e47894309042c440d0b52481,delivered,2018-06-13 10:32:14,2018-06-13 11:00:14,2018-06-14 14:22:00,2018-07-03 20:12:48,2018-07-18 00:00:00
34e974a7933cdef65a81519b29e3bb26,f0fbeb9756b77e7f9fab29a9eab784a6,delivered,2018-02-26 23:33:36,2018-02-28 09:29:32,2018-03-02 00:03:42,2018-03-27 15:17:39,2018-03-28 00:00:00
db9f2956d5aa9406afedc858c51c2f5f,545b3f9dcf5aebe2020cbdcc23c06101,delivered,2018-03-12 21:31:27,2018-03-12 21:48:12,2018-03-14 00:24:25,2018-04-03 23:08:34,2018-04-12 00:00:00
681fc152c63481373cecdd46e390fe6b,efabb2b271a2d7ced97c99c3cbbe3870,delivered,2017-10-09 16:41:37,2017-10-11 03:35:21,2017-10-13 18:27:30,2017-10-24 20:52:22,2017-10-30 00:00:00
bb1463881b6042a9499fbcb58706b918,0bc2b5ce8a4431c1888f01afcb9b3000,delivered,2017-12-18 15:59:21,2017-12-18 17:42:09,2017-12-19 21:26:55,2017-12-22 20:54:58,2018-01-05 00:00:00
38934582b8eedc324fe26767c76fb63f,c441fa2338335316a37f3d372ae24a3c,delivered,2018-07-18 13:50:09,2018-07-18 14:02:23,2018-07-24 14:09:00,2018-07-26 20:48:46,2018-07-30 00:00:00
c82430e4a84f03b67cc2a82fecd873f0,a625f7cf467b00ae83700201dce9a6d0,delivered,2017-11-03 12:56:49,2017-11-07 07:30:43,2017-11-07 19:33:45,2017-11-21 18:23:02,2017-11-29 00:00:00
5e741be1ef0b879586c4c85a9967b5f9,0f3bd0bd44140c8d4d481fd7c47c1c2f,delivered,2017-09-03 14:04:28,2017-09-03 14:15:21,2017-09-06 16:58:02,2017-09-13 20:15:02,2017-09-27 00:00:00
5635c4d926a70f077059cfbc66700181,73a888920ff9b346bdee4b1fdccde84f,delivered,2017-05-12 12:16:26,2017-05-12 13:06:35,2017-05-13 10:12:09,2017-05-23 14:26:38,2017-06-01 00:00:00
7f6945b2c635db3bce1cfb585ba82d33,e0b51ab4363c175e59f94dd700050a67,delivered,2018-07-27 09:52:08,2018-07-27 10:04:23,2018-07-30 12:15:00,2018-08-02 23:03:29,2018-08-28 00:00:00
dc952dba5b4ae9cc2ea0eb4757f0cdd0,7dc0de733b2e5f365577ec1440bb762e,delivered,2018-08-06 18:30:57,2018-08-06 18:44:40,2018-08-09 15:57:00,2018-08-16 12:13:01,2018-08-16 00:00:00
5c2b38dc10cf46a3224f46dba893d26a,2d9d650ab42cedd47f35ce7a7e59a75a,delivered,2018-01-22 09:02:39,2018-01-22 14:13:26,2018-01-23 20:58:39,2018-01-31 13:45:23,2018-02-06 00:00:00
b90228d9050d13c266a67be0e92ccd00,540a2be873e8d6d01db05d4e9e472aeb,delivered,2018-08-03 17:04:13,2018-08-03 17:15:25,2018-08-06 16:40:00,2018-08-07 15:32:09,2018-08-15 00:00:00
1b0ca0c3b2421d7ffde52594b571c020,a568e815557dfe95e3b3ff832812486b,delivered,2017-12-12 17:51:10,2017-12-12 18:10:54,2017-12-13 17:08:51,2017-12-29 18:35:05,2018-01-08 00:00:00
d2dd22a82e41003562f87ca88e02b0b9,33e2cd7c514ebcf5664c6aaee40686f6,delivered,2017-06-14 09:32:11,2017-06-14 10:25:21,2017-06-14 15:41:02,2017-06-23 13:04:33,2017-07-05 00:00:00
6f1a557c6045fc877a74713dd8a7399e,245b9846289a6fed5a08328a36122dc1,delivered,2017-04-22 10:16:29,2017-04-22 10:30:16,2017-04-25 11:06:49,2017-05-04 12:56:28,2017-05-15 00:00:00
b6b7ebd3ab897684bb22eaf084f8f299,073b17ed858e674f538ce7dc938c8e5c,delivered,2017-12-16 00:46:18,2017-12-16 00:54:52,2017-12-18 20:03:12,2017-12-29 21:12:33,2018-01-11 00:00:00
0df120be8a76db470b19ce0fbcf170da,276b9e5886dacbd1a37c6d7c55ab0220,delivered,2017-11-28 11:39:04,2017-11-28 12:27:18,2017-11-29 20:05:33,2017-12-08 16:34:53,2017-12-20 00:00:00
131bcb82ecd96d251fa7eb8bb1f1baca,24dd6be58b4717018fa8062703561b76,delivered,2017-09-14 10:29:33,2017-09-14 10:45:13,2017-09-18 23:54:41,2017-10-07 11:37:32,2017-10-02 00:00:00
16fcb558c864b7eb62bfbf4a55be23d2,b3b12bd3e740601c17700fc176996c6a,delivered,2018-06-26 19:48:15,2018-06-26 20:07:45,2018-06-28 14:25:00,2018-07-10 22:44:32,2018-07-31 00:00:00
b9e2b866cb381ea49beee36e3baaa76e,62b2dfb55aedc55b13c25efe64e6ecd5,delivered,2017-12-15 18:51:59,2017-12-15 19:42:24,2017-12-19 17:18:27,2017-12-21 19:22:42,2018-01-04 00:00:00
909848fc22bea821de7a92b2dc614338,5c2de499c8b3e854beda15e1a3962e8d,delivered,2018-05-04 19:23:32,2018-05-04 19:35:19,2018-05-09 15:48:00,2018-05-15 16:53:39,2018-05-29 00:00:00
89e2bc56c561f718d762250d9d6eb0bc,1f144031daea5ff030f43cbd0fa1a63d,delivered,2017-07-27 20:09:44,2017-07-27 20:25:20,2017-08-01 19:27:23,2017-08-09 21:17:45,2017-08-18 00:00:00
f719f5e18ea61d821edd4a1c8d191b05,b4e47d28c7ad1902d486162b8fe5303d,delivered,2018-08-12 16:51:37,2018-08-12 17:04:23,2018-08-14 11:14:00,2018-08-20 20:48:39,2018-09-04 00:00:00
34e52c9f5c9ec68a599473a73c06a782,62f7542360ee7d4be52633831421ca1a,delivered,2018-02-22 07:51:44,2018-02-22 08:08:13,2018-02-24 01:33:30,2018-03-08 19:58:20,2018-03-16 00:00:00
d13f0023cb08bf6e41a2479ca897f64c,c0dcfd2700b2e97ff3cb6534b72e7bfb,delivered,2018-03-14 20:26:26,2018-03-14 20:35:27,2018-03-15 16:42:16,2018-04-23 16:36:47,2018-04-11 00:00:00
52a39a74e61ffa3d8ce5db4e780ee364,76df5bc8552a4baa36cc3becbedb6dce,delivered,2018-02-21 14:44:33,2018-02-22 02:28:43,2018-03-05 23:22:06,2018-03-20 20:56:57,2018-03-23 00:00:00
566c5bff1142c9d6003a83fd2e8ad1e5,892022d497c9598ce4a313f64ceaa87e,invoiced,2017-11-23 18:03:23,2017-11-23 18:25:18,,,2017-12-18 00:00:00
eaa755795bc07ae1c3d55d7f6efe1dfc,4f6d55f91cc55993f83d3f289af748ff,delivered,2018-02-09 09:45:41,2018-02-10 02:35:47,2018-02-16 16:56:34,2018-02-26 20:19:06,2018-03-07 00:00:00
4d1520659b160e48900f017af350bfb1,db4dd80011bdd47248da15fd40fb05f0,delivered,2018-04-29 12:49:31,2018-04-29 13:11:10,2018-05-11 15:03:00,2018-05-14 19:49:41,2018-05-15 00:00:00
1f9102e61cbd0d6147b706875c920a72,ea13ed4c5895346a9bc1edb29a2f26ec,delivered,2017-11-26 16:11:57,2017-11-28 03:18:38,2017-12-04 14:37:09,2017-12-07 18:07:10,2017-12-15 00:00:00
819228bb978a781e564b6de402397c19,9fe64e39becf76961f0e4a73514d7630,delivered,2018-02-02 10:13:38,2018-02-06 05:31:52,2018-02-07 15:48:53,2018-03-07 19:46:27,2018-03-07 00:00:00
aa0bc25a48a3d53cc009df13ed116b23,629abd181c1d9ef4bb09740b75ad1cbc,delivered,2018-03-19 09:32:37,2018-03-19 10:07:24,2018-03-19 21:06:00,2018-03-29 18:23:06,2018-03-29 00:00:00
9b53b66ca7d27b4c0ccf5ba89af00bd0,1557a1c24daba73fb59e9291482064a4,delivered,2017-06-19 02:15:55,2017-06-19 02:30:12,2017-06-19 15:14:06,2017-06-29 14:19:50,2017-07-14 00:00:00
167b62d7c79628cf5f36776281be5731,ad0a1c45e76e4608a273cfc5616042de,delivered,2018-06-12 19:42:08,2018-06-12 20:06:39,2018-06-13 14:58:00,2018-06-27 10:42:22,2018-07-18 00:00:00
ea48f52bfae7e6ed254f9e8d052875b9,3128a0507c7ff8e2278c112b605ef937,delivered,2017-03-28 10:31:06,2017-03-28 10:42:56,2017-03-29 15:35:17,2017-04-03 16:46:55,2017-04-19 00:00:00
652feb1d4ad368d93e848e3e211445e1,51413f058e230f8746d80916d2036794,delivered,2018-07-19 20:59:37,2018-07-19 21:10:09,2018-07-25 14:08:00,2018-07-26 13:09:04,2018-07-31 00:00:00
b0df751c10c284b15748836ecd9b3475,9c4f51b6fe51778d034c13325053ad58,delivered,2018-02-22 10:29:48,2018-02-23 02:31:24,2018-02-24 12:06:01,2018-03-05 19:58:53,2018-03-14 00:00:00
7b1ae58b5229a97d804f2275f3cbd3ed,d4821ee155d89b0b1b5b3460c88fafb1,delivered,2018-05-22 22:39:03,2018-05-22 22:56:06,2018-05-24 13:27:00,2018-05-28 17:08:54,2018-06-11 00:00:00
c05f8f8d85ec06af1b5de0baa7050f4e,97ac197efaaa8d142ed342ebe6a27365,delivered,2018-08-11 10:12:59,2018-08-11 10:25:13,2018-08-14 10:08:00,2018-08-15 17:39:02,2018-08-21 00:00:00
55bd3d21d10786b863b8537b32bc3899,6656caf59604b25703d86b9a8ea0f814,delivered,2018-08-01 13:52:56,2018-08-01 14:05:16,2018-08-03 11:20:00,2018-08-07 20:33:36,2018-08-20 00:00:00
67054420c38f2db9d12db40e122f02b2,bfc848a6094c161f69be50d12014e12f,delivered,2017-02-23 11:42:38,2017-02-23 12:23:01,2017-02-24 11:08:35,2017-03-07 16:27:44,2017-03-28 00:00:00
d24ea7235cbfd0959d74ed0ce8d59c5e,fce0a38ea4ce9584008af2e6fcbe2f04,delivered,2017-06-22 13:05:19,2017-06-23 13:10:22,2017-06-27 07:51:45,2017-07-04 11:15:56,2017-07-14 00:00:00
bb70cb558d0783914c5ebb0c37330776,96368b660b3b57393e669836011087ee,delivered,2017-10-09 07:33:36,2017-10-09 07:49:08,2017-10-09 22:16:19,2017-10-17 19:56:37,2017-11-08 00:00:00
ffd5efbd46bbf72ad374862a05ef4c72,486d66df3ef703d001f77632e7fe6bd8,delivered,2017-02-01 18:39:14,2017-02-03 03:35:07,2017-02-08 11:05:23,2017-02-15 14:41:47,2017-03-17 00:00:00
0e94db37ea63222e95092a0f870f8e9a,b002b854dca9856120dc7f6e22d9313d,delivered,2018-01-28 19:57:02,2018-01-28 20:11:06,2018-02-01 01:17:49,2018-02-05 18:08:55,2018-02-20 00:00:00
0be5691eb4c245d190a1e194494f754d,f7c5afab273b47ab517e096e0219b932,delivered,2017-09-05 15:32:33,2017-09-05 15:50:35,2017-09-06 19:37:44,2017-09-11 22:19:57,2017-09-28 00:00:00
ac509c21fa5c6600dd4b07e524fd5526,8a449a22da3672f99e89bc2f720f2270,delivered,2017-11-18 16:21:57,2017-11-19 16:30:33,2017-11-21 19:30:01,2017-12-06 15:15:52,2017-12-13 00:00:00
3a213fcdfe7d98be74ea0dc05a8b31ae,91f92cfee46b79581b05aa974dd57ce5,delivered,2018-01-11 10:03:39,2018-01-13 02:11:05,2018-01-15 22:51:59,2018-01-22 19:51:44,2018-02-05 00:00:00
13b32cf595a5b647550ed0e6f4f11415,26edf51b99d1817a0d9890fc86cf8e63,delivered,2018-05-19 11:30:16,2018-05-19 11:51:20,2018-05-21 16:00:00,2018-05-24 14:08:55,2018-06-13 00:00:00
93634466f99307a62d5d4d34689562b8,8ccfd0edf3aec24594113e478aa88d7f,delivered,2018-01-28 21:28:02,2018-01-28 21:35:28,2018-01-31 17:09:02,2018-02-09 20:24:38,2018-02-21 00:00:00
d95ca1fcb72812383e41e2eb7ca65dc2,2fd14b072ea7ff170527396ceca430d0,delivered,2017-03-30 20:26:30,2017-03-30 20:42:21,2017-03-31 19:27:48,2017-04-18 13:48:12,2017-05-03 00:00:00
265b23c0727e5d7a2a3e36f5aac03d67,dade896e95a36c520a0bcd0703385b74,delivered,2018-02-18 09:50:58,2018-02-18 10:06:34,2018-02-22 20:09:02,2018-03-13 01:33:37,2018-03-19 00:00:00
40ccf6af09b0aadbf3e2710fb2f17715,f97c2ca5646ebbad59fcb3c97791e5a4,delivered,2018-07-19 21:10:33,2018-07-19 21:23:08,2018-07-23 15:35:00,2018-08-03 13:16:39,2018-08-09 00:00:00
5e70bcf826ffb41fbf68e94ba929635e,7100e029840cace5a1d56ccc75b83ccb,delivered,2017-05-06 16:59:23,2017-05-06 17:10:18,2017-05-19 09:37:47,2017-06-23 11:44:40,2017-06-02 00:00:00
540f4eaaafc047a407e4b4522bd0fd66,70b9ad9eaa6800e9849917e4c819b340,delivered,2018-03-12 15:10:34,2018-03-12 15:38:06,2018-03-13 22:48:35,2018-04-03 21:46:46,2018-04-02 00:00:00
6f09a390f155a581c268dade6de048e1,e2e14c8ef1d36f7d465f5299e3a4217a,delivered,2017-05-24 21:43:53,2017-05-24 21:55:17,2017-05-25 13:19:09,2017-06-01 11:21:58,2017-06-28 00:00:00
fb11e3f2905ee0f75ef24f40def76252,1ce361e264c832e9920f1000dd243982,delivered,2017-03-19 18:25:15,2017-03-19 18:25:15,2017-03-20 10:14:17,2017-03-22 06:17:51,2017-04-10 00:00:00
1f38d4b0b64e26e3aa96c3e8a4afe95e,cf25c789086e690ac0787d83feaec0fc,delivered,2018-02-13 14:33:01,2018-02-13 15:08:13,2018-02-15 05:41:44,2018-02-21 16:37:04,2018-03-09 00:00:00
b899a41fdae17968d357d705b073a5ce,aa9d3f79c16ee27706637d123f425b8e,delivered,2018-07-27 13:06:00,2018-07-27 13:24:17,2018-08-09 07:51:00,2018-08-14 12:16:56,2018-08-23 00:00:00
bdce854b86e3fe8851225cb4d17f0776,f3d5f4d7dfe0ba7806d68a521836f436,delivered,2018-05-04 18:09:14,2018-05-04 18:29:58,2018-05-07 15:15:00,2018-05-08 18:12:52,2018-05-21 00:00:00
1973095f2596945f9dcc773608d8cad2,412d6c1ff4aa0c2a06f3dca0b237e464,delivered,2017-02-08 21:42:21,2017-02-08 21:50:25,2017-02-09 10:31:05,2017-02-13 22:55:29,2017-03-09 00:00:00
c57d8a1fea15380a18f9f81e1096ac9b,2ef4b4c4630ad3c0f379af495307470a,delivered,2018-06-01 23:24:48,2018-06-01 23:51:07,2018-06-04 14:00:00,2018-06-11 19:08:48,2018-07-05 00:00:00
543933b39ebd50e13884fca2829ccdf8,731bc8cd3f20efa7d59c2db944bb8b4d,delivered,2018-03-02 14:18:51,2018-03-02 15:00:29,2018-03-03 00:14:38,2018-03-09 21:04:32,2018-03-20 00:00:00
1226bc7c4bdd186e5e12d4c3ced73cac,c7b9d36724242fbe5ac804ae521215a0,delivered,2018-06-25 22:44:23,2018-06-25 23:37:31,2018-06-26 15:17:00,2018-07-03 20:03:56,2018-07-18 00:00:00
db04082694e24f9e426fd68f516b46a3,79298f6a8720081178c7741e3eff8216,shipped,2018-05-16 16:49:12,2018-05-16 17:21:32,2018-05-22 18:44:00,,2018-05-28 00:00:00
b3206cf64b7cd1480a6c6f9912b20666,da757be0eb9978feb09365ed3bdfc679,delivered,2017-09-13 20:30:02,2017-09-13 20:44:14,2017-09-14 19:52:15,2017-09-19 20:12:37,2017-09-29 00:00:00
99835a9f07d63f83120175303229a57e,5efdf84ed5c48021ba94801310a6514a,delivered,2018-08-08 23:05:02,2018-08-10 03:24:39,2018-08-13 15:11:00,2018-08-15 04:08:39,2018-08-21 00:00:00
6eeedb3e16d8072305be02562c253602,c08bcbf28cd7a7c95c95151a3ff141a4,delivered,2017-04-04 21:06:14,2017-04-04 21:15:09,2017-04-05 10:16:31,2017-04-08 22:53:55,2017-04-25 00:00:00
1e05735291d8969fddb706f4fabe8725,0764fd70cf180925814aac76754a1a65,delivered,2018-01-11 21:41:57,2018-01-12 10:28:15,2018-01-12 22:07:05,2018-01-17 17:43:17,2018-02-05 00:00:00
e030f5da42afc3b5b81b24d7c4d1bcb0,c90951deb7ca17b49eb1dbee767171b9,delivered,2017-12-03 11:59:04,2017-12-03 12:12:01,2017-12-04 16:32:32,2018-01-04 15:43:40,2018-01-02 00:00:00
7033745709b7cf1bac7d2533663592de,7f0ca17bb33b230b47459437cf0682c7,delivered,2016-10-04 14:13:22,2016-10-04 14:46:48,2016-10-08 14:46:49,2016-10-11 14:46:49,2016-11-30 00:00:00
257b54c7aa667fa7865055803a58a737,7330d34b5bda6028598cc40d357a8874,delivered,2018-01-23 14:11:49,2018-01-23 14:32:35,2018-01-26 16:33:12,2018-02-03 14:51:28,2018-02-23 00:00:00
60d0d7f6e4119e9a4630876994978c2b,f9731a0309dae925dac8a35ef104a199,delivered,2018-07-26 09:26:38,2018-07-26 09:35:18,2018-07-26 12:55:00,2018-08-01 15:49:05,2018-08-17 00:00:00
b115422b830bf2840fccf6f0d6678ab2,d0ed961c7140b7f191442b56f46aaf2b,delivered,2018-08-16 13:09:43,2018-08-16 13:23:56,2018-08-16 13:41:00,2018-08-22 19:20:40,2018-09-06 00:00:00
a47209f5c19200ebf7bb28427db5fc1a,fa93ce4834c0f048dfd4b15cb6542beb,delivered,2018-04-18 10:19:22,2018-04-18 10:35:10,2018-04-19 21:57:22,2018-05-02 21:31:58,2018-05-16 00:00:00
68e8ce771060f901302ac23924bd1400,5f2027781aea2cfdfd2fb08637d21e8f,delivered,2017-12-23 11:17:51,2017-12-23 11:28:25,2017-12-26 17:52:22,2018-01-09 17:04:53,2018-01-31 00:00:00
e4c01d7732af07fff2a3e083d93f0581,d4d1005e3934eff533fddab9afb213cb,delivered,2018-04-01 13:30:48,2018-04-01 13:47:30,2018-04-02 19:12:19,2018-04-03 21:12:01,2018-04-12 00:00:00
bf2167abb407021a362558b6a9fe6bc3,f6c018413a69afd6bbcfa38e7b392dfd,delivered,2017-11-25 16:11:28,2017-11-25 16:18:27,2017-12-01 14:28:52,2017-12-19 17:38:41,2017-12-26 00:00:00
7cb4dff15cb0bfae18db9857cf0455f4,cd9b65266e937da76d5203621315b8a8,shipped,2018-03-27 16:57:14,2018-03-27 17:11:32,2018-03-28 19:23:32,,2018-04-27 00:00:00
1d28f6017289eba334290b00546ea432,0722bb9204b10c58f3641b0c27c7dc72,delivered,2017-02-27 21:24:42,2017-02-28 21:30:12,2017-03-03 11:35:54,2017-03-27 14:28:00,2017-03-30 00:00:00
a8aa2cd070eeac7e4368cae3d8222e2b,2c5519c36277c3f69df911c68cc97e50,delivered,2017-05-09 17:42:45,2017-05-09 17:55:15,2017-05-10 15:30:08,2017-05-16 23:22:20,2017-05-18 00:00:00
2ffb8e2050ae93716f72226de572ab0d,8f6897eea837b76a043cefd94ddcf4be,delivered,2018-08-14 17:13:56,2018-08-15 19:04:04,2018-08-16 11:35:00,2018-08-29 15:06:32,2018-09-11 00:00:00
2783cfcf916c2cef168f19a7a2e45e45,b9633b9cf51f58d7c6facdc197862501,delivered,2018-07-25 09:23:57,2018-07-25 09:35:21,2018-07-25 13:47:00,2018-07-30 14:51:40,2018-08-13 00:00:00
ad6b07be756ec7284a64503ac34f6975,e34f1deeea3369207caab9fd7a49cee8,delivered,2017-04-05 15:04:14,2017-04-07 03:11:01,2017-04-10 15:50:46,2017-04-19 16:49:07,2017-05-09 00:00:00
04ca915235b56ef2ce81703cdaa6a24b,63adaee377092616c26dd4b26b4cc633,delivered,2018-07-04 20:46:09,2018-07-05 16:20:57,2018-07-05 11:14:00,2018-07-10 20:38:39,2018-07-27 00:00:00
af87d49b5a2696414bd17915b853c941,4cad2f3d895f2f6ad2de7e0054dd2e24,delivered,2017-11-24 10:26:28,2017-11-24 11:51:07,2017-11-25 00:18:53,2017-12-05 00:35:01,2017-12-26 00:00:00
b08e6e87102def921faf1a611d09031e,95948f00bd07df9a0c9b940d7a2ffaa9,delivered,2018-03-23 14:43:35,2018-03-23 14:55:35,2018-03-24 00:21:37,2018-03-29 22:22:49,2018-04-17 00:00:00
12aef789cfc998f5f44ddf27c24e354d,2b7e2056564c3cf62c3a538efe74ba8e,delivered,2017-07-29 11:21:44,2017-07-29 11:35:16,2017-07-31 18:39:36,2017-08-12 03:27:50,2017-09-01 00:00:00
ed2e531820c09c6a5dd68fe295484148,4e157f7a1f67d7f847355a56eadf0512,delivered,2017-11-24 09:58:53,2017-11-24 10:33:30,2017-11-27 17:25:06,2017-11-29 16:51:59,2017-12-15 00:00:00
1486436c20fbfcb9dbce0d90820b86a1,a825f9cda9b9fb692610242a7374ff21,delivered,2018-08-06 00:03:03,2018-08-07 00:04:38,2018-08-13 09:24:00,2018-08-15 20:22:32,2018-08-24 00:00:00
4754d7bc057483f912a675e072cd7437,0fc720fc8c292a9f931206b6dcaf5245,delivered,2017-11-27 21:12:18,2017-11-27 21:19:27,2017-12-07 19:03:33,2017-12-13 12:19:14,2017-12-15 00:00:00
cd472c4843f0157551fb2c99b21d3786,32aea1e0da2cb689dcf847a444bf252c,delivered,2018-03-01 19:06:30,2018-03-03 02:35:36,2018-03-05 20:08:07,2018-04-23 18:52:41,2018-04-05 00:00:00
1436cba3294812a22fe0868db7581b68,662b50538fbec2fa00feb3d4e7135b93,delivered,2017-12-12 22:20:59,2017-12-14 02:11:58,2017-12-14 17:02:48,2018-01-16 21:33:39,2018-01-12 00:00:00
fcb6bb55e888419b146e0bd3c612a373,108bf4710b177d9ac1f45d814aab627d,delivered,2017-06-28 09:44:09,2017-06-28 10:03:30,2017-07-10 13:42:39,2017-07-13 19:43:27,2017-08-01 00:00:00
ef2165ddd56495b711b9a61098a7e6f2,76b432ca295f27833e5ccb04faec8297,delivered,2018-06-08 13:22:42,2018-06-08 15:31:58,2018-06-11 13:29:00,2018-06-19 20:24:53,2018-07-13 00:00:00
60d33f204669abf0795294143b54d6b4,0c759d0ffa38b978922b8a00506f6159,delivered,2017-04-04 09:19:31,2017-04-04 09:30:19,2017-04-12 11:57:08,2017-04-17 11:23:45,2017-04-25 00:00:00
3ee6f1a94cd7b1aa622553fd94a3aaf3,ea4446b4fe6639ea64c2bd4483f494f2,delivered,2017-08-16 10:59:07,2017-08-16 11:30:24,2017-08-18 18:17:35,2017-08-31 19:35:18,2017-09-27 00:00:00
bbcd8e46520fed222134c829d40f79a6,6d5d8bf0bd779f372db4ed11ca72b514,delivered,2018-05-01 11:09:04,2018-05-02 12:55:12,2018-05-02 14:20:00,2018-05-17 18:18:34,2018-05-24 00:00:00
f0c00b0c02ed4f14f20fad7c26002b9c,67ada02dc1c10400e1bd19e1d84541ff,delivered,2018-03-06 09:06:58,2018-03-06 09:49:38,2018-03-15 23:35:37,2018-03-16 15:41:57,2018-03-27 00:00:00
c94ddd241e51ad691efa43aaee5b7f7d,c94c5dd9a5c1799b59a4c29a2ba4a87a,delivered,2017-07-19 08:37:27,2017-07-19 08:50:13,2017-07-20 16:22:05,2017-07-26 21:42:55,2017-08-11 00:00:00
4667b0530b09d78c08bbbc0f8b6f899e,4f5228be61dda0c073c8e0aa01521fd7,delivered,2017-06-13 11:43:54,2017-06-13 12:08:00,2017-06-16 15:04:36,2017-06-30 14:32:22,2017-07-06 00:00:00
75a3f30121c49c5ad0085de582ba2451,7d14393ae77ef2bae04901d86cbab86d,delivered,2017-06-06 00:49:51,2017-06-06 01:05:45,2017-06-06 10:34:32,2017-06-08 14:57:37,2017-06-20 00:00:00
d2a113300be1ad556e4d030e6b83a0e0,920cff83215b879c9ace7a9f450c5238,delivered,2017-12-23 14:04:47,2017-12-23 14:13:23,2017-12-28 16:19:15,2018-01-19 19:07:06,2018-02-09 00:00:00
d5cb12269711bd1eaf7eed8fd32a7c95,f1622b5b691cbc9c39f10ff359043335,delivered,2018-05-14 17:00:31,2018-05-15 17:37:52,2018-05-16 13:36:00,2018-05-18 17:12:51,2018-05-29 00:00:00
1c7c35deaf3a1639e247ce03babdfded,87edd217bd6fc063e3bcaded331967a7,delivered,2018-07-16 16:33:17,2018-07-16 16:45:10,2018-07-17 15:00:00,2018-07-20 19:57:58,2018-07-30 00:00:00
4ea3c6eaf3dc15ad857675322bfb6bd0,cf514939041cb2b8724a3e685e2bb43b,delivered,2018-08-19 15:10:51,2018-08-20 12:10:43,2018-08-21 15:20:00,2018-08-29 06:21:52,2018-09-06 00:00:00
c52d58426aab3759ad2cf6fcb69e4add,47e4d87e021a20a49ead4ef11a9b466f,delivered,2017-07-30 21:04:22,2017-08-02 08:33:31,2017-08-01 15:54:30,2017-08-21 19:43:48,2017-09-01 00:00:00
fa0eabdc8b8a7fb4e0e95a2b70dabf8b,42669d66e9ebba92f46400f726886844,delivered,2017-11-09 17:54:37,2017-11-09 18:10:34,2017-11-13 19:28:35,2017-11-22 00:48:47,2017-11-30 00:00:00
880ba0831c3fe181b5096a98d3c755e4,5fb7662b5f14f01c2a37b381becceca4,delivered,2018-03-26 20:27:03,2018-03-26 20:47:01,2018-03-29 01:32:56,2018-04-02 17:32:02,2018-04-18 00:00:00
f2076489cb09f9d0f11c6a524022fad8,e6c8c89d3ddde215c157724927e7c5f1,delivered,2018-01-11 20:01:08,2018-01-11 20:30:46,2018-01-13 02:55:56,2018-01-18 20:08:16,2018-02-05 00:00:00
9d42a1c81eb3b04c83752029d1bb93fe,db1383e3c3c58475adf2651e6cfa58f7,delivered,2017-11-08 18:27:39,2017-11-08 18:47:23,2017-11-10 14:51:48,2017-11-22 13:20:27,2017-12-01 00:00:00
ed913f2f9db29736f6ef22c4446abdac,cc25be330141b5bf8171b447274988dd,delivered,2018-03-08 23:09:28,2018-03-09 01:01:34,2018-03-09 21:08:45,2018-03-13 19:16:40,2018-03-20 00:00:00
4e49c4d84e4e416dfa56e61889b7113d,08c79ba38eb563126e213a0a764eb7a4,delivered,2018-03-23 16:19:04,2018-03-23 16:30:39,2018-03-26 20:03:53,2018-03-29 17:09:09,2018-04-12 00:00:00
291db83cebe0c7179310b62e0a7e2714,86484b39e159b80d85758985c1463d6d,delivered,2018-05-06 20:53:32,2018-05-08 19:34:35,2018-05-16 13:44:00,2018-06-07 19:51:56,2018-05-29 00:00:00
b37fc42b9b16ca9e092edcf0c06bd1f5,c6955e041a62b1c6ff9bfe57c4ce5b31,delivered,2017-10-25 16:55:15,2017-10-25 18:35:15,2017-11-07 20:52:57,2017-12-07 16:29:32,2017-11-24 00:00:00
95c9b6a458336c5de68ca8d1ba553078,db8957fc5d587cdfd7eb1a3292d4e2e9,delivered,2018-02-18 01:52:21,2018-02-18 15:30:27,2018-02-20 18:18:09,2018-03-19 18:44:57,2018-03-14 00:00:00
9a1d09360fb93ff8ae57b066fe14bc62,8c6d6ced29074dffd258f47c91c215a3,delivered,2018-06-29 17:53:10,2018-06-30 04:35:20,2018-07-03 06:23:00,2018-07-06 13:54:42,2018-08-01 00:00:00
6be90258d0695edd089b1165c0925902,8f399738d7135634f6501aaeb70c953b,delivered,2017-12-10 13:20:21,2017-12-10 13:30:26,2017-12-11 23:43:30,2017-12-29 15:07:18,2018-01-08 00:00:00
4ee25083ee6cc047adea4955dce72c6d,4caac2b083c3e53c597c4362c61f2598,delivered,2018-04-11 00:03:20,2018-04-11 00:15:26,2018-04-13 20:41:24,2018-04-23 18:27:49,2018-05-03 00:00:00
84c6aab1664b33eb5607e118dc4bced8,cd308a85bd46a37859726a36c43ba71f,delivered,2018-04-02 14:54:34,2018-04-03 07:08:27,2018-04-05 21:42:07,2018-04-25 18:46:56,2018-04-23 00:00:00
abbf8270415671551b11b0e45c72eeb8,0cf035c6dba87ba8ca506f64719663dd,delivered,2018-02-22 09:31:28,2018-02-22 09:50:31,2018-02-27 23:42:26,2018-03-23 19:34:36,2018-03-23 00:00:00
e6190dea235662449d160357e46eaec8,b80feb27fb4955a21bca55fdb039af17,delivered,2018-01-09 06:37:43,2018-01-09 07:27:15,2018-01-09 18:35:02,2018-01-15 14:56:58,2018-02-06 00:00:00
3bc9ec33a0837981e7f5e35876723afb,d575e11a6155f00e7dac21ee59463aa4,delivered,2017-04-06 10:48:38,2017-04-06 11:02:56,2017-04-07 12:49:56,2017-04-17 13:08:14,2017-05-08 00:00:00
a402af38a74c44926247db438245d95c,3ba47b09546c2da91ef141efce2d5888,canceled,2018-01-30 22:12:10,2018-01-30 22:34:14,,,2018-03-06 00:00:00
1c5ea09d670777647e55f734e3d784b2,76c645adfb10bdaf744e6ec0649fe610,delivered,2017-10-31 12:20:33,2017-10-31 12:35:47,2017-11-03 18:32:38,2017-11-07 19:24:36,2017-11-27 00:00:00
ac28921ef185c0a4f81b4fbbdf4d645e,023a2dda10505c5b757b7f9887f5c41f,delivered,2017-10-28 16:36:44,2017-10-30 22:31:39,2017-11-07 17:08:46,2017-12-05 04:10:01,2017-12-08 00:00:00
c60a44d6c46309c86882ffce00a0b412,6cbea8a57483ec9eefcffbf5241657ee,unavailable,2017-02-15 11:25:14,2017-02-15 11:43:27,,,2017-03-14 00:00:00
ef161f48adcaeede5920308df1c280b6,5491f5b2f7ef061ae1fb0b14b0fcb434,delivered,2018-02-26 11:32:03,2018-02-26 11:55:58,2018-02-27 19:45:06,2018-03-12 15:08:44,2018-03-21 00:00:00
b19729f4717938d651f26d5f33dffd72,427a6293e6afb7796ed327369e5f01da,delivered,2017-11-14 08:47:29,2017-11-14 09:07:00,2017-11-17 13:02:32,2017-11-29 23:58:06,2017-12-08 00:00:00
b1bb317f7d7fdeefca25499d3e62cb48,baffd01d37d60eed6f4980ed9989b397,delivered,2017-03-25 18:02:37,2017-03-25 18:15:08,2017-03-28 19:05:34,2017-03-31 13:23:59,2017-04-20 00:00:00
2d395688fd6ae7eb8d492b8fd1ce287c,118ea956ae83ce874aa0b2613c29f0a7,delivered,2018-02-22 14:17:49,2018-02-22 14:30:46,2018-02-24 00:09:03,2018-03-01 22:08:03,2018-03-14 00:00:00
17241db677e74dd094059c24370fb785,123287f3f6e1998cc472de6310f8e81d,delivered,2017-12-07 20:01:16,2017-12-07 20:11:42,2017-12-08 21:39:03,2017-12-10 17:39:04,2017-12-26 00:00:00
e1a6a65ef3f7bc155b0e21555a728931,63a710384d8293cd7dc192503569a34e,delivered,2017-10-18 13:43:32,2017-10-18 13:56:15,2017-10-19 20:46:50,2017-10-23 20:52:04,2017-11-09 00:00:00
5c7ffa6a8321eb05f96b3f941cf874e5,138c289139c20975e732feabd97f3983,delivered,2018-04-04 10:22:35,2018-04-06 03:15:31,2018-04-10 20:28:24,2018-04-26 01:42:38,2018-04-24 00:00:00
6784eb6ac53d515d589b68821f86a2c8,3fddf2d86128110da11753b3c78b844e,delivered,2018-02-05 19:27:32,2018-02-05 19:50:05,2018-02-07 00:11:37,2018-02-22 23:06:42,2018-03-07 00:00:00
a8b7b51948bf9deabad95734d8470c5f,b933dffd7bce914ecf44a45630277fdb,delivered,2018-01-03 14:32:04,2018-01-04 05:11:07,2018-01-04 22:20:07,2018-01-23 19:51:52,2018-02-01 00:00:00
6c5df19e668b79ccf854d8fd72a105ae,e727269b32ac05dda1a8ac1a8144b288,delivered,2018-05-19 12:42:30,2018-05-19 12:59:52,2018-06-08 13:40:00,2018-06-11 19:42:18,2018-06-07 00:00:00
7229fca9b269915fc63b44434d20828a,a023e60d1438c4241673afd111cd1cf3,delivered,2018-08-15 16:12:57,2018-08-15 16:25:27,2018-08-16 14:10:00,2018-08-20 20:33:34,2018-08-30 00:00:00
89e9e2248c46410c319d535f06a23346,25243a573082033eef3dce30008bc979,delivered,2018-07-22 20:49:02,2018-07-23 12:31:57,2018-07-23 18:16:00,2018-07-27 20:14:43,2018-08-16 00:00:00
2aa34343b80af35eb485d6511edf7a1d,190a654dff9117bfb0b69bbe3f5d581b,delivered,2018-07-07 08:45:00,2018-07-07 10:15:25,2018-07-10 15:16:00,2018-07-20 17:51:33,2018-07-31 00:00:00
8c2f915441bbfbd7a7b3ace56058f799,dee3552c1fc38b7497a491fdf5e76c4b,delivered,2018-02-06 13:32:02,2018-02-06 15:55:47,2018-02-08 20:21:36,2018-02-15 16:18:51,2018-03-08 00:00:00
0f33fb71f898568a0193fcbc892cf511,e725ee0c4279d554a9ab8740b3f4e963,delivered,2017-08-31 21:44:52,2017-08-31 21:55:18,2017-09-01 20:33:24,2017-09-05 17:54:07,2017-09-20 00:00:00
e417eb578007d00c0b658bc321e625fb,e5cb26fca2d6d69837f8b62d69368ca0,delivered,2017-10-03 14:57:22,2017-10-03 15:07:23,2017-10-04 16:00:26,2017-10-13 21:42:57,2017-10-27 00:00:00
708819b15b92924c2b0045e5e0a41c5a,db1391f5393765bd6ca2ebf18b16bdaf,delivered,2018-01-17 15:48:03,2018-01-18 02:11:37,2018-01-19 01:09:16,2018-01-23 15:42:37,2018-02-19 00:00:00
ec83ca33654b7762ca475188a2152211,9b62dcdf7d09676e6155d051c2fa0121,delivered,2018-01-31 18:59:31,2018-01-31 19:11:18,2018-02-01 23:59:36,2018-02-20 17:07:45,2018-02-22 00:00:00
6c8accd4cab9d1cccad9d791492d53b2,847a65ac1b1b67459d7fe6e1a1af3c83,delivered,2018-03-17 03:08:01,2018-03-20 03:28:16,2018-04-04 19:23:29,2018-04-06 18:51:43,2018-04-16 00:00:00
24c6142a989e2c7774a57791c8cd449d,2308f7af7226e2922e8f3612783bf836,delivered,2017-09-11 00:27:04,2017-09-11 00:35:22,2017-09-11 19:10:06,2017-09-15 19:26:11,2017-10-02 00:00:00
6ba0683fc45576a6050dfba5f9c41bb1,0040a8417928d0d5abd5169cd7877181,delivered,2018-06-27 17:38:07,2018-06-27 17:51:07,2018-06-28 12:55:00,2018-07-03 07:41:41,2018-07-31 00:00:00
7250e10eca3d7f71a091ac5752d3228f,4b8ddc64bbb358f9251fa9e8ec035899,delivered,2017-03-12 08:14:00,2017-03-12 08:14:00,2017-03-13 13:33:29,2017-03-27 13:58:34,2017-04-11 00:00:00
41e26896c2835821f7622124a8ebf047,5d19e4ad46b3ba65d54ae635288c391d,delivered,2017-07-15 19:41:38,2017-07-15 19:55:17,2017-07-18 19:03:26,2017-07-27 13:33:21,2017-08-11 00:00:00
0fcb1b4cfdb2f127f9ae4d732352dfc7,fee9143c97f344e2663c67de0ab6eefe,delivered,2018-03-13 23:54:44,2018-03-15 03:31:31,2018-03-16 00:27:28,2018-03-22 00:32:44,2018-03-29 00:00:00
6bfefd597dae9bcdc38e087a154ab6e5,c0fd6186a94fc6fe13f085e45a2b5045,delivered,2018-04-25 21:55:09,2018-04-25 22:10:23,2018-04-27 12:56:00,2018-05-08 15:45:39,2018-05-18 00:00:00
70c9e0c247d9f1e785e3a31d2a333ec6,4f8eccc9715d609c5524da78c3f072ad,delivered,2018-05-16 19:08:50,2018-05-16 19:36:47,2018-05-17 14:41:00,2018-06-01 17:14:52,2018-06-01 00:00:00
1e8653b2cbcdd39e513300acd653dd60,ac578952e6d0be848f907f8c4f4ac86a,delivered,2017-05-23 21:17:18,2017-05-25 02:45:28,2017-05-25 11:54:14,2017-05-31 08:33:39,2017-06-29 00:00:00
babc844d408abfa49b0c875fcc3738d4,ffe1eab23bff108bf37c973b05d4e9ba,delivered,2018-08-18 08:43:29,2018-08-20 11:10:05,2018-08-20 15:49:00,2018-08-27 19:46:41,2018-09-11 00:00:00
70217ba6c09626a3f4b980eac7d98a1d,8c2dba1581356178de57718a19cd1d61,delivered,2017-08-08 21:04:11,2017-08-11 04:15:14,2017-08-11 18:40:06,2017-08-23 19:22:51,2017-08-30 00:00:00
6228b5ff5e2a9f1cc96101d4c6c08d10,5cec8085bb0230910a0a091f25e27df5,delivered,2018-05-11 20:25:19,2018-05-11 20:35:13,2018-05-14 14:42:00,2018-05-18 11:42:51,2018-06-07 00:00:00
d5126e0c4988c70a3808041792214dcc,aca9f3d4889f7141d94840387c9e3d5a,delivered,2017-04-30 19:14:32,2017-04-30 19:25:10,2017-05-02 12:26:35,2017-05-15 16:28:14,2017-05-23 00:00:00
7c46b5ee3a6b6152b85d5d245784bc25,184ab3d6d53ad7db0f980d864012d5df,delivered,2017-09-07 10:36:54,2017-09-07 10:50:07,2017-09-08 20:00:03,2017-09-20 17:36:17,2017-09-29 00:00:00
4ca7011605c977cd69c1e1706625e98b,120e344115fc96baed2f4250646e8072,delivered,2018-03-26 15:27:43,2018-03-27 03:48:19,2018-03-29 21:23:39,2018-04-03 21:26:28,2018-04-09 00:00:00
6ede6615bc35ab422df675c8a25de420,a78737fe65e513541043cdb631b4d3df,delivered,2018-06-18 23:05:35,2018-06-18 23:16:43,2018-06-19 15:12:00,2018-06-27 14:51:54,2018-06-28 00:00:00
1550ad5373660bdeb5c52239b456396e,6da4a9737f336aa2e82f44bb0e868cdb,delivered,2017-07-03 19:16:19,2017-07-03 19:25:16,2017-07-12 17:58:53,2017-07-20 19:07:26,2017-08-10 00:00:00
ea33d2e32db7734d3c36091ea506493d,1d4e1d2283ec54d6b61c685d0f983374,delivered,2017-07-26 15:38:54,2017-07-26 15:50:17,2017-07-27 16:56:53,2017-07-28 18:35:46,2017-08-08 00:00:00
8223c1c9dfe33eb14644dd34a5213285,901d7a385e775e24d2adb6ea1d28ff10,delivered,2017-05-28 16:33:20,2017-05-28 16:42:21,2017-05-30 08:42:24,2017-06-08 11:17:41,2017-06-23 00:00:00
42179e8f527c0f76eec0b2a37a284f4d,58d891eda9a7fef354dcfb65285b4587,delivered,2017-03-02 14:10:27,2017-03-04 02:23:33,2017-03-07 15:39:42,2017-03-16 15:42:10,2017-03-21 00:00:00
1539409c01ad8a5e32a2574668ad975e,1eb544acef426d2268c038b8e3ff1b23,delivered,2018-01-27 00:20:53,2018-01-28 00:15:50,2018-01-30 21:18:31,2018-01-31 19:26:39,2018-02-14 00:00:00
122e2899f5b25c99d52cece91999b676,f3df5c58c90ca274dfeb4c9bc6e62c92,delivered,2017-08-14 20:28:35,2017-08-16 03:24:57,2017-08-21 16:27:51,2017-08-28 20:07:47,2017-09-08 00:00:00
8384cc8291fa3f9512995c77446cf25b,c6447c7b0643e5526a0b245317858d72,delivered,2018-04-07 12:43:39,2018-04-07 12:55:34,2018-04-11 00:17:50,2018-04-12 00:38:44,2018-04-23 00:00:00
46cede2272077facfeb5aa257851d0c3,2299bcdc88bf79c9062fbd443899ae0e,delivered,2017-08-18 20:27:48,2017-08-18 20:44:31,2017-08-21 19:16:33,2017-08-22 18:34:27,2017-08-31 00:00:00
db3d8c47002a9d03c4220a0a0bccff78,3c9c382a4b76e788a7f5840d02b943a2,delivered,2018-06-28 13:01:57,2018-06-30 02:52:29,2018-07-05 14:02:00,2018-07-11 17:38:26,2018-08-06 00:00:00
25329aedc3217909f194254caa1e2bb1,8e993fed68917a4e01069b16d9fb2e3d,delivered,2018-05-03 12:05:59,2018-05-03 12:54:57,2018-05-03 14:20:00,2018-05-07 17:48:54,2018-06-06 00:00:00
a34f7357d374e2ef18edb18881327a0e,17b0a5b70ea69cbaa9623c8946d85bc2,delivered,2017-12-13 16:11:14,2017-12-13 16:31:42,2017-12-16 11:41:53,2017-12-23 18:03:03,2018-01-09 00:00:00
8b90d2eeff994cb8c7f281e9888c340d,1fa24fc6e59f9057e4122afbd1cde978,delivered,2018-05-16 12:28:01,2018-05-16 13:19:47,2018-05-16 14:08:00,2018-05-21 15:07:36,2018-06-19 00:00:00
81a4a5d32cb95aad3ce81680b8634b11,8a12fdc7884256c9bf8b7e3c48815268,delivered,2017-10-31 12:32:13,2017-10-31 12:48:20,2017-11-03 19:48:45,2017-11-04 15:39:50,2017-11-08 00:00:00
0c5f595f24dcb36af04ddd9c0655d4ab,37e6ea49e170e1146b094fffe5a66938,delivered,2017-08-31 07:59:28,2017-08-31 08:10:09,2017-08-31 19:37:46,2017-09-05 22:19:31,2017-09-26 00:00:00
3fbba2a364f0072dbf76ad244e734258,3b948253b335dedfe40495c177e2addc,delivered,2018-01-17 20:51:40,2018-01-19 08:15:41,2018-01-24 00:23:35,2018-01-24 22:05:26,2018-02-01 00:00:00
e12019a9afee02a4355f3629cc804f9e,64065d6a8dff88e59b688faf3c35997b,delivered,2018-05-16 22:43:52,2018-05-16 22:56:08,2018-05-18 08:23:00,2018-06-01 17:34:34,2018-06-04 00:00:00
9d27b66cd7dfe58587bd778c83c4d5a1,400534a4b8b95df133cd2ed3ffefb55b,delivered,2017-11-07 09:47:02,2017-11-07 09:55:32,2017-11-10 22:24:48,2017-11-25 11:59:03,2017-12-04 00:00:00
ce6d6c97c681b91f6a645bf24c8da7ff,996dddfbf0751298292794a9341ceb95,delivered,2017-12-01 20:36:32,2017-12-03 20:31:30,2017-12-06 19:04:33,2017-12-13 18:44:28,2017-12-26 00:00:00
07294ed0ece67bb004a4813c77dfc3e3,ff2fbcf5290b75ae615bc293f2a9dfc0,delivered,2018-07-17 20:20:46,2018-07-17 20:30:16,2018-07-18 10:09:00,2018-07-25 18:41:55,2018-08-07 00:00:00
4146f35ac7a7ef4e39fe344e563c1e3b,e0eac226ceae49858de89e8a5c1ba1ec,delivered,2017-11-26 19:42:22,2017-11-26 19:53:48,2017-11-27 18:33:24,2017-12-05 18:38:40,2017-12-15 00:00:00
aa2a0609fab50d659ead956ec8f69de1,64db84b65ce929e0a68373aece3e6acd,delivered,2018-01-14 10:38:47,2018-01-14 10:49:42,2018-01-20 00:32:30,2018-01-23 17:23:24,2018-02-15 00:00:00
77474f59024d12a846fb80577dd24ee4,fe16ef90ab6e14515a95ba2255d7e918,delivered,2017-04-15 14:40:01,2017-04-15 14:55:09,2017-04-17 14:28:12,2017-04-26 14:34:15,2017-05-10 00:00:00
f989d3ba2acbcf3d6168a67eef142f3e,91aff227ee2a5b65210e8f03fd8f46fe,shipped,2018-07-21 20:00:37,2018-07-21 20:15:23,2018-07-23 07:53:00,,2018-07-31 00:00:00
11921adcbd013757ba6f287c03929bb4,2ac7740a46d83856d2c51372f27c1d03,delivered,2018-04-27 01:41:23,2018-04-27 01:55:18,2018-04-28 07:58:00,2018-05-10 20:22:25,2018-05-25 00:00:00
1cf471f71a04b68d1cda071b51d7e391,961071125f29a1927a25ae916455ef78,delivered,2018-07-21 22:44:57,2018-07-26 23:33:00,2018-07-23 11:26:00,2018-07-31 17:04:59,2018-08-22 00:00:00
80258201cda75aff559a9cc15eb0da49,89b1996b0591126bf4b91eca215d6e67,delivered,2017-09-05 18:38:57,2017-09-07 02:44:28,2017-09-11 20:16:39,2017-09-15 13:47:25,2017-09-22 00:00:00
95f55726bc4e323e44e57778ca84c0b5,fb5cd7daf353a08b6910dcf42312dbc5,delivered,2018-04-11 11:29:40,2018-04-12 05:11:25,2018-04-13 19:44:43,2018-04-23 17:29:33,2018-05-15 00:00:00
90289a17e4361481e6880e751590f140,9e14ac0a443b8dbca65c6d5b535caeb1,delivered,2017-09-21 11:06:58,2017-09-22 08:25:14,2017-09-22 17:28:03,2017-09-25 14:53:53,2017-10-06 00:00:00
51744de0a57048d0c65ad482f60cca46,7cd23b5bc801943bff3e130093cdf687,delivered,2018-05-11 14:15:08,2018-05-11 14:31:58,2018-05-15 11:41:00,2018-05-18 16:46:05,2018-06-21 00:00:00
e4c09ee4522daa0f32bd2e6b2f5ed048,cccd5136fc9518bcbf7eea735c6c2ae1,delivered,2018-08-04 22:22:59,2018-08-04 22:35:14,2018-08-08 09:48:00,2018-08-11 16:21:54,2018-08-16 00:00:00
00b402e8a76d3da83714c52d3977cc2d,ffca23943c4b620ea24812018373fa3f,delivered,2018-01-01 18:03:43,2018-01-01 18:11:33,2018-01-03 19:52:24,2018-01-19 12:08:06,2018-01-31 00:00:00
04c3465b312fdf85de8e4cf4dc186600,8846f3bf9edb9b9abd019336b3b8d3a7,delivered,2017-12-08 16:47:00,2017-12-08 16:54:51,2017-12-11 20:41:39,2017-12-12 18:09:59,2017-12-27 00:00:00
34a254b2668083c77b9158c151571877,bd026bdd374fc832ac47cf6d01e64bf7,delivered,2017-10-06 17:10:58,2017-10-06 17:26:39,2017-10-11 21:36:45,2017-10-16 20:57:45,2017-11-03 00:00:00
67796eabcf10419c4abd84d49a3ecd59,165fd0e9f08674d04684807264f3d58f,delivered,2017-02-24 13:11:57,2017-02-24 13:25:11,2017-03-01 14:53:29,2017-03-08 12:05:18,2017-03-24 00:00:00
cba3306126337d8de821145b22b9b0e0,7f93efdaacb4248f93bdfec0686d3a8d,delivered,2017-12-04 21:55:40,2017-12-05 10:30:54,2017-12-08 20:53:50,2017-12-11 14:53:33,2017-12-20 00:00:00
90ad1e3d82f91914b8daf79afc7d79a9,17c77aee53b37e65c31f475ed30b5832,delivered,2017-05-21 16:09:04,2017-05-23 04:22:40,2017-05-23 10:36:18,2017-05-30 15:44:08,2017-06-13 00:00:00
621d22173590d292319c7a2f72ce76f6,6b9ee4546cd2f41bea3fcdaf318d04b7,delivered,2018-05-18 12:24:25,2018-05-18 13:27:12,2018-05-18 13:51:00,2018-06-02 14:12:11,2018-06-05 00:00:00
24ceed9729a86f5e36fd61ae94183817,cd24dfdff8d99033e3794d9b104c95d0,delivered,2018-05-03 11:13:38,2018-05-05 10:15:17,2018-05-07 16:31:00,2018-05-26 13:29:37,2018-06-04 00:00:00
6c1e09e4c733fbc610ee1737436f8a5b,e4f40bdeaa197235f19f136666ffbaa9,delivered,2018-01-29 19:00:35,2018-01-30 18:50:00,2018-01-31 20:46:36,2018-02-19 23:22:57,2018-03-01 00:00:00
205f0525fe708de4db2434516fe7c376,498fa6a4a7e975bd0c9ec575e936c1ca,delivered,2018-07-19 15:21:31,2018-07-19 15:35:20,2018-07-25 09:54:00,2018-07-31 18:54:42,2018-08-08 00:00:00
410ca45d84f47d06fba1e4476a10b392,06703b3d47c703a3e163cd1769c2c53e,delivered,2017-03-30 13:10:18,2017-03-31 13:15:49,2017-03-31 14:12:10,2017-04-05 13:51:59,2017-05-05 00:00:00
ffea79d8c5fecc22cbff0c54eda9b65c,bbef00095c712ca0e62584d68cb9fdfa,delivered,2017-09-03 17:18:58,2017-09-05 04:24:39,2017-09-06 12:51:23,2017-09-19 21:22:28,2017-10-02 00:00:00
04f92792b1960e9302825742e0751a5c,8dddf27adc934a43b2ab68289ec22651,delivered,2018-05-12 09:01:06,2018-05-12 09:14:41,2018-05-29 07:07:00,2018-06-01 19:24:41,2018-06-19 00:00:00
30b2ad103e6982881929c367f930ab29,3e7a71c05142242bac01cc51841abb3b,delivered,2018-08-09 12:16:52,2018-08-09 16:05:18,2018-08-10 12:55:00,2018-08-14 02:36:43,2018-09-06 00:00:00
bb953a084ab406da9e19dfdc06df0245,152b39d7f829538d9a25281cc20b0af6,delivered,2018-07-29 13:54:51,2018-07-29 14:24:20,2018-07-30 15:24:00,2018-08-13 19:08:37,2018-09-03 00:00:00
8382255ca7fdc3ec278ab4c83aef9122,61375a3b2e9b6df142bef5986b176e2a,delivered,2018-01-09 14:08:45,2018-01-09 14:29:37,2018-01-10 23:23:58,2018-01-18 19:26:58,2018-01-30 00:00:00
178f859d222729f650b08c3c8417f9bb,0e74405d8d09a75bba4ddf3407975a80,delivered,2018-05-08 19:42:14,2018-05-08 20:31:43,2018-05-09 10:42:00,2018-05-11 18:07:43,2018-05-29 00:00:00
f6fe071c40a5c65d2756f92dac3506e0,fc0946b162054edb8bb00e624f2d1ce0,delivered,2017-07-18 13:48:28,2017-07-19 03:55:23,2017-07-19 16:22:02,2017-07-28 20:27:56,2017-08-09 00:00:00
55298973d17a0c1dfb2281ae969a65d8,e61b859a115436605a21c45e607fa6b7,delivered,2018-02-07 21:00:56,2018-02-09 10:11:48,2018-02-09 21:53:49,2018-02-15 21:22:08,2018-03-13 00:00:00
9a3f1cdf5909e7ed3b0566e9ee3f1618,0c21e6ca6ea55cba835f883bb68350c8,delivered,2017-11-04 21:37:25,2017-11-04 21:46:00,2017-11-07 18:57:08,2017-11-16 17:46:44,2017-11-29 00:00:00
ff3753fe031ab5314a80e05249ecc275,709825052777ef639e8a2d7591e63a20,delivered,2017-05-09 09:22:58,2017-05-09 10:22:26,2017-05-11 13:55:46,2017-05-15 12:14:31,2017-06-05 00:00:00
5e434db83bb70a40ee87ceafd1164700,f70f9a6ee135ddbbf3aade75c81d8dfd,delivered,2018-06-06 08:22:08,2018-06-06 09:11:19,2018-06-06 12:49:00,2018-06-12 21:51:53,2018-07-13 00:00:00
1ad01d500af41c23f0f84509df94f797,3530865b2f80d5b074540d8a2fed21c0,delivered,2017-11-10 22:16:19,2017-11-11 16:30:44,2017-11-16 19:19:43,2017-11-21 19:04:39,2017-12-05 00:00:00
7e50d85d90ed82feaf9011470ce9e36e,42247da546edf5752cf0a3259d18df38,delivered,2018-06-08 23:20:40,2018-06-11 08:58:15,2018-06-13 13:52:00,2018-06-22 19:58:31,2018-07-16 00:00:00
be13978ecac5e754184c77063ea75e2f,e52e913e489901da20259b227f4fe4c8,delivered,2018-08-20 14:56:58,2018-08-21 05:09:36,2018-08-21 12:07:00,2018-08-29 18:32:16,2018-08-29 00:00:00
c6c8efeaf2205f11be796833a750f49e,f08742a7082ba21c8f71fd1ff6d32c0d,delivered,2017-10-22 10:15:18,2017-10-22 10:35:18,2017-10-24 16:52:06,2017-10-27 20:12:01,2017-11-13 00:00:00
8774dccac317f54e3e9b3c6096a9b2c6,e683a3466324913040a473c89d2395ed,delivered,2017-10-24 13:27:07,2017-10-25 06:28:11,2017-10-26 00:33:48,2017-11-03 17:57:51,2017-11-14 00:00:00
4db79af544c8c9da4ef543192ec3179c,63fed2da86c0786cbc166968a5e6abbd,delivered,2018-08-23 17:29:25,2018-08-23 17:45:19,2018-08-27 14:31:00,2018-08-28 16:33:41,2018-08-30 00:00:00
23858bdc4cab9cf5b5de163b1f12ea71,cd75b28ea8d1a20fcea43122a93c551c,delivered,2017-02-17 12:40:16,2017-02-17 13:05:27,2017-02-21 11:02:42,2017-02-23 13:53:51,2017-03-21 00:00:00
af19170492290aa8663d820e73d09524,083de6cf2da0a625906af6a558106b28,delivered,2018-06-23 10:02:24,2018-06-23 10:20:51,2018-06-25 11:50:00,2018-07-02 19:07:08,2018-07-18 00:00:00
a0bd30e5d025046a3a4bc67e02ca6a3a,def8a94426e0c4056edba77cd10b8159,delivered,2018-03-20 07:41:45,2018-03-21 02:56:03,2018-03-21 19:22:28,2018-04-05 17:32:21,2018-04-10 00:00:00
3d0bb712c6a8ebe6bda01b3bdf6f331b,dfbbddd720e537cd1947405a1a15b585,delivered,2018-08-09 08:36:09,2018-08-09 08:50:22,2018-08-13 15:55:00,2018-08-17 18:53:33,2018-08-24 00:00:00
bd73b77940b4755971250ad4a3cd95b8,7895ebfbdd8fc2dacfde641703e4d481,delivered,2018-03-11 21:41:48,2018-03-13 04:15:39,2018-03-15 21:13:32,2018-03-27 22:22:18,2018-04-04 00:00:00
06c6a92df74580db95364b36aeb8f5b9,871215ee1ebfbec40e40094a0e69fa65,delivered,2017-05-17 19:12:15,2017-05-18 07:50:15,2017-05-18 08:02:01,2017-05-26 11:03:23,2017-06-06 00:00:00
f84df8c0d5dd2861dd4b0939c1a9fc27,35e7e54f7840d659ec8d270cf00a66dc,delivered,2018-07-18 11:08:28,2018-07-18 11:30:16,2018-07-19 12:15:00,2018-07-31 10:16:40,2018-08-13 00:00:00
ff410c670cb5018a763d815c1368f405,2e581e2fd057f25288a90c99d06ca1bb,delivered,2018-02-06 16:40:59,2018-02-06 16:51:49,2018-02-07 19:48:39,2018-03-09 18:46:49,2018-03-02 00:00:00
0cc7bb57999d251da473822051388086,97cef017d1cee0f245e0659fe8694f90,delivered,2018-08-08 17:14:03,2018-08-08 17:30:12,2018-08-15 15:01:00,2018-08-16 20:56:37,2018-08-14 00:00:00
3671c63de5b229f79f8ada4644a3d995,ed06bdbc21c55e3174bb8aae5e36366e,delivered,2018-02-20 13:08:44,2018-02-20 13:27:54,2018-02-21 23:38:01,2018-02-24 17:28:53,2018-03-06 00:00:00
c557060689aaaae43b1c0369e2a1e221,74d10546f9168d9187c25bbf83a29833,delivered,2017-11-20 10:59:16,2017-11-20 12:11:30,2017-11-21 12:38:47,2017-11-29 14:43:56,2017-12-07 00:00:00
d3514b69ed01da5883fcaaabfe29453b,b7ebbdfdbca5c7d51cef656d8e440da2,delivered,2018-02-15 12:00:02,2018-02-15 12:15:32,2018-02-16 14:39:33,2018-02-24 13:13:27,2018-03-12 00:00:00
ef22b86bfc7dd92a0221c7870bd18089,820ce34afc3dd20ca42a649b9104336a,delivered,2018-01-12 23:27:58,2018-01-13 00:08:41,2018-01-16 22:10:17,2018-01-23 20:48:10,2018-02-07 00:00:00
64d7ed1c4e843c97738d861140943a73,dd68aa8587cf16acac6821866ea125a0,delivered,2017-11-15 13:08:05,2017-11-15 13:26:53,2017-11-17 16:21:56,2017-11-21 23:32:31,2017-11-29 00:00:00
3ebcfe0e628a860eb240b63084495439,9737559a7914a851aa3edce6312afdc1,delivered,2018-07-13 20:12:46,2018-07-17 04:32:18,2018-07-17 11:42:00,2018-07-20 22:43:36,2018-07-27 00:00:00
9bb824ec73ee38dbbc585f3bba4b34ac,cd115eebfb9859498e984e800023bbc9,delivered,2018-01-15 12:48:17,2018-01-15 12:56:46,2018-01-16 18:14:09,2018-01-30 18:57:37,2018-02-14 00:00:00
e21965e5414f7e165a71649e68030100,e829a679d7e15bafba4c7405740eee23,delivered,2017-03-18 21:58:38,2017-03-18 21:58:38,2017-03-23 10:57:39,2017-04-11 08:55:38,2017-04-26 00:00:00
b26727a63ae58f7a0f901dd4f2653cd0,a2a2f4426885e3ee4df54503d1ea80c8,delivered,2017-05-09 14:21:21,2017-05-09 14:30:16,2017-05-12 11:49:57,2017-05-27 10:17:35,2017-06-12 00:00:00
9c044ffd93c708557b82ad51947070b6,510183129e0db0787eb3d485c0367f0b,delivered,2018-08-10 10:42:26,2018-08-10 10:55:18,2018-08-15 15:19:00,2018-08-20 13:43:51,2018-09-04 00:00:00
4154d7944db36e9140645486ce34027f,3fc34478cb8f0427d63b362dfad74f51,delivered,2018-07-25 23:21:47,2018-07-25 23:30:13,2018-07-27 06:16:00,2018-07-30 18:42:42,2018-08-10 00:00:00
2e61fdb90c06ee4a04c2ed31a1092574,4f9bbd7e6a8d672cd4cc69e09ffee46f,delivered,2018-03-22 23:28:21,2018-03-22 23:47:32,2018-03-26 22:41:25,2018-04-11 13:38:51,2018-04-12 00:00:00
6a978028a892efba783a6f3be848c512,d8c4f44803e6a10deb628cc91e68b327,delivered,2018-02-07 18:23:09,2018-02-07 18:30:25,2018-02-08 22:51:33,2018-02-14 20:16:39,2018-03-09 00:00:00
de1404a068c6c8c909897886a314bad7,5116eacd8d620b734c26a0f04e19b60a,delivered,2016-10-04 15:12:18,2016-10-06 16:05:04,2016-10-18 16:13:50,2016-10-24 20:35:44,2016-12-16 00:00:00
82905f4b411a687464762216db4424b2,a14a54843c4b23ca87386fe6088fb649,delivered,2017-11-21 19:56:56,2017-11-21 20:07:39,2017-11-23 19:02:57,2017-12-19 13:35:51,2017-12-14 00:00:00
86200deb58eb0b29e666114e87e76302,27b151e6441fb44c683868ebf2a123dd,delivered,2017-11-29 21:24:02,2017-12-01 21:55:19,2017-12-06 16:23:02,2017-12-14 14:44:59,2017-12-15 00:00:00
a84c6f3ee879e72955a3fcaa2dc55771,836d36fe0e20e7fe17d828cb4af09008,delivered,2017-04-10 22:31:06,2017-04-12 02:42:29,2017-04-17 14:54:11,2017-04-27 12:19:26,2017-05-10 00:00:00
2dd14275918584fb2a28d4a4300d01e0,5d9b0406ca19cb888e47386c944a8330,delivered,2017-07-12 21:00:55,2017-07-12 21:10:15,2017-07-13 18:37:54,2017-07-17 21:12:25,2017-08-07 00:00:00
c8a713dcca463bb2802f76c94667b413,44116229bacbe481f496fbf77059a987,delivered,2018-07-20 19:53:33,2018-07-20 20:10:08,2018-07-23 15:56:00,2018-07-28 13:10:44,2018-08-08 00:00:00
e5cba854ed90614d4334d4c5fa4fcbcf,5bf7405054f31da473e0a6cbaaf127d5,delivered,2017-08-16 15:12:33,2017-08-16 16:25:18,2017-08-17 20:17:33,2017-08-23 18:42:38,2017-09-05 00:00:00
14bc0695cb3e3a338887d250c7cfafb9,cdb128471a62ef514b60f6f40a15d35c,delivered,2018-01-15 17:43:06,2018-01-15 17:51:35,2018-01-16 23:17:24,2018-02-06 13:57:49,2018-02-05 00:00:00
78018da6cd678e170c59e759cfb4d754,d33c3532d272d4378f30c87b5dd83a03,shipped,2017-04-17 10:58:51,2017-04-17 11:10:13,2017-04-18 14:51:36,,2017-05-19 00:00:00
8d4c637f1accf7a88a4555f02741e606,b1dd715db389a2077f43174e7a675d07,canceled,2018-08-29 16:27:49,,,,2018-09-13 00:00:00
c79c512fd61a1008f15dbf7ca2a8c7cd,1bd7c96e803c5114e0c1b2da62198fd5,delivered,2018-08-19 22:58:44,2018-08-21 04:10:42,2018-08-21 11:27:00,2018-08-25 17:04:32,2018-09-10 00:00:00
ef160b1ef2464ef2521274c790ee0cef,f68cfaf4a6855d3b1f631852dfd2b2e5,delivered,2017-09-18 15:07:49,2017-09-18 15:32:48,2017-09-18 21:26:42,2017-09-19 18:25:18,2017-09-28 00:00:00
71400888e53ed1698734799716d213f8,54a57e9a3557ca4215104d9b58fe7df1,delivered,2017-09-07 15:58:04,2017-09-07 16:10:18,2017-09-08 18:39:57,2017-09-19 03:59:40,2017-10-02 00:00:00
b99b5f149263f07c55586983071c466e,16e6da5752d944112a52cf53291ed0b6,delivered,2017-12-21 01:13:33,2017-12-21 01:30:32,2017-12-21 22:13:33,2018-01-09 00:24:33,2018-01-22 00:00:00
acf6e912a8db79e50ddd2fe14628e89c,b01ba1be15ad4df27ef280937c538efb,delivered,2018-08-08 12:54:45,2018-08-08 13:55:20,2018-08-13 11:57:00,2018-08-14 17:38:37,2018-08-15 00:00:00
5b7ffb8d013b6d0b4ae7a8f454fa9bd7,48577f823aa2ebde3bda0767a3e1b925,delivered,2017-11-20 21:52:34,2017-11-20 22:07:01,2017-11-22 14:22:10,2017-11-25 03:10:23,2017-12-01 00:00:00
fd26a8e314b26ecd3011f9d6ec17e7c2,d3eac6f3d395fdf17814107b34247c62,delivered,2018-08-06 13:27:23,2018-08-06 13:35:21,2018-08-08 14:44:00,2018-08-16 14:21:13,2018-08-20 00:00:00
c1e8ab8d063eba72d530b57e5b05f919,cee6c6b0f6ac0f9f8c0830152453c3e2,delivered,2018-03-01 17:29:35,2018-03-02 02:16:04,2018-03-02 19:52:15,2018-03-23 02:57:56,2018-04-03 00:00:00
da53145615b1d679fc6a9f3121d8bd85,9ab9e1f4d8422cd9331a8fbb2e3eca01,delivered,2018-08-16 18:16:43,2018-08-16 18:29:20,2018-08-20 15:32:00,2018-08-22 22:08:40,2018-08-22 00:00:00
0c3190b4838c596fd1d6cd74e0436120,4ab6b9b183a09e503665c331ab76aa17,delivered,2018-03-01 08:02:21,2018-03-01 08:15:27,2018-03-01 19:41:53,2018-03-06 20:55:45,2018-03-13 00:00:00
29182856a24c6eeb1d7b81ba1fe63190,e13dd3f5bb12b741263db05564de3f13,delivered,2017-07-20 16:52:06,2017-07-20 17:05:16,2017-07-21 12:39:28,2017-07-29 15:04:38,2017-08-11 00:00:00
cab8cba54a55cc19762e10bf029dae6d,83515b26846c0c6375ce1d237e5f8bf8,delivered,2018-06-12 14:47:30,2018-06-12 15:47:35,2018-06-13 15:02:00,2018-06-14 10:52:27,2018-06-21 00:00:00
7be91eab3dac2edd89fc7f519e1649f5,7e01705680a54dc5c98635ed83de8508,delivered,2018-06-14 14:23:22,2018-06-15 14:25:39,2018-06-18 14:28:00,2018-06-29 21:04:59,2018-07-18 00:00:00
5a40c1e92e3512536d5910f21f5e1856,c512d7bc9c2e0fcd3f3d38c15206b052,delivered,2017-08-18 23:10:23,2017-08-18 23:25:09,2017-08-23 18:51:45,2017-08-30 18:34:20,2017-09-18 00:00:00
e4b6df3eb118302bd304c9d02ca19afd,b91429d5af5d399493d72675dd0f157f,delivered,2017-10-09 19:32:28,2017-10-10 19:49:16,2017-10-11 16:35:49,2017-10-20 15:52:57,2017-10-20 00:00:00
5bc2a7b8f0817443a86b69461e742cc9,e24c95c7fcea91f9d8e06c7b2a139301,delivered,2018-01-03 12:40:29,2018-01-03 13:31:57,2018-01-03 22:25:00,2018-01-12 21:59:18,2018-02-01 00:00:00
d183fc49f91a7ab7a5450ffc7057a6ff,0a9ac0c78e9dece6fa0e9ea38c17eeb8,delivered,2017-11-27 19:30:58,2017-11-27 19:56:59,2017-12-07 17:42:12,2017-12-12 21:13:00,2018-01-03 00:00:00
186d853ccb29e4bc2470952ec61dbb39,68b3e1831221e63cd8e1ed2c2817c0d1,delivered,2018-07-13 14:29:51,2018-07-14 03:10:19,2018-07-16 14:52:00,2018-07-20 16:51:30,2018-08-02 00:00:00
60b4528b577937165a412ba177de3606,9a460b0b588e9ecea4e4fd2b169809fb,delivered,2018-07-18 09:11:35,2018-07-18 09:25:09,2018-07-23 13:21:00,2018-07-24 15:32:48,2018-08-03 00:00:00
47206fff1e56391bf30b5acbe7f5f7a2,f39bc18f035964de38084ac0acd1b4b3,delivered,2018-05-18 19:11:20,2018-05-18 19:37:31,2018-05-21 16:02:00,2018-05-22 19:08:59,2018-05-30 00:00:00
ad6dfba4eac734dc19375323e0bd3abc,633210c5368f5e3bcc3751459e1e3a4d,delivered,2017-04-29 07:15:53,2017-04-29 07:25:11,2017-05-02 17:30:29,2017-05-08 14:07:09,2017-05-25 00:00:00
a84212c880e5635e2a0888ba25c027c7,c9f3088ce9c367359bf7c688da45a639,unavailable,2018-05-11 15:25:59,2018-05-11 15:38:11,,,2018-05-24 00:00:00
6dcb51857ca646a4809ea67184d43e46,c9f0c8d194842d8945de4d01fa98fb15,delivered,2018-04-06 23:27:24,2018-04-10 03:50:01,2018-04-10 22:53:27,2018-04-11 15:04:13,2018-04-24 00:00:00
7d78ea68e694cb6df0997bb8dca5cf15,548f3459f5efd20ef8bce6959a001175,delivered,2018-03-15 08:34:11,2018-03-15 08:49:38,2018-03-15 23:21:49,2018-04-02 17:32:20,2018-04-13 00:00:00
87f53a70fe59ee417c9cb654dded07ac,0a60a71e2886cc3c0d92fb7618073020,delivered,2018-06-26 18:51:12,2018-06-28 09:10:21,2018-06-29 14:06:00,2018-07-06 16:46:30,2018-07-26 00:00:00
61722dfb39136f50e4e0d9d150176532,f9498c1d633509de995d09aeee4f67c9,delivered,2018-01-26 16:59:16,2018-01-26 17:52:19,2018-02-02 19:24:05,2018-03-06 17:56:47,2018-03-05 00:00:00
dd6871ac691db075bd6f8e6c70576648,a222c8efebfbf41bdafb7e821d9467fa,delivered,2017-11-13 19:00:04,2017-11-13 19:15:46,2017-11-17 14:46:56,2017-12-12 14:47:04,2017-12-14 00:00:00
117f055ca23c0229d5cef27ba164f90d,064accf938ee163832a42a0aee505c25,delivered,2017-12-09 15:18:15,2017-12-09 16:01:22,2017-12-13 17:41:04,2017-12-15 23:32:24,2017-12-28 00:00:00
820235f6d6341b0a1d64f22499ba07c0,b750aedcc3389221ea73e964bdca62b3,delivered,2018-07-14 10:05:10,2018-07-16 07:10:13,2018-07-17 10:29:00,2018-07-23 18:32:38,2018-08-13 00:00:00
4df36fe83cf894ed979421fecd300bdf,f31e6301ab31f25b5603bb6567861c43,delivered,2018-01-06 12:43:25,2018-01-06 12:53:30,2018-01-09 14:03:50,2018-01-18 16:51:54,2018-02-08 00:00:00
145b75a554e404852b520d70c50c9f9c,417caa83b98e9b42752f0e84711fa107,delivered,2018-08-03 21:46:07,2018-08-07 04:31:13,2018-08-08 16:18:00,2018-08-14 19:21:40,2018-08-20 00:00:00
3cd99cd38f3f27164941ce0ade8d2a5f,07d8a1e034609304f93d2fcb6b567c0a,delivered,2018-01-27 19:55:56,2018-01-27 20:11:27,2018-02-01 15:31:32,2018-02-23 23:28:09,2018-03-23 00:00:00
375e5c646664c609938372d3f62da9d6,48ecbda544d2f1197f4255e6a93751f3,delivered,2018-01-31 19:30:07,2018-01-31 19:49:49,2018-02-07 00:36:24,2018-02-07 15:28:51,2018-02-21 00:00:00
2147876cd801aed5f273ba360d0960ac,d19ba09dec1d11149f807993731a324d,delivered,2017-03-02 01:18:35,2017-03-03 02:10:41,2017-03-03 12:30:25,2017-03-10 14:12:43,2017-03-23 00:00:00
0b87d9e59c7c19b041fe36e77aa33a42,70b9a93d19b044822d5e5af9e673f250,delivered,2018-05-16 11:25:37,2018-05-16 11:35:24,2018-05-16 13:41:00,2018-05-22 17:28:30,2018-06-08 00:00:00
0fe8b4edfb85dd0eb662345e71b30378,4ae24933ab2c07bc898c41418910a9ce,delivered,2017-12-27 14:29:52,2017-12-27 14:48:47,2017-12-28 21:41:36,2018-01-10 12:34:27,2018-01-26 00:00:00
dcc0ebfe0fa59c24fd859aacb8e1f2e9,1677478f9e63c2843cfc7acb65976463,delivered,2018-03-22 15:57:22,2018-03-23 09:55:30,2018-03-23 20:03:40,2018-03-26 19:48:47,2018-04-04 00:00:00
d865ad03de9edf74fc6bc89b5bd52706,504d673e906e4eb7fffbbcaf8afe0469,delivered,2018-08-14 12:38:57,2018-08-14 12:50:21,2018-08-15 15:07:00,2018-08-20 20:02:48,2018-08-23 00:00:00
486bce96008cea9cb14d0593189961da,58304aef21701bf4312b0e0c34a03906,delivered,2018-01-16 22:11:14,2018-01-17 09:31:18,2018-01-18 20:38:04,2018-01-29 16:19:42,2018-02-07 00:00:00
88407c8c6e12493ff6e845df39540112,e902cb9d9992a69a267f69dec57aa3a3,delivered,2017-08-15 02:03:01,2017-08-15 02:15:13,2017-08-16 15:52:29,2017-08-25 21:59:26,2017-08-28 00:00:00
838411338443a817cfb4c26f0f7a9c9a,f6aa4b1360cc4c6186561ebc2caf14bc,delivered,2017-11-21 09:09:35,2017-11-22 03:07:52,2017-11-22 20:16:50,2017-11-30 19:32:35,2017-12-07 00:00:00
465b896aa34a4d4f8c359165ee6f066c,652590e825b424ac6fd3eb87ebe70f59,delivered,2017-11-24 16:15:05,2017-11-24 20:13:26,2017-11-29 15:26:47,2017-11-30 19:34:51,2017-12-08 00:00:00
99ea7908cd1e043462057874b180e3fe,05fa87701fb77d327e49cb5fb457a5da,delivered,2017-08-04 17:28:51,2017-08-04 17:45:15,2017-08-07 21:18:01,2017-08-10 23:36:58,2017-08-24 00:00:00
5d67cca99e80d5f9cc0cda0ce73ca3a3,0b92c3b2085fc6ca1af7d396612a2a93,delivered,2018-01-12 14:52:21,2018-01-16 03:50:04,2018-01-17 19:51:19,2018-01-23 14:42:49,2018-02-06 00:00:00
23e328eaf02d129b3928e8012ffe85fc,8cbec74069338f4a6de35baec1987246,delivered,2017-08-28 15:22:35,2017-08-28 15:30:18,2017-08-29 17:48:03,2017-08-30 17:37:29,2017-09-08 00:00:00
68e4d7b489562de5ca0a4486d7d0c3d8,fefbefec320ab4ec0ddcf55a4901ebb2,delivered,2017-07-31 13:42:08,2017-07-31 13:55:25,2017-07-31 19:13:57,2017-08-08 19:48:01,2017-08-30 00:00:00
993628d27f2ae9981422ecb389adfa59,edb2388a9a41189e035599ca654a80ba,delivered,2017-06-29 09:34:50,2017-06-29 09:50:12,2017-07-03 14:42:55,2017-07-07 18:41:55,2017-07-21 00:00:00
043f43899c67438005004d160d18f55c,8f017d0d38c8cc245c816da55fe4a590,delivered,2018-06-13 19:59:40,2018-06-13 20:21:11,2018-06-16 08:46:00,2018-06-19 18:04:36,2018-06-28 00:00:00
295bbf539c1fe97db23dffa5e84387ad,5dd333426be0c72b783f2a752f1a911f,delivered,2018-01-29 23:24:50,2018-01-31 13:32:31,2018-02-02 02:57:51,2018-02-15 18:43:49,2018-02-20 00:00:00
ba8ffe0231b633e2aa5526e2a070b3d3,60a5aba7b553b44da85505197830d17f,delivered,2017-08-11 07:43:37,2017-08-11 08:03:51,2017-08-11 16:10:32,2017-08-14 18:22:28,2017-08-31 00:00:00
a9f6addcdb232b9d636f61f71c683349,0d6bc6ebdbc1b267e8d7e11a8e70d455,delivered,2017-12-19 16:54:10,2017-12-19 17:56:20,2017-12-20 20:09:50,2017-12-29 03:43:25,2018-01-26 00:00:00
2ac00a6a0a00ee7f8e2b235f8e361006,769c56bee6cabe0621e1c8ebef411769,delivered,2018-01-01 16:39:50,2018-01-01 16:46:31,2018-01-02 16:54:15,2018-01-17 21:58:23,2018-02-01 00:00:00
0c9f4cd9a2f5e3783d9ec0f4daa33741,3bd34d2695b29daf46c726ca65adaa76,delivered,2017-08-28 09:58:45,2017-08-29 13:45:18,2017-08-30 20:10:49,2017-10-14 13:35:40,2017-09-21 00:00:00
88d55d6258872b31bf45ce51a6675c2b,37deb7c0c365cbec914968988aad92f6,delivered,2018-07-03 14:56:16,2018-07-05 16:21:00,2018-07-04 14:24:00,2018-07-09 19:24:47,2018-07-25 00:00:00
ccb3e2fc8477b6fd3e3edf0dad0211b6,29a3828421400c1fb4c396a89a3bc4f9,invoiced,2018-08-05 23:14:19,2018-08-05 23:30:08,,,2018-08-09 00:00:00
d2ed261659527fede5c1fe6fc288c366,e2ee6c95afa33fb8a44f3539e9eb5ebe,delivered,2017-11-13 23:25:24,2017-11-13 23:35:39,2017-11-16 18:09:12,2017-11-21 17:23:08,2017-12-01 00:00:00
ecfb623451269ac76a1469faf66dad27,ff03e2ac07d6dd7580a7cc349e3b37a6,delivered,2017-11-21 21:35:39,2017-11-21 21:48:06,2017-11-25 15:06:54,2017-11-30 00:34:09,2017-12-07 00:00:00
c24d5cfbabc3f3d25c944b62f3501bc2,6f31890dab6b8c8287e5a0d7a58c7302,delivered,2018-03-08 09:42:51,2018-03-08 09:55:32,2018-03-08 19:20:42,2018-03-14 01:52:29,2018-03-20 00:00:00
ef29d8249c4f5670c259bda87461e3e4,3a31dade13063f1e0591135c8d811491,delivered,2017-09-14 18:52:30,2017-09-14 19:04:52,2017-09-15 16:15:35,2017-09-22 20:57:49,2017-10-04 00:00:00
85f2d1d18951198c1beca750c4df59b1,e8fe08cf36af5be20512a9cac36725b8,delivered,2017-12-02 13:19:52,2017-12-02 13:37:49,2017-12-06 22:34:13,2017-12-16 16:46:58,2018-01-02 00:00:00
0f6ce0bef7443fbfd5076ab3abfceaa2,145ff990454414f00ef6c1ea1ba6f60b,delivered,2018-06-28 19:08:30,2018-06-29 19:11:40,2018-07-02 16:16:00,2018-07-07 19:15:34,2018-07-25 00:00:00
93fba8d92f02aebd0882af7cb81bfcb8,cec875d9d4406529df6ccf5e1930b990,delivered,2017-11-26 23:26:58,2017-11-28 23:19:25,2017-11-29 22:29:38,2017-12-19 22:27:32,2017-12-22 00:00:00
80f206a25c4f2cfb8f12febcb3c3baba,fa84e29eeeb4975e87f5247804cba2b4,delivered,2018-07-12 19:09:18,2018-07-12 19:23:58,2018-07-13 14:01:00,2018-07-24 00:27:29,2018-08-06 00:00:00
d625545017fc7c86aee1dd49f0471c0c,e91474c2e43239738e917b06f84dae5f,delivered,2018-03-01 14:51:53,2018-03-03 02:50:47,2018-03-06 00:13:11,2018-03-08 21:03:30,2018-03-19 00:00:00
444ebbf5602b5acdad22e0b4a9951bda,a94259e3111386ff1ae6f1c3712fe6fb,delivered,2017-11-29 11:24:18,2017-11-29 11:37:34,2017-12-02 00:28:58,2017-12-09 15:36:43,2017-12-20 00:00:00
93b68446f352031c3899ff57f76f0a68,e29679a0f9c46f3c88b77731fb9af798,delivered,2018-02-15 16:15:14,2018-02-15 16:26:48,2018-02-17 18:19:05,2018-03-02 19:53:13,2018-03-15 00:00:00
f849f319243bc7755c4fa9ccdb35eea7,e3f12c713d9d75a7c1fd80b19425880e,delivered,2017-11-21 11:36:24,2017-11-21 11:48:35,2017-11-22 17:02:27,2017-12-14 17:25:57,2017-12-07 00:00:00
ab74c0e5d243c75a0289ac0ed8811a97,84ff6882397b2bfccaca1644c4c9f37d,delivered,2017-07-02 12:42:15,2017-07-02 12:55:10,2017-07-03 15:07:37,2017-07-05 16:32:43,2017-07-14 00:00:00
bb903af0ad020f23de12114a1c74a2aa,e2e397b14afbf10eabd70b574c00c3df,delivered,2017-05-11 19:25:16,2017-05-11 19:35:08,2017-05-19 13:04:00,2017-05-22 20:43:46,2017-06-02 00:00:00
cb765962c1cf94ab1a1c8646ba7060c4,da417b8e179c3b4ac3b584c684c1e651,delivered,2018-01-04 12:20:48,2018-01-06 02:08:40,2018-01-08 22:09:19,2018-01-16 17:48:49,2018-01-29 00:00:00
ba75b10a16e530cca75088408909b325,fe7374607781a49ec88f4f6e274f5ee5,delivered,2017-12-02 15:06:45,2017-12-02 15:17:21,2017-12-04 20:42:19,2017-12-18 19:43:49,2017-12-28 00:00:00
b2377b1954ac905f64a3797f58fc36d9,f73fe7f38373c066da9781eb5edd029b,delivered,2018-06-05 13:29:55,2018-06-06 02:54:10,2018-06-06 14:07:00,2018-06-12 23:44:43,2018-07-16 00:00:00
9f9d2b35ac2defefacb5c123b82b2223,acb3477acf26f7afd9714d9470c23552,delivered,2018-04-04 19:59:17,2018-04-04 20:10:19,2018-04-06 02:42:36,2018-04-07 01:51:24,2018-04-17 00:00:00
ab722aebd7d92f979b381ec1d4080551,ade30c33d12f41fb6a80e79d43656cf6,delivered,2017-11-24 22:47:41,2017-11-28 03:20:46,2017-11-28 18:27:09,2017-12-05 22:22:12,2017-12-21 00:00:00
7e9eac6236b24f54d858badd77aa172c,8a21af9ec38175daa9779d3d5d120334,delivered,2017-10-31 17:48:25,2017-10-31 18:31:13,2017-11-01 21:13:39,2017-11-09 19:32:18,2017-11-17 00:00:00
b4e2eb7f4325b44130052476646043c6,cfa96f1103002b25178f822afeb4c104,delivered,2017-06-12 23:00:43,2017-06-12 23:10:26,2017-06-13 15:59:48,2017-06-22 18:32:46,2017-07-03 00:00:00
c4c8026516207b8ad1e841c44bd630d5,25b8803dbdbaa9c9aee9b10282b73ead,delivered,2018-05-07 09:05:04,2018-05-07 16:53:12,2018-05-08 16:47:00,2018-05-12 11:16:46,2018-05-29 00:00:00
e2430bc2e4a68e6e61809fdbe4c15f0e,c01049464a5cc7c9e476ec5bfb6dbd4c,delivered,2018-01-20 00:12:26,2018-01-20 00:33:04,2018-01-23 03:13:16,2018-01-29 20:16:11,2018-02-16 00:00:00
6a0725621168540d5200cba214d6ebe7,09033cfedb9bab5c54a33f339fd94ad0,delivered,2018-08-07 20:21:41,2018-08-08 03:25:14,2018-08-09 14:59:00,2018-08-10 15:18:39,2018-08-14 00:00:00
c9db1bfe07af2c4724a461a704c1ec67,9f8afaa4902b9196098e0c341bbe683a,canceled,2018-07-30 16:52:00,2018-07-30 19:31:37,,,2018-08-10 00:00:00
bbeabf588cfd1094a645e92fcf277020,bb6b4fb08e29775ec97351f44f1fad1e,delivered,2018-01-15 19:36:22,2018-01-15 19:50:59,2018-01-16 19:51:15,2018-01-30 11:08:05,2018-02-07 00:00:00
1dc15f1603f062d0d4b587b55dea3006,3c39516a1b33d6d890f3d1094267e54e,delivered,2017-12-09 11:17:34,2017-12-11 11:12:41,2017-12-21 15:49:41,2018-01-04 20:44:42,2018-01-18 00:00:00
53a24a678d0e83d0d3c718528aa0aece,a6676c68128a3af44c5df985bc3f8d67,delivered,2018-04-20 22:26:26,2018-04-24 18:13:57,2018-04-23 19:51:15,2018-04-24 20:57:25,2018-05-09 00:00:00
042c384c3edbe39a47895217eb5e90a4,c54f1cbae6276adf60d6e66d6543a1ee,delivered,2017-05-03 13:36:26,2017-05-03 14:02:33,2017-05-04 11:00:49,2017-05-08 10:13:00,2017-05-31 00:00:00
d2f67144a4e6d027140260ae9ed6b648,3114d3d76bf813b06638b17da57a21cd,delivered,2017-03-10 09:07:24,2017-03-10 09:07:24,2017-03-10 11:28:12,2017-03-27 13:48:09,2017-04-12 00:00:00
3354a9e699cdd99dae33906e55a8ca17,034ecc550de79becac426a8ed79722f9,delivered,2018-01-15 10:18:09,2018-01-15 10:30:26,2018-01-17 19:29:07,2018-02-15 15:32:30,2018-02-09 00:00:00
4e8ddb71f9d7cc7452a7005c2a459212,b49e004cb84fe0bff90c000396b266b4,delivered,2018-04-14 20:53:06,2018-04-14 21:12:41,2018-04-17 14:59:43,2018-04-18 23:31:55,2018-04-26 00:00:00
1e9a53e194e98b64434abc52aeedae1e,a7565b77bb0f0894d7e42dc03ea3f850,delivered,2017-02-06 08:50:31,2017-02-06 09:02:08,2017-02-08 11:05:20,2017-02-20 03:25:56,2017-03-07 00:00:00
61adc85552ac2f95e8d9ce8274b3bdaf,262a5aae90d33cc2a388984ddb13eae1,delivered,2018-07-10 10:13:00,2018-07-10 10:25:15,2018-07-11 14:54:00,2018-07-12 18:49:45,2018-07-18 00:00:00
f8b96fd393ba501c08394f9f84e8f077,617fc8fd035377d90276d2ce8cebfa6f,delivered,2018-02-16 12:56:45,2018-02-16 13:10:48,2018-02-20 00:23:19,2018-03-02 21:18:36,2018-03-08 00:00:00
d5cae76a3a1157f7947579bf8ae13f18,4fa46009da47af602ccafa5acbc6d49b,delivered,2017-05-27 20:56:03,2017-05-27 21:05:16,2017-05-31 08:22:17,2017-06-02 13:49:08,2017-06-21 00:00:00
68354b9bbb79df0863b0138440c9e1b1,c86f7c54e57bc83cdfcb2406c144f038,delivered,2018-06-25 10:02:54,2018-06-25 10:15:23,2018-06-26 08:02:00,2018-06-27 18:06:54,2018-07-12 00:00:00
457cb961f89e32569e2d9a737a65b3bb,190b936129e075641c5557538def8b25,canceled,2018-02-08 17:02:46,2018-02-08 17:40:29,,,2018-03-16 00:00:00
0fb3b7bbfc3693b115aa62a83fad2714,9f546895f9d0841df86f8681992083b9,processing,2018-03-13 20:37:20,2018-03-13 21:40:22,,,2018-04-03 00:00:00
615774e695ab140dcb5e1c0aeb15b9cc,f8260ac0cb6df254a4c7ec7dd62a3aaa,delivered,2018-02-26 09:32:34,2018-02-26 09:50:13,2018-03-09 22:21:16,2018-03-16 14:41:05,2018-03-28 00:00:00
c68cb1496648de6d9c8ee2e4475f8fc3,4101a5d6c7424b949a43adc5a2c0b723,delivered,2018-04-27 14:28:05,2018-04-27 14:52:27,2018-04-30 08:43:00,2018-05-02 17:12:01,2018-05-10 00:00:00
a8b4bb89dc728493ed20fe78acdefd9a,aa1367a3e933112df50ac2a81601fba8,delivered,2018-06-01 12:08:17,2018-06-02 03:31:40,2018-06-04 14:12:00,2018-06-15 01:08:38,2018-07-11 00:00:00
694bcde1f9a49ffeba5da89982f7b9ae,4d54b8539ffd28f47200ad625299b839,delivered,2018-08-19 15:19:56,2018-08-20 12:11:15,2018-08-21 15:46:00,2018-08-27 23:52:53,2018-09-18 00:00:00
e5e7f892785fbe21a339bcd77efdae86,eb14560bdf0397941f4146f43f653496,delivered,2017-12-01 20:48:11,2017-12-01 21:24:08,2017-12-04 20:07:13,2017-12-07 22:29:32,2017-12-19 00:00:00
593b6eefb72afdf364b30dedb1294414,361075ad44ffadb27e3440aaa0271533,delivered,2017-11-24 21:53:34,2017-11-25 01:31:43,2017-11-27 19:48:31,2017-12-05 20:45:03,2017-12-22 00:00:00
58ded2fbeab30e8d3f53d888277f6b2e,8f7e5621fe5515e2d200a90f6643bbb8,delivered,2018-07-01 22:14:50,2018-07-01 22:30:15,2018-07-02 13:57:00,2018-07-10 22:54:33,2018-07-17 00:00:00
f64d3fcec2473409b404374ea0ce4ded,38015a7eb67f32e373806cf89e4900fc,delivered,2018-06-27 19:31:21,2018-06-27 19:51:19,2018-06-28 13:41:00,2018-07-02 16:29:53,2018-07-27 00:00:00
2f5112688e80d5d79344cac900d6bd0b,880f0ba5c07d5b9d97c38814323106d7,delivered,2018-07-19 13:03:38,2018-07-19 13:10:22,2018-07-20 13:05:00,2018-07-27 17:49:09,2018-08-22 00:00:00
168777f697d19208fbd441b4029e441a,bff2b870ee120640525a516318df69f2,delivered,2018-04-23 14:00:56,2018-04-24 18:27:57,2018-04-25 12:24:00,2018-06-05 16:20:41,2018-06-01 00:00:00
6730796e2413628c3e327fbc24177a44,34b06cf331da94f4737ed7aca9acd194,delivered,2017-08-20 19:40:35,2017-08-21 20:25:43,2017-08-23 19:41:34,2017-08-28 19:37:45,2017-09-15 00:00:00
7a0eb0a897a19d67575a24798ba26fc5,7e4afd20ae143f73bec2e0ce84be702f,delivered,2017-03-04 10:37:13,2017-03-04 10:45:14,2017-03-08 17:26:08,2017-03-14 15:51:50,2017-03-23 00:00:00
6c6035b5c538935be5381cff46351355,840d738a6f0616378d9a497fd62e812d,delivered,2017-08-08 21:11:59,2017-08-08 21:30:14,2017-08-09 15:47:14,2017-08-17 19:42:34,2017-09-01 00:00:00
37478cd0f9c2bb79fe9027f43f6e28c3,af34fed7ecd8d47bc98023d6f9330188,delivered,2017-05-31 14:07:36,2017-05-31 14:22:44,2017-06-01 14:10:21,2017-06-07 13:13:52,2017-06-22 00:00:00
6367e1839d93eed7f1f74c9fe5daecfb,b61ec458f485a27f475adffc91b6f55f,delivered,2018-01-20 11:10:49,2018-01-23 03:52:43,2018-01-24 00:04:18,2018-01-31 16:26:53,2018-02-15 00:00:00
82383d6d5aa835a4c02cf0c9d56895ce,ac96fff137547e21caa549300bfae114,delivered,2017-04-02 19:28:19,2017-04-03 17:15:08,2017-04-05 12:22:01,2017-04-10 11:19:57,2017-04-24 00:00:00
96dd4c9c90277943c551ab185303685e,f6d75d8498810818be46ed80d304c77a,delivered,2017-08-14 17:08:14,2017-08-15 18:05:27,2017-08-17 13:30:07,2017-08-25 14:28:47,2017-09-08 00:00:00
4cb7d866ce5acba93c58383df3081469,d2d0c24e073cb688382000972536c1e2,delivered,2017-05-24 11:48:57,2017-05-26 02:30:29,2017-05-26 10:31:56,2017-06-09 18:29:30,2017-06-26 00:00:00
2d8a0bc4abbb7bbb3a420f2219f02f93,4c80c9c4f15db841f85d24b515c68ba2,delivered,2018-06-22 21:39:34,2018-06-22 21:58:43,2018-06-26 14:33:00,2018-06-29 17:41:09,2018-07-20 00:00:00
354fc19d43cbb0ad997bd631a02fd169,cc7e12aed3bd2a272471c6060f80f543,delivered,2018-07-09 09:18:47,2018-07-09 09:35:13,2018-07-10 14:42:00,2018-07-23 17:26:31,2018-07-31 00:00:00
72dae7e56901083df5f2cb3dd2d4841f,ebd0a03792856e6dc6dfef1fe8b522cd,delivered,2017-06-18 14:11:37,2017-06-18 14:23:10,2017-06-20 12:35:55,2017-06-22 10:45:55,2017-06-30 00:00:00
fd732412d4727a9a7e0d6231b2ca11ed,1a84d26e0b91518f76c51b59bb3e9408,delivered,2017-08-19 19:25:41,2017-08-19 19:44:26,2017-08-21 16:26:59,2017-08-31 20:18:12,2017-09-21 00:00:00
e22a3e8048469ea68906f666d446c25c,aa0533eb31ed3be79086f11bb2bec430,delivered,2017-08-28 09:48:01,2017-08-28 10:05:04,2017-08-29 11:05:28,2017-09-05 21:42:35,2017-09-19 00:00:00
e21fd08d7e36f975120cb6392ee71ad7,c45bf3cd714e56d9b6604c76ff05547a,delivered,2017-06-28 16:22:42,2017-06-29 16:30:23,2017-06-30 14:33:57,2017-07-11 13:04:53,2017-07-26 00:00:00
347610961383f5990e1d0ce3fd0afa5a,67e3893327f25b943d07ec4a97f6a203,delivered,2018-08-17 09:08:30,2018-08-17 09:29:42,2018-08-17 19:55:00,2018-08-18 17:12:37,2018-08-22 00:00:00
a574693e67b5acd2879ac5d182122fee,719ab90ee360e6144da27b3b35fa6936,delivered,2018-03-12 09:53:42,2018-03-12 10:15:51,2018-03-12 18:28:43,2018-03-21 21:46:41,2018-03-29 00:00:00
c13a4b8b536a4584745b7d62ef958ee7,973a00fde4f53076b6eb120482a4a76a,delivered,2017-12-14 14:20:09,2017-12-14 14:33:03,2017-12-15 17:15:55,2017-12-18 15:42:45,2018-01-04 00:00:00
639144fceedec20fa804e47bd91dcf31,f0f41eec87eb3d31733d349395eeb741,delivered,2017-09-18 08:24:12,2017-09-19 03:36:29,2017-09-19 20:36:29,2017-10-10 19:08:08,2017-10-13 00:00:00
daf946e879dab6e7e6b3f968297c3fe3,f681356046d9fde60e70c73a18d65ea2,delivered,2018-02-09 13:46:04,2018-02-09 14:08:53,2018-02-14 23:35:06,2018-02-15 22:41:29,2018-02-23 00:00:00
c908311ac45b5f0fa0a2a362fdf6b233,74379616bd5d8e791fb89b759216a164,delivered,2018-04-17 15:30:29,2018-04-17 15:50:34,2018-04-18 17:45:39,2018-04-23 23:58:55,2018-05-10 00:00:00
ba714b832c8a26b8b6ce921e0ecbc886,44e901b8be5f6dd05a27589aa95f7679,delivered,2018-05-11 13:38:26,2018-05-11 13:50:59,2018-05-11 14:33:00,2018-05-18 14:19:04,2018-05-30 00:00:00
7d8cd4ac1b0c3a31fddc3198d69fc133,cdb5bda2e2203d57f2880dac0d661f43,delivered,2018-08-16 22:38:58,2018-08-17 09:29:41,2018-08-23 13:31:00,2018-08-28 15:16:38,2018-09-14 00:00:00
f31cf521d461f5b8b5b1456a0448495e,7d9fd47eeb21776ed93f070d71499e0a,delivered,2017-05-28 15:50:05,2017-05-29 21:45:10,2017-05-31 09:07:45,2017-06-07 11:51:24,2017-06-21 00:00:00
bb6b0cda2ad6b1af261188c55a57550d,a2b04cadccfc3b95ff49974295621275,delivered,2018-01-07 18:47:29,2018-01-07 18:54:46,2018-01-08 23:04:26,2018-01-24 20:03:18,2018-01-24 00:00:00
4a15263dd8da51ee9b6c6ed9fa843ee9,c3944031f7a763edadfa03361c9aa06d,delivered,2018-05-16 23:19:51,2018-05-17 00:34:02,2018-05-22 17:15:00,2018-06-18 16:36:52,2018-06-07 00:00:00
7a58856993632824e92f700eff99340d,7e1e4e8bf61282660be2b5237bbd451c,delivered,2017-12-13 18:02:39,2017-12-13 18:10:23,2017-12-14 21:42:15,2017-12-19 15:46:57,2018-01-09 00:00:00
1fba572d64e0fa6d6bbfdd06b5704e6c,ac09b33a9844b58697576f7e29200f5d,delivered,2017-12-15 17:19:15,2017-12-15 18:31:42,2017-12-18 20:07:12,2018-01-17 18:59:15,2018-01-11 00:00:00
e30e1b2d38289d666f614ee04f5951ba,94298cbe7a6c41305c767c411762afd5,delivered,2018-03-15 11:16:04,2018-03-16 03:50:15,2018-03-16 21:08:41,2018-03-23 17:28:51,2018-04-03 00:00:00
9d578363f05f0a4f13c35ca532f88192,24d945b1286e8a0d63718f7e90c272df,delivered,2018-02-16 12:56:13,2018-02-16 13:35:31,2018-02-19 18:18:28,2018-04-09 20:06:44,2018-03-16 00:00:00
1d8c63ae552e28d9aab13aa5a92dc389,98a703465d366addf75344ff4d63fba1,delivered,2018-04-26 17:48:50,2018-04-27 12:51:01,2018-04-30 13:55:00,2018-05-08 22:52:02,2018-05-18 00:00:00
556e899478cd993a24f43d8aa8b3cf17,a974da127096592544c80544ddd26149,delivered,2017-10-31 15:33:09,2017-10-31 16:31:14,2017-11-01 16:09:00,2017-11-07 20:12:36,2017-11-17 00:00:00
6a924969e49789ee7b332cdc7677c35f,6f35b5a833225638c4ba4fa744fd1716,delivered,2018-01-09 13:07:43,2018-01-09 13:15:29,2018-01-10 16:17:48,2018-01-15 22:42:59,2018-02-02 00:00:00
04287a84357d7a29361c0948ee9bb4b4,1a6619159ba150721453e7a7650ae0ab,delivered,2018-06-24 17:55:27,2018-06-24 18:15:19,2018-06-25 14:24:00,2018-06-30 15:28:25,2018-07-17 00:00:00
7a16d8eadd3c788ef0386c78218da6cc,82df80d0b10227cfb73163fe5c9a30f5,delivered,2017-10-02 16:37:55,2017-10-04 02:49:27,2017-10-04 19:49:54,2017-10-10 19:52:01,2017-10-27 00:00:00
255cc1a34da986dba8ba04bc67dc4d03,7a85a823eed61d724a4682d535d7342f,delivered,2018-01-05 20:50:04,2018-01-05 21:09:15,2018-01-08 23:19:01,2018-01-25 17:27:07,2018-02-08 00:00:00
63bb3cc42964994be6481295c706c8f4,9a3d1f2c161063cdfa6944e31352c45c,delivered,2017-11-25 11:46:34,2017-11-25 11:57:34,2017-11-28 18:04:28,2017-12-21 16:23:03,2018-01-03 00:00:00
f3381b1e6c37c70f2b3c9d211b166412,77eca4439004e4aad223924d6f254f3f,delivered,2018-04-24 10:29:25,2018-04-25 04:11:10,2018-04-26 07:49:00,2018-05-04 22:19:10,2018-05-17 00:00:00
d9d4008eda3f55c6d4fff91cff923793,b6f67adc8721fca02d68c6882cb29cc9,delivered,2017-12-10 16:22:42,2017-12-12 03:53:04,2017-12-15 00:13:42,2017-12-20 16:23:05,2018-01-04 00:00:00
296487514bc938361dae8cac848688ac,a13f6cf0d876947e0559f572d69e59f9,delivered,2017-04-17 10:11:29,2017-04-18 03:50:29,2017-04-24 07:58:38,2017-05-03 16:46:01,2017-05-17 00:00:00
d1ab8de1e279bd8a55e4135f83d5c599,665a313366dfc254e4cacfafd78b1fc1,delivered,2018-07-29 20:26:54,2018-07-29 20:44:37,2018-07-30 14:59:00,2018-08-01 20:48:59,2018-08-10 00:00:00
62a5349df8243987456fdd17fbe3b823,7fa5b19815a0b5e211dcf4d287f60e14,delivered,2018-03-10 17:10:12,2018-03-13 04:08:24,2018-03-15 21:32:07,2018-03-16 21:50:38,2018-03-22 00:00:00
47bc2fbe3e9b64a723dd530a4f1612b8,308979f2faf0919392503a7818aefcb1,delivered,2018-01-26 15:49:31,2018-01-26 15:58:28,2018-01-30 23:34:43,2018-02-16 22:42:21,2018-02-22 00:00:00
9c64b3536fb98572dd79bdaaab529f2f,ce667e4b89cd1137f40a8d799354b674,delivered,2018-08-09 11:22:34,2018-08-09 14:26:11,2018-08-10 13:04:00,2018-08-21 14:59:35,2018-08-22 00:00:00
9aa70c8fac4649c143933fedf26730f3,0a2925db137872f11303a21dfde59d99,delivered,2017-10-31 17:05:18,2017-10-31 17:32:17,2017-11-01 21:57:00,2017-11-08 21:39:49,2017-11-22 00:00:00
17ba08ab21ccbb0c886139aa8557ca7a,91bdbd577a0e49ecb7d176105b131a27,delivered,2018-03-26 10:42:45,2018-03-26 10:50:29,2018-03-27 11:42:25,2018-04-04 16:59:03,2018-04-19 00:00:00
4ab8b7a8e23908984157974ae4ad6436,21b90719d24eb01136a753197b79bb3b,delivered,2018-05-29 08:17:20,2018-05-30 08:15:17,2018-05-30 14:33:00,2018-06-01 15:20:00,2018-06-14 00:00:00
f15ee2f37da0500e278ec213c201edf3,1bb26cb73f617c0b4eed520cc297ea8d,delivered,2018-07-27 11:58:46,2018-07-28 18:35:13,2018-07-30 14:08:00,2018-08-03 20:38:29,2018-08-16 00:00:00
616d980107c4a1d6b7cbc85cd40890e8,65198f9bf91d5406161513a753121467,delivered,2018-01-02 15:02:30,2018-01-02 15:13:30,2018-01-03 23:03:41,2018-01-08 17:50:15,2018-01-31 00:00:00
c9c52a54f8c144ef40de99a8a74a3ec6,64a3fc4483005564628533c1d14de25e,delivered,2017-07-06 16:55:43,2017-07-06 17:10:16,2017-07-07 16:53:44,2017-07-27 17:42:22,2017-08-09 00:00:00
196750f3a540bf20f0d449337221bd1f,14841ab540bf9dd232bcb84d8135325c,delivered,2017-10-11 00:58:33,2017-10-11 01:14:09,2017-10-11 17:45:49,2017-10-18 20:15:31,2017-11-07 00:00:00
0cdea1c34ce2e9ca670b2e6df1d6c207,11f0c49caade1b82c30832ba7cb8fb5c,delivered,2018-03-14 14:16:35,2018-03-14 15:00:22,2018-03-19 17:39:51,2018-04-09 16:41:14,2018-04-03 00:00:00
c992f37682e64f4ac2ec63136c54369d,55cfd643760b0684490f43423cb21c4a,delivered,2018-07-18 09:03:04,2018-07-18 09:15:13,2018-07-19 13:58:00,2018-07-30 20:45:52,2018-08-09 00:00:00
60ddc3cf31819e316702f9ede42e26c7,d101df6a75bb39768e2dab7ce5dc125f,delivered,2017-04-04 10:41:08,2017-04-04 10:50:22,2017-04-04 10:58:13,2017-04-19 06:38:10,2017-04-25 00:00:00
bb31e0bc46d4bf098ba2bea9092a59f1,89e206778d5691ee3bbe40bc2f6bb541,delivered,2018-07-27 20:07:41,2018-07-27 20:24:25,2018-07-30 10:56:00,2018-08-10 21:46:32,2018-08-16 00:00:00
c293ca42a5c5696d69f9de1acff91b4d,9434829a6ad0625a50a8904f8a90a24e,delivered,2017-11-14 10:44:15,2017-11-16 17:52:44,2017-11-21 14:54:49,2017-11-25 14:18:21,2017-12-04 00:00:00
682332c2474e425ea23c40848faa25e2,e0d50842eb1d45e542c592466bcc06b5,delivered,2017-11-02 15:43:52,2017-11-02 15:55:31,2017-11-03 20:39:38,2017-11-09 15:42:03,2017-11-30 00:00:00
227881fdf69e55ab7906b7a818dd5e39,9a745c47c228743d4a7bbb9c94e943e9,delivered,2018-06-27 18:48:48,2018-06-27 19:11:56,2018-06-28 14:25:00,2018-07-03 18:34:40,2018-07-25 00:00:00
b85614e04ee9ee71f2632faf63ff3ac9,e0228d0d1af80aa872001373c79171df,delivered,2017-02-07 10:43:31,2017-02-07 10:55:22,2017-02-07 15:34:08,2017-02-14 14:05:13,2017-03-09 00:00:00
ea5a5e11ad8f97f731325b326cc2f3e5,7536b44a83b05083df3c3834d161b373,delivered,2018-02-18 14:26:06,2018-02-20 07:15:24,2018-02-21 21:05:03,2018-02-24 16:18:34,2018-03-06 00:00:00
f08e7cbe4ee33176122952f10c7128b6,fc786b631b0c7de13ab9d65b09aba88d,delivered,2018-07-31 18:14:02,2018-07-31 19:31:32,2018-08-02 10:48:00,2018-08-03 15:49:00,2018-08-07 00:00:00
062bddc5be851fec2b59598cc33498cd,9a2dd61cc19001c3ace30736bb37b2cb,delivered,2018-05-07 20:22:07,2018-05-07 20:35:27,2018-05-08 12:53:00,2018-05-15 21:09:05,2018-05-28 00:00:00
d8b5d1ea87d75046c7b453b1b128fcc3,6fac131de8408ec8e5fc464cfb07c9fc,delivered,2017-09-17 14:51:56,2017-09-17 15:05:09,2017-09-19 14:11:44,2017-09-21 13:54:04,2017-10-04 00:00:00
8a8bd4a338e17ace44431e99a2add1d2,460a1052bb04a53c2d748b89ef49f1c5,delivered,2018-05-15 21:31:55,2018-05-15 21:54:02,2018-05-17 12:40:00,2018-05-29 18:51:46,2018-06-01 00:00:00
c2ca2bb17ed706c909f7011c18b1ba98,596333805ac932042fad7eeb3f2b9362,delivered,2017-10-01 19:37:59,2017-10-03 03:56:32,2017-10-10 18:44:48,2017-10-30 17:52:19,2017-10-27 00:00:00
878c411445b7128a9715f6f06ca14bea,ab90a48c16d5533595fc9f34949a8170,delivered,2017-05-13 22:46:15,2017-05-13 22:55:13,2017-05-18 08:53:39,2017-05-30 04:35:42,2017-06-09 00:00:00
c00634be8f1613b3019605c2cc96d06b,fb66001ed80569ba8468b508e63e8129,delivered,2018-03-08 19:32:08,2018-03-08 19:49:14,2018-03-12 18:24:26,2018-03-26 19:44:45,2018-04-18 00:00:00
5e092cf7a8c77ef8b4592a9c656c498f,cad130372a8e9ca60716caf6ecd9fff6,delivered,2018-01-23 17:07:10,2018-01-24 10:31:36,2018-01-24 20:41:52,2018-01-26 15:29:02,2018-02-09 00:00:00
f01cedbfe57601b0145a8331f8289138,c239969d43647ffabd4ca8db135b7a87,delivered,2018-02-08 15:39:25,2018-02-08 16:59:20,2018-02-09 21:04:57,2018-02-19 22:04:33,2018-03-15 00:00:00
24bfe29693d0dbabd5e08b3b3bf1064c,c015a1e9dfe7e60a802b1e3bdc882e08,delivered,2017-05-22 20:40:26,2017-05-24 10:30:13,2017-05-24 11:45:56,2017-05-29 08:36:02,2017-06-22 00:00:00
4e574601fa03ae371593a005d9cc7a32,415130aa0b0c6ea42bd6aa2fc43b503a,delivered,2018-02-28 16:07:02,2018-03-03 03:20:25,2018-03-06 18:49:06,2018-03-22 16:22:59,2018-04-02 00:00:00
0d6b94a6fbdff968503c0aa3e7bffdbf,0a160d7838c9baf60991f2b623ea69ab,delivered,2017-08-07 18:51:58,2017-08-07 20:03:15,2017-08-09 14:04:35,2017-08-28 20:48:01,2017-08-31 00:00:00
2df86a1fe8ce1dbff076f3eef50a664e,9d58f19e8d5d306f2d15eb225c3adeb5,delivered,2018-02-28 18:49:29,2018-02-28 19:08:48,2018-03-05 21:56:32,2018-03-06 15:47:50,2018-03-13 00:00:00
51a6c901712ba9639464fa07a52b4fa2,3a96280db571ee2cd795421518e3fe66,delivered,2018-07-26 13:30:49,2018-07-26 14:05:59,2018-07-26 15:40:00,2018-07-27 20:42:17,2018-08-03 00:00:00
9e86f2750fb63739aa63c24a716815ab,6716e1ac019b7a47c59e604467baaf6d,delivered,2017-10-28 19:23:49,2017-10-28 19:35:09,2017-11-01 18:22:26,2017-11-15 04:58:38,2017-11-28 00:00:00
855a13de235eda92e5acdf19d0157b67,96f6f0d6c407d78a7b0df5999939c03b,delivered,2017-07-12 18:37:55,2017-07-12 18:50:17,2017-07-14 18:34:27,2017-07-17 17:44:55,2017-07-25 00:00:00
20b1d8c9683a66f9810b31604fc5f540,5257f21744aca789f334058a11c2fb42,delivered,2017-11-12 13:57:38,2017-11-12 14:10:31,2017-11-14 13:11:48,2017-11-22 22:09:11,2017-12-06 00:00:00
6be09fd2c367b8fad5b25b1315c335bb,5f0a81d48ee9e8197044530b42532849,invoiced,2017-11-27 19:38:56,2017-11-27 19:57:33,,,2017-12-21 00:00:00
4fa373aa126aea437de1bdab7e3f4179,9ba535d9f016f0b68a7fa5817b8ce979,delivered,2017-08-14 18:06:47,2017-08-15 03:43:56,2017-08-21 19:35:34,2017-08-22 23:19:49,2017-09-01 00:00:00
65272dc3f6aee70b17f962df52f16f73,46a2b8ea7034da1afc0b9999cd33d679,delivered,2018-08-01 22:41:50,2018-08-01 22:55:12,2018-08-16 09:28:00,2018-08-21 00:14:43,2018-08-23 00:00:00
802c6194741628ea426c4d7a4e55707a,42735dc9ad5d47f62eef96007363fa58,delivered,2017-04-18 13:21:52,2017-04-18 13:35:26,2017-04-20 15:47:28,2017-05-02 17:48:43,2017-05-10 00:00:00
d965c84427fa1d6daad237adfbf75554,f481cadc657dd238cf73200b92292644,delivered,2017-11-17 13:00:10,2017-11-22 02:40:02,2017-11-22 17:02:16,2017-12-01 21:38:57,2017-12-15 00:00:00
c20b8787cc61fb390fe578ddf1995933,b33f12eb84ce2fd376a58202dcbb8a67,delivered,2017-09-22 23:13:00,2017-09-26 04:04:31,2017-09-28 14:56:41,2017-10-06 19:23:22,2017-10-16 00:00:00
44699b6718b35247c4ae1e798d0ec533,b12903e05aaab54fe9fa5dfc3fc5a29e,delivered,2018-03-21 11:40:52,2018-03-21 11:55:42,2018-03-22 21:46:46,2018-04-17 00:43:28,2018-04-20 00:00:00
4db4d9eaf5fb240987ed4148caf900b9,7f3be1ea4ab67c410ab8e37634716342,delivered,2017-11-29 04:49:26,2017-11-29 04:57:25,2017-11-29 22:24:43,2017-12-06 22:38:39,2017-12-19 00:00:00
07e74b39ce62a7c6f7063b3168748191,908fefed2615ed41b2880512db12c758,delivered,2018-08-01 15:46:14,2018-08-02 15:43:58,2018-08-03 10:09:00,2018-08-06 20:28:38,2018-08-06 00:00:00
fd4787fa8be4afcbd8ba795e775cab51,fea16654c631c5cd6997fc0414c3a201,delivered,2017-01-28 17:57:35,2017-01-31 04:40:05,2017-01-31 08:39:09,2017-02-06 14:23:53,2017-03-08 00:00:00
61fa8d2ee24cc80feecf24ec94c68e8f,3aa2c129bd23bcce61a0683c4460860b,delivered,2017-04-24 14:05:45,2017-04-26 09:36:19,2017-05-09 10:26:22,2017-05-15 07:59:38,2017-05-26 00:00:00
1f18d6138f5af59adb5a379ea575d555,9e28e7712d72035236cfbd785851e4b1,delivered,2018-05-29 00:08:35,2018-05-30 02:15:21,2018-05-30 16:58:00,2018-06-12 16:38:47,2018-07-12 00:00:00
4de51073bc1cd11e85fb03f29508b308,fd650b09ca50cbec651acc566907b2b4,delivered,2018-08-06 17:14:50,2018-08-06 17:25:45,2018-08-17 11:33:00,2018-08-24 17:11:48,2018-08-29 00:00:00
fa4f63175b284248b89a46c3b7e7bc12,7c2abab8ee489e71b5c91a03f49baab3,delivered,2017-04-09 17:31:56,2017-04-09 17:45:15,2017-04-10 15:35:11,2017-04-12 15:30:00,2017-05-04 00:00:00
2d856083b0b7c9f8a7bd4f59986eafec,f95fb411cd509902774af543e8d0caf1,delivered,2018-08-12 20:53:01,2018-08-12 21:05:09,2018-08-15 14:00:00,2018-08-20 20:51:20,2018-08-29 00:00:00
f7abaa156e535f9204ac0cedab166bd0,daa4d167c907827200536489e0dc645b,delivered,2017-06-25 17:17:12,2017-06-27 04:23:18,2017-06-27 15:04:06,2017-07-03 10:12:27,2017-07-18 00:00:00
7f5a24612bec96e2005690b5b60faa26,122b566031d84d7f2b2c3ee360200e84,delivered,2018-02-27 19:21:26,2018-03-01 02:50:43,2018-03-01 21:06:30,2018-03-14 18:36:23,2018-03-26 00:00:00
0b40648d6c533ac73822cb32caf5cfa3,7010333c051d9116f2df834f27ed380f,delivered,2017-08-15 11:08:17,2017-08-15 11:35:11,2017-08-21 15:14:51,2017-09-14 20:17:02,2017-09-15 00:00:00
3619a073d29c01c4cfb83078a695f13e,e3ab1e4b898e74096cb7f50c74a0a9e5,delivered,2018-02-24 14:38:36,2018-02-27 04:31:14,2018-02-28 16:27:56,2018-03-05 17:14:29,2018-03-16 00:00:00
fb95aa20d91cfc568a3bd223c03e9eff,844fefc57b6c9a11bfa1a8eb4b1a6e2b,delivered,2018-04-28 20:14:48,2018-04-28 20:30:54,2018-05-02 14:15:00,2018-05-09 19:17:32,2018-05-24 00:00:00
be16722a27c9d9dcf7054c682b72b3f0,3a5695bdd7131d847aa186d3e219a142,delivered,2017-07-15 21:31:33,2017-07-15 21:43:38,2017-07-18 15:22:48,2017-08-01 22:04:44,2017-08-08 00:00:00
a9b40a5190a294e3d8f733c1caf32934,533363729bbb70f47f8324cc1079350a,delivered,2018-02-28 10:40:10,2018-02-28 10:55:34,2018-03-01 20:02:59,2018-03-05 19:11:43,2018-03-20 00:00:00
a27942f622b629d0c6fcc5245689454e,2fee3bd742b24eac0910410fcb57085b,delivered,2018-05-01 20:30:54,2018-05-01 21:25:44,2018-05-02 14:15:00,2018-05-11 20:54:43,2018-06-01 00:00:00
ada72a2d2e2c5621b9391b68e9cfa74b,5e8845ceb28e6e145e2ca71942e50785,delivered,2017-12-06 22:50:42,2017-12-06 23:12:47,2017-12-07 18:42:40,2017-12-27 18:06:31,2018-01-05 00:00:00
af099467911b979b79b3a49231876086,6a2896a95ecb9df4c195ac3ba4139cf7,delivered,2018-02-28 09:48:37,2018-03-01 09:55:58,2018-03-01 20:22:39,2018-03-18 16:56:33,2018-03-19 00:00:00
c9cb31bb489f9ed567f42b13d15d8d28,d6f526d5e848625b6044aeada9bef7f9,delivered,2017-05-21 20:10:48,2017-05-21 20:25:15,2017-05-22 14:28:05,2017-05-31 16:32:52,2017-06-26 00:00:00
56173a7cc04c8e7350ec2fc647c912cf,d3c58deab42f2cd260f84d6f6a3d7769,delivered,2018-04-02 17:57:34,2018-04-04 03:10:30,2018-04-04 17:58:44,2018-04-06 17:45:34,2018-04-12 00:00:00
9d812ac753da7008021863feabbd291a,865564d43efdb4ace7fee99697e74e7e,delivered,2017-12-03 19:47:05,2017-12-03 19:57:24,2017-12-04 23:41:49,2017-12-11 18:48:48,2017-12-27 00:00:00
fd98db0c60caa964759465417876e390,887fa8c54c01aeec56fb2ed2f44d533c,delivered,2018-06-11 11:52:05,2018-06-11 12:22:38,2018-06-11 14:14:00,2018-06-20 21:54:29,2018-07-12 00:00:00
b981e23277787bf0b0f6055ee85a22ac,fe1b16c1d48fd1f7318eeb68ee25bf59,delivered,2018-02-26 19:33:50,2018-02-26 20:09:24,2018-02-28 18:13:28,2018-03-06 21:21:58,2018-03-20 00:00:00
9aab0bd41ca1b740b564ea50fd2440ed,c100ccb56a508a6c51e0356f2acd003d,delivered,2017-11-27 13:57:46,2017-11-27 14:19:48,2017-11-27 22:10:23,2017-11-29 22:05:31,2017-12-11 00:00:00
ff1a5ab32e4131d647fa856bee2d4ff5,cabbefcde0d172ce74bc7fd88aea6664,delivered,2018-03-15 16:38:43,2018-03-15 16:50:44,2018-03-20 13:47:19,2018-04-22 18:19:49,2018-04-10 00:00:00
2e612a3508e4bce75344e6bfb68f28e0,06deea7d56068efd37c65f8daff0e03b,delivered,2018-02-11 21:38:24,2018-02-11 21:50:27,2018-02-14 15:56:50,2018-02-22 20:33:28,2018-03-07 00:00:00
a229af912d66e534353b1fa59daef44b,8541728bf74c0f7a3277c15c4950a994,unavailable,2017-10-27 10:04:29,2017-10-27 10:31:06,,,2017-11-22 00:00:00
b4d6bee8b34f0daf1309fc764051cce5,b87ab7515bb1025b80d8f9bc5c860f83,delivered,2018-04-08 21:25:05,2018-04-08 21:35:15,2018-04-09 15:55:22,2018-04-20 17:29:54,2018-05-07 00:00:00
91c7af31bbff981f2530987c8d5d5ae2,01295bcfd2311c7b510c4c697f82b6be,delivered,2017-09-17 19:18:54,2017-09-17 19:30:22,2017-09-19 16:18:59,2017-10-13 11:42:21,2017-10-05 00:00:00
bc5089284951e16d020460e18de85fad,0d4a5cdbedc3aa83305c5d5ea18a19de,delivered,2018-03-24 12:10:07,2018-03-24 12:27:28,2018-03-26 20:42:44,2018-03-27 22:48:49,2018-04-06 00:00:00
4fd47db0e1bb9f59384ff16f8d533f80,bba44caabdf148a7ef93ab803e011c58,delivered,2018-03-14 11:47:59,2018-03-14 12:28:18,2018-03-15 16:46:36,2018-04-11 19:12:53,2018-04-17 00:00:00
fddbb434bce33723969c0d1950649dbd,15aa00d0e958881f93b3cbd18eeee820,delivered,2018-04-24 23:17:50,2018-04-24 23:30:21,2018-04-25 11:45:00,2018-04-26 18:26:49,2018-05-08 00:00:00
6cd30de23ae80f0c8c7439acece7ecd5,d4ef7f273c01134ab9dbdde58bca08c0,delivered,2018-01-23 00:05:39,2018-01-23 00:15:17,2018-01-23 15:57:12,2018-02-16 23:26:36,2018-02-20 00:00:00
bdf4423bf60eac03b6786ebd0e507cc1,0040b00970e2139e8c43b647c0da5305,delivered,2017-01-26 23:10:07,2017-01-26 23:25:14,2017-02-06 11:54:30,2017-02-15 15:27:48,2017-02-20 00:00:00
f54985d5e0aa25e89765a7f3c1d7c445,17d871c2a8aaebdb6d8b7dc48398afae,delivered,2017-04-15 11:10:07,2017-04-15 11:25:14,2017-04-20 13:46:00,2017-05-05 13:49:59,2017-05-12 00:00:00
34d9e89f7b783901742e22fdbd182a59,e0ab3a35e656478daf236f8b78091496,delivered,2018-05-09 19:00:46,2018-05-10 18:57:41,2018-05-11 14:19:00,2018-05-17 19:48:47,2018-06-04 00:00:00
1d699c4fd2ee485c965116e9c3fae0b3,b353576acb75a31101c682a70e89e6bd,delivered,2017-08-21 22:04:27,2017-08-21 22:15:08,2017-08-23 13:53:24,2017-08-28 18:45:59,2017-09-14 00:00:00
be8e82214fcaada34c6b645f54e20737,a85209e61b86457b6c628e4da9f2e488,delivered,2017-11-24 22:28:27,2017-11-28 03:46:16,2017-11-29 18:59:01,2018-01-08 17:35:24,2017-12-18 00:00:00
b7cf59f6158a9fd83ee0c75e95c65af0,c4b3853cb43c44b695d2b86cb2b0b9b4,delivered,2018-02-17 13:51:32,2018-02-17 14:07:54,2018-02-21 21:34:14,2018-02-27 13:39:11,2018-03-06 00:00:00
b06ebf1a46fc060c183c59b092ce49ee,3086654455e8ed4401d93f2af816d8b3,delivered,2018-03-16 21:17:17,2018-03-16 21:30:37,2018-03-21 20:37:42,2018-03-29 22:54:22,2018-04-04 00:00:00
43bf8ef114cb9b805735d15447abbc94,dc83ffd29dd6cea0fa7b7cca9eeede05,delivered,2018-06-01 21:48:43,2018-06-01 22:11:02,2018-06-11 13:49:00,2018-06-14 21:21:40,2018-07-20 00:00:00
76d3da933ea02dff5b27a64415350c37,37c3aedbb5e47029dfacc96860f24058,delivered,2017-10-22 22:00:35,2017-10-24 06:36:45,2017-10-27 21:17:54,2017-11-06 19:54:55,2017-11-16 00:00:00
67e7cace5deab160cedd95c80e6f60a8,58a02b0700dd28cd6317626512912c3f,delivered,2017-07-17 22:42:24,2017-07-20 13:43:32,2017-07-21 17:52:16,2017-07-27 18:35:33,2017-08-10 00:00:00
2430b57b60423269e56d188b55d8eec7,11c166946c235b3cd5b1fc3fdbcb9215,delivered,2017-11-13 10:30:23,2017-11-13 10:46:54,2017-11-16 20:37:53,2017-11-22 20:24:43,2017-12-04 00:00:00
9857b6e0079dc9b6081c5d1e2ad75b48,67143172a156bc5513b613755a33ebf2,delivered,2018-02-11 23:49:08,2018-02-12 00:07:35,2018-02-14 23:38:50,2018-02-27 01:55:25,2018-03-06 00:00:00
2f63fa144638f7ade6cb643585538161,4fd530fb0a2670c2016db3210471fc7d,delivered,2018-07-23 09:53:53,2018-07-23 13:04:18,2018-07-23 16:20:00,2018-07-26 20:04:46,2018-08-14 00:00:00
ccacf38d836bb451f51a555780ea425c,0a917cf6dd04df0ec24e6178401e8569,delivered,2018-01-16 12:56:37,2018-01-16 13:10:11,2018-01-18 00:52:40,2018-02-03 00:12:47,2018-02-07 00:00:00
9ede3a76d22fdfce4d6be1e75ab3e1a5,c7e36e97f12db1f22a857dd5d6e50215,delivered,2017-06-10 13:07:05,2017-06-10 13:15:16,2017-06-12 15:00:43,2017-06-19 18:36:49,2017-07-07 00:00:00
5b5ca75222f3aeb5ae3b27547d4d8792,d0063b73907fed10b23f0dcca4a9bcf3,delivered,2017-03-22 07:14:31,2017-03-22 07:14:31,2017-03-23 14:42:54,2017-03-27 11:51:51,2017-04-13 00:00:00
4ffd41fadb59bd398d869be78f1b2be3,cb3f24783eb4c4a37cfd6e35b41f3e4c,unavailable,2018-03-26 09:37:59,2018-03-26 21:47:35,,,2018-04-10 00:00:00
cfcef16acd7d85fcc9bc9bae5166f845,17856f540114d991d7f8576b72f8efdc,delivered,2018-01-19 22:33:23,2018-01-19 22:55:57,2018-01-22 12:42:35,2018-02-02 17:33:05,2018-02-14 00:00:00
bcf5665129063675d2d1006d95d3c813,45c715dfcbdc6bda7b1190def7ab948a,delivered,2017-02-02 23:09:15,2017-02-02 23:21:30,2017-02-03 12:34:49,2017-03-08 18:16:00,2017-03-01 00:00:00
3d76808da6242e8c7476a606fb6b5935,1a2c6469954e0f56da59bf0ac75007ed,delivered,2017-08-07 13:01:04,2017-08-08 04:04:48,2017-08-09 12:20:03,2017-08-15 17:27:37,2017-09-08 00:00:00
e4865416690d1f1fdad49bc94f871de6,8457dd875ae43c9b34240808ff8bb757,delivered,2017-11-29 12:48:56,2017-11-29 13:15:54,2017-12-05 18:53:19,2017-12-06 16:59:11,2017-12-13 00:00:00
5fa643060454c5e14a75113a3800b787,55b570c71025b39fde0bf79e585f1db8,delivered,2018-08-13 14:35:48,2018-08-13 14:50:16,2018-08-17 06:26:00,2018-08-20 22:41:11,2018-08-28 00:00:00
82857312ad869f872b950b616dc58273,c8e6468dc0ef9ffaf13b7d8ff21f694c,delivered,2018-07-27 11:33:29,2018-07-27 11:45:10,2018-07-30 16:27:00,2018-08-09 00:15:24,2018-08-29 00:00:00
6eb9f3d505ab7a74d384c6b0acf7d57e,4d92a3b7a734fdf21d16feba6dbdd95e,delivered,2017-05-20 14:42:05,2017-05-20 14:55:08,2017-05-22 10:16:57,2017-05-23 12:42:30,2017-06-02 00:00:00
a4cadd13645cb16e2e4252ee2e39dd80,f4e44e3ea4c94245350d2ff7e85816f6,delivered,2018-01-14 15:01:39,2018-01-14 15:11:25,2018-01-17 23:46:37,2018-01-29 23:52:31,2018-02-06 00:00:00
6b654c2dc2e7c610cb22c325fb723057,5239179f060acba3aae48fdc19d479ea,delivered,2018-07-04 10:15:33,2018-07-05 16:09:25,2018-07-05 12:30:00,2018-07-14 14:28:31,2018-07-17 00:00:00
8616d2e4f9d29d0a08571be7ccf0acc3,7add403a697858f1a47857c3e396b54d,delivered,2018-05-08 00:14:57,2018-05-10 02:57:15,2018-05-10 12:07:00,2018-05-17 16:22:05,2018-05-29 00:00:00
b07d2a68cc3e97e707eb42d213983c66,412aabf43b3d45f1f6052e834c04df34,delivered,2018-08-09 21:16:06,2018-08-09 21:30:16,2018-08-10 14:58:00,2018-08-15 09:40:31,2018-08-23 00:00:00
52363fd30a7df27f6789c3d086f4aa0e,4515197a9cb2fa62285ccf9a2ccc148e,delivered,2017-06-18 20:46:13,2017-06-18 21:03:47,2017-06-22 16:23:04,2017-06-28 13:35:36,2017-07-17 00:00:00
8f6d8ee78537f5977e5b70a12761403b,fce48cdc0473d52a614efabbb7820add,shipped,2017-06-04 12:58:18,2017-06-04 13:05:23,2017-06-06 10:23:53,,2017-06-19 00:00:00
e98405be83624163fbaadf39f502cfb1,cb047fed186785a0792371ff0b2aff8d,delivered,2018-06-06 13:42:03,2018-06-07 13:57:33,2018-06-08 11:33:00,2018-06-19 09:53:30,2018-07-13 00:00:00
36f3f1d96022b41043bf6db3266453cd,840b5c8902b80e63aa691ca5cbaa9bb6,delivered,2018-05-25 17:46:39,2018-05-28 12:34:20,2018-06-01 13:54:00,2018-06-11 22:05:15,2018-06-26 00:00:00
7d9222bcb9fbdafc453620f32f6fb996,66ec897fe7dc187b52b3f654bfe0c80c,delivered,2018-07-28 15:35:20,2018-07-28 15:45:09,2018-07-30 12:17:00,2018-08-03 16:21:35,2018-08-14 00:00:00
03181fddac1b424c893821ec539b2abf,2e3c87a1fe28dc56e695f7584818c62b,delivered,2018-05-05 16:35:57,2018-05-05 16:53:39,2018-05-07 11:37:00,2018-05-08 16:08:40,2018-05-18 00:00:00
91c4a93764c64f05b6548ef057e6d3e5,170d57b7b1038cf7158b12025161b890,delivered,2018-08-18 15:38:06,2018-08-18 15:50:17,2018-08-20 12:20:00,2018-08-28 19:12:54,2018-09-14 00:00:00
897fab0704eda65c69520010b02a3fee,4514de42f20ab295bfb4509ce083b763,delivered,2018-05-07 16:24:23,2018-05-07 17:56:11,2018-05-08 06:32:00,2018-05-18 23:51:13,2018-06-05 00:00:00
2b8964f15c12ac5df6946804df101d82,a1ebc1341c41be7604527a96353f2700,delivered,2018-07-07 21:30:58,2018-07-07 21:45:41,2018-07-10 16:54:00,2018-07-11 21:52:25,2018-07-26 00:00:00
6acf90c38bdd8b8c40950b821624787e,2f7001da9e597c4b707313a341a20614,delivered,2017-07-20 20:51:21,2017-07-20 21:05:16,2017-07-24 18:53:30,2017-08-03 01:27:40,2017-08-28 00:00:00
6a4b06a2b62d1f2c69cf1f7a4eae074a,a0d430c59b700550f20303fa1d6b2ba4,delivered,2018-04-13 21:18:46,2018-04-13 21:50:57,2018-04-16 23:30:42,2018-04-19 00:34:37,2018-05-23 00:00:00
df54015966b3fa00a42222b5a0e21348,a100558331df579cc459520c1e39fd0f,delivered,2017-09-11 16:11:41,2017-09-11 17:45:21,2017-09-12 22:13:27,2017-09-18 20:11:57,2017-09-27 00:00:00
31cad6ec7ac19b48d3eca43d624f6cfd,54a313a0e979a0881b26acc884f03197,delivered,2018-07-18 23:01:12,2018-07-20 04:55:28,2018-07-25 14:44:00,2018-07-28 00:48:21,2018-08-13 00:00:00
1498b25563986950783a674b05e9a526,09aa95fd4e9472f20a0beed7b6ef0681,delivered,2018-01-25 21:14:07,2018-01-26 03:16:52,2018-01-26 17:59:15,2018-02-05 19:34:22,2018-02-21 00:00:00
18914d929964317dc0a002fcbbd70d06,e0903e2fa37760c105ccf0847c60aaa3,delivered,2018-03-26 11:52:14,2018-03-26 12:10:36,2018-03-27 22:41:06,2018-04-14 14:52:02,2018-04-20 00:00:00
9023f19129c14dadfacec1394f255de9,a419883e5bb40642decd2eeea734da73,delivered,2017-08-19 00:15:41,2017-08-20 00:25:57,2017-08-23 15:16:34,2017-09-04 18:07:53,2017-09-13 00:00:00
2d3dbe1773426d039d73770335867829,1aeec9b1de1f7ff20d46b615a0f05f0a,delivered,2017-09-11 10:15:27,2017-09-11 10:25:41,2017-09-15 14:39:06,2017-09-25 15:03:04,2017-10-06 00:00:00
1ed0a0954b445954a0117c4aaf449e28,7cfe835568484ae12607a6700d6aa8ab,delivered,2017-11-14 06:02:08,2017-11-15 02:51:42,2017-11-20 19:02:46,2017-12-01 20:07:25,2017-12-07 00:00:00
0149c597dcc0963d7315f904495b631c,a9bb000979210a35541c29601f2dc03e,delivered,2018-04-26 00:35:14,2018-04-26 03:15:13,2018-04-26 12:55:00,2018-04-30 16:36:50,2018-05-11 00:00:00
9e784561e351e3749a4dc15902d0e7ad,ce7d16764477add502f5571e29f6dce3,delivered,2017-04-12 21:35:27,2017-04-14 02:45:37,2017-04-19 11:44:03,2017-04-27 12:12:11,2017-05-23 00:00:00
e18cae15f26662973fbe293e695ffcef,53ee287b218a0da1c0b0d15a6017ba25,delivered,2018-05-01 07:11:23,2018-05-01 07:33:17,2018-05-03 11:51:00,2018-05-09 00:32:50,2018-05-28 00:00:00
c96bb2323dfac3672b0a52e5add6b1f8,d73e02185ff717a508033f6befb48778,delivered,2018-03-15 20:33:23,2018-03-15 20:48:45,2018-03-16 20:37:46,2018-03-26 16:48:59,2018-04-05 00:00:00
aeebf4abbcfb9bac43b6a31399a3e93c,500e98ff3cb33cf1f3095ac781234e29,delivered,2017-09-04 11:02:40,2017-09-04 11:15:18,2017-09-08 15:28:08,2017-11-18 13:32:09,2017-09-28 00:00:00
e9a0ea38c9ccce5af1c178330ebdf3b3,b29bd54e3f696b788f8473826a68be4e,delivered,2017-11-21 19:54:27,2017-11-21 20:07:11,2017-11-22 19:10:00,2017-11-30 19:33:03,2017-12-07 00:00:00
74d0cc035ccffc33de7a0ef8c429a931,bce05094d02df76af821db9c5df81a35,delivered,2017-06-05 15:16:56,2017-06-05 15:42:22,2017-06-06 11:41:11,2017-06-19 18:08:35,2017-06-28 00:00:00
04a59fe46fc5aa341da5378c195ed53c,2d8748fb35d51c2fd273ee67fff78b7a,delivered,2017-11-26 09:32:06,2017-11-28 09:35:11,2017-11-28 19:18:52,2017-12-11 19:03:18,2017-12-19 00:00:00
44918cef2a112fc3f8e4a9b676e5ab23,265655cf1f2dfd4fc630004d1fe5f3cb,shipped,2018-02-06 22:08:09,2018-02-06 22:15:42,2018-02-07 22:45:44,,2018-03-12 00:00:00
6d07ebee9c7fa9c4749c7265c987bf0a,4bfed7ec90de2a498c6aaaf4ce5e4518,delivered,2017-05-22 09:06:09,2017-05-22 09:22:28,2017-05-25 09:58:30,2017-06-02 17:42:43,2017-06-16 00:00:00
418018cd21bcca5f7cc37f9f17ac1466,81c19ba9169b16ec020f789b0e05b677,delivered,2018-01-16 18:19:20,2018-01-16 18:29:51,2018-01-22 19:26:56,2018-01-30 18:08:50,2018-02-07 00:00:00
6f518b2ff981751788c8e7dfe7dfbf90,b893fdf0dff65ca2fb524cfbfa9039d2,delivered,2017-09-16 20:50:42,2017-09-16 21:05:39,2017-09-19 13:39:00,2017-09-29 20:11:51,2017-10-19 00:00:00
e2e9a4fe163a44a86fe306af8a9e2bcf,9aacda4060fd4835ee6541958cb9a1f7,delivered,2018-02-02 23:00:48,2018-02-02 23:10:48,2018-02-08 11:16:25,2018-02-16 00:09:10,2018-02-26 00:00:00
5b585b8178b9e47c6d423e0e79f415af,36280de836e519ab5004690b9219df9b,delivered,2018-01-18 23:04:36,2018-01-18 23:16:40,2018-01-22 22:07:43,2018-01-30 20:21:43,2018-02-14 00:00:00
d8764a0bfdbd63c0dbcb665b8eafb7d8,5a9b4246a7ab1a2994158a7f5d0e5a17,delivered,2017-10-19 12:09:46,2017-10-20 03:05:55,2017-10-20 18:57:51,2017-10-25 19:04:07,2017-11-07 00:00:00
6e4064c4b1df562463ea9a75839db134,98f6ca55d340ba5dfd4192258c7e36d7,delivered,2018-06-05 11:57:19,2018-06-05 14:31:35,2018-06-12 14:47:00,2018-06-13 19:18:42,2018-06-29 00:00:00
faf132fb35b3b3b533a67efbd6e7c02d,01b6593aa123cea222a7b4c18c3e6961,delivered,2017-04-22 20:28:53,2017-04-22 20:41:37,2017-04-25 08:23:07,2017-05-05 15:37:59,2017-05-26 00:00:00
0cf3d6e83dcc1117999a235fd6dae842,9ef02e0bb31e88a1fde897b4adc31233,delivered,2018-05-28 12:59:14,2018-05-29 03:31:17,2018-05-29 12:40:00,2018-06-11 18:46:20,2018-07-05 00:00:00
076f1fe978468db6b826f40f714da65f,4f35ebb1592ee75a4a0d34f4c9615090,delivered,2018-06-05 11:41:02,2018-06-05 14:31:31,2018-06-05 13:59:00,2018-06-11 15:26:48,2018-07-19 00:00:00
b05922c45fc699ae9049a2c5add3e02a,a5a79d9745f4fa50300664e5a4efd247,delivered,2017-02-02 07:05:42,2017-02-02 08:00:08,2017-02-09 07:25:55,2017-02-17 10:21:40,2017-03-13 00:00:00
171b2216b2d1b1f42bc9481f06dfaa40,4effb0c115d3623a11c524295db4150c,delivered,2018-08-08 12:25:33,2018-08-08 12:35:17,2018-08-09 12:15:00,2018-08-17 20:04:36,2018-09-04 00:00:00
2ef02afb7f805f2864894d1477e29443,b87ade2343db3a71b9cc7ef696bc54e9,delivered,2017-11-21 08:49:33,2017-11-21 08:57:25,2017-11-21 22:36:49,2017-11-26 17:44:59,2017-12-11 00:00:00
c82a457d646f77c8f151e12a3e517ed2,c178d6d544925594fafab0ba493cd645,delivered,2018-08-08 21:11:25,2018-08-08 21:25:20,2018-08-10 17:10:00,2018-08-15 15:02:09,2018-08-15 00:00:00
9dc7211819545928779f926c67f9031f,83fb768fc57eab1f5d0751588b29e76e,delivered,2017-03-03 11:54:06,2017-03-03 12:02:36,2017-03-06 17:54:42,2017-03-07 09:14:18,2017-03-29 00:00:00
b9b3a57801f2cb36617b727e256b4089,a0d4b9ead9cc1fb314bf487c76605839,delivered,2017-02-03 06:55:52,2017-02-03 07:05:08,2017-02-03 09:30:30,2017-02-15 14:22:57,2017-03-22 00:00:00
20e001ef9eed26db199b0b95f59512f9,7771a8ecef3af2654be29d574b299911,delivered,2017-09-21 12:45:12,2017-09-22 04:32:20,2017-09-22 20:59:09,2017-10-10 17:08:19,2017-10-26 00:00:00
1b3870263ab7aa66a5e2ca30df8fd3d7,f0654b836659036175a0103e9fcb2e4e,delivered,2018-05-30 10:58:06,2018-05-30 11:10:13,2018-05-30 15:13:00,2018-06-08 13:26:25,2018-07-03 00:00:00
6d20c5b5d74d900b45b27fd6e6e01089,8f81c88e8bd6e80bcc4df4d1d18be246,delivered,2018-03-15 11:10:56,2018-03-15 11:29:11,2018-03-16 19:38:50,2018-03-21 20:08:50,2018-04-03 00:00:00
c566fd2719c6f9e102a841c474cb490c,2ab251c4e8580a85814a7f81f26c58cf,delivered,2017-12-12 16:52:40,2017-12-12 17:08:53,2017-12-13 23:28:34,2017-12-26 17:52:45,2018-01-10 00:00:00
6d0ef3c8cc6b6399e18942b77559dceb,f5a4c00b35faeaa5df60b49a2a5695de,delivered,2018-06-10 11:44:16,2018-06-10 11:55:15,2018-06-11 13:50:00,2018-06-15 17:36:41,2018-07-03 00:00:00
2e39e94b6b5f7944f872ba6bf39b758b,ecb17e6e5633358935ce41e8d84cf3d4,delivered,2017-11-16 17:03:09,2017-11-16 17:15:55,2017-11-17 17:09:23,2017-11-22 00:51:22,2017-11-29 00:00:00
604d751f2a7e1dbdc206eec36e4bcb81,1557f8381ff99fe787e0f0403ec62aae,delivered,2017-11-18 11:43:49,2017-11-18 11:55:33,2017-11-20 21:48:10,2017-11-24 15:39:13,2017-12-11 00:00:00
7837962c3d0968b066e6e54738c2f307,d8f2b7c4dca5dbd34d5e86fbb6f905c8,delivered,2018-01-13 20:42:27,2018-01-13 20:50:25,2018-01-22 20:28:40,2018-01-27 00:12:18,2018-03-07 00:00:00
78489b82e815cf23348985a3db599319,f0307c65ff008db4b9a8460f76132e1e,delivered,2018-04-25 18:06:07,2018-04-25 18:33:01,2018-04-27 12:06:00,2018-05-07 13:42:03,2018-05-23 00:00:00
d6ba0aa53ad5742259d45436b54d2b46,f426d0b70890d79f427955fc1037a4de,delivered,2018-05-12 19:33:42,2018-05-12 19:56:40,2018-05-14 14:39:00,2018-05-18 19:59:56,2018-06-04 00:00:00
5afa996de851bd409a84c61745106947,737a7651cb45d8669d7b056c7c0f9444,delivered,2018-08-07 14:24:03,2018-08-09 03:44:52,2018-08-10 15:23:00,2018-08-17 19:41:06,2018-08-27 00:00:00
bba17d97a5a45416d0782d5d07fe740d,9a4578c9dd9dce6517d583cb5eca0276,delivered,2017-12-05 09:13:27,2017-12-05 11:13:25,2017-12-05 19:28:41,2017-12-28 17:43:15,2018-01-02 00:00:00
973099d5fd52c77163406f2eba72dfc6,4118b74a807396d8c976e9cf09b632e4,delivered,2017-12-07 08:01:35,2017-12-07 08:32:03,2017-12-08 22:54:35,2017-12-15 16:49:32,2018-01-12 00:00:00
a6476259927be2539b760baec362ce92,fa7dffdd159e0b0d624a60f7b72497a5,delivered,2017-12-14 00:03:51,2017-12-14 00:12:44,2017-12-14 21:06:00,2017-12-19 15:17:57,2018-01-03 00:00:00
ff14a3e36b78f407a4e8402572e4edfe,4efe40b9fdc01c9a7056e25969589d5d,delivered,2018-01-18 13:21:36,2018-01-19 13:14:45,2018-01-25 16:43:04,2018-03-01 18:02:56,2018-02-09 00:00:00
d52ec59371d4477349b3a26e9607dc2c,0f99c31bedc34957e0dd7689d593a3b6,delivered,2018-05-07 18:09:56,2018-05-07 18:34:54,2018-05-08 13:57:00,2018-05-10 23:03:29,2018-05-18 00:00:00
51c8ce1ad9c1fdebc69cc37fbff27f5a,795c01cbad1e9ef6aa33ffd9064d8df2,delivered,2017-10-27 00:12:27,2017-10-27 00:26:48,2017-10-31 21:08:30,2017-11-15 09:32:24,2017-11-28 00:00:00
dc9a75be849e46bc94aa327ac9bc13a8,15fd5733c1312d72925697670522a4b1,delivered,2018-04-17 12:24:40,2018-04-17 12:35:25,2018-04-18 16:39:28,2018-04-19 16:35:29,2018-05-04 00:00:00
93ee5063c90357efe9aaeabb20badbf6,9f4578f809480da7c0bc98fab02c1cc3,delivered,2017-08-22 14:39:49,2017-08-22 14:51:45,2017-08-24 19:24:40,2017-08-28 20:17:51,2017-09-18 00:00:00
f247ddbea2a3d9e88b688d08f946db4c,ba9aef23b79c16ffd75994ead61491d8,shipped,2018-01-16 01:25:39,2018-01-16 01:35:22,2018-01-17 17:32:50,,2018-02-06 00:00:00
3ff488af63223ea08fce4e9db03a82dd,fb62f2a2b233dce9750bd57255526150,delivered,2017-02-12 17:11:02,2017-02-13 17:22:59,2017-02-14 09:15:08,2017-03-09 08:51:55,2017-03-22 00:00:00
f23bef5ff346873476747ab073a43877,0c9be1ec8a88da24743626fd0384ff46,delivered,2017-05-05 20:20:18,2017-05-09 09:45:12,2017-05-15 14:28:28,2017-06-01 14:48:26,2017-06-05 00:00:00
85841af0d94e5d0cd3a9c0e42e565b74,603dd05a409bcfe63ca922996c72bdfb,delivered,2016-10-05 22:39:46,2016-10-06 16:03:32,2016-10-10 16:03:33,2016-10-13 16:03:33,2016-11-25 00:00:00
a48091d43904feab22b133cf47e96816,882896d692d85d2479ca46626b4ae39f,delivered,2017-07-14 15:44:16,2017-07-15 15:55:08,2017-07-17 18:51:34,2017-07-26 17:27:58,2017-08-03 00:00:00
82a6ea37c0c3ed2f6fe3a6029adbc589,9997d3fac97d1dd96ce13a68158e84ce,delivered,2018-03-20 11:42:25,2018-03-21 11:35:24,2018-03-21 21:09:38,2018-03-29 23:04:30,2018-04-18 00:00:00
a1706a33c76bfd77c2fa337f882b31b2,35b0436d8811d628c6cc361c0cacd2f9,delivered,2017-08-19 14:49:51,2017-08-19 15:05:07,2017-08-21 22:09:01,2017-08-28 16:10:09,2017-09-25 00:00:00
d0083f5db0e3fade5d9a7dc768e8df46,a6701673062c37eb53daa40b834d1aa7,delivered,2018-07-13 21:59:42,2018-07-13 22:24:06,2018-07-16 10:56:00,2018-07-26 20:04:34,2018-08-06 00:00:00
9ffb318d17153de8c18c817b99338e0a,73e4c635d08b25002d658862b34ee054,delivered,2018-08-21 00:10:53,2018-08-21 00:29:17,2018-08-21 14:15:00,2018-08-23 21:52:03,2018-08-28 00:00:00
078c9d6d720f254fc10c5a162169197f,699378662a662906118d5c91b689e7db,delivered,2018-05-29 20:59:27,2018-05-30 20:55:41,2018-06-01 10:03:00,2018-06-07 12:38:28,2018-06-29 00:00:00
588c0e3b460d83b9cd8a270edc0f4da0,6c8a03b35eb1de3c0012232b0ff0522d,delivered,2017-11-07 12:44:04,2017-11-08 13:55:55,2017-11-13 14:24:35,2017-12-08 17:44:54,2017-12-05 00:00:00
54f0988d1c9f5f7f90410c09b2cbc6e5,58ef17eb85a447ae62ef8be1c5f06b0e,delivered,2018-02-25 22:27:06,2018-02-25 22:47:37,2018-02-27 18:19:16,2018-03-08 16:11:46,2018-03-19 00:00:00
b811c8ca07716586e80c0bc4f2a6e39f,a7dd8bd4bdbdc55196a8ee7fd336dde7,delivered,2018-04-20 18:29:15,2018-04-24 18:49:01,2018-04-23 18:28:42,2018-05-01 00:32:42,2018-05-21 00:00:00
ec07555943e04d757937a8bea3a75ed7,cf3c35f463f6a234d0dc10d33dacb41e,delivered,2017-11-16 13:18:14,2017-11-17 04:06:21,2017-11-17 19:12:26,2017-11-27 21:59:13,2017-12-08 00:00:00
45fdccdd0ebed851dbf707b98ba5fef0,412f5c0b538eee4c424489926e281ed2,delivered,2017-03-17 21:48:51,2017-03-17 21:48:51,2017-03-27 15:22:37,2017-04-03 16:32:45,2017-04-12 00:00:00
4424106c5b68a52e3c47371526b4a264,0fc58fd3e7d793da0de9dadc042c3259,delivered,2018-04-10 19:29:38,2018-04-10 20:30:19,2018-04-13 22:25:20,2018-04-23 18:50:53,2018-05-18 00:00:00
c75eebf08446545f765d7cfc1ab89342,f971a3a1f0bff189598bbfb8b62466aa,delivered,2018-07-01 11:15:50,2018-07-01 11:30:28,2018-07-02 16:04:00,2018-07-04 13:29:02,2018-07-16 00:00:00
4b42a606687e048a7a33669b84bf8690,ca54a515b761ade8c4c0e1bd239d5001,delivered,2018-07-28 22:23:02,2018-07-28 22:30:56,2018-08-07 11:20:00,2018-08-17 21:03:11,2018-09-20 00:00:00
fcceb7beda0bafc845956f10e4aebfd8,0143daf7466a5e7886eb9d1738d293b6,delivered,2017-07-19 20:41:36,2017-07-20 21:05:13,2017-07-21 16:22:27,2017-07-31 18:14:37,2017-08-18 00:00:00
61792c6272346d7f4b7c5b1747df7b1a,6d6221343635319264386c8f977b01de,canceled,2017-03-08 11:51:41,2017-03-08 12:33:15,,,2017-04-10 00:00:00
87de7ee4012989d6126fe09989746eaf,d750ae01f955a2ee39b07ad92760cbc0,delivered,2018-04-27 15:55:36,2018-04-27 16:11:12,2018-05-03 09:26:00,2018-05-10 17:59:44,2018-05-29 00:00:00
b0708857586f16e3ada17925950a87e5,57a7b1cbfec726fba56e8adaf98caa0d,delivered,2018-08-01 17:26:59,2018-08-03 02:45:27,2018-08-03 08:57:00,2018-08-06 18:34:43,2018-08-09 00:00:00
4f3ca5ff0917ab7f5c33e83a98ca7a83,746047d2a62ce1a4813b29d7dc1be6f6,delivered,2017-10-05 18:56:26,2017-10-05 19:07:12,2017-10-09 15:57:58,2017-10-19 17:51:24,2017-11-01 00:00:00
2591fdd6cc7718bac11436b57abd8163,0879c47e542184edf3c921d2fee17084,delivered,2018-02-12 14:01:37,2018-02-12 14:10:41,2018-02-16 22:52:39,2018-04-07 00:46:48,2018-03-07 00:00:00
bf30a3536883051dca847b3f007a9963,2c9f92e1d9657eb346ec0688113e556f,delivered,2017-08-09 09:52:45,2017-08-09 10:05:42,2017-08-09 15:22:29,2017-08-21 14:28:10,2017-08-29 00:00:00
c15a3ce7617aeffb3bfed1f6340d66e7,c3251a68f1a4b3225f7f861a5693fa49,delivered,2018-04-08 19:09:35,2018-04-08 19:30:11,2018-04-11 22:12:21,2018-04-14 13:53:21,2018-04-24 00:00:00
d463e4364316dbd023b1db62f1117693,c17847ced40b61f4491186616828d187,delivered,2017-08-26 11:01:38,2017-08-26 11:10:19,2017-08-29 19:39:57,2017-09-01 18:27:42,2017-09-18 00:00:00
4dd4745f66dc08de8b825edf6155ce4b,9ea7875477b41433fd8e2f65a65a1d1f,delivered,2018-04-16 16:27:46,2018-04-16 16:53:31,2018-04-17 21:16:53,2018-04-23 20:06:51,2018-05-23 00:00:00
5104ff479c1b5720649c1b85b599d2ef,5e39ec102ab3c44d624ef7cebca5b53c,delivered,2018-02-02 11:26:01,2018-02-02 12:31:49,2018-02-16 00:29:04,2018-03-02 15:12:44,2018-03-15 00:00:00
4540273b4f01534b24124542bc34568a,33fa216102707aae73b480aeceb71716,delivered,2017-10-02 19:04:01,2017-10-05 17:49:11,2017-10-12 02:37:50,2017-10-18 17:58:59,2017-11-06 00:00:00
9682fc7d34f0d1e84959ac32aca9074e,6cf5c6ed017f9173bbd016ee51e04f68,delivered,2017-10-18 10:39:10,2017-10-18 11:06:38,2017-10-19 23:22:11,2017-10-25 19:42:19,2017-11-06 00:00:00
f577c78346131418552c3d7fea582723,06d338952a08988a496796c25a61d12d,delivered,2017-09-11 11:41:16,2017-09-11 11:50:51,2017-09-12 15:46:02,2017-09-25 20:47:38,2017-09-28 00:00:00
ec1bf6be538a31d3b13bfa67d87010ce,8468e974307cf0404f6e3d5af0ad1b9d,delivered,2018-07-24 00:10:28,2018-07-24 10:31:12,2018-07-24 13:34:00,2018-07-26 18:54:49,2018-08-01 00:00:00
cf307f492c4cc991cceb55f6c2a2370f,ca5f917f62d02f04d32f056723123cec,delivered,2018-02-14 15:59:15,2018-02-14 16:31:11,2018-02-15 00:48:58,2018-02-28 21:08:49,2018-03-09 00:00:00
ba19b234cabc645ff31e7c3a0076de18,5c662da3721a7e6cd69388f0a26c04a5,delivered,2017-11-24 21:37:27,2017-11-25 00:36:01,2017-11-28 18:09:25,2017-12-20 18:04:24,2017-12-18 00:00:00
6dd0712b5d9d31ab2b006f7b510e8720,f0c4303cda50a26c785fb217713ebd0b,delivered,2018-06-20 07:52:05,2018-06-20 08:16:52,2018-06-20 12:36:00,2018-06-22 21:52:28,2018-07-12 00:00:00
1d75f74f2b35e491804fe25e4c5fd4dc,fb8d76cc917e3fc3c6ac3a9beb0d6831,delivered,2017-06-19 07:45:20,2017-06-19 08:03:08,2017-06-19 21:35:30,2017-06-26 16:17:37,2017-07-11 00:00:00
a2360f80888ccaa4da649c8d63001de6,a5f4ce5c4e85ffdeec9c44b6da6288c1,delivered,2018-02-14 12:19:15,2018-02-14 12:30:30,2018-02-19 23:57:47,2018-02-21 18:54:39,2018-03-01 00:00:00
843be4a0dcdb9716de7652d53af4acab,10bf225850ad702ff45fb5f9016bd1bd,shipped,2017-07-18 09:57:34,2017-07-18 10:05:27,2017-07-20 20:32:29,,2017-08-10 00:00:00
87ca2f8dc91bf074b1b0e441341b2a53,adf523f65682ebee63b7bc4810e19bee,delivered,2017-06-22 21:39:00,2017-06-22 21:50:13,2017-06-26 12:06:36,2017-06-30 15:53:27,2017-07-14 00:00:00
95f9d289eb0d1034066dbe1638e696f7,98bbc5fd5c70c1331d7e5382c6d8f19f,delivered,2017-06-22 10:53:49,2017-06-22 11:05:34,2017-06-22 17:21:53,2017-06-23 11:51:42,2017-07-05 00:00:00
aacae4c4d40057cea2f361c684f21c59,bbc9f2a768855a2c3184259d2d8d7047,delivered,2017-12-12 22:03:01,2017-12-12 22:11:49,2017-12-14 16:38:57,2018-01-08 16:59:13,2018-01-18 00:00:00
19367a2c7e1dce7c26afa959e0581da2,06757e2a216429d601d7cda36642769d,delivered,2018-01-28 17:56:18,2018-01-30 04:31:07,2018-01-31 00:28:39,2018-02-05 22:53:12,2018-02-20 00:00:00
46a82de7cb247602021cb71731323fd4,8a46409d77e905aa6359b32873fd2a1f,delivered,2017-09-22 00:10:18,2017-09-22 00:30:17,2017-09-26 20:43:27,2017-10-03 22:03:01,2017-10-16 00:00:00
2aca6ae53d657c0a06f585816ca6781d,db11097c553077145c655a714f2ee1a8,delivered,2018-05-05 09:18:52,2018-05-05 09:39:02,2018-05-10 14:15:00,2018-05-15 21:08:50,2018-05-25 00:00:00
831b5d6b49354f211585641a51a48ec2,ef1ee73b331068f9213db9fc2ab2611a,delivered,2017-08-25 14:04:19,2017-08-25 14:15:22,2017-08-28 20:36:55,2017-08-31 17:48:48,2017-09-19 00:00:00
07083f97580544bb7ba3372759150f49,181726b449c55cd7f8338b5d4609c2dc,delivered,2018-03-27 16:11:29,2018-03-27 16:29:14,2018-03-29 02:18:37,2018-04-04 23:12:26,2018-04-25 00:00:00
8f9b22316e1f46393055fe217699461a,a428e5191099df106128d583a47ebf9c,delivered,2017-07-23 11:50:40,2017-07-23 12:05:23,2017-07-26 18:53:36,2017-08-07 18:51:54,2017-08-15 00:00:00
e907255f506a65069535f14d89a5caaf,852109343137246de7cddbded7f4ba64,delivered,2017-03-22 06:15:52,2017-03-24 01:31:47,2017-03-24 12:59:54,2017-04-04 21:27:41,2017-04-12 00:00:00
17d018174e8bb3a09152f926cc684ad2,86bf55f44d8c6260b6d4b5ee9fda81fa,delivered,2017-08-02 16:19:57,2017-08-02 16:30:19,2017-08-03 13:27:49,2017-08-21 19:05:50,2017-08-28 00:00:00
80b5b891e5c825112137c3ee080e5db6,82a781c07728515614b37ed49101b063,delivered,2018-07-25 10:50:41,2018-07-25 11:04:59,2018-07-26 12:41:00,2018-08-04 18:57:39,2018-08-07 00:00:00
2ab274c9a5e207ca4445d7c6ab29e46a,fe4143a722d469f05fc854784279da06,delivered,2018-05-02 10:54:52,2018-05-02 11:13:46,2018-05-03 16:40:00,2018-05-11 22:22:49,2018-05-30 00:00:00
0b95f3147f8a038de06187063d90008e,0598384cf66a6bd49ac0c725af1c74e7,delivered,2017-10-21 21:33:43,2017-10-21 21:49:23,2017-10-23 17:22:55,2017-10-24 20:52:04,2017-11-03 00:00:00
e1a86e22da680449cba8e136ffa97f8a,fddbbeff104817044cfe82a0c122f473,delivered,2017-11-30 20:07:02,2017-12-01 09:30:58,2017-12-05 15:58:42,2017-12-11 18:36:59,2017-12-28 00:00:00
d6aac305add81d76183a41fa21e7a3e1,a49fe63924cb611356f19d90e43788ef,delivered,2017-06-13 15:49:08,2017-06-13 16:10:14,2017-06-16 14:27:42,2017-06-28 15:19:50,2017-07-06 00:00:00
e1d88321521ac026d9bc246154ee558a,c5dcbae0ea1c8dd42c20a11d05c43e65,delivered,2018-05-07 18:20:37,2018-05-07 18:35:19,2018-05-08 15:14:00,2018-05-22 18:36:44,2018-05-28 00:00:00
eb4c34f6c71f98b594e9df32d8e3c851,76cdbc077d1f0ab2a243edcb6dac3ec8,delivered,2017-10-29 10:19:49,2017-10-29 11:26:01,2017-10-30 23:07:48,2017-11-13 14:59:09,2017-11-17 00:00:00
b94d017913e0b697201de9ec22c23f46,cf48656f8158483ef39e8c31b49d7033,delivered,2018-08-16 10:11:23,2018-08-17 03:31:08,2018-08-17 14:50:00,2018-08-20 19:54:35,2018-08-22 00:00:00
5875e5804ca85e3b4c8dda7a7dfce4cc,954cfe56edc8052d49bc5b4715efbdf3,delivered,2018-06-14 09:54:22,2018-06-14 10:20:11,2018-06-18 15:52:00,2018-06-29 17:34:55,2018-07-18 00:00:00
1f3c0a87c88ece858b2f766ae1952dc2,8b65ea3a6e826a860f2961630e922c41,delivered,2017-05-13 15:27:06,2017-05-14 06:35:18,2017-05-16 14:09:13,2017-05-24 12:22:53,2017-06-09 00:00:00
5cafde3fdf1a583c0a5d7fdc7b526ad1,10baab001a56d35c30388ba757de99ac,delivered,2018-07-04 06:46:28,2018-07-05 16:09:37,2018-07-05 19:07:00,2018-07-11 18:39:29,2018-07-18 00:00:00
e53516f14e3cc830f4afa84315707e9a,036a6fb17c53bf6788807347320e8bf1,delivered,2018-02-17 14:05:18,2018-02-20 07:15:36,2018-02-26 16:43:24,2018-03-21 14:36:42,2018-03-14 00:00:00
b3b8133868458b6acf08ea6ffc22e3f2,c333f1bb63dcb3a4c67408e7337e30c8,delivered,2017-08-08 19:35:37,2017-08-08 20:20:06,2017-08-14 16:42:37,2017-08-18 15:12:53,2017-09-01 00:00:00
a96effa6b0ae730c1b6bbfb81a6164b4,83941af59521a5289c43d8f604e847d1,delivered,2018-01-15 19:14:49,2018-01-15 19:30:06,2018-01-17 13:16:48,2018-01-23 15:07:35,2018-02-05 00:00:00
5ed946893f9d36c172fc9bbbf31fcf0d,6c07c8a3a6cb8b630dcbf91da2cef379,delivered,2018-07-31 19:19:45,2018-07-31 20:20:12,2018-08-10 15:12:00,2018-08-24 01:22:28,2018-08-17 00:00:00
989788f1c17a087572e29eb4fc130983,ea307d84349255edf7b95f7a6f53dc98,delivered,2017-02-05 11:09:50,2017-02-05 11:30:12,2017-02-07 15:20:54,2017-02-13 18:40:11,2017-03-01 00:00:00
692fd4925e0a7e3c946566b4626f0f75,006b5498d9494c061f8c2f80a6c2f343,delivered,2018-06-10 14:25:35,2018-06-10 14:56:50,2018-06-11 07:51:00,2018-06-18 11:05:20,2018-07-11 00:00:00
3981ab3fc085c2a1d4dcca88197fe7fd,cf3038109e0fdb6ce61d3793e1812c11,delivered,2018-02-09 15:03:56,2018-02-09 15:15:24,2018-02-14 17:43:32,2018-02-16 16:35:34,2018-02-23 00:00:00
db98938fd988c1be7290b8fda2801afa,8d6b89c0cd78938a832e751972e394f2,delivered,2018-04-18 23:34:48,2018-04-19 01:30:18,2018-04-19 19:58:49,2018-05-17 00:12:15,2018-05-23 00:00:00
7107c5823a581db0314f8f0fa95f61e7,2368e38c19fd581f0953057716cad811,delivered,2018-02-27 15:53:44,2018-02-27 16:15:38,2018-03-01 20:07:45,2018-03-22 22:12:59,2018-04-03 00:00:00
1ce624df940711ffea6e5176a18eee87,de5eeb7f22e90d51b4ed3d6d43905397,delivered,2018-07-12 10:40:34,2018-07-12 10:55:11,2018-07-24 13:21:00,2018-07-31 19:52:38,2018-08-10 00:00:00
6ad40910813e5836d9698b103b222e65,3b0083b0418552bc7b8a1a083d03b56f,delivered,2018-07-23 23:48:21,2018-07-24 20:44:16,2018-07-26 12:41:00,2018-08-01 11:03:56,2018-07-31 00:00:00
f8571f355da1f3a55b8e264558e8e1f9,092c59785bad44d0412797caf8867e5c,delivered,2018-06-01 16:50:43,2018-06-01 17:13:27,2018-06-07 13:50:00,2018-06-19 18:24:49,2018-07-13 00:00:00
327fed75f27dc1aa02c6e3d33ee29ea8,944bb32927c4abd9d6b4b526977583b1,delivered,2017-08-26 13:41:37,2017-08-26 13:55:08,2017-08-28 18:00:16,2017-09-01 22:04:15,2017-09-19 00:00:00
1162cd6cea2c1d4d79492aef88f50618,707460e412768135516dc216222de9da,delivered,2018-02-09 06:57:50,2018-02-09 07:15:18,2018-02-14 17:52:20,2018-03-07 18:17:37,2018-03-07 00:00:00
7c02295a038b0494bb117c4bb60bdcab,7970d113f06bb804df4febb76048978c,delivered,2017-12-10 10:40:05,2017-12-10 10:52:19,2017-12-12 16:09:55,2017-12-22 22:12:13,2018-01-09 00:00:00
2c6e3395e4f4716fc4d23742912ff80d,43d9053de5513d2459433ffab5bd7599,delivered,2018-02-26 11:52:14,2018-02-26 12:11:14,2018-02-28 16:37:25,2018-04-04 14:42:19,2018-03-22 00:00:00
62a4fdf762d5c41efd4bb2418f236e9f,81afed8247ed97666d7b8e7408463781,delivered,2018-06-23 16:58:48,2018-06-23 17:16:03,2018-06-28 13:18:00,2018-07-04 13:26:42,2018-07-23 00:00:00
f26acc71de5cd391e3a2fc13a5820895,177f63284a3add187b4d5edde00831b5,delivered,2018-01-16 13:36:57,2018-01-16 13:50:51,2018-01-18 01:09:49,2018-01-31 22:12:48,2018-02-16 00:00:00
b5da536992b01709ece25ec74fbd0ebc,a8a69725fa8daeaf353b71d2bee13b59,delivered,2018-01-25 18:55:20,2018-01-25 19:13:15,2018-01-26 19:19:51,2018-02-07 23:18:19,2018-02-22 00:00:00
ac64f79a33bfa575fc5a17e7926df3d5,51a8d592336a414fea21f12534b0f797,delivered,2018-04-01 18:27:01,2018-04-02 17:55:24,2018-04-03 18:25:51,2018-04-04 19:47:44,2018-04-12 00:00:00
13188f2e3cfdae1480d1552e58d19d7d,54942d591ae054cab4f5e166f5d03037,delivered,2018-07-24 10:49:44,2018-07-25 02:44:22,2018-07-25 16:09:00,2018-07-26 22:03:09,2018-08-01 00:00:00
c208742c454c4a949a6126eade1d2ef0,77ffb9a3ea5446ccfa121c32a4692029,delivered,2018-04-18 21:17:15,2018-04-19 08:30:06,2018-04-20 21:32:06,2018-04-26 21:12:31,2018-05-08 00:00:00
167d05678f810589a854d30460ae62f0,37ae23e3c8ce808a4ba0c0711706b956,canceled,2018-02-03 22:58:58,2018-02-03 23:10:27,,,2018-03-05 00:00:00
8783894e49c4c084d21c71b16a5aa83c,371ff128ab740c6a5d7e608520ef898d,delivered,2017-05-15 14:30:03,2017-05-16 03:15:14,2017-05-17 12:48:40,2017-05-19 13:42:09,2017-05-30 00:00:00
a664490883c0131d7eca5cfbe6794aa0,29ebad1a53479f85b1ac6801f47e3362,delivered,2017-02-20 17:29:50,2017-02-22 03:23:01,2017-02-22 14:49:01,2017-03-03 13:34:43,2017-03-23 00:00:00
70c3ef96b8128e86a710aea11adf6e63,33b34046e628d2c93d9ca4d7385b79d3,delivered,2017-12-20 20:14:27,2017-12-20 20:30:54,2017-12-22 21:36:01,2018-01-07 12:37:25,2018-01-09 00:00:00
51f15a10614267de8d770ec0ec09febd,3452bc25e2ce8675c1e0731cf3933b33,delivered,2017-09-06 16:23:56,2017-09-06 16:37:28,2017-09-08 20:45:47,2017-09-21 18:44:52,2017-09-28 00:00:00
b97ba3fb5b212d01ef75f4f4131c1207,6573d9e5a363a91f158ecbc52ad1e72c,delivered,2018-06-17 21:40:34,2018-06-17 21:55:11,2018-06-18 10:03:00,2018-06-19 21:13:34,2018-06-28 00:00:00
e0e83bdc2be394626d0f9177dcde0889,45e6b3e3126887fc3767adefb71c97d3,delivered,2018-04-02 15:11:28,2018-04-02 15:32:27,2018-04-05 20:02:56,2018-04-11 19:50:59,2018-04-18 00:00:00
35484f2865463bc3be59efbdc0b218a1,2ef3c7de1b6079d40773f9efb4bceab8,delivered,2017-09-16 12:40:58,2017-09-16 12:50:20,2017-09-18 20:19:59,2017-10-08 12:40:04,2017-10-09 00:00:00
84529952b44a7b19788d9398f07b6eea,0aa7617c001d7897e1b3e1efb95dc471,delivered,2018-02-04 20:37:41,2018-02-04 20:51:21,2018-02-08 22:16:37,2018-02-27 22:52:29,2018-03-08 00:00:00
9a5ceb5fb7ad11f5fd1be2c87e632562,669e56d17b7df023ff7559d3c8484222,delivered,2018-03-19 10:06:55,2018-03-19 10:27:06,2018-03-20 13:42:39,2018-04-12 20:40:51,2018-04-12 00:00:00
3dd1232f9ae258b596e0189d82e2a222,6be9823eb869ab196576be1fb27c9f82,delivered,2018-06-04 17:17:07,2018-06-04 17:32:50,2018-06-05 19:03:00,2018-06-06 15:04:50,2018-06-28 00:00:00
1c5072c286f0b04c4cbd03de8af6136d,59543fe66c27b7ef5544499592f5d133,delivered,2018-06-07 14:38:36,2018-06-07 22:33:25,2018-06-08 15:46:00,2018-06-14 02:56:49,2018-07-11 00:00:00
aa04ef5214580b06b10e2a378300db44,f01a6bfcc730456317e4081fe0c9940e,delivered,2017-01-27 00:30:03,2017-01-27 01:05:25,2017-01-30 11:40:16,2017-02-07 13:15:25,2017-03-17 00:00:00
ea37b313540105af4a2ad79718d80d97,04756f0f3b38d2cb48c1cd1644a478f8,delivered,2017-12-29 14:58:22,2018-01-03 04:14:44,2018-01-05 00:39:52,2018-01-13 17:07:07,2018-01-29 00:00:00
c37cb17f3802e061e745a83732cb1503,ab8f2b129e54dcdcd7b472dfd41f4712,delivered,2018-05-05 15:59:52,2018-05-05 16:13:44,2018-05-07 15:40:00,2018-05-08 20:37:44,2018-05-18 00:00:00
14b3ab242ab978f908ac651dcae21b8f,435f592ccbe131348a3d9d496b7ab5a0,delivered,2018-01-02 09:25:50,2018-01-02 10:31:30,2018-01-03 21:42:43,2018-01-08 21:54:16,2018-01-31 00:00:00
fb520e46696d1669a96549c252ed177d,438bad05055d60b6e82e9f244a8a1024,invoiced,2017-02-08 23:17:29,2017-02-08 23:30:14,,,2017-03-22 00:00:00
64cfbc6d10f3a5091889f0fab6233167,3cabcdcf200795a34aea30893f5210c8,delivered,2018-02-20 13:14:39,2018-02-20 13:28:07,2018-02-24 03:44:55,2018-02-27 00:59:01,2018-03-06 00:00:00
6e0f05728107157ca451dd9047a4eebf,8fc70dea5665d92f2c43ea665c223563,delivered,2018-07-31 20:49:19,2018-07-31 21:05:13,2018-08-02 17:46:00,2018-08-09 15:20:33,2018-08-17 00:00:00
0e31f844aae10fe7dc2369bc0340bf21,b8733d346bac6859519abd26e409fd6a,delivered,2017-10-17 17:02:32,2017-10-17 17:46:49,2017-10-18 19:44:58,2017-10-23 20:54:05,2017-11-06 00:00:00
57a05984170fbb84344898547914f22c,e95bf722477e76e8bec8c721acbdb418,delivered,2018-08-20 21:38:56,2018-08-20 21:50:13,2018-08-23 14:09:00,2018-08-27 20:21:23,2018-08-30 00:00:00
01c0514b1f2a7375948323b959cc5682,10e63f80462d8c370b091205b8f6d005,delivered,2017-07-25 20:38:52,2017-07-25 20:50:19,2017-07-27 14:17:35,2017-08-11 20:18:02,2017-08-28 00:00:00
a5504f1984f84201ce8630f9b7df369d,ace09d14d303bd3ca7346b9273f3a824,delivered,2018-05-12 19:15:40,2018-05-12 19:30:16,2018-05-21 16:12:00,2018-06-15 19:08:43,2018-06-07 00:00:00
d367a93b215e8828942054fc3799c834,0b990a3550b758bda642b10c7ff76cf0,delivered,2017-05-19 19:04:14,2017-05-19 19:25:23,2017-05-23 12:35:32,2017-05-24 06:51:23,2017-06-01 00:00:00
55f1a7153e4d67447465073ad9490f04,b259aacf66c74aaeb0d7c585e1a35be4,unavailable,2017-12-04 13:14:31,2017-12-04 16:49:16,,,2018-01-02 00:00:00
7ec0aff65eb09ca0d03ca5b64e67e4db,79e1681d91ea9bec47fbb60e2ce8f9f8,delivered,2018-03-11 12:43:31,2018-03-11 13:50:36,2018-03-13 00:14:48,2018-03-16 18:36:40,2018-03-22 00:00:00
5a8f325f70adcaee7b80d649a1f28876,c05f28559c8e384f6a00edf36d6846a1,delivered,2018-02-24 10:04:26,2018-02-27 03:31:03,2018-02-28 23:57:57,2018-03-28 23:17:36,2018-03-26 00:00:00
362cd36939c1c4638bad780d01b3fd68,7037578e0e5aa0e33f533957c4c16742,delivered,2018-06-25 23:00:42,2018-06-27 08:53:50,2018-06-29 14:16:00,2018-07-02 21:05:36,2018-07-05 00:00:00
544d4de462a8ad0d9492999b6708ebcc,c6bd3c920258b9d27dc6d8766cfa0b90,delivered,2017-05-23 17:12:01,2017-05-23 17:23:09,2017-05-26 09:29:21,2017-05-30 05:47:59,2017-06-06 00:00:00
e2e8773d11f4499f15349b8f613350a0,b12b0e2d548eb838e2ff04eb9358c293,delivered,2017-02-24 15:13:02,2017-02-24 15:22:14,2017-03-03 08:15:50,2017-03-07 10:27:52,2017-03-17 00:00:00
7edc3ed94401904fd169923dd2ba3ecb,9733f3332e2c91eb2270b54c9bbf7685,delivered,2018-02-14 20:22:15,2018-02-14 20:30:37,2018-02-16 01:35:22,2018-02-20 19:52:15,2018-03-08 00:00:00
b64b31be08d0151c4115537cbef3dc06,e6aec7b202899b3148da9039164fe850,delivered,2017-03-13 16:31:00,2017-03-13 16:31:00,2017-03-15 11:34:29,2017-03-22 15:44:53,2017-04-03 00:00:00
7729bd24067381622a58a0231d77fe2d,4c821ba0470f6b6f5e0bc7f230f8d143,delivered,2017-03-28 11:26:02,2017-03-28 11:35:23,2017-03-28 13:22:17,2017-04-04 15:27:54,2017-04-19 00:00:00
7c7dc1f3affc0d38b97ea22a8aeedb82,1fc29088df4d8add848a6b7304f7a9e0,delivered,2018-05-27 13:02:43,2018-05-27 13:15:12,2018-05-29 11:32:00,2018-06-09 14:32:23,2018-06-29 00:00:00
e1000df659259b29cb73a4798ccd7454,feb21f4291037a45288a6266d66a0096,delivered,2017-01-18 23:02:45,2017-01-18 23:10:20,2017-01-19 15:02:12,2017-02-09 12:33:46,2017-02-28 00:00:00
ddc75e18227aa517946c2239d18d1300,74fd1de60f458a07ceaded11a698fbc3,delivered,2018-07-27 21:30:56,2018-07-27 22:15:12,2018-07-30 12:24:00,2018-08-02 18:46:49,2018-08-15 00:00:00
00471463a6106056c1a2a809f70de640,fcad74a7e0dff27c33e36cbd78280bf9,delivered,2017-09-21 22:00:44,2017-09-21 22:46:14,2017-10-04 14:45:15,2017-10-12 12:29:59,2017-10-20 00:00:00
9409061640fce9127ff7a2ee181a54dd,91a6d980cba73daae8c44f9dc8cbf87c,delivered,2017-08-13 12:37:51,2017-08-13 12:50:16,2017-08-14 18:51:28,2017-08-22 22:48:00,2017-09-11 00:00:00
618a75a5455f1971e39c8bec6af25e8f,6be5849e706666bb0b9ac0fc130efe0f,delivered,2018-01-25 15:01:29,2018-01-25 15:20:21,2018-01-25 23:07:32,2018-01-31 21:14:12,2018-02-23 00:00:00
cf5d7dcf1c4473152f3cf16bb9e6584f,a20811645f9c1838f984ff3de897e00c,delivered,2018-06-08 09:52:41,2018-06-09 09:52:07,2018-06-12 07:33:00,2018-06-30 20:36:50,2018-07-23 00:00:00
dfe927ca4859176d7377a7543078d4b1,d6880369dd3f36a3f15b849edc8ab8d3,delivered,2018-08-06 21:10:43,2018-08-06 21:25:21,2018-08-08 14:25:00,2018-08-17 20:36:39,2018-08-23 00:00:00
9a7c4a07a4b1d502cdba82f5b60123ab,8df60f4b5c7991242bdbde7c034f2057,delivered,2018-01-25 00:27:59,2018-01-25 00:38:25,2018-01-25 23:52:14,2018-02-14 16:48:46,2018-03-02 00:00:00
5600c1fabd9c27cf4dc4a3aaf57a8e29,0e574048f4fa55bd9b4a068aec2060e2,delivered,2018-03-24 17:20:18,2018-03-24 17:30:57,2018-03-26 23:58:45,2018-03-29 20:48:44,2018-04-06 00:00:00
a014ab9c0e9c112b791293dc9ec38320,1fcf84818399307346d0e48d203133b1,delivered,2018-07-15 19:24:48,2018-07-15 19:43:52,2018-07-16 13:37:00,2018-07-23 14:03:40,2018-08-08 00:00:00
3d17d211984312889a4d60f359859535,758aedfa7a88fafd333878e149379e0b,delivered,2017-09-27 11:59:35,2017-09-27 12:07:26,2017-09-27 17:37:27,2017-10-05 18:18:07,2017-10-27 00:00:00
6cf30e050336c50f368c34da13c9e6a2,71401d6f3ab1671cd5569779cdb9480d,delivered,2017-05-28 14:55:30,2017-05-29 15:02:40,2017-05-31 12:35:45,2017-06-12 17:22:54,2017-07-05 00:00:00
5270a6da2c326132afd3b3c0a186a795,17523021fe9a32dce622cb883869fa4d,delivered,2018-01-17 21:15:38,2018-01-17 21:29:56,2018-01-19 21:08:14,2018-02-19 23:38:43,2018-02-19 00:00:00
f7d0eb24b92b2024fc86a38400664675,441de7dcd3d15a1375a2d347b64e21f4,delivered,2017-10-12 11:53:04,2017-10-12 12:14:16,2017-10-16 22:04:14,2017-10-25 04:20:11,2017-11-06 00:00:00
a42852c445a4b9e072a1cf6e90210586,59ef7c50fcc758b78b09072d7ca5eefc,delivered,2018-05-13 17:50:50,2018-05-13 18:13:30,2018-05-15 15:04:00,2018-05-21 18:05:00,2018-06-05 00:00:00
8726f6a81f4ae5a390e7e638a31e9a21,c96e84fe010b6c64f16216b8786fa0a9,delivered,2018-06-03 00:37:51,2018-06-03 00:51:23,2018-06-06 12:06:00,2018-06-26 21:35:36,2018-06-28 00:00:00
977eb5dc580cec4f90911b1ccac0ff3e,8f87340ea014a53bd7d10d0264ef8b52,delivered,2018-01-23 11:46:53,2018-01-23 11:59:26,2018-01-30 21:42:45,2018-02-15 20:06:52,2018-02-19 00:00:00
ead42f8f41e34c480a4a9185ab74b37e,2648ef8cd82f3bb5f79d18def3549549,delivered,2017-10-14 00:48:58,2017-10-14 01:12:48,2017-10-19 18:55:33,2017-10-20 19:52:18,2017-10-30 00:00:00
3cc14e2cf62e0a0d4d469d77141dfac3,749fca10df6c0119082405bad607b479,delivered,2017-05-19 23:24:52,2017-05-19 23:35:15,2017-05-22 15:13:14,2017-05-29 13:48:05,2017-06-12 00:00:00
ea048e4dd31fbc0e639a1aade37c7f3e,4b3e7362d1817574e08899f1f72db97e,delivered,2017-07-03 12:26:12,2017-07-04 04:24:39,2017-07-04 16:03:18,2017-07-20 17:26:58,2017-08-04 00:00:00
567320164aa96555310f5c8ed6e8c5d7,1ba3670c68bda95d41ac806d86976ab0,delivered,2017-03-04 14:03:59,2017-03-04 14:15:13,2017-03-08 07:16:50,2017-03-14 13:00:30,2017-03-29 00:00:00
ecc72b676b14179b5bd30e446043c1d2,649ad21522182e99c6923493d5d181ca,delivered,2017-11-11 21:04:48,2017-11-11 21:15:30,2017-11-14 20:09:08,2017-11-17 21:32:14,2017-12-01 00:00:00
27cd425460b501230b37206f151711a6,0fa8935c3781f2a89ea2db7dee3aaadb,delivered,2017-09-21 18:57:47,2017-09-21 19:05:42,2017-09-22 13:26:54,2017-10-04 01:28:15,2017-10-16 00:00:00
e3e81ec82803ad01f1d0569485ea0b75,4b18fb110efbfff3ebecb22c9127f816,delivered,2018-02-16 12:57:20,2018-02-16 13:07:03,2018-02-21 20:23:30,2018-03-02 14:35:53,2018-03-12 00:00:00
e536cdf72fac1ac0394ce265d37d22e7,306236b26cb49de7dc58a2c121dbf0f8,delivered,2018-07-15 00:14:30,2018-07-15 00:25:22,2018-07-17 11:33:00,2018-07-23 23:41:57,2018-08-01 00:00:00
f9ba4a7646e78ee867081f9a098c3290,5a43a37dd0e6fc32b37baaf86f2a438d,delivered,2018-08-25 17:10:20,2018-08-25 17:24:29,2018-08-29 13:03:00,2018-08-30 21:32:27,2018-09-06 00:00:00
0c9f8646d592c21c2015b929996427af,493941e03992cc140b88be7a292808c9,delivered,2018-03-20 07:44:52,2018-03-21 02:50:35,2018-03-23 23:52:05,2018-04-06 23:16:42,2018-04-16 00:00:00
378e4ea286514bf3ca1356670c708ac2,629ce319646ea85f733c21603bf3609d,delivered,2018-06-29 18:11:23,2018-06-30 18:09:59,2018-07-04 10:53:00,2018-07-10 17:36:25,2018-07-23 00:00:00
2804400973412de4efdaf1399281199c,b29c3d10654537da46f9c7c3ab921972,delivered,2017-11-13 14:42:35,2017-11-13 14:55:27,2017-11-14 20:59:14,2017-11-23 17:54:42,2017-12-11 00:00:00
84cd555d3d1f2b32fb392b1dff57a851,af94e18dec6b6045d116bdfb9244a578,delivered,2018-03-06 12:04:16,2018-03-06 12:16:04,2018-03-07 18:36:47,2018-04-21 01:48:45,2018-03-27 00:00:00
7204d5345f7a3370e7db75d7226d53f3,b673b484323799ff5180c63588f44eba,delivered,2017-06-23 20:00:20,2017-06-27 04:05:41,2017-06-28 11:28:02,2017-07-12 19:15:33,2017-07-27 00:00:00
4162db4ff964981d38bc20ff6818d268,ae6adbcc62ac5a6b33d5ef24a15bdf5b,delivered,2017-06-11 18:30:16,2017-06-11 18:42:41,2017-06-14 15:03:34,2017-06-27 16:26:53,2017-07-11 00:00:00
67e5eba68c1f19de1a6cb6dd510deaa7,3babbe0f93e94df8a3fc0f70ea9a9053,delivered,2018-08-07 16:45:43,2018-08-07 17:05:05,2018-08-08 12:38:00,2018-08-10 19:58:43,2018-08-27 00:00:00
0da06a931a4d76045f42c40211501383,7773ea1eca2e879eae21ac7d62ca7054,delivered,2017-11-16 12:35:19,2017-11-17 03:55:41,2017-11-21 10:15:37,2017-12-04 21:08:01,2017-12-05 00:00:00
b9e3810153620449fc947aeb350f4d53,da8a74c5ac056c3961c84a67b7939aa2,delivered,2018-06-04 12:43:30,2018-06-05 14:31:56,2018-06-14 12:46:00,2018-06-19 00:51:05,2018-07-20 00:00:00
5ab5ab13fd02495f204ffe2724aecf49,07402722a2b316e79dbd20301ba2b345,delivered,2017-07-21 15:26:07,2017-07-21 16:10:18,2017-07-25 19:17:31,2017-07-28 10:56:42,2017-08-14 00:00:00
b8f4980c2ec178504101b730e4e49918,e1b7d36c6112647b0f4e0c3bd46085bd,delivered,2018-07-07 20:04:55,2018-07-07 20:25:46,2018-07-09 11:49:00,2018-07-13 19:24:46,2018-08-07 00:00:00
fcfe2d5e04958fe97ad8a49d23e12441,6aa2e736a418317d16990916230e0c78,delivered,2017-06-05 09:40:49,2017-06-05 09:50:08,2017-06-05 15:51:21,2017-06-13 12:10:21,2017-07-04 00:00:00
809366b3993149432934a82e6e5b71d9,6910071bfaee0f9191dde48e7b3fdadd,delivered,2018-01-18 13:49:05,2018-01-18 14:15:06,2018-01-19 18:29:22,2018-02-07 22:12:09,2018-02-15 00:00:00
8092da256aefda13b330290d2ca86521,090c54303fddc5393a9386f0ce454d62,delivered,2018-08-26 17:23:02,2018-08-26 17:35:12,2018-08-27 14:19:00,2018-08-29 13:22:51,2018-09-05 00:00:00
5383435eb2b05b6f4d5be7720974fe67,7fe98b2b2fa5e20a973f275bd5121c2a,delivered,2017-12-18 11:09:29,2017-12-19 09:59:40,2017-12-22 22:17:01,2018-01-04 23:09:15,2018-01-17 00:00:00
291595e7702bf69af75b873bc983601f,76dbc1556c66d771e8a6b60c35957e01,delivered,2017-10-13 17:26:44,2017-10-14 18:34:20,2017-10-19 12:11:17,2017-11-08 21:54:55,2017-11-13 00:00:00
a6d7ec86cdee674d7af1adaf72f05cb3,be72b301165d5c4dc4028dae36aa1a83,delivered,2017-09-13 11:00:35,2017-09-14 02:55:30,2017-09-21 18:32:23,2017-09-25 16:03:30,2017-09-29 00:00:00
f71f7cfa091dab4d5aaef7195c37c986,32b22fd151e7677bbc6a1ccd0bd05366,delivered,2017-11-14 19:43:41,2017-11-15 19:50:27,2017-11-23 00:47:23,2017-11-27 23:33:03,2017-11-28 00:00:00
4b1130720b31500948a942732f0befc1,993369a7d509b78331e63690031b1dac,delivered,2017-10-17 23:18:53,2017-10-19 02:56:19,2017-10-23 14:15:08,2017-10-24 17:16:56,2017-10-27 00:00:00
97ea8a6df3851db9452426e8aace15eb,678316fc81f8e125073131039e379c77,delivered,2018-02-04 18:59:41,2018-02-04 19:15:29,2018-02-05 17:44:11,2018-02-21 22:09:44,2018-03-13 00:00:00
38b0b2a81ea0f8c9feec0554fc6cc3c7,173eb0a63edb9a9d7bb1e87322d3cb32,delivered,2017-11-12 11:01:37,2017-11-12 11:15:36,2017-11-14 16:39:25,2017-11-22 19:32:25,2017-12-08 00:00:00
a967b2911a10315ea9e93191515fad0c,e65cbda166eab6494bd038552411332e,delivered,2018-01-14 20:14:00,2018-01-15 09:55:29,2018-01-18 23:43:48,2018-01-26 21:41:44,2018-02-05 00:00:00
7fbe250d2d22b8976024eee98fef9cef,1479ff715a4d0d50f559fb434ffaac23,delivered,2018-06-25 13:39:13,2018-06-25 13:58:44,2018-06-26 14:33:00,2018-06-29 23:18:41,2018-08-01 00:00:00
9040ee228f2a73cf71c59e19d2d1f1d8,15dce1bee53a5e570eced9cedc29e302,delivered,2017-11-22 12:58:19,2017-11-22 13:07:32,2017-11-22 19:24:33,2017-11-30 21:09:10,2017-12-12 00:00:00
626389ec53cbe508339cbc2ad3a4787b,d88eebd3a037a6f876bcc103d794fef7,delivered,2018-05-10 09:26:52,2018-05-10 09:35:23,2018-05-14 14:32:00,2018-05-15 17:12:26,2018-05-21 00:00:00
07f9acd4e59411df700a59f89d4da8ed,6748df8bad97104336f314fed57ce74e,delivered,2018-08-02 21:54:37,2018-08-02 22:05:15,2018-08-03 11:25:00,2018-08-09 20:38:43,2018-08-15 00:00:00
f05fbff4a434f4d0c1e09000bf45f06f,dc707154393bfd176a45a7bdd7e496a0,unavailable,2017-06-10 12:33:10,2017-06-10 13:02:14,,,2017-07-07 00:00:00
3341f48b8cd985f52c4cf432a582efe1,95205051ede9c17f3d9490eb024b086b,delivered,2018-04-08 20:57:25,2018-04-08 21:10:45,2018-04-09 20:03:09,2018-05-05 18:38:57,2018-05-08 00:00:00
cf18cc607f8e7571b9df511e66edb910,c00ee6d221cac6737732d51e285c8dec,delivered,2017-07-18 14:45:12,2017-07-19 14:50:25,2017-07-20 15:57:36,2017-07-26 20:27:27,2017-08-10 00:00:00
da81fbc27b55e0f3d2813cf2078dc780,9cb739dc712ebd193e4eb94f3aeb8d20,delivered,2017-11-14 21:07:55,2017-11-14 21:26:34,2018-03-20 15:44:40,2018-03-21 00:18:54,2017-12-11 00:00:00
d3a2d71aecfd58b0ddd6b9d7b56ed55d,22a330de6f63a8d1631ce94b17a4fafe,delivered,2017-07-24 22:09:04,2017-07-24 22:23:14,2017-07-26 11:07:51,2017-08-09 17:17:38,2017-08-28 00:00:00
044bcd01474ba715e7cb11d5a70ccf0e,ab8c0f0638baa6bf18c7533cc06d83c1,delivered,2018-03-23 15:57:23,2018-03-23 16:15:24,2018-03-27 00:08:32,2018-04-07 13:54:21,2018-04-25 00:00:00
ef4d010c07e5ac58d6b9b8f0210df881,e85df93b88aa497ab874a3afadc56bb0,delivered,2017-07-05 21:16:50,2017-07-07 02:50:36,2017-07-07 19:09:03,2017-07-19 18:52:11,2017-07-27 00:00:00
f8898796f33b7a0741dc0cf4f54c0001,f04bc3f68cb2a1fff4fb642b10c6ecdb,delivered,2017-10-03 07:57:54,2017-10-03 08:07:19,2017-10-03 16:32:58,2017-10-06 17:50:26,2017-10-26 00:00:00
cb064e8f8f0371573859e393d973c337,27f177e980768599b6824ed895ad0a24,delivered,2017-11-24 19:45:23,2017-11-28 03:32:42,2017-11-28 16:03:53,2017-12-07 03:14:46,2017-12-19 00:00:00
54082a3f0c13598bb5c2b3bb78bbbee8,6202c26af8ecd3ebdea24151802939fa,delivered,2018-06-20 10:39:52,2018-06-20 11:08:25,2018-06-21 16:21:00,2018-06-28 10:28:31,2018-07-20 00:00:00
2261ff9e6868359245db75320f7e768c,01592d05fdd8a6deb7716ed80a0d18a1,delivered,2017-11-29 23:56:39,2017-12-01 11:31:46,2017-12-01 18:34:17,2017-12-04 18:23:25,2017-12-15 00:00:00
8b8e2225e5e318a19d2d7a375b56350d,7104377ff862cd25542730eed8873d67,delivered,2018-06-11 14:08:43,2018-06-11 16:31:31,2018-06-12 12:54:00,2018-06-23 15:05:40,2018-07-13 00:00:00
111ba12ad74e09e86c3d2918f56ccd20,5739b7feac165afca076b1597217d42c,delivered,2018-03-12 16:06:03,2018-03-12 16:27:20,2018-03-14 00:28:33,2018-03-14 17:59:28,2018-03-29 00:00:00
25461ae3c4bf9bf6e41a3a163f763c8f,e377314dfa6e23684f1fae454fe8d8d0,delivered,2018-08-12 20:52:52,2018-08-12 21:05:14,2018-08-13 13:30:00,2018-08-14 19:02:43,2018-08-16 00:00:00
b469d27d92d32ac0ddb615a295f2e9c4,c941ef68ec553525cb764b07bfd3d650,delivered,2018-06-06 14:14:13,2018-06-06 14:35:36,2018-06-06 14:37:00,2018-06-07 23:12:20,2018-07-03 00:00:00
e4d88b96fb1801eb436496008e848e1a,a8ce6a904d2d16b128b6260b147734aa,delivered,2017-12-20 00:40:45,2017-12-20 00:52:23,2018-02-06 22:38:32,2018-02-22 21:27:54,2018-01-24 00:00:00
a0b1ffd30c671f95ed8065ce07d10470,0349b833ebc99262c2369a6e20732960,delivered,2018-04-14 18:14:02,2018-04-14 18:31:29,2018-04-16 18:19:11,2018-04-24 23:58:37,2018-05-16 00:00:00
483c0f7f44eec6fd0fbd90914d187226,0115fdf642d451174def967bd1d55350,delivered,2017-10-31 15:30:24,2017-10-31 16:31:15,2017-11-01 21:18:32,2017-11-21 17:08:57,2017-11-21 00:00:00
b75ec2d4ba9e40634c65c4b6be946b6c,b84999d47cecf126835a23650ee4ecb8,delivered,2018-08-19 20:04:58,2018-08-20 14:53:37,2018-08-21 10:39:00,2018-08-29 19:18:24,2018-09-05 00:00:00
d776b075b96169ae9e7c789eeb991435,abb81fc0cb80ca9d4e384afc58e49717,delivered,2018-04-06 15:33:54,2018-04-07 02:48:23,2018-04-11 01:54:33,2018-04-24 15:32:42,2018-04-30 00:00:00
7e41af71933a120d6d0fcf9249f19a85,3d8a7d2f7d603be047ead30ebdb9665b,delivered,2018-08-20 10:38:17,2018-08-20 15:11:53,2018-08-21 11:24:00,2018-08-24 23:04:47,2018-08-31 00:00:00
b574f97b093ad4bc022f420344327e12,36d39e3b372efc3bbed5188c23d0d1ca,delivered,2018-03-04 11:13:39,2018-03-04 11:29:19,2018-03-09 00:25:34,2018-03-29 20:45:37,2018-03-23 00:00:00
1a66f333fc14fa09a218cbb11f00233d,0c34c6b2040903846896ec9e587e61d6,delivered,2017-08-04 11:33:53,2017-08-04 12:20:09,2017-08-04 18:13:40,2017-09-12 21:02:59,2017-09-08 00:00:00
73b72b64fe9ceac200edede7e53ab012,49adca84db251f78fa14d0aafa04be1c,delivered,2018-06-13 13:03:04,2018-06-13 13:48:13,2018-06-14 18:50:00,2018-06-15 22:24:34,2018-06-25 00:00:00
5add03213ad417aab3988852ea890572,69009aaf4e400602c05b1da3989ca40b,delivered,2017-09-01 10:42:58,2017-09-01 10:55:24,2017-09-04 21:45:52,2017-09-11 16:36:06,2017-09-26 00:00:00
2a677120e5ddca4e25eea9768d3a67fe,a3f635854bf35a6dd0eb28c5bf205147,delivered,2017-12-20 12:48:35,2017-12-20 12:57:36,2017-12-28 19:38:56,2018-01-05 13:57:26,2018-01-23 00:00:00
e154274f8d5b5bcef8bb9f51a54b218a,3088d567d9a1e008db4e3be276708b80,delivered,2018-02-06 16:50:48,2018-02-06 17:11:17,2018-02-07 20:42:44,2018-02-19 18:47:01,2018-03-07 00:00:00
678563117c6bcedcb0f9d98e8f3faf23,6ea6599690fba2aad65f1ac0433a3af2,delivered,2017-05-17 17:13:08,2017-05-17 17:25:16,2017-05-18 09:48:03,2017-05-20 13:27:57,2017-05-30 00:00:00
5fdcee361d689906697597a4415711b2,fcfcb8bcd054a54262f2698d0e9c4a3c,delivered,2017-12-14 15:16:50,2017-12-16 02:35:31,2017-12-18 19:07:02,2017-12-20 14:48:36,2018-01-05 00:00:00
269c345570f1003630764953f56f6abd,d122755f5989b6f6702431c0fe0dc767,delivered,2018-05-17 03:04:12,2018-05-17 04:16:22,2018-05-17 10:39:00,2018-06-06 18:26:35,2018-07-10 00:00:00
7068aef0fc98a8ad539101be36ca41cd,58dfdab06b8627a7ae9dba05c3db2738,delivered,2018-01-08 11:55:51,2018-01-09 07:26:18,2018-01-10 12:30:05,2018-01-22 16:41:27,2018-02-06 00:00:00
e56d6fad37333104e525678504e3b8c3,d372ffc23da2cea9222083a79c94ede9,delivered,2018-02-20 12:25:53,2018-02-20 12:36:02,2018-02-26 17:08:36,2018-03-20 15:33:30,2018-03-14 00:00:00
78cb9a560d2efd85da4adc637aab727f,fb51887c8244b5ca1d8f1f9e1b3bf4e7,delivered,2017-06-03 10:16:52,2017-06-06 13:35:33,2017-06-07 13:27:48,2017-06-19 16:32:27,2017-06-30 00:00:00
81672c21ff06fb612df0660ff7d9ae06,937afb3c743cbde0849c9f8463628d15,delivered,2018-05-29 10:48:05,2018-05-31 03:36:18,2018-06-04 14:24:00,2018-06-13 21:06:58,2018-07-04 00:00:00
862cca64868df4c3a3f0058a93aef465,58f2a48696b2cf8da50fcb21f8512c14,delivered,2018-04-19 09:43:15,2018-04-24 18:14:28,2018-04-23 19:32:56,2018-04-26 16:46:37,2018-05-18 00:00:00
fd2b355e216e132b6c0f3f1b18828c95,4ea4d187c0472780eabbf029b425a2c7,delivered,2018-06-29 19:03:28,2018-06-29 19:15:13,2018-07-05 15:56:00,2018-07-12 16:36:30,2018-08-03 00:00:00
bc6f0d20151b72e478b552a053707ec6,b000b36b33814dba6443ca09f8662bf6,delivered,2017-12-15 19:12:40,2017-12-15 19:31:13,2018-01-19 18:47:50,2018-02-08 13:17:10,2018-01-26 00:00:00
800c8a15369d74de7bc13709ef847d4f,365a457df99b094247729503a540e924,delivered,2017-12-04 14:00:59,2017-12-04 16:48:54,2017-12-07 20:48:36,2017-12-18 16:08:10,2017-12-29 00:00:00
329eb66ed3125473bd5c70dc291b2621,64921fede8259055e3944c02d8ba04b8,delivered,2017-05-26 20:18:51,2017-05-26 20:30:20,2017-05-30 15:26:51,2017-06-14 06:45:52,2017-07-05 00:00:00
0546ac640227025eb2df422b1f613f66,b6cd6b55b4870f765704b5dd17285430,delivered,2017-06-18 15:27:19,2017-06-18 15:42:59,2017-06-20 11:09:22,2017-06-29 10:11:44,2017-07-11 00:00:00
b736f9c98deb53b03ac6e931f3373063,f99d7ce66aba4bf59de3c05ca6561451,delivered,2018-06-05 19:14:32,2018-06-05 19:54:47,2018-06-08 14:11:00,2018-06-14 16:58:40,2018-07-24 00:00:00
b8fffd71202e7086dd751c257751b3dd,0264f4e581481a3f01d4f341d38a46ed,delivered,2018-07-23 21:24:25,2018-07-24 10:31:14,2018-07-24 15:54:00,2018-07-30 21:52:58,2018-08-14 00:00:00
a2f9ff7df829bc4345e5cf8b5bab2e85,a8d980404042b0e0e8c75c965f61d036,delivered,2017-11-16 22:02:40,2017-11-16 22:16:02,2017-11-17 22:48:33,2017-11-24 22:58:27,2017-12-06 00:00:00
717903b4b996a7ae799b0c76b779fa0c,57f0329a42dc7c06a16fc1abebc1e84c,delivered,2018-04-09 18:28:14,2018-04-09 18:50:00,2018-04-10 19:02:58,2018-04-11 19:51:33,2018-04-19 00:00:00
5487a8ac1699754d975f853ce8bb9321,a51b373c427132a77b112ca10f502c4f,delivered,2018-03-29 14:29:44,2018-04-03 05:48:50,2018-04-04 01:13:40,2018-04-08 16:22:04,2018-04-20 00:00:00
34b426d7bae7fa280beff9a3cda190da,9694eb57fcab7bd8fbbf7a174c9c0913,delivered,2018-06-20 22:51:39,2018-06-21 01:38:46,2018-06-21 17:17:00,2018-06-29 18:54:44,2018-07-26 00:00:00
4ee4c7c2fa34f8e2a66accd827f53d1f,20aa562a8eb327bf99b5c3d425712beb,delivered,2018-07-02 16:04:03,2018-07-05 16:15:55,2018-07-03 13:35:00,2018-07-06 11:03:24,2018-07-25 00:00:00
7d7eb2e2176ecc1a4e649624c46799fb,4bec6258afa662db2ba5c04e01df955f,delivered,2018-01-22 22:38:55,2018-01-24 13:06:24,2018-01-25 17:51:39,2018-02-06 21:34:40,2018-02-16 00:00:00
58bb1a30c2cb9520d5de66b39ed7cc0e,86a1b4e2bb98478774726fae917521e2,delivered,2018-04-24 18:39:22,2018-04-24 19:24:01,2018-04-26 09:41:00,2018-05-03 18:02:53,2018-05-18 00:00:00
fe78b46c19e9737d82d7dc5d7ea6ee77,6863efdb7b49c05aac8bf15b2fe41f70,delivered,2017-07-26 19:40:30,2017-07-26 19:50:17,2017-07-27 18:51:54,2017-08-01 22:04:38,2017-08-15 00:00:00
8c0af913eb525b355c4997a2a4166696,c54541b6572fbb34622dad2c048ecac0,delivered,2018-01-06 15:01:01,2018-01-09 07:26:38,2018-01-09 23:44:09,2018-01-23 22:43:14,2018-02-09 00:00:00
bfa2d90f225e338dc4f848b58789a3e5,ab3b5999d3734808f5045e52702b8117,delivered,2017-09-26 19:38:18,2017-09-26 19:49:16,2017-09-28 17:43:41,2017-10-02 18:10:28,2017-10-23 00:00:00
3208081336d844f7752b1e939dd1bbac,b288fbdf739c5aaaa7bb5ebe0ed315e1,delivered,2018-02-28 23:48:09,2018-03-01 00:08:30,2018-03-02 22:47:00,2018-03-06 22:28:59,2018-03-13 00:00:00
f26fa27bb0f1337c570d70e32fc2e413,d8d77a2b743c3bb40884334bb157954d,delivered,2018-07-12 16:22:47,2018-07-12 16:30:18,2018-07-19 16:03:00,2018-07-24 23:40:44,2018-08-07 00:00:00
7e3819fed570609ef642c2e18f198d10,81982ee862da4aba30be66bf27406df2,delivered,2018-04-16 17:43:23,2018-04-16 19:11:39,2018-04-20 22:46:43,2018-04-24 20:46:39,2018-04-27 00:00:00
be73d4698f2f4939662dd7788cf3dad3,c4f67a171b27e7cb73bf6052ea780f32,delivered,2017-07-14 16:35:07,2017-07-14 16:45:18,2017-07-20 17:13:04,2017-07-27 19:55:50,2017-08-07 00:00:00
33d4257aa190f034f74c6626a12b6e53,c564529ffd5238e134307140271dd186,delivered,2017-09-17 23:00:57,2017-09-17 23:10:18,2017-09-18 19:37:33,2017-10-03 20:45:01,2017-10-10 00:00:00
18ad70ae2189f1e18a644ab94300c46f,9c53c2a649b93665d44f6e1ab072c987,delivered,2018-02-07 15:45:30,2018-02-08 07:49:46,2018-02-08 16:28:51,2018-02-10 13:08:57,2018-03-13 00:00:00
078012a290408a687e5802ac7ad6c0aa,69eefc7588679e6d4a880f2eb9866b5a,delivered,2017-05-17 15:44:53,2017-05-17 16:15:16,2017-05-22 12:18:56,2017-05-25 09:16:47,2017-06-08 00:00:00
d4807c19de2116d311ed3abe6ee42d8a,fdeadc944f1c280e9126ac6ca10473a2,delivered,2017-10-23 19:34:57,2017-10-23 19:49:20,2017-10-24 19:59:19,2017-11-01 16:52:35,2017-11-23 00:00:00
95d1a834e8bb4b9a9d0135c658fa9fd9,7c575b8659a41d814e8a76f4b91146fa,delivered,2018-04-01 20:02:29,2018-04-02 13:30:13,2018-04-04 18:28:40,2018-04-05 19:24:33,2018-04-12 00:00:00
2b4dd5231bfa1c6ad0442c5f1964044c,0984d27d6583310ddaad418a2854ebb7,delivered,2017-04-02 08:45:42,2017-04-02 09:22:38,2017-04-03 14:41:12,2017-04-07 19:41:41,2017-04-24 00:00:00
b292a6edad2285c61d34667a9fdc7f23,7952d4730e054d5d890d8f38ce6bb6f6,delivered,2017-11-18 15:49:27,2017-11-18 16:06:20,2017-11-24 22:06:47,2017-12-14 00:22:55,2017-12-13 00:00:00
c3fe6314b2bcaa6de6f9611550dfa399,7f575cf716dfc615c5db8a2135cae948,delivered,2018-08-03 14:57:40,2018-08-03 15:05:14,2018-08-13 11:13:00,2018-08-23 20:51:31,2018-09-24 00:00:00
990c6c497b9bf2f36f61e2e51eb007a6,eafb79051e59ba4934b1ca0452fc6720,delivered,2017-04-24 16:45:43,2017-04-26 09:36:55,2017-05-03 12:33:07,2017-05-10 16:25:45,2017-05-15 00:00:00
460eec79907c666bcac2d1a397907b2b,41a060626489a94a1a50b8d5b6823070,delivered,2017-09-17 16:34:35,2017-09-17 22:35:10,2017-09-19 17:03:38,2017-09-27 18:22:41,2017-10-09 00:00:00
c55dca0234aa65398ed85315bcf5b062,e5c1358749c30acca897d993227c70f9,delivered,2018-06-12 20:22:06,2018-06-12 20:45:13,2018-06-13 13:46:00,2018-06-20 22:48:38,2018-07-17 00:00:00
bd72f84bd892f4e829d7fa262004487d,ac6fcaa127ca5433e6df97fde1892428,delivered,2018-03-02 12:29:07,2018-03-02 13:09:29,2018-03-07 00:48:32,2018-03-26 18:43:02,2018-04-05 00:00:00
5baeaa8bec54f12f0aa0ee4b4d285cf9,9f865243eedd5290cf1d0f8b5d2d1d5f,delivered,2018-01-08 10:22:52,2018-01-08 11:32:02,2018-01-08 22:07:30,2018-01-12 20:57:56,2018-02-02 00:00:00
89fda551a6bc59c3a9d868a580cc6ca6,c1668d67ed2fc31300b5c2e60a709111,delivered,2018-02-22 14:47:02,2018-02-22 14:55:34,2018-02-26 14:49:17,2018-03-06 00:45:01,2018-03-14 00:00:00
60ff47e655e87de64037be5d1f09ce7d,5a761ff24ca0a248f82d71235398e852,delivered,2018-08-26 15:46:28,2018-08-26 15:55:18,2018-08-27 15:26:00,2018-08-30 01:18:38,2018-08-31 00:00:00
34e6d418f368f8079ae152bc178bc66a,2734c283312a49194c5468aa8567d51c,delivered,2018-01-14 19:42:41,2018-01-14 19:54:25,2018-01-15 19:35:18,2018-01-30 20:43:11,2018-02-09 00:00:00
eea58982d534991bfd7f844e9ff0e28f,a62a5baefbc81700a250ec92a072809e,delivered,2017-03-25 22:15:25,2017-03-25 22:15:25,2017-03-29 15:55:51,2017-04-13 13:52:30,2017-04-20 00:00:00
c5009ef153ccebb4f2dfd12660198737,576559b61237a8086828a22482251079,delivered,2018-05-22 12:46:12,2018-05-23 02:15:28,2018-05-23 09:50:00,2018-06-01 18:02:25,2018-06-06 00:00:00
54b1718c17cfa59d1f51cba8c755ed98,1b8fed4c8a4c8f879319e5ce374ecdeb,delivered,2017-12-27 11:51:18,2017-12-27 12:08:50,2017-12-28 18:28:47,2018-01-05 14:15:52,2018-01-23 00:00:00
6b313b07f096e0b9354fd4f097abaed6,9279b96ee5b2b0f686e5a28d8cc1739b,delivered,2017-08-02 17:27:45,2017-08-02 17:43:24,2017-08-08 12:32:57,2017-08-15 17:03:57,2017-08-28 00:00:00
1ac605c3c8e2ee53279c7b0bd52c6aec,4f86e2b6bb393847cfaca4bf4b1b82f6,delivered,2018-03-08 09:26:27,2018-03-08 10:08:48,2018-03-13 18:28:45,2018-04-06 17:45:29,2018-03-28 00:00:00
cc20f1526c8c9725da26e2563d40260e,b21abdbd6175139c4e9b66ee64f9c87a,delivered,2017-10-18 14:41:59,2017-10-19 02:56:45,2017-10-19 16:37:16,2017-10-25 17:09:57,2017-11-22 00:00:00
ed6104a0027e6a269ce0269f21c67f0c,14f9068e637206960a557817377830f8,delivered,2017-07-15 01:33:53,2017-07-15 01:45:11,2017-07-19 18:33:25,2017-08-04 18:55:47,2017-08-18 00:00:00
c2e8b417a29b392b9f49a30a868489cf,94585f4d164dd1117626d9db77c597fc,delivered,2017-07-07 21:15:49,2017-07-07 21:25:16,2017-07-10 19:53:29,2017-07-25 18:37:54,2017-08-04 00:00:00
7905d74aefff427d164bf8a4b274fc9c,163a1a773e83bb4ec009b749a84e9666,delivered,2017-05-21 08:04:03,2017-05-21 09:04:35,2017-05-22 08:37:07,2017-06-06 13:33:06,2017-06-23 00:00:00
bbe5ef975154a7473c4c595fa3385edc,00f6217307f712298d8e47215f0bf2ad,delivered,2017-11-28 22:46:02,2017-11-28 22:57:11,2017-11-29 17:02:44,2017-12-08 19:10:11,2017-12-19 00:00:00
efd5f6d335841ef212ce657580faf95d,51e1fc8a17cbfb73d2374b9606c77c3f,delivered,2017-03-03 08:05:16,2017-03-03 08:15:06,2017-03-06 14:15:01,2017-03-20 07:26:03,2017-04-05 00:00:00
a0563252fd4da955a4bff4e622f4d81f,e87047759f9456e7b684908529381df9,delivered,2017-09-05 23:41:30,2017-09-07 03:03:46,2017-09-12 01:04:21,2017-09-18 20:43:37,2017-09-22 00:00:00
285b9fa3d538bc3e3391de43dd51e3c9,73cc73b9f0e5aeaa6cb029d0ca83bcba,delivered,2017-07-11 21:54:29,2017-07-11 22:25:14,2017-07-12 17:49:35,2017-07-21 15:33:53,2017-08-09 00:00:00
4fe2e8b329e56a00aba9b0136b46f00f,0c6e74d3848e590888f197074ee1f5ff,delivered,2017-01-13 11:06:56,2017-01-15 11:05:13,2017-01-18 04:58:17,2017-01-20 11:33:43,2017-02-24 00:00:00
1067b1fed93022ff928077f4db144386,0b3d0bf8648bf98fecf9551f0ac712ef,delivered,2018-02-05 15:38:22,2018-02-05 15:55:50,2018-02-09 20:22:39,2018-02-15 17:36:48,2018-03-01 00:00:00
25d3716d0097db13efad1ec47ea26551,e6f635217be521e389d16f31394cae5f,delivered,2018-08-06 20:58:20,2018-08-06 21:10:15,2018-08-07 15:40:00,2018-08-10 22:12:07,2018-08-21 00:00:00
8218c35b370a39df1a636efeee72a6b7,0d9f1ec8ce764e4b5cc17969cf9f6984,delivered,2018-02-21 01:28:02,2018-02-23 02:15:27,2018-02-23 22:15:44,2018-03-02 22:07:27,2018-03-19 00:00:00
b1b5b604a5e207c764779ffb50527018,40eb5b16b04bc62c59d4905857958e82,delivered,2017-10-31 21:47:13,2017-11-02 02:16:10,2017-11-08 19:35:35,2017-11-14 01:32:39,2017-12-01 00:00:00
aba17b8bf8ad8249a87ff4c21a5569b9,1bd769ab11ed47fa02eb91e4c56d5344,delivered,2018-01-09 16:53:05,2018-01-09 17:09:02,2018-01-11 19:03:57,2018-01-18 18:56:56,2018-02-07 00:00:00
43004196fdbcc54ae90a84736bb13afe,0e44a2576bb7c61c931ec4db9f5db5ce,delivered,2018-06-11 17:20:15,2018-06-11 17:40:05,2018-06-12 13:49:00,2018-06-19 13:40:57,2018-07-03 00:00:00
87a0cbc974ca0e017a65daacd3b3e2d6,ded400422478045ec5a02071abaae1c1,delivered,2018-02-06 10:27:21,2018-02-06 10:35:46,2018-02-07 19:04:41,2018-02-09 15:48:55,2018-02-22 00:00:00
12f55fbb20dd8ff71113349776b5642a,2c07b6a19d97919269fb1402e7b51b44,delivered,2017-09-29 23:50:02,2017-09-30 00:07:13,2017-10-03 20:24:29,2017-10-10 21:24:34,2017-10-30 00:00:00
a2b01f72ab3f4fc8831837432d5a0117,847e5e92dfff3787cc80378197b06a52,delivered,2017-12-26 15:58:43,2017-12-26 16:08:57,2017-12-27 20:25:55,2018-01-11 20:19:37,2018-01-26 00:00:00
a5e045a63fbea3842f888a42153c61e3,ef6160b152a7df62401e31c5d3f548c2,delivered,2018-06-12 21:58:58,2018-06-12 23:22:26,2018-06-18 15:03:00,2018-06-21 12:41:21,2018-06-26 00:00:00
027ae252d37e5527c2e109e268b222e2,059571e02973e94b854b30987635dcb1,delivered,2018-05-19 22:18:39,2018-05-20 22:18:42,2018-05-22 15:29:00,2018-06-04 19:26:41,2018-06-08 00:00:00
e0c51c7d23c16c36c365b7ae8bbe6782,0ca908d0f8c65e51340cf28d99485d2d,delivered,2017-03-07 10:25:58,2017-03-07 10:42:45,2017-03-17 14:05:09,2017-03-29 15:22:58,2017-03-29 00:00:00
f1f053637dd55791fa3a8ae1df1f3605,fc0d9a9e8bf3d86e4162d3d417653265,delivered,2018-07-15 20:16:11,2018-07-15 20:25:32,2018-07-16 13:49:00,2018-07-27 13:06:55,2018-08-10 00:00:00
306193c0f58d9f95461c43563b65166c,601f0d17fa986363bc18f776bca2d709,delivered,2017-10-14 17:12:45,2017-10-14 17:28:09,2017-10-18 20:14:50,2017-10-19 19:59:14,2017-10-26 00:00:00
f6e09765a386aa4607ea665f090511ae,8c4d6b0b94bdda396e839a02feeaff86,delivered,2017-11-23 07:43:48,2017-11-23 07:54:29,2017-11-23 17:12:25,2017-12-08 13:27:03,2017-12-12 00:00:00
9e7147a6ff3d5299da2672e1c64c9c49,69c44cafad4d74413ddd820f77d755a9,delivered,2017-07-01 16:55:23,2017-07-02 16:45:10,2017-07-05 16:36:32,2017-08-11 18:57:03,2017-08-04 00:00:00
e8250a89f967d49af320330c8660a9a2,d48576ca60e60c16d78400f3ac8ad9ed,delivered,2017-04-09 23:26:56,2017-04-11 04:02:13,2017-04-18 15:56:18,2017-05-02 09:59:51,2017-05-09 00:00:00
7a2ea112b017a44fc1ba0eb88979f3f9,8ee3752ed676be5e448ebda2266e87e5,delivered,2017-11-26 15:05:45,2017-11-26 15:18:26,2017-11-27 16:43:11,2017-12-04 17:53:06,2017-12-11 00:00:00
8dbd319d233611ca45b64cc56eac5e34,2ec48d47b79cd3db9fdccb0d4a2b3509,delivered,2017-06-15 22:39:08,2017-06-15 22:55:16,2017-06-19 14:09:01,2017-06-22 15:51:39,2017-07-12 00:00:00
3ef3c976c86d9ea7e4758728a87732f0,43420e2e2af1b2b21dbaaea745dced95,delivered,2017-03-17 15:13:04,2017-03-17 15:13:04,2017-03-27 11:57:12,2017-03-30 12:33:27,2017-04-11 00:00:00
a3a0be41e7611973435cc81280f76bee,5d682c38b328e23a009a3e95cdd874c0,delivered,2017-11-29 19:21:32,2017-11-29 19:57:15,2017-11-30 20:38:34,2017-12-04 19:21:57,2017-12-15 00:00:00
1f0e3e7a13d98443333a705e4ea42148,31a8654d467ab5c0d7a4a273272c460f,delivered,2018-08-15 07:19:56,2018-08-16 04:35:11,2018-08-20 12:28:00,2018-09-13 19:24:35,2018-08-28 00:00:00
1853610c46a77ba436f5e06e16ec8302,8349c37874abf342822f4ae6c20ae949,delivered,2017-12-01 16:39:06,2017-12-01 16:49:40,2017-12-04 12:19:33,2017-12-08 20:51:46,2017-12-27 00:00:00
ba3dfe274b92578ad6af3b17d141033c,7d3b9525b38ede555351e75caf596b4d,delivered,2018-03-01 14:32:59,2018-03-02 14:35:34,2018-03-06 19:08:16,2018-03-26 23:21:06,2018-04-02 00:00:00
53c7592439c12d02630c4f0da48614bc,f89b63fb70a7ec9b7740ca031accb0cd,delivered,2017-12-18 12:55:41,2017-12-18 13:54:44,2017-12-19 23:51:52,2017-12-26 18:13:30,2018-01-17 00:00:00
b85b4d3eb7887ec7b9479e2f45362dc6,802b04a8ed4c7b303d6d5277ae02b2b0,delivered,2017-07-13 00:06:19,2017-07-13 00:23:26,2017-07-18 12:19:52,2017-08-01 18:14:29,2017-08-14 00:00:00
615138ca15a2a7fe3059d1fd8ac364e5,7b92748fe6ba57a8dc7ca8d421790d16,delivered,2017-11-18 11:48:52,2017-11-18 12:06:50,2017-11-21 16:09:07,2017-11-28 21:17:00,2017-12-12 00:00:00
e0e1cc569a1f7a8ddb27bf2c4168e479,f2d64a61cd105a8b332ab077f5f04683,delivered,2017-11-30 18:36:43,2017-12-01 14:24:52,2017-12-01 19:41:56,2017-12-22 15:55:43,2018-01-05 00:00:00
1217de8bb29e23b3b4ca52c564fb143a,8fcebad47cb22e7a7576c02a882a66ed,delivered,2017-05-02 20:57:56,2017-05-03 15:22:49,2017-05-09 08:48:03,2017-05-18 07:35:54,2017-06-01 00:00:00
5e764e58bf508a75846821d328714583,7a64c18ffb58f65aecd1d238aac34344,delivered,2018-03-31 12:45:36,2018-04-02 14:30:56,2018-04-04 02:19:06,2018-04-09 18:20:43,2018-04-24 00:00:00
6f3e13f4ef62b348e815f6375cbdd675,771cb90ed752d46f2ab874f2db1fad48,delivered,2018-05-08 11:56:46,2018-05-09 11:55:17,2018-05-16 05:29:00,2018-06-05 19:58:48,2018-06-06 00:00:00
e7d112a19f81eb693360bd433f03625f,5e2cf044ad5eaafa0fc1ea6e1e06495e,delivered,2018-05-17 16:35:19,2018-05-18 00:14:59,2018-05-22 16:06:00,2018-05-23 17:18:38,2018-05-28 00:00:00
dab991912deff0b6f34c2ac665fd566f,5e8c1583955ff6508606f33a2ff0066f,delivered,2017-06-27 11:36:25,2017-06-28 02:10:21,2017-06-28 14:11:13,2017-07-05 11:33:06,2017-07-31 00:00:00
9b045cde06f6adb6f6187e2119c89869,b8eff644a59838c6d4bb2db5b5e22d3f,delivered,2017-06-26 10:55:20,2017-06-26 11:11:12,2017-06-27 17:03:30,2017-07-01 08:39:48,2017-07-24 00:00:00
ab4d923f0c19b1189d542b64352de060,1c0e9715c380fa64e78e153642be4d68,delivered,2018-02-12 13:28:52,2018-02-15 03:51:29,2018-02-23 22:05:34,2018-03-14 17:16:27,2018-03-12 00:00:00
e0c49af20b2a6c2089f40a9d7a60d6a5,d7621cfe31786dccb998434745ea3a2a,delivered,2017-06-15 20:11:55,2017-06-15 20:25:14,2017-06-16 14:07:36,2017-06-29 10:09:55,2017-07-13 00:00:00
1f1d34c2ba3f3ae5f852175df49f079c,3e72dabf2c10a14d047233a3823ddce1,delivered,2018-06-03 16:35:41,2018-06-03 16:50:36,2018-06-04 14:19:00,2018-06-06 23:02:52,2018-06-28 00:00:00
d0f2eab6dd80aa594023f8ed3bd024be,e2fe3fe92da7cfb1115664a4f48446b9,delivered,2018-08-21 23:24:29,2018-08-21 23:35:15,2018-08-22 14:22:00,2018-08-28 20:44:46,2018-09-17 00:00:00
d2bde0599318c433d8e3420c8f65427b,7eb773e1a901936644a0514e3f20d8e0,delivered,2017-11-25 16:53:18,2017-11-25 17:13:26,2017-11-29 19:32:21,2017-12-05 21:05:58,2017-12-11 00:00:00
7d0f5759a0eac0f20456bb8a36547bf5,e5583a36cc70b95b339afc5d67c5efa2,delivered,2018-03-19 00:31:01,2018-03-19 01:10:36,2018-03-26 20:42:38,2018-03-28 15:24:38,2018-03-29 00:00:00
76279ee78a4924f44a3a83ef23b169b8,1568d0cf27776d57552118a63aec65e1,delivered,2017-02-09 20:18:20,2017-02-09 20:30:16,2017-03-01 11:34:30,2017-04-05 19:32:59,2017-03-17 00:00:00
f23809a318245a674bc438904349ec63,e8833ec036ef5a31782fc90de8a6efc1,delivered,2018-03-29 09:10:21,2018-03-29 09:27:36,2018-03-31 17:51:00,2018-04-13 22:58:45,2018-04-18 00:00:00
c37564a174d094e685810303fd46b582,c90a8bc2bffa9389ee8c5246cb9a5f7b,invoiced,2017-04-24 17:15:49,2017-04-29 23:33:09,,,2017-05-26 00:00:00
bbcbe43eab7a6c93f7f05992378953d3,49528d004e8825f533e6457b98baa342,delivered,2017-07-29 01:18:55,2017-07-29 01:30:14,2017-07-31 17:47:05,2017-08-08 21:06:20,2017-08-22 00:00:00
d2cebfc5f806510626e7c16ef6413ae8,d61f1bb2f426b1574f8f4542ed70f00b,delivered,2018-05-17 14:48:28,2018-05-17 23:31:18,2018-05-18 11:45:00,2018-05-21 22:34:29,2018-05-30 00:00:00
1d92d2ce1ae2e0510b5ce50c5be578c6,f4cfdc08099c49123ea4fb6f32bb603b,delivered,2017-11-30 23:22:00,2017-12-01 10:30:59,2017-12-04 21:22:45,2017-12-21 21:23:50,2018-01-08 00:00:00
bec5e390bd832706d84b46aba9c4a83b,6647005ddd01b3f7964cfa2ead34abaa,delivered,2018-03-22 11:49:41,2018-03-22 12:08:58,2018-03-23 14:12:12,2018-03-27 00:18:53,2018-04-04 00:00:00
815ba48fd172b6a71f09180c118a31ca,626da291c796ef2695981deb0bbc9eed,processing,2017-09-15 13:24:29,2017-09-16 03:06:14,,,2017-10-09 00:00:00
57faaa762a71e0603439c7a742527524,a3bbbce815da0de197a60a066006ad75,delivered,2018-01-17 15:54:43,2018-01-17 16:11:18,2018-01-18 23:48:37,2018-02-01 12:16:44,2018-02-21 00:00:00
ab1e451ac61a9e1ed83028e67458d722,1f02ba98e5ac2c5d7e3561429733c129,delivered,2018-01-08 21:39:41,2018-01-08 21:48:44,2018-01-09 21:48:20,2018-02-07 17:08:25,2018-02-07 00:00:00
7a5f69256be6f46a920fd29453aecd15,ae6a700eaa60e0dcc1165f90e391a8ae,delivered,2018-01-13 21:12:44,2018-01-13 21:29:40,2018-01-15 13:48:21,2018-01-23 22:37:41,2018-02-19 00:00:00
e6be529ac8d87744b406d4e03a8fe2be,a9de781d4ae2abccfde1d5396d8f604c,delivered,2018-03-23 14:40:43,2018-03-23 14:55:32,2018-03-27 01:49:37,2018-04-04 17:07:39,2018-04-17 00:00:00
366cd70c12d03e78401252dea8e27bf4,fc71b69bc2e2341ee7074f4b9396fb95,delivered,2017-06-18 04:07:55,2017-06-18 04:43:57,2017-06-19 20:03:45,2017-06-21 17:07:28,2017-06-30 00:00:00
f9cfd7e4eb2776cec1a63a59a1305e9a,dc837aeb1f809812f4ba96906c33a528,delivered,2018-08-22 11:28:14,2018-08-22 12:04:23,2018-08-24 20:05:00,2018-08-28 18:45:29,2018-08-30 00:00:00
7219bbc67d036600cbc65e84abfd581a,9816d0326859ba1eb4e164f69079c447,delivered,2018-01-21 00:42:04,2018-01-22 09:03:32,2018-01-22 20:34:59,2018-02-06 16:08:55,2018-02-15 00:00:00
d3220f2771d590e93736b9078ab008ce,4c905422f491aa302e218b77cc8b3e88,delivered,2017-12-07 16:07:54,2017-12-07 16:16:27,2017-12-08 21:54:49,2017-12-15 15:32:47,2018-01-04 00:00:00
a9c7a298f4d31996b9a505ec79fcbae9,8660acab447e174648d0923d3f0e94d7,delivered,2018-07-10 14:41:22,2018-07-10 14:55:17,2018-07-18 13:59:00,2018-07-24 19:43:12,2018-08-01 00:00:00
096b267153128e0d7f9e593bba803956,df9432f68e31773dc4b20fb916f2f647,delivered,2017-06-23 08:45:21,2017-06-24 02:31:29,2017-06-28 13:17:42,2017-06-29 13:11:40,2017-07-06 00:00:00
491a23e567ce4c273419a63a41ff5876,3da647f1441ed4b18ac7a0ded0056570,delivered,2017-11-06 17:51:51,2017-11-07 03:31:24,2017-11-08 13:24:48,2017-11-17 01:16:39,2017-11-24 00:00:00
1955e6384cd6fc6cb02799b1e458b2d7,ab2b0df51c890ff9bcae72f1abc72b79,delivered,2018-08-06 00:07:36,2018-08-06 00:24:14,2018-08-06 16:55:00,2018-08-07 20:14:20,2018-08-09 00:00:00
a2ec8ff90a5ffced9e2d1853bf3cf609,ee92860167192bbbbf68f161674745e1,delivered,2017-12-10 21:58:51,2017-12-10 22:53:31,2017-12-19 00:39:12,2018-01-04 16:24:50,2018-01-09 00:00:00
2cb099a54d7344bfd05b445214be4e7f,075ab615207ab1a9425b22157f9a0941,delivered,2017-07-30 11:43:38,2017-07-30 11:55:18,2017-07-31 20:01:22,2017-08-03 17:11:40,2017-08-21 00:00:00
7cfa85c7c53799aa2c849044711e9256,26666e8b9d1f89876ea83c70e529812c,delivered,2018-04-19 22:04:20,2018-04-20 08:15:10,2018-04-23 19:58:51,2018-05-02 20:28:37,2018-05-21 00:00:00
cfcd1b446010715bb44c1babfe225e6e,a94ee852869d015626bae46e38e459ec,delivered,2017-03-16 07:07:43,2017-03-16 07:07:43,2017-03-16 10:34:30,2017-04-11 06:32:26,2017-04-18 00:00:00
faee84a4283f8d770ea390010415ad05,33aa91edcf7c42a51f4c56d15586bfde,delivered,2017-03-26 17:08:35,2017-03-26 17:22:23,2017-03-27 08:22:36,2017-04-03 14:40:07,2017-04-18 00:00:00
69aca49c98f05af05bec6fa1f87a3059,a125a54036b56ceb4c73638eda0f18aa,delivered,2018-07-20 13:19:19,2018-07-20 13:30:13,2018-07-20 12:01:00,2018-07-25 17:03:35,2018-08-14 00:00:00
06a6627d9cc91a04e9d146bf65fee0a2,61449fa1b8b8998c9c3f3a7f0ae954ef,delivered,2017-07-16 10:27:45,2017-07-16 10:35:14,2017-07-18 12:34:04,2017-07-21 19:59:36,2017-08-04 00:00:00
a539050b5ced5a45fbb22fa7a99f2043,67a9926031ed753f9736c0f8892aba6c,delivered,2018-08-15 16:34:21,2018-08-15 16:45:15,2018-08-17 14:47:00,2018-08-23 00:54:42,2018-08-30 00:00:00
9d8eb4197962f028d0a0f9caa37f0402,35364204862e86eb7c42936976e8858b,delivered,2017-02-02 21:15:18,2017-02-02 21:25:09,2017-02-03 17:51:39,2017-02-16 11:42:34,2017-03-07 00:00:00
65bbd0719855fe808bb19f62dfa9f42c,425ce6f29109ed3511a62cd0f92d7170,delivered,2017-08-19 18:48:58,2017-08-19 19:05:09,2017-08-21 13:56:58,2017-08-23 22:09:56,2017-09-13 00:00:00
acfd491b37f7671bf93d9abc2c1ba7af,6dc751bd314035e5cd07b5783799f84c,delivered,2018-05-15 20:39:11,2018-05-15 20:56:14,2018-05-16 13:31:00,2018-05-18 15:38:23,2018-06-05 00:00:00
5f4c7549b7a52062dbf797ca9344bd54,a7713e4efe4e926b8b69cf9789d8b3ad,delivered,2017-12-12 12:11:58,2017-12-13 02:36:32,2017-12-15 18:13:36,2018-01-09 19:58:37,2018-01-05 00:00:00
15de6843350851629a5466a37d2b3486,edebb8880f0aad0c05946257fe9edcb2,delivered,2017-06-02 19:43:28,2017-06-02 19:55:16,2017-06-06 14:04:44,2017-06-07 15:38:15,2017-06-21 00:00:00
4921567919029aa0950f3ebec0f91169,329970820ec5088911fd6d9c1926a73a,delivered,2018-06-17 22:38:30,2018-06-17 22:58:57,2018-06-18 09:24:00,2018-06-22 19:32:26,2018-07-13 00:00:00
69d7a6c47dc11a476f79514694809c60,89308d2e180453477f64c286806350f5,delivered,2017-03-22 12:29:08,2017-03-22 12:29:08,2017-03-24 12:40:30,2017-03-30 11:21:47,2017-04-13 00:00:00
82fbfbdb67d2e217768c85d56eeef7f9,8a9d2de58d928e3d7849f82781013196,delivered,2017-06-05 10:39:09,2017-06-05 10:50:17,2017-06-05 15:27:52,2017-06-13 14:53:10,2017-06-28 00:00:00
9803d53681d599da06e759c5935f89e6,d43e2e7c5f8e31be75ee558015546c93,delivered,2017-08-14 09:28:45,2017-08-14 09:45:07,2017-08-16 15:50:08,2017-08-25 15:54:12,2017-09-06 00:00:00
e9df66519c360c741bedc488149685e9,813d879c483a0aba3c6aa0c9622c585c,delivered,2018-03-16 09:13:59,2018-03-17 02:40:26,2018-03-29 01:11:46,2018-04-10 19:58:48,2018-04-05 00:00:00
db7b454406f5f1f11a4aeb0ee58f473b,d71bdcc4e1a87e56ca3b9be916aecdad,delivered,2017-10-18 16:53:02,2017-10-18 17:07:39,2017-10-23 19:50:05,2017-11-03 18:57:40,2017-11-14 00:00:00
3164a0591e7349349b8f57437a76133a,4b1e20bda0003d900c4360a80836442a,delivered,2017-11-26 11:43:52,2017-11-26 11:55:41,2017-11-28 18:04:25,2017-12-01 17:38:44,2017-12-26 00:00:00
60c293e54649a6dae7403487d4c21b2c,921b4d839d9b65c512648e14bd29293d,delivered,2018-03-20 21:26:59,2018-03-20 21:48:42,2018-03-27 00:38:51,2018-04-09 22:41:13,2018-04-17 00:00:00
bd1a75149b4f3c4c2810386211835917,525c3f7c085645bbf6d28c15536e0da7,delivered,2017-11-30 09:36:34,2017-11-30 09:50:41,2017-12-13 19:16:41,2017-12-15 16:16:06,2018-01-05 00:00:00
77080c3a1b97bb0908c2dc6c3941c1a6,10c8f06ca229e96a955682147530cb03,delivered,2018-04-24 11:03:08,2018-04-24 18:51:02,2018-04-25 15:42:00,2018-05-02 14:21:50,2018-05-21 00:00:00
71ffbe37a2e7ac438c81adb916832bba,5a94b0b5e939d29d07cb80e1c236ce5b,delivered,2017-12-08 20:15:27,2017-12-12 03:51:23,2017-12-13 21:27:00,2017-12-29 14:53:15,2018-01-16 00:00:00
d65f26752fd6834bfb0a567b581dde3b,85d00c84cc236fdb8d5a58a0aed680ac,delivered,2017-07-25 17:40:12,2017-07-25 17:50:23,2017-07-26 15:17:45,2017-07-27 17:53:52,2017-08-22 00:00:00
6ba0e32fd89cab6e014baa58ddb82a6b,f11c879c8a36fe856430463341cf89d6,delivered,2017-06-01 10:24:22,2017-06-02 04:33:11,2017-06-05 11:33:35,2017-06-12 16:38:06,2017-06-22 00:00:00
aa21334313579b3bf1d6e8a10de215af,fee356a6202f0d1a5b2933afa5d55306,delivered,2018-07-18 13:19:10,2018-07-18 13:30:18,2018-07-31 13:50:00,2018-08-04 18:11:46,2018-08-23 00:00:00
cb110387675cb9e3354ff5fc1b25346f,ce1fc521645083f008569f9ab85325cf,delivered,2018-04-04 09:32:27,2018-04-04 11:09:55,2018-04-04 21:36:40,2018-04-12 22:56:29,2018-04-27 00:00:00
ccf9f826a9a2889f396bc19425443c9c,099dd240798668d46c5989ed873226c2,delivered,2018-01-30 18:19:18,2018-01-31 17:30:26,2018-02-01 19:10:34,2018-02-05 19:14:17,2018-02-15 00:00:00
cb740e05716c376f1e99f0509fad75c7,2f61a220c13f883b836164d7938f78f3,delivered,2018-05-31 17:29:44,2018-05-31 17:50:33,2018-06-05 07:22:00,2018-06-25 16:48:33,2018-07-18 00:00:00
0a457a7e838f772d804eebe8d6261ed0,c1caaf8d7b5c8f2d3567fe0c9f96cb6f,delivered,2018-08-08 13:48:22,2018-08-09 03:45:15,2018-08-09 13:44:00,2018-08-10 18:07:43,2018-08-13 00:00:00
829c29b2306beafb02c306ffba041e8d,b2b247504d20b61cd474e775de587cff,delivered,2017-12-03 02:24:54,2017-12-03 02:48:30,2017-12-07 17:43:45,2017-12-08 22:26:51,2017-12-20 00:00:00
529a18626bb2bb7907cfcb5b5f2b0e6e,fef445423df985e112e1b8b357f1cbee,delivered,2017-07-18 14:00:00,2017-07-18 14:15:14,2017-07-20 11:35:01,2017-07-26 19:13:47,2017-08-09 00:00:00
6659002983cbc0fc582729e3aa1feaa8,551910403e480512a070343d37dd598b,delivered,2018-05-16 11:57:53,2018-05-18 01:35:19,2018-05-18 11:59:00,2018-06-08 22:16:50,2018-06-11 00:00:00
36252698cf1f3b91960c60cb2524ae78,a321fad7152b7496ab9f1ae365fdb3bd,delivered,2018-06-05 17:40:18,2018-06-07 02:55:12,2018-06-11 15:55:00,2018-06-18 14:48:48,2018-07-23 00:00:00
2c203f4297ffa221e33a90171c24249d,be188afbecaf3cabfe042bf53dfa2e19,delivered,2018-02-02 09:16:20,2018-02-02 09:35:36,2018-02-06 01:14:04,2018-02-07 21:41:16,2018-02-20 00:00:00
0355ae43910316435f24cb54605a820d,36774face3b8ee84925f7ed49dd56c42,delivered,2018-04-02 07:07:41,2018-04-04 03:15:23,2018-04-04 20:37:19,2018-04-07 11:56:36,2018-04-13 00:00:00
5f71bc83356f39cf9e9b8004f39a989a,3f979bbdedf57087a39ae7fed98ec7de,delivered,2017-08-23 14:29:48,2017-08-25 10:44:56,2017-08-31 20:04:30,2017-09-11 19:47:32,2017-09-25 00:00:00
65c681e03f100e0ef15a100838d6b357,d1e9170a646370074dda424098fe10eb,delivered,2018-03-12 19:05:49,2018-03-12 19:15:36,2018-03-13 20:08:46,2018-03-28 16:46:41,2018-05-07 00:00:00
b9b90be72479c512c6ab9824a1ce256c,eef17c66b2901892bc82af4ccbf1d70c,delivered,2017-09-13 11:58:28,2017-09-14 11:55:21,2017-09-19 15:58:06,2017-09-27 16:44:29,2017-09-29 00:00:00
201691efe89d4d71f36e5ea279a8759a,41f7392232f044ac07529df63336f9bc,delivered,2018-02-21 14:18:43,2018-02-21 14:31:06,2018-02-26 15:57:12,2018-03-13 15:18:26,2018-03-15 00:00:00
7c1336779536fdd545a35df012e0ed5e,f560ee44b1e7d019ae15e4c4ed624d22,delivered,2018-07-17 15:03:18,2018-07-17 15:15:13,2018-07-19 14:56:00,2018-07-23 21:39:36,2018-08-02 00:00:00
7969425ee9683fa972ac9783b66817fe,637865664197695fe90f3ff7b19902ae,delivered,2018-01-15 00:25:08,2018-01-15 00:36:29,2018-01-30 19:37:59,2018-02-01 01:18:29,2018-03-12 00:00:00
7263a9488004df94487b7f970be3b91e,b7aba705e32253c6d5159e0155ba4fac,delivered,2018-06-10 15:35:52,2018-06-11 16:31:52,2018-06-13 16:10:00,2018-06-21 20:50:54,2018-07-05 00:00:00
de86d263fd8adbf70b390a50f59266e4,9ef7bea580502adf844b3870ab381495,delivered,2017-11-27 13:49:21,2017-11-27 13:57:30,2017-11-29 17:55:15,2017-12-13 10:28:39,2017-12-18 00:00:00
f8b158fb8ab6cc090f0746a1eabd2e01,9c0c58af21e19302f4921f5e3f103614,delivered,2018-06-11 15:37:25,2018-06-12 15:47:55,2018-06-13 12:46:00,2018-07-03 20:51:59,2018-06-29 00:00:00
797cbe6650a540e0515a523152c7f868,615063e4a4d4fc2ef9cda7c7358e2d4e,delivered,2018-02-08 13:38:14,2018-02-10 02:49:48,2018-02-14 16:38:56,2018-03-02 22:54:01,2018-03-06 00:00:00
0d902dd22c7c40a55b0edbd70ab87fc3,a9558995b6d102f6216229476ff11b3b,delivered,2018-05-04 10:32:08,2018-05-04 10:51:59,2018-05-04 12:36:00,2018-05-24 18:32:00,2018-06-07 00:00:00
bbf7ad105edc929937625364891dc8c6,f128ed11b295f1d94750deca9a92b354,delivered,2017-06-13 12:37:12,2017-06-13 12:50:25,2017-06-13 15:11:20,2017-06-22 16:19:42,2017-07-10 00:00:00
7fd6cd7e778c71e9b3721599948c104c,e8d04906f39accaf787450a1fbf3ad60,delivered,2017-05-01 21:16:52,2017-05-06 21:32:39,2017-05-05 11:22:24,2017-05-16 08:34:32,2017-05-25 00:00:00
8afa2e5e1db419ca84b2ec548bcfa4fd,b2da3e1f91052aca033b4d34ab8329ef,delivered,2018-05-04 13:06:25,2018-05-04 13:15:25,2018-05-07 14:41:00,2018-05-08 19:36:48,2018-05-16 00:00:00
92108d9a563df7232a318d0736680ea5,6230e73c5f002546937e160fd6dcf9b3,delivered,2017-12-27 17:02:25,2017-12-27 17:11:21,2017-12-28 21:57:41,2018-01-05 22:58:54,2018-01-24 00:00:00
403a0fd88d423ef5d91893e2787c806f,3d3cb9e12226eb6ec0e87ad38b0fcb82,delivered,2018-04-23 12:44:33,2018-04-24 17:37:20,2018-04-26 12:25:00,2018-05-16 17:28:36,2018-05-18 00:00:00
4abf80e2c1c93771ac91d806e4e51c91,f4130da97144e87675795944bb522ae3,delivered,2018-05-02 09:04:43,2018-05-03 04:12:56,2018-05-03 13:17:00,2018-05-04 16:55:47,2018-05-16 00:00:00
38c61d1bbf5143a8c347ebaa490e234b,752e6b5b69b420a430beecc48889a67d,delivered,2018-01-09 20:46:48,2018-01-10 10:32:10,2018-01-10 18:13:32,2018-01-15 18:57:56,2018-02-01 00:00:00
5d0d28b0a5db80fe44a0ac53bdb979dc,61fad79bfe55baa042c5fe91d8aa337f,delivered,2018-05-12 10:22:05,2018-05-12 10:35:21,2018-05-15 15:03:00,2018-05-18 20:49:36,2018-05-28 00:00:00
c4a4340f8f35d5289ea5eb4dd44815f4,23525e42bf556c4b729e86f16f5a011e,delivered,2017-10-28 15:50:23,2017-10-28 16:10:37,2017-10-31 16:53:49,2017-11-04 11:47:37,2017-11-17 00:00:00
59bef859ee544206d66d43cd4a50fac9,ffe7ffb7c7ae0d42808f387578426b3b,shipped,2018-03-16 17:26:27,2018-03-16 17:49:58,2018-03-22 11:38:27,,2018-04-11 00:00:00
d98222e2d133bcdcb2352eb1161ddd30,add6b7ed50b1198eae6b78268e07c043,delivered,2017-11-14 15:32:02,2017-11-14 15:47:53,2017-11-21 19:33:16,2017-11-29 01:21:59,2017-12-06 00:00:00
084ac56b13107e32ab92934f70638bc9,89129b4134df3289d76b155160d6e441,delivered,2017-11-25 13:47:05,2017-11-25 13:54:29,2017-11-27 22:24:45,2017-12-11 18:59:05,2017-12-26 00:00:00
994138db2313a294b3d23c7cf6ee7389,705e036ad050f41b861c6284af74090b,delivered,2018-01-23 12:34:03,2018-01-23 13:01:14,2018-01-25 02:35:35,2018-01-31 22:38:12,2018-02-16 00:00:00
6ee745e53a6ca0336b04b022ac01ac73,d5ed95e0e0e9e8aa11659f41ab6534b3,delivered,2017-10-03 00:46:01,2017-10-03 00:56:13,2017-10-03 18:45:06,2017-10-11 21:56:31,2017-10-26 00:00:00
652a34a98deb42a4ce9408d3287a100d,968608ae5dd04c867ce28fda6b8642e9,delivered,2017-08-04 01:58:08,2017-08-04 02:10:06,2017-08-04 18:33:11,2017-08-07 20:12:38,2017-08-17 00:00:00
360ea8da05d9705bd651981c6cfc9a22,686f061bc1f55e41e260b1405e884c10,delivered,2017-11-24 10:18:45,2017-11-24 12:13:28,2017-11-29 23:12:13,2017-11-30 20:12:26,2017-12-08 00:00:00
567b5fcbb939e9c7357320d26cbdf4fe,60e093ac8d54443ac856eab58b48a492,delivered,2018-04-14 14:23:32,2018-04-14 14:35:17,2018-04-19 21:21:45,2018-04-20 22:04:07,2018-05-02 00:00:00
153d12e2d5e7765786be73cb3900a442,6ab968193fb67b718afdf6bf6cee1f5e,delivered,2018-05-10 09:08:34,2018-05-10 09:35:06,2018-05-16 11:17:00,2018-05-22 23:05:08,2018-06-04 00:00:00
1cc4e549e16c732db4d9228fce789407,3146904311eaf296187c7c7768d78210,delivered,2018-02-27 09:57:31,2018-02-28 13:15:30,2018-03-02 18:37:49,2018-03-26 23:24:26,2018-04-06 00:00:00
9c984f2c226fb999a439fcc64c73caa2,160cc5a8d976cb41c7c1d059a01c8cd8,delivered,2018-08-12 20:09:11,2018-08-12 20:44:07,2018-08-13 15:27:00,2018-08-17 21:48:30,2018-08-28 00:00:00
3f7aea4e3cecef996bd62713fbf8712b,03265354a307d917a63a8f486ac4f277,delivered,2018-02-03 13:38:35,2018-02-03 13:49:41,2018-02-05 22:17:02,2018-02-14 22:06:44,2018-03-06 00:00:00
7368d87533725a6bef612cdc83678f4f,4dd6b4d96472044939e2bf6143a90712,delivered,2018-03-31 12:48:27,2018-03-31 13:08:40,2018-04-12 19:22:47,2018-04-20 19:32:53,2018-04-25 00:00:00
cacc1fb58a377d93574c303d6c901986,82750cc54b85f69aa3d33e87bcbfd55c,delivered,2017-11-07 08:53:13,2017-11-07 09:06:11,2017-11-14 20:17:11,2017-11-24 15:39:45,2017-11-27 00:00:00
e7834b339f0ee60fd64151e9ca2c6376,7e09a5c3c28c8e14e5a17696712430f3,delivered,2017-05-29 23:43:43,2017-05-31 06:50:31,2017-06-05 09:12:21,2017-06-16 15:42:08,2017-06-23 00:00:00
0b2a43ec15f983f589ecd097455b283d,9a73612485c1eaf2ea1e2b46d3890cb8,delivered,2017-04-02 20:14:13,2017-04-04 05:50:45,2017-04-04 15:28:46,2017-04-13 16:14:09,2017-05-04 00:00:00
51b293b7ef9af17da9a922ce4069c202,81807f6e141a41c8b2005b775042a5f4,delivered,2017-11-25 09:27:31,2017-11-25 09:36:27,2017-11-27 20:58:46,2017-12-07 19:15:09,2017-12-29 00:00:00
6224401eebe13e25d470d8d6a9ef225e,00a860aeb15fb205efdb0c689d8f9c6a,delivered,2017-09-05 22:26:58,2017-09-05 22:43:53,2017-09-08 19:42:14,2017-09-12 14:29:00,2017-09-29 00:00:00
3c54c8962d6cafc1d74f293b4f025483,7e9b88bc5b0aa43c38d8992aa2162006,delivered,2018-01-24 15:52:42,2018-01-24 16:14:13,2018-01-29 18:51:54,2018-02-14 12:52:43,2018-02-21 00:00:00
29e2ad0dc7d3e40270b43dae7133c30b,74a3a97a002838ad5a227aba4f90ca78,delivered,2018-04-04 18:28:11,2018-04-04 18:48:28,2018-04-05 20:09:26,2018-04-08 17:54:32,2018-04-18 00:00:00
97d5aa85110fb7e998b5754af19b95c4,f154c3425ff09d9bd9cf677f7f658bd8,delivered,2018-03-05 16:15:17,2018-03-05 16:29:36,2018-03-06 19:09:09,2018-03-20 16:14:22,2018-04-03 00:00:00
e2df710c10b3d255c51ae1fb11bfcd11,a7a56d427f0a809b2f1a427783feca20,delivered,2017-10-31 15:17:43,2017-11-02 02:26:59,2017-11-06 11:31:39,2017-11-13 22:05:56,2017-11-21 00:00:00
02680f764ca402aabbb86572ed2731ef,30aeb7b5117f7b889862eaa74b545e2d,delivered,2017-05-28 17:18:03,2017-05-28 17:30:17,2017-05-30 10:11:30,2017-05-31 05:49:41,2017-06-19 00:00:00
88435e218393c56a56752fd58b13270f,c8df320cb6236b1c77119c3c0c36435a,delivered,2018-03-31 17:53:44,2018-03-31 18:35:10,2018-04-04 00:17:37,2018-04-10 00:38:41,2018-04-25 00:00:00
3522a71840bea6bd1cd78ae529622ff4,62accea67b06839b7e2f1cb694952ed6,delivered,2017-03-09 19:34:45,2017-03-09 19:34:45,2017-03-15 10:33:44,2017-03-21 12:33:03,2017-04-04 00:00:00
5911ba3eb3648e7f6f55ebbed69f5daa,4fac56d95468b1bf1a6ff9333794d1e9,delivered,2018-01-19 19:25:48,2018-01-19 19:37:12,2018-01-23 18:33:45,2018-03-05 22:06:40,2018-02-15 00:00:00
b7e0017e946ce377e3e0559d5cb1200c,a7b36afcf7e2bba79696b9d6cba06154,delivered,2017-07-18 15:13:06,2017-07-18 15:25:12,2017-07-19 18:44:39,2017-07-31 18:53:57,2017-08-23 00:00:00
29ba75517c9ad2e541a05d0d3098dcd9,830098c74c4cb8d01c7eabbf10dbc76e,delivered,2018-02-27 16:17:02,2018-02-27 16:35:33,2018-02-28 19:51:33,2018-03-10 02:36:42,2018-03-20 00:00:00
fb114a7255e9d0f59416a80b564638d4,6ce8d858d8b836c2ae35f7888e1c82cd,delivered,2017-05-04 09:13:21,2017-05-09 22:32:27,2017-05-10 11:53:53,2017-05-18 08:04:05,2017-05-29 00:00:00
fa99f9d0ca69a5d2bc4c66f71e31918e,1b4882c34491435a12de614bb4fcce03,delivered,2018-06-26 18:43:01,2018-06-26 19:04:30,2018-06-27 12:04:00,2018-07-03 21:54:51,2018-07-23 00:00:00
15821a9a831a9a665df5d5e1568da975,ba7414163652126c43ce52deef540a4a,delivered,2017-09-10 15:42:58,2017-09-10 15:55:19,2017-09-12 21:23:34,2017-09-13 13:23:39,2017-09-21 00:00:00
fe60bad9c284d296c50b267f32a70da8,6f77c9578a65aba965ffb1634406249f,delivered,2018-06-14 20:24:49,2018-06-15 20:03:23,2018-06-18 14:41:00,2018-06-22 14:51:24,2018-07-25 00:00:00
bbd7db7bb1fab02f393167df71863946,7d9b51f3660c368ea526bacbc9fb6915,delivered,2018-08-22 19:43:54,2018-08-22 19:55:14,2018-08-24 14:13:00,2018-08-29 23:34:38,2018-09-06 00:00:00
22393c9bb58fd23ba0aaf68dab5094cc,e46731ed04dacfd209c14dff32d96e58,delivered,2018-05-20 11:04:08,2018-05-20 11:15:18,2018-05-24 12:25:00,2018-06-04 20:03:52,2018-06-06 00:00:00
2d0a9e6d2de5c45b98c59fdd868f2076,bf0233a486e102239a5d72d15d5b0b5b,delivered,2018-05-15 19:38:22,2018-05-16 03:34:00,2018-05-17 08:20:00,2018-05-22 12:48:37,2018-06-04 00:00:00
0ad0006728103ff08cda112f7940bcd1,13b8a8ecfc5fa07a03bbb4449c4358fc,delivered,2017-12-14 21:16:43,2017-12-14 21:39:15,2017-12-18 22:10:09,2017-12-28 20:03:15,2018-01-11 00:00:00
4e27ad7f1a6821ceddc8442eb1875014,bd41e15fdb17d74a176f31ffdf8987df,canceled,2018-04-16 20:22:37,2018-04-16 20:35:26,,,2018-05-10 00:00:00
c756513ece003700723bfa5e6f8abc65,bff87edaf15e6cfa480094a5717d9f0b,delivered,2018-03-12 09:39:19,2018-03-12 09:55:33,2018-03-15 20:48:28,2018-03-19 20:38:42,2018-03-28 00:00:00
c23296e1255abac91cb3a637f4f084e3,ba3d3c02e06168e577af7ef349c9313d,delivered,2017-04-28 14:29:32,2017-05-03 11:43:04,2017-05-12 09:58:03,2017-05-16 14:45:50,2017-05-24 00:00:00
4a580bca631a940ffc9e25c96da01773,dbd8419d89e2d12f79322167e68e6225,delivered,2017-08-01 19:24:31,2017-08-01 20:10:17,2017-08-02 19:07:36,2017-11-09 18:08:54,2017-08-23 00:00:00
c1559efbfbb38d83f6280b505bd3e0df,750ff04084edf735dbe15e7765795ce9,delivered,2018-07-11 18:36:13,2018-07-11 18:50:14,2018-07-12 15:21:00,2018-07-13 23:21:22,2018-07-23 00:00:00
c6f49d29ad6cd1c719dc77e8a432154c,670c9152ba9baa4528368ecf851a9bdc,delivered,2018-06-19 11:09:46,2018-06-19 11:35:16,2018-06-22 16:02:00,2018-06-28 22:33:00,2018-07-11 00:00:00
deaa5978bbef127b0a9c68e6a7f4c1e3,904536251ddd892544f095d8107eed21,delivered,2017-11-24 02:18:38,2017-11-24 02:30:17,2017-11-25 03:39:33,2017-12-01 19:32:55,2017-12-28 00:00:00
a6b961bbc6456602f652d926ee9ccd0a,925ec3754a8d9564f2c424924db3a937,delivered,2017-11-08 08:27:31,2017-11-08 08:46:14,2017-11-13 16:21:12,2017-11-16 16:09:44,2017-11-29 00:00:00
3f03a16ea2034e425f930d42cd315637,e4f90f5388455b2dc99224808218a4c9,delivered,2018-04-15 23:17:26,2018-04-17 05:49:57,2018-04-17 18:31:41,2018-04-25 18:12:16,2018-05-21 00:00:00
6aef284c51f971e11cffc4e49caea7af,962035fb0c0ccd8650d59f5d5ee43f62,delivered,2017-12-03 04:52:30,2017-12-05 04:13:56,2017-12-05 18:13:43,2017-12-06 16:26:55,2017-12-20 00:00:00
b70e6b353379423761497f0d95376da2,ab9a07d930e7adf06ad5602f6aa8c35f,delivered,2017-08-08 18:41:32,2017-08-09 07:10:14,2017-08-10 14:03:10,2017-08-16 16:37:52,2017-08-28 00:00:00
d57afd1eb0696854d3351e5926aa9813,58a556973edd562151f3346d527427bf,delivered,2018-02-20 08:54:23,2018-02-20 09:07:31,2018-03-08 01:33:41,2018-03-16 19:16:57,2018-03-14 00:00:00
1516bc58e1b5b8020aa6595d2e27e858,15f640f1f2a963a27f1dffbdb1360e9c,delivered,2018-01-19 22:07:02,2018-01-19 22:18:28,2018-01-22 22:10:34,2018-02-02 19:48:38,2018-02-14 00:00:00
0bdba50744ca6b6e2c44940e00050e5f,7008f7f2a9a222280115cc2a4f2e5b34,delivered,2018-05-15 11:39:10,2018-05-16 17:57:45,2018-05-17 14:43:00,2018-05-22 17:46:19,2018-05-30 00:00:00
277652d641a561b871127afe3f44b952,9ecf2bc6369607481b42c895a84f8b0d,delivered,2018-04-16 09:51:23,2018-04-16 10:10:52,2018-04-16 18:58:41,2018-04-19 19:57:27,2018-05-10 00:00:00
6d953888a914b67350d5bc4d48f2acab,a973c4e3ad82777add3fa188f91dacea,delivered,2017-05-05 16:12:29,2017-05-05 16:25:11,2017-05-12 05:43:55,2017-06-02 16:57:44,2017-05-30 00:00:00
5c79fa2db9227db840a45f20c3ce4833,2b2579545226dbc47bbae14b3e983e10,delivered,2017-09-01 18:04:55,2017-09-05 04:45:48,2017-09-06 17:43:36,2017-09-08 22:34:48,2017-09-14 00:00:00
a059bf220c121cd3d48e82b036e831d0,1ea72f58ad176621daf1e0753b15f5bd,delivered,2018-05-05 08:56:58,2018-05-05 09:10:50,2018-05-09 13:00:00,2018-05-14 19:49:39,2018-05-25 00:00:00
0ad01dd05d74bc7891d57312627ec33b,f0a961193385015dd1b2789126c34487,delivered,2017-11-14 10:15:11,2017-11-14 10:47:57,2017-11-14 22:37:33,2017-11-20 18:48:55,2017-12-14 00:00:00
cd16e890b276ec7a7e2e93ba379339e1,001028b78fd413e19704b3867c369d3a,delivered,2018-04-12 12:51:28,2018-04-13 12:50:28,2018-04-13 22:05:03,2018-04-16 19:16:36,2018-04-30 00:00:00
ed3b1288663333783b30c22397f44b36,6a66c358fee2cf939437c490b2f408ef,delivered,2018-02-18 13:54:27,2018-02-18 14:55:30,2018-02-26 15:25:44,2018-03-02 02:13:57,2018-03-07 00:00:00
d152d9b39cef5941978b389e5ffee780,1f6ba909178c5b0e523cabcadb617a4c,delivered,2018-06-30 21:02:21,2018-06-30 21:15:12,2018-07-03 19:41:00,2018-07-04 14:41:40,2018-07-16 00:00:00
86430d523480a84b621ef0c347f56ff2,df36c3d696e5167eaf8dad13008e5f3c,delivered,2018-07-31 12:47:31,2018-07-31 13:04:31,2018-08-02 13:23:00,2018-08-08 17:23:54,2018-09-10 00:00:00
ee9881886ccdd7fb25bf631d38c0fc35,cd26b8d2d69af3bf6fd64e23cb6020c1,delivered,2018-08-16 23:21:34,2018-08-18 03:09:37,2018-08-23 15:14:00,2018-08-25 00:03:49,2018-08-22 00:00:00
bc1b81dde530e5b064a559906643fcff,9a73b65ca2a7ffae76c1b8216ebc1b53,delivered,2018-01-14 18:40:29,2018-01-14 18:49:28,2018-01-18 23:18:33,2018-01-25 15:47:12,2018-02-08 00:00:00
31eab59cdc8b996f70446d918f2f782e,7ce0426376134feab67c24da8660c2ee,delivered,2017-12-02 20:24:39,2017-12-02 20:35:32,2017-12-04 19:21:42,2017-12-07 17:08:56,2017-12-27 00:00:00
e9376e0fd65f7e856a08d32426f523ef,fc21178c7e1580988c8d748736a40bea,delivered,2017-02-10 07:10:51,2017-02-10 07:30:09,2017-02-13 10:01:34,2017-02-17 10:23:53,2017-03-09 00:00:00
3bae20c7f7ad4cf125d51f381c55f8e5,4c2d679c35f8dc6620ccf96fde654f5e,delivered,2018-02-25 13:06:16,2018-02-27 03:31:02,2018-03-09 22:05:48,2018-03-30 01:02:21,2018-03-27 00:00:00
2f609f51e21add184869268ce7e16048,97923f8039a8e507b87d33d7f77f2f55,delivered,2018-03-07 19:01:38,2018-03-08 13:50:28,2018-03-09 18:58:46,2018-03-15 18:26:28,2018-03-19 00:00:00
f34349c1787f5a47ace7555af961a47b,0bd97783f923de852985314ab0ef2f53,delivered,2018-01-06 13:59:12,2018-01-09 07:26:26,2018-01-10 16:45:55,2018-01-24 08:16:59,2018-02-21 00:00:00
8e1ded141534096603108f1ee5c27735,3956d1e55818b7dc872d5a1de09e4ddc,delivered,2018-01-23 15:04:18,2018-01-23 15:15:32,2018-01-24 23:33:04,2018-01-30 19:35:28,2018-02-07 00:00:00
3f6484ca65eed5c701aa5e348623537f,f1e7fdffd7bac5ba4e53b092a314ed45,delivered,2018-04-01 23:05:58,2018-04-03 05:35:15,2018-04-04 22:12:51,2018-05-06 18:48:46,2018-04-20 00:00:00
6917bf2ef92587d31987c8c01aa1b4e0,782439c1913d6f928285350906a9662f,delivered,2018-08-25 20:26:35,2018-08-25 20:35:13,2018-08-27 15:10:00,2018-08-28 20:56:30,2018-09-06 00:00:00
0e2d7ec6702478f04fd7b14b55b906b0,e7c857bbac41f5a5af61d63650c2906d,delivered,2018-03-21 10:01:53,2018-03-22 02:49:49,2018-03-27 18:42:55,2018-04-06 01:41:09,2018-04-11 00:00:00
480eaa4ce1cc7cf344ad094e326f373c,4af472ab3d969ee3066c37f7a11b7f62,delivered,2018-03-09 12:40:46,2018-03-09 12:50:27,2018-03-12 20:46:29,2018-03-23 19:16:29,2018-03-29 00:00:00
cdd2f841bc21ca6e8cb60fe51a640bd4,4721c721366c0149c5f5e89bfa7b57ef,delivered,2017-12-09 21:16:31,2017-12-09 22:10:52,2017-12-13 14:37:59,2017-12-26 17:24:34,2018-01-10 00:00:00
43831dba8cf4791c11ab2d6febf989e4,b4e58d7a8196ffe7232f0ee83cfb57f4,delivered,2018-01-04 19:32:27,2018-01-04 20:31:46,2018-01-18 21:18:43,2018-01-23 19:39:11,2018-02-02 00:00:00
d6f81840dedabe214cbfa42226e7dfd4,30cfec2cfb4af26925989a3ed824d45b,delivered,2017-12-14 18:10:22,2017-12-14 18:18:20,2017-12-18 20:49:13,2018-01-07 16:27:45,2018-01-12 00:00:00
8d7e1e66103b85e9ab12cb65dafdf0e3,0a317dd750be47fc13457956d0a4d0b1,unavailable,2017-03-25 20:36:01,2017-03-25 20:45:14,,,2017-05-04 00:00:00
06c07d5b2696b9631375e2877c955b3b,5fb9d23a8af73d1d81be9447185a10f7,delivered,2017-11-06 18:08:17,2017-11-07 18:15:59,2017-11-08 19:28:44,2017-11-13 20:28:45,2017-11-27 00:00:00
8fa4c1bf3c1b27d1349e2aa934aed53f,3109eab8c772e5f8761f25a92045442b,delivered,2018-07-04 10:26:00,2018-07-05 16:35:45,2018-07-11 12:34:00,2018-07-12 23:32:09,2018-07-19 00:00:00
b5781a5976dad5a78067d528713ef47e,daa2305279978c8d98ad9b317c9a9965,delivered,2017-10-21 15:40:00,2017-10-21 15:49:35,2017-10-23 20:04:06,2017-10-31 20:22:04,2017-11-17 00:00:00
27d7ae4ad298e3686566ac8e9ff928e5,47ae8245cfea34ac0c57a04fb956a80a,delivered,2017-08-24 13:41:22,2017-08-24 13:50:17,2017-09-13 21:39:46,2017-09-29 17:48:31,2017-10-03 00:00:00
32e3f54d03f202e02cfc79f9fd91fd06,27c1ce1f47c189fc4e1b35d8f64dba8d,delivered,2017-04-17 13:12:23,2017-04-17 13:25:18,2017-04-19 10:03:40,2017-04-27 07:08:14,2017-05-10 00:00:00
246e0ec5d427eaa6bd4569ac799d4f37,ac73860abcda6b5fc9f2afdb4fb2acf5,delivered,2017-04-21 14:54:24,2017-04-21 15:05:11,2017-04-28 14:05:57,2017-05-04 13:57:37,2017-05-17 00:00:00
56286095ef8730771df8d223978236ed,a3b126a3b563ea3548afd53d78b7807b,delivered,2018-04-19 16:33:33,2018-04-19 17:07:37,2018-04-20 21:04:01,2018-04-27 20:02:50,2018-05-17 00:00:00
42d23fff3eee93c6c3b0ac65d3ca1e93,bc210337f80918ea78f87fa40d7d2507,delivered,2018-06-30 09:11:46,2018-06-30 09:30:32,2018-06-30 08:58:00,2018-07-05 22:51:46,2018-07-27 00:00:00
d5fdd830fd27ad1acd2e9b17c08e6e92,80b6b36a3124d01fba45ec50e6f5ae9a,delivered,2017-12-02 10:55:53,2017-12-05 04:18:34,2017-12-11 17:19:06,2017-12-16 16:19:14,2017-12-28 00:00:00
aaa3852a53f716761fff6b45173f223e,b84d3d35ec76f19c7eeadc496e823390,delivered,2018-02-03 12:14:10,2018-02-06 05:31:55,2018-02-17 01:48:43,2018-03-06 18:37:09,2018-03-16 00:00:00
6d76568d08aee5f1128bd0fb92071349,6311aafaf7186f5608e95b78e7f7a7ba,delivered,2018-03-31 08:37:18,2018-03-31 08:50:15,2018-04-19 01:21:22,2018-04-19 17:51:09,2018-04-26 00:00:00
c1efdd2d9175b13e263d77e6ff0803ff,5914948062fa3526833e5f12ad03539d,delivered,2017-10-16 19:57:19,2017-10-17 04:06:55,2017-10-18 22:20:08,2017-10-19 22:17:45,2017-10-26 00:00:00
42c8c432478c96a21d6b78c5350ccd28,6b32ee41d353d2d019d479408e4a1128,delivered,2018-07-31 18:35:27,2018-07-31 19:40:13,2018-08-01 15:00:00,2018-08-06 14:28:16,2018-08-10 00:00:00
4ab2f2ac4c50d1a98dab6d9541a633ee,383c957ec162c9147f9aab26161af5c6,shipped,2018-04-05 18:08:37,2018-04-05 18:50:14,2018-04-10 19:28:36,,2018-05-17 00:00:00
f086e4c6f1e932ae9d9cfe398889d148,ab1c95ee88c4f010e6cdc59b1e925228,delivered,2018-03-27 11:32:29,2018-03-27 12:08:06,2018-03-29 16:08:50,2018-03-31 16:12:04,2018-04-09 00:00:00
fda140e135ccab872e95fb03e76ba27a,2ac2009b6df5fb2fe64b6665f29f2405,delivered,2017-10-03 12:53:53,2017-10-03 13:07:21,2017-10-05 20:05:31,2017-10-11 17:53:49,2017-11-01 00:00:00
e93561a5404a0ecc64f56eed482e05b1,10c155b954e1a9bb97996ba6d87175b6,delivered,2017-12-27 19:22:15,2017-12-27 19:29:32,2017-12-28 17:02:51,2017-12-29 12:26:17,2018-01-16 00:00:00
85eb2a6b95fb63038d835a7b235b47d0,f3c417aa727ef55b2a9eb68bda276dd9,delivered,2018-06-05 21:50:30,2018-06-05 22:11:37,2018-06-06 13:41:00,2018-06-11 20:20:48,2018-07-18 00:00:00
3fddb37d99af3ae9c36dc26f4edb3afe,e44da066db72fa43e6bc6322590784db,delivered,2017-11-20 18:55:48,2017-11-20 19:09:31,2017-11-21 22:24:53,2017-12-01 14:09:16,2017-12-12 00:00:00
587379acca182c8e157e4dc7c8923131,54c7caa736af6a506044c72c0559537c,delivered,2017-08-15 10:12:12,2017-08-15 10:35:15,2017-08-31 21:12:17,2017-09-02 13:20:25,2017-09-06 00:00:00
86bf07c0a6d01d38dd8ecd1a1b68d139,491b9b3d90d1ad0c5ba4e621878d2d56,delivered,2017-09-17 22:44:26,2017-09-17 23:20:49,2017-09-19 22:07:51,2017-09-26 18:33:42,2017-10-17 00:00:00
9b63264625032f8a1814eca453114f33,774cf3ab054ac3e3400816870fb0af05,delivered,2017-05-19 12:22:42,2017-05-19 12:35:23,2017-05-24 15:51:45,2017-05-26 14:13:03,2017-06-22 00:00:00
513f43ba9ea592cb81880aeeb11f08d4,9d951c0b8d3b39f81a4e35fd4aa21bf3,delivered,2017-04-21 17:12:37,2017-04-25 08:22:55,2017-04-25 12:35:36,2017-05-03 09:08:57,2017-05-11 00:00:00
840a030c24ea3c06dd506a43ce2a0c17,5f6b544cb597780c7495e93d0c470c3d,delivered,2018-05-03 12:59:16,2018-05-03 13:11:59,2018-05-04 14:21:00,2018-05-10 20:37:41,2018-05-25 00:00:00
8fabd912f4e4dd0372ada8ca6633a738,887193b0e6d96de4991ec1858cf75220,delivered,2018-07-18 20:57:45,2018-07-18 21:05:19,2018-07-19 10:22:00,2018-07-26 12:08:52,2018-08-03 00:00:00
8a2914855b65c59992d45f1b611388ea,1047d587287fb7710763586802c0c256,delivered,2017-08-07 21:06:36,2017-08-07 22:04:10,2017-08-08 17:32:35,2017-08-14 18:52:00,2017-08-29 00:00:00
7920e7d2f91a12543837febe80d5503a,679199777b88ed8041f6cfe369cf722e,delivered,2018-05-08 22:44:18,2018-05-08 22:54:32,2018-05-10 12:28:00,2018-05-12 10:06:51,2018-05-16 00:00:00
1452442fe3e8cc6d3a1a8d8fc92dc019,8b9e671a305b19a4f7a11ce24badf10e,delivered,2018-04-19 00:41:11,2018-04-24 18:37:45,2018-04-23 23:17:36,2018-04-30 19:28:46,2018-05-14 00:00:00
26bfc6c6251ef7eda55f7bc7f11e9647,1b87dde95bf20a1e1a2f023369c7f7db,delivered,2017-07-05 11:56:09,2017-07-05 17:43:11,2017-07-11 16:34:32,2017-07-19 20:34:51,2017-08-04 00:00:00
2c62dbd00c329b2e3310383124183d37,624089fe851f3deb7223ffca03a829c8,delivered,2017-12-17 10:49:23,2017-12-17 10:57:29,2017-12-20 18:38:34,2017-12-28 14:23:56,2018-01-11 00:00:00
b0b5cb8bc442bc5599f4bf65dfc67cf8,cd92831d081459b09202ffe74875631b,shipped,2017-03-23 12:10:06,2017-03-23 13:05:17,2017-03-24 13:57:49,,2017-04-11 00:00:00
5f517c344edea684043f8c69608b7f47,93e2b668f75cb137a4318ad4aad0a984,delivered,2018-02-16 07:39:47,2018-02-16 08:07:36,2018-02-20 00:42:32,2018-02-25 12:42:44,2018-03-13 00:00:00
a438cc4a17bee890885f11fb9a4ee39c,ee0db2a3ee802980f1813ace8677cd85,delivered,2017-02-20 08:40:21,2017-02-21 04:50:50,2017-02-21 17:03:59,2017-02-23 12:35:58,2017-03-21 00:00:00
509952a95c250007c345b4b929663dc6,9538bc63a8c734af9f456e5e932af9e9,delivered,2017-06-10 13:01:05,2017-06-10 13:15:15,2017-06-19 16:23:06,2017-07-12 20:06:49,2017-07-24 00:00:00
7c921161980003eac272f619f2fa5776,c155fc0c74e24ef74f2f62258b8c4bbc,delivered,2017-08-10 00:17:45,2017-08-10 00:30:16,2017-08-15 21:15:53,2017-08-26 14:19:59,2017-09-11 00:00:00
3eae45e1345a16673017c7c36f18ee34,6c4b7dd5c99515fe3de7a8a79f0c5dac,delivered,2017-03-13 16:49:06,2017-03-13 16:49:06,2017-03-14 14:18:12,2017-03-29 12:32:54,2017-04-24 00:00:00
02b7e7c49710de373ce4bb83fd4bf81d,958a6f45092caf24c9c986aae8324cae,delivered,2017-05-10 07:27:24,2017-05-10 07:35:07,2017-05-11 12:39:58,2017-05-17 13:05:47,2017-05-26 00:00:00
e204c9b2f4c4eda05420bea7f4b7ac03,e64941affe5c05c4ac39ad03d69f8342,delivered,2017-07-04 13:27:14,2017-07-04 13:43:53,2017-07-05 10:23:48,2017-07-17 20:22:54,2017-08-02 00:00:00
719b6b76d11e7e6f6e8113bbd4565b84,7041f895a2fb5dd4142139e99ce3ff9e,delivered,2018-02-27 14:48:46,2018-03-01 03:22:49,2018-03-01 22:13:45,2018-03-09 18:46:45,2018-03-20 00:00:00
c0ad22fb83f1019e8abbdf1d38ffe6aa,67ffd7e91bfa7548cc1738f299de6746,delivered,2017-10-09 23:04:01,2017-10-09 23:14:42,2017-10-17 14:20:09,2017-10-27 20:42:02,2017-10-27 00:00:00
992cbe3e064cd39f9ccde60a29ffcd3c,6f1f14b51bbc02c293a1429fc4d79826,delivered,2018-01-16 07:02:55,2018-01-16 21:11:44,2018-01-18 19:13:36,2018-02-26 21:22:10,2018-02-09 00:00:00
86cd00e7c37e87a8a2204f3e3266e85b,0a6c498b077e72120f5bb62c3a1c2c0e,delivered,2018-04-02 18:48:47,2018-04-02 19:07:54,2018-04-04 17:36:43,2018-04-07 01:26:33,2018-04-12 00:00:00
1a122ca21948df08789d7d88094ff11f,0ee42e5f18aa18fdf9ff7735e67dfead,delivered,2018-01-08 13:21:32,2018-01-08 13:29:30,2018-01-09 22:57:58,2018-01-21 18:43:05,2018-02-01 00:00:00
76fa5b8de9baa31b68062dbb6e708dc8,7643af47cba4130f3aff4ea2ebb3caf3,delivered,2017-12-07 13:30:40,2017-12-08 02:53:49,2017-12-13 19:42:43,2018-01-03 22:57:53,2018-01-09 00:00:00
9f7b07e872a431807e81c38d6328502a,d8fb8c9aa1bcbcbb0b883be6c45f2ea1,delivered,2018-06-10 09:02:12,2018-06-12 07:37:09,2018-06-12 14:23:00,2018-06-18 13:48:23,2018-07-12 00:00:00
1a537f94e57acdda6cfad59696759417,b0103288d3ba083d3c76003e1c164b86,delivered,2018-02-02 06:58:41,2018-02-02 07:11:48,2018-02-03 13:06:47,2018-02-06 18:52:24,2018-02-20 00:00:00
d687704e16072248fd77450d3d4b70d6,baa388ae8e98a56b80640f05b084938c,delivered,2017-04-29 19:29:16,2017-04-29 19:42:58,2017-05-03 09:20:37,2017-05-20 07:36:55,2017-06-09 00:00:00
742b5d98b8903f6f6a0af740ddd60f2c,6363e2618ebebe92ac570fa7e9fdf82f,unavailable,2017-02-14 17:33:54,2017-02-14 17:45:11,,,2017-03-13 00:00:00
e12e00057650090fead5dc4e44cdbd0b,a3ec634b294a29ac054260888614fd40,delivered,2017-04-25 02:42:23,2017-04-25 02:55:10,2017-04-27 15:48:08,2017-05-09 09:51:41,2017-05-12 00:00:00
1415b17c0425330751b1b6770dc5db23,a8e569a5a0b98b1e496270dbaae45a27,delivered,2018-04-19 14:14:14,2018-04-19 14:34:54,2018-04-19 23:36:20,2018-04-24 13:53:05,2018-05-09 00:00:00
c00ec2c5d2f145b694e4f478c71c5711,0c24eb9748620ef4c1a57fbcb77f5ff6,delivered,2018-01-15 13:33:36,2018-01-15 13:49:58,2018-01-16 21:45:18,2018-01-22 18:24:43,2018-02-05 00:00:00
5a85ba245a3a3bcb21334e761e0ef1a2,25a7aac1dd876892549320c943a19160,delivered,2017-09-16 19:56:51,2017-09-16 20:10:16,2017-09-18 21:07:28,2017-09-19 17:33:21,2017-09-28 00:00:00
1445aacacc53a181a1bcf5bfb9520377,724651ac1162e52e750b9c4aa38b7fea,delivered,2017-12-11 11:06:58,2017-12-12 03:35:36,2017-12-15 14:49:17,2017-12-19 17:45:02,2017-12-29 00:00:00
2e2a0af256d902ab2e816447f6f531be,f4219f4850ab92e0b8dd6644f2c71219,delivered,2018-03-27 15:51:01,2018-03-29 03:10:19,2018-03-29 19:58:57,2018-04-10 22:19:16,2018-04-24 00:00:00
c5dc5eee680080a268100b420f8e960a,0f4ac644739f6e49175bb1baf0277b8c,delivered,2018-05-31 15:33:14,2018-05-31 15:51:47,2018-06-04 14:34:00,2018-06-05 22:08:23,2018-06-26 00:00:00
38b9365bb512e4746d21b59d3eaaa146,8c4a739a0897f0706505e419d7f1e4ac,delivered,2017-11-24 19:25:32,2017-11-24 22:55:20,2017-11-25 13:07:16,2017-12-05 18:15:43,2017-12-26 00:00:00
aa253701e17f4db9147a15539bcacfd2,7fad2707b753289648fe530a16a6f8d2,delivered,2018-05-12 23:10:28,2018-05-12 23:31:00,2018-05-14 08:27:00,2018-05-18 17:51:40,2018-05-30 00:00:00
da225376046ab771e41a24f84f53f536,6e487c18c49fbce6f7cabc4b4565e156,delivered,2017-04-11 21:58:16,2017-04-11 22:05:24,2017-04-12 12:39:58,2017-04-19 14:44:35,2017-05-05 00:00:00
960dbad4c14e64cd6b327fdccdb2d231,8fc9381fb48de46be39e00f9cac972fd,delivered,2017-11-23 16:06:57,2017-11-23 16:19:36,2017-11-24 20:18:23,2017-12-07 20:22:24,2017-12-20 00:00:00
042cfa84b1415cdcea821bcbc1bb8f4c,c6a3e1a0af3891b7f81c78d1ccb16f5b,delivered,2017-12-17 10:49:02,2017-12-17 11:14:12,2017-12-19 02:52:50,2017-12-22 17:10:11,2018-01-05 00:00:00
d2e15d8894685652160e7545fd304610,d241d89dc876ac8450f20fa9824eb416,delivered,2017-12-07 21:14:24,2017-12-07 21:32:16,2017-12-11 18:54:41,2017-12-19 15:22:13,2018-01-03 00:00:00
af5d413777456d2f4998309c81c2f387,d24107eb048edca15d48a292af14e17a,delivered,2017-11-22 13:26:07,2017-11-22 13:36:19,2017-11-22 20:06:46,2017-11-24 19:28:30,2017-12-04 00:00:00
99687fd750781ecf475d632c33a533ee,30641a4862b6f5885e2f9d8e14b03809,delivered,2018-02-10 00:01:06,2018-02-10 00:15:37,2018-02-17 00:15:51,2018-03-06 16:22:22,2018-03-09 00:00:00
e21e08b6eee6cda8f5cc69981707fa71,308d20f143f513753219bce6d5493022,delivered,2017-11-22 19:04:36,2017-11-22 19:10:28,2017-11-23 16:33:45,2017-12-05 20:22:13,2017-12-13 00:00:00
b09b18fbceead5d238576060df8d45cc,ff1d1612f46b4241ffbc70a45912de1d,delivered,2018-05-22 16:40:05,2018-05-22 16:58:20,2018-05-24 14:47:00,2018-05-25 21:51:43,2018-06-01 00:00:00
ce8cdf8291104b56565b8e6c6fb62901,b02d4e88865ef9f3b86290f3b73128b3,delivered,2018-04-03 20:32:47,2018-04-03 20:49:16,2018-04-05 01:31:46,2018-04-16 15:33:20,2018-05-07 00:00:00
2e87d5b27ba52796b2b5250002426561,7be66961ab23c787a83689e798f121a4,delivered,2018-06-10 12:58:22,2018-06-10 13:11:36,2018-06-18 12:16:00,2018-06-21 16:02:18,2018-07-13 00:00:00
92ade7cf39eb31a8f81a75277c14f9d6,9a4c2301f22f861dfc57e361eaf98b99,delivered,2018-05-19 18:08:37,2018-05-19 18:32:22,2018-05-21 14:33:00,2018-05-25 14:26:48,2018-06-07 00:00:00
eaa10b1bfc8e98b22d99dc4e96ef6a83,390998295b49e0086703894e31d9e512,delivered,2017-11-23 12:43:40,2017-11-23 12:59:30,2017-11-30 01:42:39,2017-12-05 18:48:57,2017-12-15 00:00:00
489d87d975c0d954b27ca5482aef1e91,bf5063c4f45464200ef0510c7a659780,delivered,2018-03-13 06:28:18,2018-03-14 02:50:53,2018-03-15 00:46:34,2018-03-27 00:48:39,2018-04-13 00:00:00
50e8eff30cc85b5bf993d52785bc082a,d1d4697472a54768704161ab0d713a1f,delivered,2017-11-19 00:25:06,2017-11-19 02:18:00,2017-11-21 16:21:28,2017-11-27 18:07:08,2017-12-07 00:00:00
7b8adf17d100cd7c851eff1f6496083a,893aaa512b586b2f2c106ef02ebc0d5a,delivered,2017-11-09 09:33:15,2017-11-09 09:50:19,2017-11-10 00:14:31,2017-11-16 23:27:40,2017-11-29 00:00:00
1c487b52a0823daeced375367d5f73de,d43a38a1b87c85d51d3c00ab2dd19390,delivered,2017-06-20 15:01:33,2017-06-20 15:15:16,2017-06-21 18:42:18,2017-06-26 17:38:56,2017-07-14 00:00:00
fb34958eef73f87fb9d50297c5cf14d9,ff0150596f14fb58ab4c45ed2abe04ff,delivered,2018-01-04 23:27:46,2018-01-04 23:38:32,2018-01-10 22:55:01,2018-01-30 23:51:43,2018-02-08 00:00:00
71488f40fcb86621a50c86a9e1ce486f,5cb6989d4ab4ef65101a015223aecbe6,delivered,2018-03-16 10:42:30,2018-03-16 10:55:30,2018-03-16 23:11:47,2018-03-18 20:58:35,2018-03-28 00:00:00
f962d2edc594dccae522feb6446d2104,1f843b666464a2b8e2f0c82b1f4ef82b,delivered,2018-02-26 19:24:25,2018-02-26 20:00:23,2018-03-12 20:25:50,2018-03-14 21:38:37,2018-03-26 00:00:00
1d637e7a91e7c3e0e94a91cdf693855e,58eac1322f421c65176db804697c9bf4,delivered,2017-11-26 16:41:58,2017-11-26 16:52:30,2017-11-29 22:03:05,2017-12-13 22:16:05,2017-12-20 00:00:00
03572de4ee0598b00c48f6de965fcf78,bcd0281b473e8ed4e0a1e37d73e059f6,delivered,2018-07-26 13:46:21,2018-07-26 14:04:52,2018-07-30 11:14:00,2018-08-04 14:50:40,2018-08-14 00:00:00
a3e9e5209110a0dcfe5b20b01e6a69e7,cb6b298a2a15ea89e712248ae05dbab4,delivered,2018-07-14 10:21:43,2018-07-17 06:31:00,2018-07-17 11:58:00,2018-08-02 01:36:35,2018-08-07 00:00:00
dca63e525f9401c2d75b39006727511b,39532dc2af2baa5bd9140a31c5c66e98,delivered,2017-06-11 15:05:57,2017-06-11 15:15:16,2017-06-16 13:33:06,2017-07-24 17:17:38,2017-07-13 00:00:00
9cd2255ff41cdabee2e24bd9ec5b2084,3e97e4616acb3774ea13062109392ecb,delivered,2018-05-10 16:06:01,2018-05-10 16:31:24,2018-05-11 14:06:00,2018-05-18 19:48:39,2018-05-28 00:00:00
f3d2fb271269ba8f728d079575258095,f868fe1bf45c95f76ed9626126de5f8c,delivered,2018-02-08 13:20:46,2018-02-08 13:35:28,2018-02-09 20:38:58,2018-03-12 22:16:27,2018-03-15 00:00:00
3bf31ab7902ee8a53800c1f3d57651eb,bb88b693c753625fac6cbb7cf28caeac,delivered,2018-04-24 09:31:55,2018-04-25 03:51:31,2018-04-25 12:35:00,2018-05-09 21:46:34,2018-05-15 00:00:00
cc378c27f87ead12f2c154eb5fde22d2,fd3d18e3099e04ab5a3b0b6f1802fcfa,delivered,2017-07-25 12:12:35,2017-07-25 12:25:15,2017-07-26 18:19:37,2017-08-09 17:59:51,2017-08-17 00:00:00
2901c587ddc2733afdf68e81b98d2c0f,f8632d63578cbb03bf05ac11ece8b238,delivered,2017-05-07 13:17:56,2017-05-08 13:10:20,2017-05-08 15:36:38,2017-05-18 14:57:38,2017-06-14 00:00:00
5a3bccb60104b1251c6a39e051c428ba,e93d4c22a2f45aaaa547188898e28ccb,delivered,2018-08-14 09:43:24,2018-08-14 09:55:20,2018-08-14 15:54:00,2018-08-23 02:58:46,2018-09-03 00:00:00
c6404ad1d7ca9a20609c6a3179e06293,f7aa2936b821e2ec5e7c9922f6375e6e,delivered,2018-03-26 23:22:17,2018-03-26 23:35:20,2018-03-27 22:15:30,2018-04-03 01:04:47,2018-04-12 00:00:00
8f6a8c5dbe911618a3e81e7fa7914114,1571123ba3a4790706ced4a3addabac3,delivered,2017-12-11 11:27:12,2017-12-13 02:39:35,2017-12-13 20:03:34,2017-12-26 14:42:44,2018-01-08 00:00:00
32d29d9903eaaae11d418d087f442fbd,1367595e0b2e19af7d65497c6332de14,delivered,2017-09-04 12:54:32,2017-09-04 13:10:09,2017-09-05 15:42:49,2017-09-11 16:47:23,2017-09-21 00:00:00
deee3dcdb24a546fe11dbf20968395c8,53670c76d6102c1c558d62d6d6346b6d,delivered,2017-12-12 09:34:16,2017-12-12 09:50:13,2017-12-12 19:21:46,2017-12-16 12:44:54,2017-12-29 00:00:00
3ef6bcdda6193f8657168ba7e8b3e948,46d0766284023a432d1066a1b97234ef,delivered,2017-11-11 00:45:49,2017-11-11 00:56:06,2017-11-27 16:48:46,2017-12-11 20:38:51,2017-12-05 00:00:00
b23f8178f3b6555a78a4ad844ed11c57,72304a5b10384c9f55714eb77abb1965,delivered,2018-03-16 11:23:06,2018-03-17 02:50:45,2018-03-19 23:38:47,2018-03-22 19:23:42,2018-03-28 00:00:00
fd94e66307d89e3285cde20f9766bafd,ccd36c540240c744dd26146ce739e082,delivered,2018-08-25 14:20:27,2018-08-25 14:30:15,2018-08-27 12:50:00,2018-08-28 21:55:34,2018-09-03 00:00:00
a4058b92f127efc4a6eaa3d11d0b1432,37f07e12d03c9e5974c009fd8c73e9aa,delivered,2018-08-02 12:07:25,2018-08-03 02:44:29,2018-08-03 12:53:00,2018-08-08 21:05:53,2018-08-10 00:00:00
3464de846f6595e07bdee9f5a234743c,ca8cf5843bcd138bd1e81ec9f17531cf,delivered,2018-01-11 13:14:36,2018-01-11 13:28:53,2018-01-17 18:46:13,2018-01-31 22:18:36,2018-02-05 00:00:00
0a7f4604ee9cab65020038275efe1d76,f1f47119f889031980d7fad6a0b0c62f,canceled,2018-07-08 18:44:18,2018-07-10 04:35:13,,,2018-07-27 00:00:00
aa12a07df2b43bc0d2e8ebebd7271879,29d79aeed09623a1ffc16ff0d5d05ba7,delivered,2018-04-04 20:43:55,2018-04-04 20:55:29,2018-04-16 20:19:17,2018-04-25 11:24:38,2018-05-03 00:00:00
97f1dd40b5bea6a7e3cf78fd83a28cb1,8a4f9a65cf1e6a64ebaba3578c868d1d,delivered,2018-08-24 16:26:08,2018-08-24 16:35:22,2018-08-27 14:32:00,2018-08-30 18:32:02,2018-08-30 00:00:00
2df5ebb637dfe6f39497c081655a0275,44305c726f079031aa4dec593ec9cd37,delivered,2018-01-31 00:46:48,2018-02-01 02:10:33,2018-02-03 15:08:33,2018-02-23 22:04:55,2018-03-02 00:00:00
f25f425c1627a369f769d91d56c3da67,670de4316291fd064c67a6dc89b10ca4,delivered,2018-07-21 11:46:11,2018-07-21 11:55:17,2018-07-24 12:28:00,2018-07-30 10:48:52,2018-08-17 00:00:00
5e2c1da37a5a687a068bce41d8b56904,9c0d915161e62f50f04235c9fafce51b,delivered,2017-08-11 20:03:54,2017-08-11 20:23:28,2017-08-17 16:03:46,2017-08-22 18:54:05,2017-08-31 00:00:00
2f53a7c846aa70472520bd18b081ebbb,6b80d613d3378576251d9ec0e13eedc1,delivered,2017-09-11 10:11:09,2017-09-12 10:15:24,2017-09-12 20:18:35,2017-09-20 18:12:41,2017-10-02 00:00:00
40f27de71845c6aebc742107208b5c2b,f196d37d8e1f7f90f133e063d58fd132,delivered,2017-10-11 10:31:16,2017-10-11 10:49:31,2017-10-11 19:14:14,2017-10-18 19:44:10,2017-10-24 00:00:00
ed7cabc96de8c36774b894e98aa73dc2,08d6e9303045f757cdedb89fd0002e4e,delivered,2017-03-12 09:38:04,2017-03-12 09:38:04,2017-03-20 09:27:48,2017-03-24 14:12:59,2017-04-03 00:00:00
64582c699f99b4dd3c326b13c3bdc644,a095450e0630a3f9776ba4196dac1da1,delivered,2017-10-09 10:22:29,2017-10-09 10:36:58,2017-10-10 21:26:58,2017-10-30 14:54:10,2017-11-17 00:00:00
4256024f988c6c35dce119ea6c84e1d4,a9f4551ff7d2289c309aa713c0d26cf3,delivered,2018-03-21 14:29:14,2018-03-22 17:30:27,2018-03-23 22:46:28,2018-04-02 19:43:36,2018-04-16 00:00:00
04f6cdae6a85ade2864cd5fc811fb9ba,fcbd7b0353381303b9fc5b486f398838,delivered,2018-05-14 11:43:07,2018-05-14 11:58:42,2018-05-14 16:42:00,2018-05-15 19:28:46,2018-05-25 00:00:00
f340f140ae72544b6df944a32ccba7c0,18207bfa3ee93516926cc203d7558453,delivered,2017-08-16 15:51:03,2017-08-16 16:55:09,2017-08-17 19:29:37,2017-08-18 18:42:35,2017-09-01 00:00:00
958da7d574d07d1acbcf0c5c0f5ea9b6,c3c2890de4f0b5e1dd05a3de8947bf30,delivered,2018-04-14 12:12:34,2018-04-14 12:31:58,2018-04-19 14:45:39,2018-04-23 13:15:39,2018-04-26 00:00:00
b87cca02954de7fab0d5546843c56acb,3d8fef1c581a354a31b4b73eacb08b76,delivered,2018-01-25 00:08:19,2018-01-26 03:16:00,2018-01-26 17:49:07,2018-02-05 20:08:47,2018-02-22 00:00:00
dc66d02aa72baeed7ea19e8d5bf9531c,34d8e7fbd4ef064dc9fef296b5a69931,delivered,2018-06-24 23:58:10,2018-06-25 00:14:38,2018-06-25 15:16:00,2018-06-27 12:08:37,2018-07-16 00:00:00
25348d7abfa3893731e3836aab2f6a6c,85c67e22ad636abe63a496aa08b83e62,delivered,2018-07-09 15:40:27,2018-07-11 08:25:47,2018-07-31 14:25:00,2018-08-01 19:33:35,2018-07-26 00:00:00
17697f8b42c55a20565782a3b9c1a595,d2f186ceb055fd3674aa324ef1e43fcc,delivered,2017-11-22 17:10:38,2017-11-22 17:16:33,2017-11-23 18:42:41,2017-11-27 15:12:33,2017-12-08 00:00:00
ceea3b56a13c40b2f0186e69472ac7cf,7cdfbe7202481c56a694a46f536baffb,delivered,2017-12-12 12:11:59,2017-12-12 12:19:30,2017-12-13 17:43:35,2017-12-18 19:38:34,2017-12-29 00:00:00
e02d1acde68fc554aee0e2913c3179d0,d71d0786dd993461821ec16125a0f013,delivered,2017-11-15 20:26:14,2017-11-15 20:47:02,2017-11-17 20:22:58,2017-11-30 20:53:00,2017-12-12 00:00:00
33ab2dc79c51648bd7787cdf4d64f656,1cd10497d4870eecd91328b511f698c7,delivered,2017-05-22 19:18:00,2017-05-22 19:32:24,2017-05-25 16:09:30,2017-05-30 10:28:40,2017-06-12 00:00:00
34fd3e758f03c7fe6169308d0fa11582,c9fbb89557c010578ebdf551bdb5d050,delivered,2018-07-28 08:17:06,2018-07-28 08:30:37,2018-07-30 12:24:00,2018-08-13 23:49:38,2018-08-24 00:00:00
7a255b67322e2c359d3ed389b9f4695c,796c10db6734ca715a9f5b72f776337b,delivered,2018-04-26 00:24:15,2018-04-26 00:35:21,2018-04-30 14:07:00,2018-05-25 18:56:24,2018-05-29 00:00:00
2eb455a9ac809470168098ddf4e2a25b,6c26787bd0d839f80a4450e527d0586b,delivered,2017-11-05 21:59:14,2017-11-05 22:10:55,2017-11-06 19:18:39,2017-11-09 14:55:57,2017-11-24 00:00:00
cb2acc8f1def3d443b4716cdc8188102,cd66c6ddcfc749e99c24294f5c10d76d,delivered,2017-11-22 21:55:47,2017-11-22 22:07:26,2017-11-23 23:34:41,2017-12-01 22:34:40,2017-12-20 00:00:00
ba51874504000c8e2b9d439d66b6b099,1e9d08279906bfa93811f5d8b8c92523,delivered,2017-04-01 10:30:09,2017-04-01 10:42:21,2017-04-05 12:42:57,2017-04-11 12:22:35,2017-05-11 00:00:00
9d12e7d13379e3e2a600bfccb801604b,1a5a3898747599fccb25a7201c603bf3,delivered,2017-09-17 12:49:39,2017-09-19 03:38:18,2017-09-19 19:13:50,2017-09-22 19:40:01,2017-10-05 00:00:00
3c6956bf8f0e149d42761d50bf2ccb84,20880149166c1e70a7e235e486e3ff00,delivered,2018-06-24 10:34:31,2018-06-26 05:37:15,2018-06-26 15:10:00,2018-06-28 16:48:51,2018-07-05 00:00:00
2a713182dbde7d2e65a7202532650f44,0c4a28dea9556c536b703f5039158dad,delivered,2018-04-03 11:43:35,2018-04-03 12:09:27,2018-04-04 00:28:39,2018-04-10 16:48:27,2018-05-02 00:00:00
af7b1f7080ed76cd6d266c0ce5a13044,cce1f6220c57f2f73f32ab3929e2df07,delivered,2018-07-17 14:01:16,2018-07-18 02:55:22,2018-07-19 06:33:00,2018-07-25 19:32:18,2018-08-08 00:00:00
2d30bcdaaf18c2598140aa6f7f230216,c16e1ee1f43fc784a849789cbf31c9b9,delivered,2018-05-28 11:21:24,2018-05-28 11:35:11,2018-05-29 13:16:00,2018-06-13 16:53:25,2018-07-11 00:00:00
93e66102f38a99ee0f9f24af6d0ce1d8,2decf78a79d783fb2baaede413ff35ab,delivered,2017-07-19 17:46:36,2017-07-19 18:03:30,2017-07-26 10:27:49,2017-08-04 15:29:16,2017-08-18 00:00:00
b26281af4e5c3a50b10887f626ee883f,43cde3a4c7519b7d40a8c0ca102754b5,delivered,2018-04-11 10:58:41,2018-04-12 08:32:37,2018-04-13 00:07:31,2018-05-04 21:31:58,2018-05-15 00:00:00
ef30a80a52425b419de68e25624a8a9e,50a6803d938c39638b6f79224598833f,delivered,2017-12-05 19:10:38,2017-12-07 17:10:43,2017-12-08 22:51:49,2017-12-13 19:26:06,2017-12-28 00:00:00
6046bc15c899ee2dd06d1a235f9f61c9,551c3d5349e8367c1edcdf2ebcd1b47d,delivered,2017-08-28 14:43:46,2017-08-28 14:55:23,2017-08-29 22:03:53,2017-09-01 20:19:55,2017-09-14 00:00:00
af9590febcbcb2c619ddf09330abc567,8346ee415c6478f424a155b23d6dfa5e,delivered,2017-11-10 16:31:07,2017-11-11 02:50:37,2017-11-17 18:26:42,2017-11-25 13:37:05,2017-12-04 00:00:00
98200dd99e0bfe78c2d1378ad05fe51c,affbf9d0ff0808dc14ffebc55c1b1a94,delivered,2018-02-01 19:30:18,2018-02-01 19:40:41,2018-02-05 18:52:24,2018-02-23 16:30:05,2018-02-26 00:00:00
ac78dbdaa55c30dbfb7eea9beaf31b81,41cf71109d64452d0b2a886144df4b19,delivered,2018-06-14 18:22:28,2018-06-14 18:40:35,2018-06-20 14:57:00,2018-06-25 18:36:57,2018-06-29 00:00:00
4f12293458fe42108080bd8c3da6a500,ebeaca016b045dff2d2282d10e2bfa52,delivered,2017-04-03 17:46:05,2017-04-03 17:55:11,2017-04-06 11:22:51,2017-04-12 11:43:04,2017-04-24 00:00:00
8b9842ff7795d2b3af1e7221299fe6f8,b3d4eaa1f3aaae50a2204927d522881b,delivered,2018-04-24 16:20:33,2018-04-24 19:10:19,2018-04-26 12:51:00,2018-05-04 22:31:05,2018-05-21 00:00:00
be82634d36d47e922d16c1dc2c0291c4,749b4a27ab77ae603f9e260c945ce8bd,delivered,2018-03-06 15:36:00,2018-03-06 15:50:34,2018-03-07 23:33:53,2018-03-21 00:03:40,2018-03-27 00:00:00
fd8c19c45239a0a139f809050de68c88,0e8a0778316431f599840793feaf829c,delivered,2018-01-28 12:51:17,2018-01-28 13:18:26,2018-01-30 20:55:05,2018-02-07 16:26:54,2018-02-20 00:00:00
e29802498c81638fb4377d7c7137031e,95ea5897e2fc6140471671f079a3e6d0,delivered,2017-11-24 12:40:26,2017-11-24 14:53:57,2017-11-28 21:09:09,2017-12-01 19:58:38,2017-12-14 00:00:00
35774167bb17537229f8ffb6e662981c,d367c5c78d7c17bff967e788d84518d1,delivered,2018-02-23 22:57:27,2018-02-23 23:10:22,2018-02-27 18:56:41,2018-03-09 19:37:39,2018-03-15 00:00:00
df3330ae0fa0cb3d71397806c44980d2,c5cdbbfb12f3ef65f0580b2899571775,delivered,2018-01-31 17:50:17,2018-01-31 18:08:11,2018-02-05 19:24:31,2018-02-08 21:23:19,2018-02-16 00:00:00
a7e51dc801d3f66371a8896d54d04004,6384399c57d1a00e1de8a4d66df1fc92,delivered,2018-01-21 16:31:04,2018-01-22 13:53:41,2018-01-23 22:38:53,2018-01-27 18:05:05,2018-02-07 00:00:00
64b5f5bed476f1c9f84b2fddb945ca48,0fa04554222eb3da449fb457ffcf8d0b,delivered,2017-11-29 12:49:50,2017-11-29 12:58:38,2017-11-30 17:53:49,2017-12-28 18:24:54,2017-12-27 00:00:00
354d1019e78710d25e0d7240ec6c0792,220e5bd3db8bb376d06c40093f580649,delivered,2017-02-22 18:37:41,2017-02-24 02:50:22,2017-02-24 11:41:02,2017-03-10 12:57:41,2017-03-23 00:00:00
aac103aa82ea3fbc312b34cbc349859f,930a7d6b31016f869dd9d953667feaad,delivered,2018-04-10 18:45:08,2018-04-10 18:55:16,2018-04-11 22:38:42,2018-04-18 21:11:23,2018-05-10 00:00:00
8252e59e05b6732810b98460f67571a0,ca308ab8422277857a637369e1797daa,delivered,2018-05-01 18:26:33,2018-05-01 18:53:54,2018-05-02 11:13:00,2018-05-10 21:06:00,2018-06-01 00:00:00
f2d47fbf55381cc42d5a3a8afc7f060a,00abf30c1a93c7c8b509cb80a22e4dd8,delivered,2018-07-17 12:46:20,2018-07-17 13:01:14,2018-07-17 14:19:00,2018-07-21 18:46:23,2018-07-25 00:00:00
41d5636cfaa3b8436beab84388cf73d0,e3ca9adedf7464a8e2c2802ed1fe3757,delivered,2017-07-16 15:21:38,2017-07-16 15:30:08,2017-07-20 20:11:44,2017-07-22 15:04:08,2017-07-28 00:00:00
81539e7eb97d9fba708603ac8f00b6c9,d8c691db81a5838b59f3bd3ae93e5291,delivered,2018-04-30 11:29:36,2018-04-30 11:51:15,2018-05-03 12:16:00,2018-05-14 17:36:51,2018-05-18 00:00:00
0f286dcb49da58061b9ae488027e4033,227b4936c1389b6feb5a4b2d5a1a168c,delivered,2018-01-23 13:02:09,2018-01-23 13:18:22,2018-01-24 21:10:01,2018-01-29 18:46:39,2018-02-07 00:00:00
3f2b4c236891942b9cb9f73c490a47b8,ed27c886ecb4713fb8f8508a2e9560df,delivered,2018-06-17 14:13:51,2018-06-17 14:32:10,2018-06-19 14:26:00,2018-06-25 19:21:43,2018-07-12 00:00:00
f85406a2bb15eead2488ba5e488dbaa9,b181fce3d88831380f95ca8cb2a96945,delivered,2018-07-23 18:18:54,2018-07-24 10:31:35,2018-07-25 13:41:00,2018-07-30 16:58:42,2018-08-08 00:00:00
575d8ef8d005dd6e8f39b314079973ef,262e3835bb60820bea8ee7847d5cd365,delivered,2017-12-01 21:21:44,2017-12-01 21:33:27,2017-12-06 13:23:13,2017-12-19 19:43:33,2017-12-29 00:00:00
e1ae83c728cb5ab4352082e5509056ff,ad5f5cd6d22881b872713a934ee9ef28,delivered,2018-08-19 13:23:43,2018-08-20 15:50:08,2018-08-21 12:27:00,2018-08-23 21:51:18,2018-09-10 00:00:00
27ea1775a86c796168b08511e529d0a3,7a0c5469cba3eb88c664cbb7d680ee56,delivered,2018-02-27 11:11:21,2018-02-27 11:35:42,2018-03-07 23:32:55,2018-03-13 15:11:40,2018-03-13 00:00:00
7430885c75f59ac3b7526e69a5a21e98,2c524b1989927b7eccfc590b30e2f174,delivered,2018-02-12 14:34:27,2018-02-12 14:48:16,2018-02-14 20:33:26,2018-02-27 23:29:17,2018-03-12 00:00:00
ee878ee16f84c47738cda240e8550a90,79c2c3143dcf3a48ed21bbf402991b60,delivered,2018-01-25 14:42:47,2018-01-26 03:16:33,2018-01-29 20:07:30,2018-02-06 14:08:03,2018-02-21 00:00:00
bb39cd2f2f58e93ae10568be5cad1b58,ddf98a7aaeadf47dbd2a7fa2e82eb3ed,delivered,2018-01-03 22:50:18,2018-01-03 23:23:12,2018-01-05 00:32:12,2018-01-05 18:59:36,2018-01-19 00:00:00
8ecf44036c8ef6743d6bc46fb6d40af4,4bb7ccd33a3f0a14d73ba4f48abbfc2a,delivered,2017-07-21 23:16:50,2017-07-21 23:25:15,2017-07-24 13:14:56,2017-07-28 11:52:03,2017-08-10 00:00:00
87f41ac2bb62582fa23ddb02b79ef724,fe15b3297ddaaa9458ae5489b2bd8791,delivered,2017-02-17 15:15:26,2017-02-17 15:25:08,2017-02-20 11:00:07,2017-03-16 17:16:26,2017-03-30 00:00:00
ebcb12dc163784a4dad2cddb8feb64aa,b55dd01c30f88d056110458becba6bb6,delivered,2018-06-15 10:56:04,2018-06-15 11:22:39,2018-06-19 14:30:00,2018-06-25 15:47:36,2018-08-01 00:00:00
a103e6ad2ad56584ee8e0400083938cb,610c0a7ee3f1db8e079a647e473156b4,delivered,2018-01-20 16:30:37,2018-01-20 16:40:27,2018-01-22 17:09:23,2018-01-26 20:16:43,2018-02-06 00:00:00
758d8c3ddeba66a2a9cad6c8b043dd2f,024a05bd7b940e8cf5827498ed1e039d,delivered,2018-06-03 13:17:29,2018-06-03 13:30:22,2018-06-04 16:43:00,2018-06-05 20:50:54,2018-06-28 00:00:00
5c4f206f887c5afc6acb306477d65807,9b276b965cf5220a0fcfa70a8da435e6,delivered,2017-05-15 10:46:00,2017-05-17 04:05:21,2017-05-18 15:27:24,2017-06-05 18:55:00,2017-06-20 00:00:00
aa8e678261a5c83986ed3be5314c033d,f67f5e54df9b0d1e64d7f8bdb40aba79,delivered,2017-08-01 16:34:29,2017-08-01 17:20:10,2017-08-02 13:13:20,2017-08-03 15:17:37,2017-08-16 00:00:00
52d5bd7c9cfb54cf72f3c9ac55bbb0dc,316753cec5369bfd78e86ba7d93c3e67,delivered,2018-06-20 12:22:43,2018-06-20 12:41:13,2018-06-21 08:50:00,2018-06-26 15:31:57,2018-07-13 00:00:00
0d3e289cfc790ac7f02c3445a077d569,5b4464a3fd4e23e7871335d735b458a7,delivered,2018-02-12 10:18:10,2018-02-12 10:30:41,2018-02-16 02:09:17,2018-03-12 18:47:20,2018-03-19 00:00:00
e58ed0440e44bc5b5e5cba33106e3f66,e6bd5e16b464734e9301c0062b36142c,delivered,2018-01-04 13:53:07,2018-01-04 14:01:29,2018-01-08 20:13:33,2018-01-11 00:53:16,2018-01-22 00:00:00
4a16403a2f6d6324c545f6b70581c2c9,6a2ccd604a2ab71df8ed90f9eae7390c,delivered,2018-01-11 09:22:41,2018-01-13 04:55:06,2018-01-19 21:42:15,2018-01-31 00:38:09,2018-02-01 00:00:00
1cbfc1686ec52edcda358b248aae81fd,bdab5a5fa56036a42d69344ae3006d0b,delivered,2017-11-17 19:42:24,2017-11-17 20:31:08,2017-11-22 21:04:26,2017-11-23 14:41:16,2017-12-01 00:00:00
2ba1f687634de479f8b6f7c483597793,821208246445cf31f4aae41554db9df1,delivered,2018-03-11 20:31:50,2018-03-12 08:35:27,2018-03-12 17:18:54,2018-03-14 19:24:53,2018-03-28 00:00:00
5bc78a286b07fd8ad2198daf226ec008,058b94ef521255536e17b2760fbf9674,delivered,2017-08-27 18:02:31,2017-08-27 18:15:16,2017-08-28 19:22:05,2017-09-08 23:58:06,2017-09-15 00:00:00
4fc3e7aadb8db1172a7c3bbb29d6295d,d71ad0d7565ff4416f25fb0572a31b2d,delivered,2018-06-03 10:41:29,2018-06-05 04:12:46,2018-06-05 13:59:00,2018-06-13 15:48:42,2018-07-19 00:00:00
3a0ad73a22a4ca1af66f3f7ee5c6c3fd,91530372f9c5ba8c930edc3dbea6f2c3,delivered,2017-09-07 15:38:49,2017-09-07 15:45:21,2017-09-13 15:00:10,2017-09-21 14:07:43,2017-09-20 00:00:00
1cdbaaa0377025fdc1847dd3619f88db,b4723aaa1b0372ec3faa788d944a1e82,delivered,2018-03-02 21:53:30,2018-03-02 22:30:44,2018-03-06 16:49:04,2018-03-26 18:05:49,2018-03-21 00:00:00
60902f64bb98d5d9911ee0c48ad5008b,994cace97b0f7461dd1b9912f0714560,delivered,2018-04-04 17:32:19,2018-04-04 17:50:29,2018-04-05 19:08:43,2018-04-11 20:07:52,2018-04-26 00:00:00
e5e1c16f3df58122b4b4c212ff8a9439,35d376a8a1c37a0b47c5b0d69f0d60f2,delivered,2017-06-09 09:47:24,2017-06-09 09:55:19,2017-06-09 16:02:57,2017-06-19 19:53:38,2017-07-04 00:00:00
01156b662f3f47b249b5a8881d205f08,ac7787b04da7c05fe6037343bd8bf577,delivered,2017-09-13 20:36:57,2017-09-13 20:50:11,2017-09-18 21:07:30,2017-09-27 19:20:08,2017-10-03 00:00:00
dd71d407875ef4dd2c29c8eabd2bc56e,9ec775f536e082ba1878c67534556073,delivered,2018-04-22 12:19:34,2018-04-24 17:41:57,2018-04-23 18:30:52,2018-04-24 19:03:05,2018-05-08 00:00:00
64d02f4ae7e52cc423b0b8790e8760d3,69c783442bd511f3ee92190fef31e979,delivered,2018-04-03 18:26:29,2018-04-03 18:49:50,2018-04-04 20:38:36,2018-04-17 12:45:41,2018-05-09 00:00:00
01e7138289b75d9624b04dfe12379c1d,f396261ffae591f9905c76e28c3ac59b,delivered,2018-02-01 19:59:02,2018-02-01 20:14:01,2018-02-07 21:21:45,2018-02-20 18:03:47,2018-02-23 00:00:00
a5d7b5b625f48f4af406a8b11bb59751,92dcd0241fba4e4253f99460cb9270d7,delivered,2017-12-18 16:00:07,2017-12-18 17:18:36,2017-12-21 18:57:12,2018-01-08 21:40:01,2018-01-11 00:00:00
d1574473ad1d4a427f66f0d1d6bf7985,e1848973a1112ee837932651fd29470f,delivered,2018-01-14 16:43:17,2018-01-16 13:55:39,2018-01-17 12:53:34,2018-01-30 00:35:11,2018-02-09 00:00:00
5c51684e9930d09a7f209a96c71064ef,cce67659e9d04865a064779206b7f545,delivered,2018-05-02 23:21:16,2018-05-03 00:50:16,2018-05-03 18:59:00,2018-05-04 22:03:20,2018-05-18 00:00:00
df638e8bbe2b487525b22f5c7a5c9231,623a1b562fdff1fa192d04fd4272394f,delivered,2018-02-20 17:09:57,2018-02-20 17:28:07,2018-02-23 20:38:57,2018-03-06 20:32:18,2018-03-19 00:00:00
d7f6ace2a350940d10999a89ceb44d72,afa6d3e244287962e2d75435734c5e49,delivered,2018-01-08 12:02:19,2018-01-08 12:14:33,2018-01-11 13:19:38,2018-01-22 21:54:57,2018-02-02 00:00:00
1e48c52ecdb582b211ad22ae74ad2247,c32e37aa05c6b07e8b63defaa08a010d,delivered,2017-08-29 19:04:14,2017-08-29 19:15:15,2017-08-30 13:41:35,2017-09-04 22:07:59,2017-09-20 00:00:00
a88803b061dbc43656aa2d377b834e4a,9ea5e80f52a670b0bccb10c1a4ce2463,delivered,2018-04-10 17:25:19,2018-04-10 17:51:48,2018-04-11 20:21:17,2018-05-02 16:15:03,2018-05-08 00:00:00
75729cd39e546ea4083ab7f3859bb745,aa3e69930a8912ca423373a6b5ac4f56,delivered,2017-02-09 19:33:07,2017-02-09 19:43:13,2017-02-14 13:52:28,2017-02-20 23:57:30,2017-03-16 00:00:00
3d3977c331c2a5e7da23ea7057a4c317,7440dd9d4b5993f2cd33d845b5edab9a,delivered,2017-02-21 15:10:23,2017-02-22 15:15:14,2017-02-23 14:07:06,2017-03-01 07:06:10,2017-03-28 00:00:00
bef797897a2dddfbb08f9dff9c5ef7b7,c1f56744ed96f4d691e31f2d786b6484,delivered,2018-07-16 17:21:08,2018-07-18 10:05:19,2018-07-19 08:46:00,2018-07-24 12:40:52,2018-08-03 00:00:00
5873a59a3969d04a260ce297ee1b3ce3,df56b790a5c58d941f96283941ad0c42,delivered,2017-11-16 01:00:28,2017-11-16 01:10:37,2017-11-16 20:33:19,2017-12-04 17:51:50,2017-12-13 00:00:00
1187f5498f05e7604440a54cc0c9aa92,c4e7077f422f07fc99fcf2e215004ad3,delivered,2017-05-31 20:51:33,2017-05-31 21:05:09,2017-06-01 16:18:05,2017-06-07 12:16:28,2017-06-30 00:00:00
5629fdbbd11b9755743ba8b8f517f8cc,410487a17df8bb033e4173a7ab925f66,delivered,2017-02-06 12:55:28,2017-02-06 13:10:34,2017-02-09 12:24:58,2017-03-10 15:12:42,2017-03-08 00:00:00
09356cee7d8fee33dcb3ee80c1ccb14f,b417a9a4c05c243aacb8d35106ed5361,delivered,2017-10-12 16:26:24,2017-10-12 16:35:44,2017-10-16 22:37:50,2017-10-24 21:23:26,2017-11-03 00:00:00
3d0acef161147c90c2fd5e7cd8e199e1,ee7466b4c80f1bc4f55f2c2ecb0e7c6f,delivered,2018-01-14 22:33:42,2018-01-16 03:37:30,2018-01-16 17:35:03,2018-02-02 01:19:41,2018-02-21 00:00:00
e55507dc5f963fbdb8ae1c47181974b5,eb9f81343ccb0361b66606660a0941c2,delivered,2018-04-22 12:36:57,2018-04-24 18:48:15,2018-04-23 18:46:53,2018-05-05 15:38:46,2018-05-25 00:00:00
fd4a2838bede5695c44824f56cd274f2,3388c73c5d3f13df78553a7503c67547,delivered,2018-07-25 15:55:24,2018-07-25 16:05:20,2018-07-26 12:19:00,2018-07-31 21:38:46,2018-08-14 00:00:00
61598b90b927811b3b38013ec10b8e5d,f04ae41c75d423a833694f86375f16c9,delivered,2018-03-15 18:39:56,2018-03-15 18:50:35,2018-03-17 00:18:44,2018-03-17 15:26:41,2018-03-27 00:00:00
bf6e868e898464ab301f89d753979d4d,7dfb9a9908de354be283cb44589f723d,delivered,2017-06-13 02:43:28,2017-06-14 02:35:36,2017-06-16 12:35:16,2017-06-19 19:21:29,2017-07-04 00:00:00
7b78cc6982a3e84c736e54249ed7612c,396f0d7e58d965bbf8dc3d6c451b6ac9,delivered,2018-07-27 16:50:27,2018-07-27 17:04:35,2018-08-01 14:12:00,2018-08-04 16:33:36,2018-08-29 00:00:00
e4abb8fe0937a88e04513430b69d268e,f2ac1a7631ac7ddebc1adcd171f7e2ac,delivered,2017-02-20 14:07:29,2017-02-20 14:15:21,2017-03-01 15:18:57,2017-03-06 19:25:45,2017-03-17 00:00:00
3937af5e68a191867e6224cd78fc2cd1,b837fbe55a9289fedd7301de6731f643,delivered,2018-05-11 08:49:07,2018-05-11 09:10:57,2018-05-11 15:45:00,2018-05-17 20:18:50,2018-05-25 00:00:00
e670e635e13b902d8de6bdb5026d9a88,bd1f394952ce93642d6134297a23a4f2,delivered,2017-08-23 12:58:09,2017-08-25 02:50:20,2017-08-28 18:04:13,2017-09-06 23:11:56,2017-09-19 00:00:00
c0a5ad81be45e1a04365870aab5cfb4f,1bb9aec4f2cee2853d9083e747f00db4,delivered,2017-09-26 12:57:49,2017-09-27 02:49:14,2017-10-02 10:12:58,2017-10-03 15:03:21,2017-10-11 00:00:00
1beaf0622df76c7b2b3be0746722f381,24099e5fbb7f1218d905043eec4c5b8b,delivered,2018-04-02 08:02:16,2018-04-02 08:48:53,2018-04-03 22:04:39,2018-04-04 14:27:27,2018-04-12 00:00:00
334fcd4953d5e5b64f124a0ba7ecb317,6f279800252d785cb11706fcc0384259,delivered,2017-11-25 16:36:13,2017-11-28 03:32:35,2017-12-01 21:59:37,2017-12-29 20:07:11,2017-12-18 00:00:00
818996ea247803ddc123789f2bd6046b,19b1122a589ca4893fcce3cb209abba8,delivered,2018-08-20 15:56:23,2018-08-22 03:55:07,2018-08-22 14:28:00,2018-08-29 22:52:40,2018-10-04 00:00:00
f47d6af60927db6bd34707fb06c0ad61,9d2d86df6192506a8173991de7e90b17,delivered,2018-02-02 14:24:47,2018-02-02 15:31:20,2018-02-03 01:05:26,2018-02-15 21:18:43,2018-03-01 00:00:00
77ff5083402e50189ad3477e7dfcbaad,8f66a46e622f40e6f5428034d16b4192,delivered,2017-10-18 09:45:17,2017-10-19 02:56:29,2017-10-24 14:39:56,2017-10-31 17:15:15,2017-11-17 00:00:00
ec84e555ec0c06ea52e4cd6051f68802,7d0203db3e58631b2b611c169467acd0,delivered,2017-08-13 14:53:53,2017-08-13 15:05:18,2017-08-16 20:17:56,2017-08-24 21:46:06,2017-09-08 00:00:00
628c4dc07e38c6a4309d58e8a42e2f27,90006c9239e7ad344dfc506766bd4a9d,delivered,2017-12-24 15:40:09,2017-12-24 15:49:35,2017-12-26 18:12:52,2017-12-29 17:30:15,2018-01-22 00:00:00
8fe860202f0d87213c4056f1030ae367,c85b57d305ecdc88bcafb087e60a658c,delivered,2017-11-10 23:01:20,2017-11-10 23:27:00,2017-11-14 22:51:26,2017-11-30 12:05:07,2017-12-08 00:00:00
4682ccc1cc6188dda05e841ad72bc5e8,afbc6182d564eba59eef474055f2bcdf,delivered,2017-11-28 17:12:53,2017-11-29 02:22:12,2017-12-04 20:37:08,2017-12-21 19:34:00,2018-01-03 00:00:00
688777dd259c99e7554f3901ff653a54,d26f92dad3a2f62023e3411cc7ae6721,delivered,2018-06-28 21:55:37,2018-06-30 02:52:35,2018-07-02 07:57:00,2018-07-10 17:03:19,2018-07-23 00:00:00
8dcdc3f032fcbc54ae56d5a0f0c2f18c,f18a529fdb25fa6ac42814aae9bb6431,delivered,2017-03-24 15:46:56,2017-03-24 15:55:29,2017-03-27 11:45:33,2017-03-30 12:56:56,2017-04-17 00:00:00
dcd9b00fff62919c208f9e424f8b2c13,7a999a63fd38a91b7c1061ef82ec71f0,delivered,2018-01-18 12:33:34,2018-01-18 12:56:27,2018-01-23 01:03:54,2018-01-29 17:52:09,2018-02-09 00:00:00
07e5349fe32847b4bc266836cda0705c,053f9f6d14eae73c5dcd35952b42f44b,delivered,2017-11-27 16:44:36,2017-11-27 16:52:37,2017-11-28 19:17:57,2017-12-04 18:42:32,2017-12-18 00:00:00
aa87c4af248b5041ab8aa98338210d88,38189f2abad60e8555889178b232b953,delivered,2018-05-22 20:40:08,2018-05-24 02:34:56,2018-05-29 14:06:00,2018-06-14 06:14:35,2018-06-25 00:00:00
54b41e4e2188389bb41503b2b088b093,d1943e0a3f0529cfc9c4e5e9465bd470,delivered,2018-01-18 13:29:55,2018-01-18 13:38:27,2018-01-19 22:17:44,2018-01-22 11:25:21,2018-02-05 00:00:00
d80b2f94bd1ae8c94f10c5084b1ee36a,97a93a4bdba637fac900b164e11b7e98,delivered,2017-08-12 17:41:29,2017-08-12 17:55:14,2017-08-14 19:27:46,2017-08-15 13:26:31,2017-08-25 00:00:00
a9495ad773a18a329a4f9e514f5c1c9f,a5b871d84fbfb35508252ecd5cf62046,delivered,2018-06-06 12:47:39,2018-06-07 02:55:14,2018-06-07 14:29:00,2018-06-14 21:12:30,2018-07-20 00:00:00
e31f08a6838e8fe22d5850d237cdb1e7,a577a139c2344a82239c539b29d9e66f,delivered,2018-07-20 19:23:21,2018-07-20 19:30:14,2018-07-23 15:17:00,2018-07-30 10:10:47,2018-08-08 00:00:00
3da82f366802e4512789763543d67ee2,4beadf262af38001f057649e9438d9ac,delivered,2017-03-26 20:09:34,2017-03-26 20:22:29,2017-03-29 13:55:33,2017-04-07 12:42:27,2017-04-18 00:00:00
323bbdc2ccee2a7f26f2a66fca94e58b,cd77227a76d55b1ebf747cec45ff8b34,delivered,2017-10-03 17:48:50,2017-10-04 03:04:04,2017-10-05 20:12:24,2017-10-06 20:33:29,2017-10-19 00:00:00
f1c81a653dc5314b7aa62e06239f12c8,0dfe60b670deaf534a0d9519349169d0,delivered,2017-04-26 12:37:33,2017-04-27 13:10:40,2017-05-02 16:43:07,2017-05-10 15:22:03,2017-05-17 00:00:00
5b663e8f6d7d1dd5c03c9fb203cb50ff,6ba6fd4d14d09e8ee136c92ace6f508b,delivered,2018-07-08 18:50:45,2018-07-10 04:45:06,2018-07-17 13:46:00,2018-07-25 00:27:40,2018-08-06 00:00:00
38878bafc676263af50211706ab39e7c,f665e06d0376b22d2ac11e29e369d6b1,delivered,2018-04-20 17:52:08,2018-04-24 19:06:26,2018-04-25 17:34:00,2018-05-12 03:32:34,2018-05-17 00:00:00
6e4aa96643864493bb291057da474fbc,dcfca4b1f0b7341e8810ed4b9ebe1b6d,delivered,2017-05-07 14:06:36,2017-05-07 14:15:20,2017-05-12 10:28:36,2017-05-20 09:11:12,2017-05-31 00:00:00
707b67c6036569d9eba912e2c8609ee4,111a2956d57d20d510a33b3e06281f02,delivered,2017-03-26 08:01:21,2017-03-26 08:40:07,2017-03-30 16:32:08,2017-04-05 13:53:06,2017-04-25 00:00:00
37b9ae736e1038316332953137270003,f67ec457fd8fe9c46d977349219d81a3,delivered,2018-02-01 20:39:37,2018-02-01 20:53:35,2018-02-02 19:18:28,2018-02-05 10:54:47,2018-02-22 00:00:00
baa57a887ab6469f6e65bf75ce80b768,6426d43df496b0f659d56d69355d41b9,delivered,2018-06-14 01:09:41,2018-06-14 01:37:03,2018-06-15 12:50:00,2018-06-25 22:18:35,2018-07-16 00:00:00
b012c1697921f54e80780e034a93c871,bd08dfed0cf17e30968943b497ef14ec,delivered,2018-01-21 11:13:57,2018-01-22 13:47:19,2018-01-23 21:13:24,2018-02-03 13:12:35,2018-02-14 00:00:00
ad0d46c22c5a9dd2699f5142b1882f5f,37be731e9a59816c2139b344f51147dc,delivered,2017-02-05 17:55:05,2017-02-05 18:05:20,2017-02-09 16:29:43,2017-02-10 06:44:41,2017-03-06 00:00:00
019536ad39a0dea8bb75c00359a0386b,958b47e797d9db0979238d3b7fc08b9b,delivered,2017-09-01 22:51:17,2017-09-02 16:10:14,2017-09-04 17:39:57,2017-09-26 21:14:19,2017-10-04 00:00:00
6a0a8bfbbe700284feb0845d95e0867f,68451b39b1314302c08c65a29f1140fc,delivered,2017-11-22 11:32:22,2017-11-22 11:46:50,2017-11-27 13:39:35,2017-12-28 19:43:00,2017-12-11 00:00:00
de2c49d97356fa0fdc461064e86fe8f4,ac4164b96ade53e05878a89dd03026fe,delivered,2017-11-19 17:43:23,2017-11-19 17:55:27,2017-11-22 19:08:47,2017-11-30 19:34:49,2017-12-12 00:00:00
ca4d9163f73c29c767a726571e8baf23,20deb76fd96659ae3d434ef56d42760b,delivered,2018-02-18 15:54:05,2018-02-18 16:10:23,2018-02-19 19:28:57,2018-04-10 13:04:14,2018-03-23 00:00:00
4d31272d8cb07c4ab84562c8ae2e0fdb,6d8b84bc65ad63bb703b96c994e3f18d,delivered,2017-07-10 17:56:02,2017-07-11 06:43:42,2017-07-11 21:47:59,2017-07-25 19:28:50,2017-08-03 00:00:00
3d00fba40b3bbf3283c4f21e9129d855,fef23f5010429d851aee180c61c39efe,delivered,2018-05-19 18:07:36,2018-05-19 18:32:26,2018-05-21 14:53:00,2018-06-06 17:59:09,2018-06-11 00:00:00
6ffa72f134f31770b0670971b48479a8,0fab394e37bc2ebe2a39114e86cac205,delivered,2017-04-10 20:29:29,2017-04-10 20:42:07,2017-04-12 07:58:38,2017-04-17 09:57:15,2017-05-03 00:00:00
0707e2f91c707859b79e711d852150c8,09d1bc53f084c9c2a597d1a7d6329ecb,delivered,2017-03-24 00:40:13,2017-03-28 03:55:23,2017-04-06 14:50:54,2017-04-13 23:44:52,2017-04-19 00:00:00
719c1d51ad40a458c511ebcfcdd0ebda,674726e22be3793ff1ca03835381d770,delivered,2018-07-17 15:23:54,2018-07-17 15:35:16,2018-07-18 15:31:00,2018-07-21 14:56:39,2018-08-03 00:00:00
9f36a6b11ec95b4f8586000d49dae422,c40329c5ca94144e1c4a130166521b66,delivered,2018-05-08 18:54:41,2018-05-10 21:51:06,2018-05-11 12:52:00,2018-05-16 21:28:29,2018-05-29 00:00:00
d99c77f6eb93e9cdfca26e997f54530e,d03195784405b22ba42a0d473ce01c26,delivered,2018-04-19 19:37:07,2018-04-19 19:51:01,2018-04-20 22:38:45,2018-04-27 13:34:30,2018-05-21 00:00:00
0a03f10c3075f5566e5cdbef7c487e14,9c0f4ac6b6891be32bf81369e8bc1ed4,delivered,2018-01-20 13:59:56,2018-01-20 14:31:05,2018-01-22 16:23:00,2018-01-26 20:13:35,2018-02-14 00:00:00
1f11f0ab2b0ec59d0ec45f7f810a04f8,52f3ff878b892c17fcdc6030dcad7e7b,delivered,2017-06-15 06:59:08,2017-06-15 07:10:06,2017-06-16 15:15:55,2017-06-28 13:17:44,2017-07-18 00:00:00
3f0541d009d20e9a244f3bb2ebf07f8f,accdad8ab1a62db957ffcefa272667a0,delivered,2017-11-16 18:57:18,2017-11-16 19:15:45,2017-11-20 22:18:45,2017-12-28 20:17:33,2017-12-15 00:00:00
880769ba72966e66d6e8e1f1152a0d36,7742c0111a713083af57f1c9961023d5,delivered,2018-06-10 16:14:03,2018-06-11 16:31:49,2018-06-12 17:05:00,2018-06-19 16:55:40,2018-06-29 00:00:00
9630c641313083fe39397cfa75810e4b,c83de831b03523421671013ffb35372c,delivered,2018-07-30 01:36:28,2018-07-31 04:31:26,2018-07-31 13:45:00,2018-08-04 12:17:00,2018-08-13 00:00:00
b80ad2b6c5b351d9e15b84a8008a7d87,8abea2586885adbb1203c365be1518f1,delivered,2018-08-13 22:36:41,2018-08-13 22:50:11,2018-08-14 14:14:00,2018-08-17 18:22:34,2018-08-27 00:00:00
e4dd475ba157a8f4d4dd4f0b8e7c92b3,a3b09b4fc25b4b48df431cd3d6a4aee9,delivered,2017-09-11 15:28:32,2017-09-11 16:55:30,2017-09-13 13:57:59,2017-09-18 20:49:59,2017-09-27 00:00:00
b352b37732770128092c01c05cb2d8f7,f8fd2c4852d04dafce46ff9d0e194e41,delivered,2018-02-01 21:08:53,2018-02-01 21:32:12,2018-02-03 17:24:28,2018-03-07 00:48:30,2018-03-08 00:00:00
503d1a98081c7307e6e875ba8af189e6,4148787d8f2962b2cc882879f242b2d7,delivered,2018-05-08 19:28:42,2018-05-10 02:57:29,2018-05-10 11:22:00,2018-06-04 18:27:53,2018-05-24 00:00:00
0bcb914e60bb0de6160699483722bc0d,7095f9b891c923ab4e2298b22649e6ca,delivered,2018-05-06 19:50:08,2018-05-07 09:56:10,2018-05-11 15:31:00,2018-05-21 21:28:20,2018-06-04 00:00:00
4f7a513a13ed6efd9b603b1590b9ae1d,132d5620a1c47ef79eec69e780422b17,delivered,2018-07-23 12:25:45,2018-07-23 15:31:50,2018-07-24 14:16:00,2018-07-26 19:08:33,2018-08-10 00:00:00
d46a98b33046509aec0ca7142d63b9b1,1958ecc55a91fb365b6c5671f4c4b9b8,delivered,2018-03-14 20:45:22,2018-03-14 20:55:53,2018-03-15 21:48:55,2018-03-27 23:32:00,2018-04-10 00:00:00
722e56aaea810aa3e171228dd28f37f4,759cdb645105a48ae7500311724659a6,delivered,2018-04-09 18:45:29,2018-04-09 18:55:22,2018-04-10 22:46:36,2018-04-23 20:44:39,2018-05-03 00:00:00
2e7afd467bd078429896367562ec0727,e8094cb2a242669ede8f9084dbcba0e8,delivered,2018-02-18 08:41:23,2018-02-18 08:50:25,2018-02-19 20:13:32,2018-03-08 20:38:25,2018-03-15 00:00:00
e5896b4982934748a02e2d3d889fd1e1,7ce84e2711055b434ef209ae62eebcdb,delivered,2017-05-16 14:07:18,2017-05-17 06:35:17,2017-05-17 09:32:09,2017-05-20 07:33:20,2017-06-08 00:00:00
fc8b5696b23d0710ae737ff9c16f80ea,8953cac02ef5531e3b49afc55cc21232,delivered,2018-01-15 21:54:38,2018-01-15 22:10:41,2018-01-16 22:25:09,2018-01-27 12:09:29,2018-02-14 00:00:00
fb244f5888763d8429a89b3438d70295,fabefdcffb5a0ee7e20d81f3e24785e9,delivered,2018-03-09 21:23:31,2018-03-09 23:00:34,2018-03-12 23:13:40,2018-03-17 17:18:58,2018-04-02 00:00:00
fd4c1cc6d742f00dee7633f6a72cbe60,bb5815831c084a7c145611052d8063b5,delivered,2018-04-06 08:25:45,2018-04-06 08:35:16,2018-04-07 01:25:41,2018-04-20 17:14:36,2018-05-08 00:00:00
c0c7bd9b0f4864ea4d1e2671ce38bff8,3ee7951cbdbf56ac257be470c8baa4fa,delivered,2018-02-25 11:38:47,2018-02-27 04:31:10,2018-02-27 19:51:14,2018-03-06 14:13:59,2018-03-21 00:00:00
82ae4ace0b3ec2734319bd238e822c68,1734f37a2e5d5c62d02c58c28fd08c75,delivered,2018-05-15 21:59:15,2018-05-15 22:16:02,2018-05-16 10:19:00,2018-05-17 15:13:42,2018-06-01 00:00:00
5cfc8b5d0db5dc5bc500d0fb6c986a53,6437eb6b4005fd6cb07209f146637db1,delivered,2018-04-10 08:47:23,2018-04-10 09:10:25,2018-04-11 12:36:45,2018-04-17 20:04:57,2018-05-07 00:00:00
de8e149a85e92c7cf24c1f7318f5f1a1,2443f76198478384b6147d593fc54b95,delivered,2017-11-11 17:24:45,2017-11-11 17:35:41,2017-11-17 00:12:17,2017-11-21 19:29:50,2017-12-07 00:00:00
94a4d00bea6790d3c810c6b2f56b4d65,eda92d7762b9301345afe83928e464b2,delivered,2018-01-08 22:25:47,2018-01-08 22:37:25,2018-01-10 18:05:30,2018-01-22 14:15:45,2018-02-02 00:00:00
413648037e02e5c759e67071c61b2fcf,ac6f5d2cdbd505344d970017a51bfc43,delivered,2018-08-04 16:49:05,2018-08-04 17:04:03,2018-08-07 15:42:00,2018-08-13 22:36:37,2018-08-15 00:00:00
e910cff0c2911f3ca876a47602557c45,1e74b00cee8d685addcb531edfd5c745,delivered,2018-03-18 19:23:02,2018-03-18 19:35:24,2018-03-22 18:55:42,2018-04-17 12:08:45,2018-04-17 00:00:00
a3e5028ece0876f0a632152e9a66ff0c,48c208518654e81be736c1950e522b9a,delivered,2018-05-09 17:44:06,2018-05-09 17:55:17,2018-05-11 07:12:00,2018-05-24 19:36:34,2018-06-05 00:00:00
f90e3dbda8d123ab2f100a1538f5a43c,563ee9398fd0dfedece958762eb57a42,delivered,2017-11-17 19:41:31,2017-11-17 20:35:37,2017-11-23 16:12:44,2017-12-07 23:21:45,2017-12-14 00:00:00
6a78b3062a561085f98b76a5a0eea516,2c5d4df0decd36ab2ebd65bccd80be05,delivered,2018-07-25 14:28:10,2018-07-25 14:44:25,2018-07-27 13:34:00,2018-08-02 18:16:29,2018-08-08 00:00:00
42cebac003b40e6aa0b3e37b99d83c2f,4a0e66fd30684aa1409cd1b66fec77cc,delivered,2018-07-06 14:29:57,2018-07-10 04:05:12,2018-07-10 15:06:00,2018-07-11 17:35:50,2018-07-19 00:00:00
0ce94e50ed7d28e7856f3d127990d17c,2f7a0d01d00f7711a9334e4266cf0cfb,delivered,2018-07-29 21:26:11,2018-07-30 09:25:08,2018-08-03 15:02:00,2018-08-09 13:46:48,2018-08-24 00:00:00
7193174cc8337ec716bf7bef671ff759,625d57e5548cfd6cc1a5cb259fee61d6,delivered,2018-06-16 22:35:09,2018-06-16 22:57:37,2018-06-18 14:04:00,2018-06-26 17:48:36,2018-07-19 00:00:00
c0567ba9f6736e00d05c404aac7c9430,418e8d9a30cdd26678265116e8f06ca6,delivered,2018-07-03 20:16:20,2018-07-05 16:21:30,2018-07-04 14:07:00,2018-07-10 20:22:15,2018-07-16 00:00:00
b32226e3b83849c23551e39452d562cd,248707f9a94a18492fcd8bd5496b67ae,delivered,2018-07-25 04:34:42,2018-07-25 10:44:33,2018-07-30 06:17:00,2018-08-03 22:08:28,2018-08-17 00:00:00
e8f9288c671277ab525571871aef27cd,5f4b01693b0d9f9e14c5f0a69496b9d6,delivered,2017-12-12 13:14:10,2017-12-13 07:49:21,2017-12-13 21:37:16,2017-12-29 21:23:04,2018-01-05 00:00:00
00c47cfa491ef55779ec7557673087fc,7ccd57bc5c4e0f34fcbc9209b2d4bdfa,delivered,2018-07-23 11:36:26,2018-07-23 14:30:58,2018-07-23 16:06:00,2018-07-25 14:41:26,2018-08-06 00:00:00
fef9630717f341d93127dbf1d27650c9,f3ae118e5eb686a675b68f49b722cc79,delivered,2017-08-24 13:16:44,2017-08-24 13:25:21,2017-08-25 15:37:33,2017-08-28 20:49:07,2017-09-06 00:00:00
d9c5d64c3fa1b1abf251ddf4cb2683ee,e8cada88df871b1ff0f51fcbd2a724ca,delivered,2017-12-02 17:28:34,2017-12-05 04:14:00,2017-12-11 19:35:57,2017-12-14 21:12:48,2017-12-29 00:00:00
8242b086009bdffe2eb081b77d4ca7de,94ee745f9c7998656cac472cd79c38f2,delivered,2017-11-06 13:16:25,2017-11-06 14:33:36,2017-11-08 19:22:20,2017-11-23 15:11:39,2017-11-27 00:00:00
ea1ecba1228b210007951b4a8f12ec3a,b58a766d3cf723d63294d515102ae165,delivered,2017-11-26 12:01:51,2017-11-26 12:12:31,2017-11-29 01:27:56,2017-12-14 18:18:26,2017-12-26 00:00:00
ddc7e0a6253bc5f668507296a8d17c85,98ee0e7037a72a373dde3cb7eb3dff5b,delivered,2017-06-05 15:00:11,2017-06-05 15:10:17,2017-06-08 11:15:30,2017-06-09 23:59:25,2017-06-19 00:00:00
1184c1bbcfb488132ee2bca2c07cd743,8baeca32aac79a831b81f1f8af9fd6d8,delivered,2018-08-16 11:35:15,2018-08-16 11:45:09,2018-08-17 08:38:00,2018-08-21 20:07:33,2018-08-27 00:00:00
0b6626697a43f34edff9135fdd0a564c,c2c67639ee959564126f62c5f03328ce,delivered,2018-02-05 11:46:11,2018-02-06 05:31:50,2018-02-07 22:26:51,2018-02-16 00:46:39,2018-03-05 00:00:00
c118740a09411f06ab15de06c2623c7d,403a14a4926a6ca3866cfb494cfefc20,delivered,2018-04-11 20:55:49,2018-04-11 21:10:15,2018-04-12 22:34:35,2018-04-20 20:37:35,2018-05-04 00:00:00
4fb826a738895055159e95010e189c69,631212a6012ab9b75f7e19836fc10cb3,delivered,2017-09-13 13:23:00,2017-09-13 13:37:06,2017-09-13 21:41:46,2017-09-19 20:38:57,2017-10-06 00:00:00
1cb9cb32b2b54f1580e375ba45d744c4,081ea0387c6abab704e37f4c9bc965bc,delivered,2017-12-26 18:24:08,2017-12-26 18:32:22,2017-12-28 18:39:15,2017-12-29 13:37:08,2018-01-15 00:00:00
e61f15c94900d1cc4cebd96be96f3823,2dc6da2422b959b13272324bc019347f,delivered,2018-02-15 01:48:47,2018-02-15 02:27:21,2018-02-15 19:39:16,2018-02-26 14:46:26,2018-03-07 00:00:00
8549f693ac0aefd770eee2cdd7e18e08,b1b2221afa08f6c771c5974659000cda,delivered,2017-12-27 21:28:45,2017-12-27 21:35:27,2017-12-28 18:42:16,2018-01-11 15:57:42,2018-01-30 00:00:00
ed7020a10eed1ef7a4895ad933baa211,b9a4ae03439dc5479da32b8359c44790,delivered,2017-03-31 20:58:07,2017-03-31 21:10:18,2017-04-04 16:14:35,2017-04-20 15:49:01,2017-04-27 00:00:00
7abb06b108806e10304ae7d1bdf3eabd,3365f99d277e162bfa8eec5b9596212e,delivered,2018-02-16 11:16:57,2018-02-21 12:10:31,2018-02-22 21:52:53,2018-02-26 22:33:05,2018-03-08 00:00:00
2094b975f1178cef2cf51c4e73ff0e94,b02b96a13a1933796f5aafbe5a477e1b,delivered,2017-10-12 19:21:23,2017-10-12 20:28:13,2017-10-13 16:20:37,2017-10-24 17:12:32,2017-11-09 00:00:00
843ad442f1f401e52f43a4b176e211fa,07aab738b58fc42a719e00167d13a7e6,delivered,2018-06-11 00:49:12,2018-06-12 04:35:51,2018-06-15 14:48:00,2018-06-27 12:32:13,2018-07-17 00:00:00
981f5cf29634672b36363c9ca9d4c3a4,3a3276446ad0b799be2122b37c779558,delivered,2017-06-20 16:44:56,2017-06-22 02:35:34,2017-06-22 11:54:19,2017-07-14 18:09:05,2017-08-01 00:00:00
ec34503555e993a9e7e2272b563d416c,dbad14e1cbdb1f106ac9b2b3f4b89d15,delivered,2018-08-07 17:16:46,2018-08-07 17:30:10,2018-08-09 12:49:00,2018-08-15 18:47:32,2018-08-27 00:00:00
da7025e8d32030ef1d9e4a200eb7dcec,02edb3a95305c7b4e3d0e666744b1fb9,delivered,2018-06-16 19:46:56,2018-06-16 20:18:50,2018-06-18 13:20:00,2018-06-26 01:28:35,2018-07-31 00:00:00
558266bfba11bf9a23f7634ee0657f43,fcd3d27da039898ed57693dbbe9d99ce,delivered,2018-08-13 19:38:49,2018-08-13 19:50:15,2018-08-14 13:09:00,2018-08-16 20:27:40,2018-08-17 00:00:00
4e6aa298577f90f026cfb1d07e86509e,9aba1be6a33b379bcc4da86e75b731d3,delivered,2018-03-07 20:21:18,2018-03-10 14:35:39,2018-03-13 01:32:44,2018-03-26 16:58:42,2018-04-12 00:00:00
bd6a4be98625711812fdabccdcdff8ca,31e34659933a639fd1d656924e76cd35,delivered,2018-04-27 15:27:15,2018-04-27 15:52:18,2018-04-30 13:42:00,2018-05-03 18:14:49,2018-05-17 00:00:00
441bda02c27a285cfa9ebeaeb9954e4a,d4e42bf2dbba00d9f8b380de725b9d90,delivered,2018-04-14 16:17:14,2018-04-15 17:11:07,2018-04-16 23:21:49,2018-04-21 00:03:37,2018-05-09 00:00:00
8272b63d03f5f79c56e9e4120aec44ef,fc3d1daec319d62d49bfb5e1f83123e9,delivered,2017-07-16 18:19:25,2017-07-17 18:25:23,2017-07-20 15:45:53,2017-07-31 18:03:02,2017-07-28 00:00:00
9de18154654e59d76a22157b8e439add,f4eaf5d95978c53f17c3395c1d4262b2,delivered,2018-07-24 11:46:04,2018-07-24 13:31:39,2018-07-25 14:12:00,2018-07-31 15:24:39,2018-08-17 00:00:00
115abcb04c714f37dea22d04e52f35cd,4fd717f8365e738dcca2baa0ff70a52d,delivered,2017-12-05 02:47:05,2017-12-07 03:13:08,2017-12-07 17:19:21,2017-12-15 23:57:34,2018-01-05 00:00:00
7a37faa848114c1dfbe6b90f15af98fa,e8271feaec86ae7151bb633442e366fc,delivered,2017-05-24 08:58:16,2017-05-24 09:10:10,2017-05-24 11:45:56,2017-05-26 12:35:49,2017-06-16 00:00:00
732b59a6f2d05d4b23beade8d0a16a0d,3295b1d78b7c28090e18c60e726359ce,delivered,2017-10-24 12:34:29,2017-10-25 13:06:06,2017-10-27 18:17:01,2017-11-09 14:32:57,2017-11-14 00:00:00
761504d99664606c4c83458bc89144a2,37b845ee1198626c1545c4b81f591960,delivered,2018-07-07 01:21:33,2018-07-07 10:15:25,2018-07-10 11:54:00,2018-07-12 20:56:49,2018-08-07 00:00:00
cefb2c1509c176244d633a5f3f38e24b,0bb7a259af35271edd61b190f9cb78be,delivered,2017-11-24 21:21:02,2017-11-25 00:17:50,2017-11-27 18:17:11,2017-12-02 16:52:01,2017-12-18 00:00:00
480000ff61d2f961973107967439a4af,92f1d4d2f1a2a03f858f7afea11ff0b9,delivered,2017-09-05 22:22:48,2017-09-05 22:35:12,2017-09-06 18:16:47,2017-09-12 21:51:29,2017-09-22 00:00:00
a07355f9fa72ba9605c5e87a93ceac0c,8bdc3c09b99bbee0dc03992bc03ac828,delivered,2017-11-09 10:48:18,2017-11-09 11:10:59,2017-11-16 22:09:00,2017-11-27 17:48:57,2017-12-05 00:00:00
102a6b13aa973c8c169ba1d62ffa4cce,fef16d4748e573e3e48809c20be99bb3,delivered,2018-06-08 13:16:40,2018-06-09 03:13:10,2018-06-11 14:35:00,2018-06-21 19:51:45,2018-06-28 00:00:00
4afb1fa9cc394c9f295d203fc7b9bf19,11438b1c01227d2058484d74b0d71a54,delivered,2018-05-20 14:25:03,2018-05-20 14:59:15,2018-05-21 16:02:00,2018-05-22 23:42:45,2018-06-01 00:00:00
4a9a9d64ccb1bbcb0db6634dbfae10d6,ebb7a2942172efa549f149c74e43c3d6,delivered,2017-09-04 11:07:37,2017-09-04 11:24:24,2017-09-05 21:52:07,2017-09-12 03:44:57,2017-09-26 00:00:00
55ef1695189508c09b58080d53d2b32e,9ec7033b5e74a016be27ba7e31905e7b,delivered,2018-07-02 20:59:40,2018-07-02 21:10:52,2018-07-05 14:54:00,2018-07-10 17:32:06,2018-08-01 00:00:00
9c990d5aff064d220ea8962a5d97f4a9,42a2af95bbf8a66f1eef9611be7231b2,delivered,2017-03-13 02:22:34,2017-03-13 02:22:34,2017-03-13 11:15:34,2017-04-01 14:45:57,2017-04-04 00:00:00
b374364a416f6bd7a376e466e60415a5,3de618a738030339345d8dfbf28560ad,delivered,2017-03-03 11:09:23,2017-03-03 11:22:27,2017-03-03 14:01:56,2017-03-13 14:14:40,2017-03-28 00:00:00
354894de6c4b417d6144c2f4a054416f,512bac2ddc9c18547a0c173e522d1705,delivered,2018-03-21 22:44:19,2018-03-23 02:15:43,2018-03-24 00:06:24,2018-03-27 02:16:30,2018-04-17 00:00:00
db60e917f3e707779a0efd2b52354951,88be27a75dbfc841ea1fec58b8fbb33f,delivered,2018-01-29 11:24:25,2018-01-29 11:35:28,2018-02-02 00:42:58,2018-02-16 21:14:00,2018-02-23 00:00:00
3612774010df99c2dbad4a7dbebfff59,a400ff8a1b6512b2d1f9fcdaf5e222a6,delivered,2018-07-23 15:59:04,2018-07-23 16:46:00,2018-07-25 16:23:00,2018-07-27 15:32:58,2018-07-31 00:00:00
e2ee779edcba1ef236bcfe0260dfa5d5,81f10b625ff76949f3d454776b55ce31,delivered,2018-01-29 19:37:34,2018-01-29 19:53:46,2018-01-31 14:23:06,2018-02-15 22:55:07,2018-03-08 00:00:00
aa2ae4efd578f1c304128a899e4d1a17,3cb66f1169b5dd1fc680f9a951641612,delivered,2017-06-08 22:46:23,2017-06-08 22:55:08,2017-06-14 08:05:16,2017-06-22 08:34:03,2017-07-04 00:00:00
5433a0ef395e151f154279cd3fcde661,b2091c657df9c1f4566e2e1c2656a13a,processing,2017-06-11 05:05:03,2017-06-11 05:15:15,,,2017-07-07 00:00:00
ddcc7bc75d833f11bb5c8a7c1eda0c17,48487a92b4fd416acf46a06f981ab31e,delivered,2017-11-20 21:10:57,2017-11-20 21:26:43,2017-11-22 09:42:49,2017-11-27 18:47:27,2017-12-07 00:00:00
f4371828f48e2b5080d079e60138f149,01fa32b1d1151078cb954b286256df42,delivered,2018-02-23 21:50:38,2018-02-23 22:07:39,2018-02-27 23:06:52,2018-03-12 18:58:23,2018-03-19 00:00:00
73de1db8eb6e493c5a6ed60c856a2076,ca6f288f99561aedae10f44e948e7e61,delivered,2017-05-16 20:50:58,2017-05-16 21:02:28,2017-05-29 13:09:13,2017-06-29 16:28:11,2017-06-27 00:00:00
2f8f31eb2f7b6572836d662a6625c8e4,cbbb38942ea7e6eaecd622d228fec2b7,delivered,2017-02-07 22:52:44,2017-02-07 23:05:13,2017-02-10 13:52:34,2017-02-15 12:54:49,2017-03-06 00:00:00
534c32e4a4a598bf5fb7d99a2cfd0f62,55c3657d0c8bb26f601ebc8d6d56e75f,delivered,2017-12-13 20:59:43,2017-12-13 21:10:53,2017-12-16 00:07:02,2017-12-26 14:18:50,2018-01-08 00:00:00
c9577dccdc314ce381822a54b1eaf22d,3484542c6ea610e48fd062a81b8d2220,delivered,2017-11-25 00:23:00,2017-11-28 03:41:38,2017-11-29 18:08:57,2017-12-06 18:04:42,2017-12-22 00:00:00
fb9b2930f4a30f96c7cc98eaaa85e5f0,02ed2cff54eb047cdbe79dd0535945d4,delivered,2017-11-24 14:15:53,2017-11-24 16:19:01,2017-11-30 18:18:50,2017-12-17 10:47:53,2017-12-14 00:00:00
535c025843acd3d8c280a3b32f77a1f9,1c3515cb387a43da4c50cc8e76b90af0,delivered,2018-05-15 16:53:49,2018-05-16 03:33:58,2018-05-16 15:06:00,2018-05-17 15:58:39,2018-05-23 00:00:00
d7b2d3b902441cf3dd12cd125533217d,217344c7c334e16c8e76551b4b240c1d,delivered,2017-10-31 11:27:06,2017-10-31 11:47:06,2017-11-03 15:27:12,2017-11-13 20:36:58,2017-11-23 00:00:00
803aa4666b8c108ee27e65f64ad038fc,32b1936b81907e39a7f664cd0af3aecd,delivered,2018-08-21 22:44:15,2018-08-21 22:55:20,2018-08-22 13:24:00,2018-08-28 00:06:27,2018-09-11 00:00:00
719bb3a1ecca0dc38551f11cd181cca6,0ec36ff509b6eead5a50dd3bab5d9344,delivered,2018-01-16 23:17:22,2018-01-16 23:29:47,2018-01-17 18:36:45,2018-01-25 15:48:51,2018-02-09 00:00:00
292fa4655c8e30747b2b465a8f4d14f7,70a4565a0e2423f8bd3ba63125c901d1,delivered,2018-02-27 13:31:20,2018-02-27 13:48:42,2018-03-01 20:56:38,2018-03-02 21:24:42,2018-03-13 00:00:00
4ecf494be87ee7b768460fcbcd0389c8,c9bdc48300c66ba95c1e5839d8b4a26d,delivered,2018-01-20 20:49:46,2018-01-22 13:58:43,2018-01-23 11:29:11,2018-03-09 22:02:57,2018-02-21 00:00:00
2ef077f0887173cd2d434c424d15fa21,be9b4677cc49e1c4b270e489033ce381,delivered,2017-05-01 15:01:08,2017-05-01 15:15:18,2017-05-02 09:13:41,2017-05-09 13:12:07,2017-06-05 00:00:00
e912fe377f77944ec68b3650ead100bf,159f7183e121d412169e30a10a7a4c63,delivered,2017-03-07 22:46:32,2017-03-09 02:55:17,2017-03-13 09:31:18,2017-03-17 14:14:10,2017-04-04 00:00:00
c487fa98ecd15cd13d1467d49ec6af47,7834afa97968dd289e626584199c7b0e,delivered,2018-05-04 11:52:04,2018-05-05 03:35:18,2018-05-07 15:01:00,2018-05-10 18:02:49,2018-06-12 00:00:00
6b71838c4be9dce33810de87c333e365,8b1f6b37bd99fe9ccfb4a3fbffde8d44,delivered,2018-01-14 22:34:42,2018-01-15 22:30:47,2018-01-17 17:47:17,2018-01-18 21:45:59,2018-01-30 00:00:00
c751f7b0f44fcb8bd374ef518ad5c466,1019f41d437b5b58f36191421fd791dc,delivered,2018-03-29 18:54:38,2018-03-30 23:07:55,2018-04-03 04:33:11,2018-04-13 23:55:51,2018-04-26 00:00:00
d192eacb35dd2f0aa30709fe7560ee4a,e5867bb6374f11c018bea8a8d1246c6d,delivered,2017-10-15 21:01:13,2017-10-15 21:14:17,2017-10-17 21:59:05,2017-10-31 18:16:01,2017-11-13 00:00:00
67a41e5f40c8ee15e8d00b64b363dfd0,0273345e320539cc7bf1f6469b2fa34d,delivered,2018-07-09 14:29:40,2018-07-09 14:45:13,2018-07-31 13:00:00,2018-08-06 12:42:56,2018-07-30 00:00:00
49c9dc330935365ca454ba89a8a20efb,ce03e1248f6753a907cf1e5fc9013939,delivered,2018-03-05 11:05:50,2018-03-06 11:15:44,2018-03-20 17:52:50,2018-04-19 00:39:52,2018-03-26 00:00:00
3dc2e037b872ca03f5b91028710abae5,d86db9ba23e719eb8c1ef6ce74c512a6,delivered,2018-06-18 16:23:56,2018-06-18 17:01:18,2018-06-19 13:25:00,2018-06-22 14:34:35,2018-07-17 00:00:00
64cb5db87de3dcce6f274e1e690c32ab,dbfc0c99b6d78ee54b8d277bf10371d9,delivered,2018-06-02 12:15:50,2018-06-02 12:30:29,2018-06-11 14:44:00,2018-06-21 19:34:34,2018-07-17 00:00:00
59d7a8119bf89c6444ae76a6cf2f9479,166b36fe485b3846aaec4fb96544b7b5,delivered,2018-08-24 11:44:39,2018-08-24 11:55:19,2018-08-24 13:39:00,2018-08-29 19:38:23,2018-09-05 00:00:00
9e96e482f747d3cb997cff90397a37d3,8f56c275bc7f5d95b20b4e961602ab39,delivered,2017-10-17 15:18:59,2017-10-17 15:56:39,2017-10-18 19:19:08,2017-10-19 19:34:24,2017-10-27 00:00:00
b0b55c59d28b64d3b611cb034eb9f1e6,7bd0af82474427b2e49a11e4da31c462,delivered,2017-09-07 09:44:34,2017-09-07 09:55:09,2017-09-08 18:57:22,2017-09-12 12:59:56,2017-09-22 00:00:00
5e5fed142a552be6d6f1e04a800446d6,767e7728e2f0597fadd6651fae991b42,delivered,2018-02-10 00:23:51,2018-02-15 04:11:48,2018-02-21 20:27:09,2018-03-16 21:48:37,2018-03-12 00:00:00
253c8653b64a17c18b729399e14c42cb,6d91da53c1c48b756d84ef4eb54550ab,delivered,2017-06-29 11:51:38,2017-06-29 12:04:25,2017-07-03 14:51:50,2017-08-10 20:57:50,2017-08-03 00:00:00
37a5627c7451cf77174dbb624b22f8d4,26696cdfe4c66b1abbb78c250b2e9cd5,delivered,2017-12-26 08:24:57,2017-12-27 04:07:42,2017-12-28 17:23:31,2018-01-03 21:58:55,2018-01-16 00:00:00
f319cdb9500c67c7a9f1b340da9c2d4d,d51cc254970c57a60ae33775ce9d7322,canceled,2018-05-21 18:19:37,2018-05-21 19:16:05,,,2018-06-07 00:00:00
4c05288ce87fd35acbaa04fec7070339,0a939b926ba6773c282fbce261082f9b,delivered,2017-12-01 13:45:09,2017-12-02 02:52:19,2017-12-06 13:07:47,2017-12-19 20:19:11,2018-01-02 00:00:00
098e4bd227693adc9a292cf3a42ea7a4,24c5a5251ee54a54a9497c6e82f321f6,delivered,2018-04-18 10:56:55,2018-04-18 11:10:55,2018-04-20 01:11:32,2018-05-02 23:19:15,2018-05-15 00:00:00
72440dd8694d68e0ec2dd68e3fc3cbab,7ba93cdef10bbf6aac6001d25a90780a,delivered,2018-06-26 19:37:03,2018-06-26 19:50:14,2018-06-29 14:04:00,2018-07-10 16:51:19,2018-07-24 00:00:00
ef1af042323731907ad5d9feea27fc61,e93744b7309b885171f62e915a68d068,delivered,2017-12-22 22:08:25,2017-12-22 22:19:34,2017-12-26 18:39:22,2018-01-03 14:59:24,2018-01-23 00:00:00
959815491185d6d44b4adfb9caaf3b9f,c81491642e6cb5de152793df9069b300,delivered,2017-03-12 11:12:01,2017-03-12 11:12:01,2017-03-14 10:58:26,2017-03-27 12:56:07,2017-04-18 00:00:00
4e2cd0aecbb0fbcc5fc61ed8fc23589c,a0edaa97421af6b1d805a70f13522081,delivered,2017-12-02 16:00:04,2017-12-02 16:17:29,2017-12-05 00:14:29,2017-12-06 13:28:53,2017-12-21 00:00:00
fd038d8e957d1407c9928ef57603146e,87e802b8e48b28d75c1ace4856bec0cc,delivered,2018-01-13 13:48:26,2018-01-13 13:57:29,2018-01-15 20:22:42,2018-01-24 20:53:24,2018-02-20 00:00:00
f01954cab76ef5d938d291d2f1d201e5,e0c162c722b9ee73b89b93199e774b43,delivered,2017-04-14 18:08:15,2017-04-14 18:15:15,2017-04-20 10:44:35,2017-05-27 08:28:54,2017-05-16 00:00:00
22c129d6b11c5113aafece4670d8719d,9eb45fdc6a2ce8a586c45c00c905ba81,delivered,2018-02-11 23:36:34,2018-02-11 23:50:34,2018-02-15 22:23:57,2018-03-06 22:49:41,2018-03-14 00:00:00
f8bebca5df46ac3fa480fef8376fb24b,bb4fbeef783542784ff2f38a4f81ddb0,delivered,2018-02-13 11:08:51,2018-02-15 03:56:00,2018-02-19 17:32:47,2018-02-27 21:08:08,2018-03-08 00:00:00
479374e6d18c89bd20eb4c80cc291fc6,510cfcb8cd118cd47b5eef32337a58ef,delivered,2018-06-18 12:48:25,2018-06-18 13:16:36,2018-06-19 06:58:00,2018-06-22 18:38:37,2018-07-16 00:00:00
73f48f63d3e4f1a7e909c2261194aad2,d40b1c3fb65620fac483a0fa38af1681,delivered,2017-02-15 20:14:24,2017-02-15 20:25:20,2017-02-20 04:06:23,2017-02-23 11:45:22,2017-03-16 00:00:00
9def7a5fa150d19b1aaa252828db8df9,9302b40e3cbf7c43daae0cf4bf7e8895,delivered,2017-04-04 22:33:07,2017-04-04 22:45:14,2017-04-05 14:27:55,2017-04-12 17:38:07,2017-05-08 00:00:00
a59fb8ccaa86ed1735609ef562f2c6e7,eeabcb01e63849e3bbf72d5d7aaf564e,delivered,2017-11-18 09:23:02,2017-11-19 09:15:27,2017-11-24 17:08:06,2017-12-06 11:38:41,2017-12-14 00:00:00
f3e4f521d6a68def7f89c8e9c8898829,7675705e45e86c1b4e8778de97056428,delivered,2017-08-08 13:48:59,2017-08-09 02:50:26,2017-08-16 23:12:04,2017-08-21 17:16:09,2017-08-28 00:00:00
4e2684a10a34219d0106d1623609652c,7e7f09357837fdeeaea18c4605c2be77,delivered,2017-05-06 23:29:14,2017-05-06 23:42:17,2017-05-12 06:27:34,2017-05-22 11:54:50,2017-06-08 00:00:00
bfadb548852a3f28f3beba2245ccd552,77c2c6ca2faadc2662dda8c0b92db8cf,delivered,2018-05-20 12:55:41,2018-05-20 13:10:31,2018-05-21 15:57:00,2018-05-22 16:12:49,2018-06-01 00:00:00
cf785a05b67a9d6bc87e8cb56ec94e77,fbccb4c4114a6cc6255e53ff1970cfd2,delivered,2017-11-04 13:33:13,2017-11-04 14:15:43,2017-11-06 20:35:20,2017-12-21 14:12:08,2017-11-29 00:00:00
223cd404de0ec7eabc319bed69fa1079,176252fec2dd0959a6a9c12ea3868752,delivered,2017-06-23 21:40:02,2017-06-23 21:50:10,2017-06-26 16:32:20,2017-06-30 13:53:42,2017-07-19 00:00:00
24016340d5156f96d37500c78a7fe591,23090a6b2fc85e04dcd36563dcfa1af5,delivered,2017-08-17 15:44:39,2017-08-25 09:30:19,2017-08-29 19:10:50,2017-08-31 20:36:03,2017-08-30 00:00:00
81756fe1903a10b2a5fbb3d843382cf0,3f5d541c043d1dc244fc7fb2bbcc9e67,delivered,2018-02-26 14:07:17,2018-02-26 14:29:49,2018-02-27 20:08:59,2018-03-08 18:16:38,2018-03-22 00:00:00
dd65c324819cce121f105ad9d9afa866,b829fddbce42cead675773ee8daaa179,delivered,2017-04-15 12:12:15,2017-04-18 03:50:58,2017-04-19 14:51:55,2017-04-27 16:30:30,2017-05-19 00:00:00
f5f810c2e855e43855a29906c1cfcfde,fc067032141f0ab1eebb2097755ed067,delivered,2018-06-03 23:24:03,2018-06-03 23:35:10,2018-06-06 05:43:00,2018-06-13 21:07:37,2018-07-16 00:00:00
e494c29003c61332fdf1340bba650cd3,785f931e1fbc5a6c01782f59d9a2fe42,delivered,2017-11-06 11:29:00,2017-11-06 13:31:20,2017-11-07 14:45:25,2017-11-23 16:46:57,2017-12-15 00:00:00
2459150b1b6791d5e62fc0752dcf6b91,7eb46835088fbcb521879c97a9e250c0,delivered,2017-07-06 22:40:27,2017-07-06 22:50:15,2017-07-11 16:44:39,2017-07-21 18:52:19,2017-07-28 00:00:00
ca3a17e05aaef4739aa16cc63be8a117,12168c42925f55a232b6fb7e0bb32007,delivered,2017-08-01 23:30:24,2017-08-01 23:45:07,2017-08-02 20:32:43,2017-08-04 20:33:43,2017-08-21 00:00:00
3b2d986d88e983cc12154191391193ad,7806ee8ce58a419a70fafe0e2400befd,delivered,2018-07-03 15:33:00,2018-07-05 16:05:54,2018-07-04 15:11:00,2018-07-11 05:21:03,2018-08-01 00:00:00
c09dc7da8af0513857f422dcf06a46ae,ebc1ecd2befa0f6f97917b209c14e78d,delivered,2018-05-06 10:44:37,2018-05-08 04:33:34,2018-05-16 12:09:00,2018-06-04 19:55:58,2018-06-06 00:00:00
32a5bc9d3f2a71d05c275cfb8d2adccf,94dbca303a9992cbe54a1a2cb78df2a5,delivered,2017-07-20 13:38:18,2017-07-20 13:55:10,2017-07-26 20:03:26,2017-08-03 17:23:48,2017-08-18 00:00:00
04689f2d82bbf4efb4cd3300961d4211,76621e79f527ea4202b8f05ee88ecd54,delivered,2017-06-11 19:43:03,2017-06-11 20:05:10,2017-06-12 19:27:47,2017-06-19 21:07:41,2017-07-12 00:00:00
ae6bb3767e72eb4b280e50c3d46ed9ba,f8de0ee717bedd4c6d63936c7ed0250f,delivered,2018-07-27 11:51:29,2018-07-28 11:45:13,2018-07-30 14:43:00,2018-08-03 11:58:52,2018-08-16 00:00:00
64ec5cf30ebdfb09f6c023919646545f,0ee225c7d86cc69c69f5ba43f36a3696,delivered,2018-07-13 13:55:49,2018-07-17 07:31:31,2018-07-17 11:29:00,2018-07-26 15:03:12,2018-08-08 00:00:00
d2b4c76c2ccfe2f70c1488434a362f56,c3cb9c415a6e5d99f82ade12a9bad4ef,delivered,2018-08-13 08:33:20,2018-08-13 08:55:26,2018-08-14 14:09:00,2018-08-20 22:38:24,2018-09-03 00:00:00
5dea3bf3570049323c58794169b7638c,1624ad809098f4d1504b6115b8073660,delivered,2018-02-05 09:38:08,2018-02-07 02:52:16,2018-02-21 02:35:48,2018-03-02 15:23:13,2018-03-02 00:00:00
0a6e242b5cf18e140304453da637866b,e11c517db05b111d2682bcb3ab61e327,delivered,2017-12-10 10:15:54,2017-12-12 03:38:24,2017-12-12 21:03:32,2017-12-27 10:07:19,2018-01-23 00:00:00
c08f913d8edeabde7839e5b6a953ecf3,e62addf0b004f6b6785542df9821b423,delivered,2018-03-18 22:38:10,2018-03-18 22:50:40,2018-03-21 00:25:47,2018-03-22 18:59:54,2018-04-02 00:00:00
72221bc9de65dc6a45b9156909d2b6c9,62ba6f8841829d032db206fd02c03406,delivered,2017-07-22 18:37:52,2017-07-25 03:35:09,2017-07-26 11:12:32,2017-07-31 19:19:59,2017-08-15 00:00:00
7944a40f993592120589ebe482ba7b1d,60c394acebd6100502ef3258182dc805,delivered,2017-04-12 17:43:27,2017-04-12 17:55:13,2017-04-13 09:00:55,2017-04-19 13:38:53,2017-05-09 00:00:00
063de687a6d9389fb6f6934d19d447f8,526633186ddc00e185c117db06d78d33,delivered,2018-06-30 21:40:36,2018-06-30 21:50:16,2018-07-02 12:13:00,2018-07-09 16:38:34,2018-07-16 00:00:00
3c39f4ac4b4520bfaaba2cee448cd823,01d259010afdcc421652fd14d9ea6d6c,delivered,2018-03-08 04:06:12,2018-03-08 04:29:18,2018-03-09 19:03:41,2018-04-28 16:26:44,2018-03-28 00:00:00
