product_id,product_category_name,product_name_lenght,product_description_lenght,product_photos_qty,product_weight_g,product_length_cm,product_height_cm,product_width_cm
37cc742be07708b53a98702e77a21a02,eletrodomesticos,57.0,163.0,1.0,400.0,27.0,13.0,17.0
1eba879220bd0981a0e2fbab499ed4e1,moveis_escritorio,57.0,476.0,1.0,8950.0,52.0,51.0,17.0
1e5428c428e0f783acd6e3d94ba4ee2a,pcs,55.0,1067.0,1.0,12000.0,27.0,50.0,53.0
6ddc95e87149457c4c5177b0a474a9ba,moveis_decoracao,47.0,1405.0,3.0,150.0,35.0,2.0,25.0
c33d78b97260227119fb2b71be168fca,cama_mesa_banho,39.0,170.0,1.0,650.0,27.0,10.0,22.0
6f0169f259bb0ff432bfff7d829b9946,casa_construcao,58.0,918.0,6.0,1050.0,16.0,20.0,16.0
b6f3b8136ba8302906df7e11ff908751,pet_shop,36.0,617.0,1.0,1350.0,23.0,7.0,30.0
ac5bae85a895724330c4acddd581b02b,telefonia,50.0,1254.0,2.0,500.0,16.0,15.0,11.0
e0bbe6292471ff5ab3752414baf78111,relogios_presentes,43.0,572.0,2.0,500.0,16.0,11.0,11.0
dd768d259ee6054e0dadd66c8e2be0b6,cama_mesa_banho,52.0,700.0,2.0,350.0,16.0,10.0,16.0
db7e6804f1a8206a7e51c9a741a09d9e,brinquedos,51.0,410.0,2.0,300.0,24.0,11.0,24.0
4473f3e5c65952b074ef987fa5c24662,telefonia,59.0,776.0,6.0,350.0,17.0,4.0,12.0
4c6018f41a6c2e5543cc034e94f5ce5b,ferramentas_jardim,44.0,2395.0,1.0,16500.0,40.0,25.0,26.0
bbaef2eadf31fe3ea6702077398be06c,perfumaria,45.0,1003.0,2.0,400.0,18.0,11.0,11.0
7aeb83cae61b0e94e6426cba2598ad9e,utilidades_domesticas,55.0,471.0,2.0,1270.0,17.0,14.0,17.0
0e40b1ed4cfd3da1962ec91913e54ba8,eletronicos,52.0,424.0,1.0,175.0,22.0,11.0,15.0
d394d30215872be4cda2c67c1ce5b981,esporte_lazer,37.0,621.0,5.0,250.0,20.0,20.0,20.0
0a17941f41b99d2f070fab54b458a4a4,malas_acessorios,28.0,453.0,1.0,300.0,16.0,23.0,19.0
e2c3ed9aaddfd2312a6a5fe9b3ddadd3,brinquedos,53.0,579.0,1.0,675.0,22.0,24.0,21.0
a1bf559ac1eab015ba992bd76d9d76c7,informatica_acessorios,32.0,1074.0,2.0,200.0,39.0,2.0,30.0
23ab7bb9eac81e85ec43ed71064cf7ce,cama_mesa_banho,55.0,613.0,1.0,550.0,16.0,10.0,16.0
78119fbfa709d07b86f5ccf15043c6d6,cool_stuff,43.0,447.0,2.0,586.0,18.0,11.0,13.0
c6336fa91fbd87c359e44f5dca5a90ed,esporte_lazer,39.0,772.0,1.0,150.0,16.0,16.0,11.0
f16ced867a24a244afefb5b867f337df,fashion_bolsas_e_acessorios,38.0,487.0,2.0,13600.0,26.0,60.0,40.0
b0cd550945da1de6eb9cb69595d540df,esporte_lazer,55.0,1392.0,1.0,900.0,16.0,16.0,16.0
3c2f792f1041177a81913a977431a99e,eletronicos,40.0,549.0,1.0,200.0,20.0,20.0,20.0
fa9cf28beaafe4f4bec59550f6c76481,moveis_decoracao,47.0,470.0,3.0,400.0,35.0,6.0,15.0
ad19bca6e0f1919433d7e21d534ddb50,livros_interesse_geral,42.0,1109.0,1.0,900.0,18.0,25.0,16.0
a453b4ccccf554efba31d5ada5a59a60,telefonia,60.0,818.0,6.0,300.0,17.0,4.0,12.0
5563f6b699b362e1bd6a2e1e650f52bd,livros_tecnicos,60.0,1265.0,1.0,2050.0,29.0,5.0,21.0
7e437c1d65a7baab7e7ca6c9f4e98b84,beleza_saude,57.0,1571.0,1.0,2150.0,28.0,32.0,11.0
f159439c5c382fae366d444e05c590c1,perfumaria,52.0,365.0,1.0,400.0,18.0,18.0,12.0
bcb815bba008d89458e428078c0b9211,,,,,150.0,16.0,2.0,11.0
f28fd17099749b33b6e5081515b2e797,cama_mesa_banho,44.0,421.0,1.0,550.0,30.0,5.0,25.0
4723ab93377036eb7e0c15dfca8c8ce6,telefonia,50.0,561.0,3.0,200.0,19.0,3.0,12.0
89f46d1e213867388c2fac6078f5c06d,fashion_roupa_feminina,43.0,754.0,2.0,500.0,16.0,2.0,11.0
b687f7d54b34a215172bf55f9584584a,ferramentas_jardim,49.0,374.0,1.0,900.0,30.0,10.0,20.0
0eb8e03d4ef83152c4642b606b5bbdec,moveis_decoracao,47.0,348.0,1.0,2900.0,40.0,10.0,35.0
37d2e3656244fd840ebd0460360455cd,papelaria,36.0,215.0,1.0,700.0,45.0,10.0,31.0
67ff96903c597ba4b1d7f668734bc3a4,construcao_ferramentas_jardim,34.0,376.0,1.0,65.0,17.0,12.0,17.0
8375cac77900898b899b33ef7b966bb0,cama_mesa_banho,35.0,2618.0,1.0,1200.0,16.0,22.0,11.0
00a985c524adbb97a4211e4ce17aabec,telefonia,58.0,734.0,3.0,250.0,17.0,4.0,12.0
bae8ac5e125a98fe445bc17714104709,malas_acessorios,57.0,455.0,3.0,10700.0,40.0,100.0,16.0
f7740e5b4337a3cc4a8a204553101a85,beleza_saude,43.0,876.0,2.0,543.0,30.0,12.0,16.0
64cb768ce668c3df58334a28d528b754,brinquedos,41.0,517.0,1.0,875.0,65.0,23.0,20.0
3932e37f1f658768ac53fbe680f145bc,cama_mesa_banho,60.0,850.0,1.0,1100.0,40.0,10.0,30.0
d3f4f3de0f4576184674937d1e9cecca,brinquedos,51.0,122.0,4.0,450.0,20.0,31.0,30.0
53b36df67ebb7c41585e8d54d6772e08,relogios_presentes,33.0,523.0,3.0,584.0,16.0,11.0,13.0
98600823ba81f3ba76386dac7c31ee06,beleza_saude,47.0,1115.0,3.0,125.0,24.0,12.0,20.0
036734b5a58d5d4f46b0616ddc047ced,telefonia,58.0,751.0,5.0,300.0,17.0,4.0,12.0
3ac52f93c2299daa201fbb7ff36546f7,informatica_acessorios,60.0,401.0,2.0,150.0,16.0,5.0,15.0
cc3181a81384b6fc34602d49cb6068a6,eletrodomesticos_2,33.0,94.0,1.0,18450.0,68.0,21.0,42.0
28b5eddd0f9eb2e6a7dd8a36e0a79828,utilidades_domesticas,60.0,279.0,1.0,300.0,35.0,4.0,15.0
31d6f0a621ee145ae8c70304cf564483,relogios_presentes,54.0,691.0,2.0,200.0,16.0,2.0,11.0
be19e1611a6015a66266d199ff3ccce0,consoles_games,38.0,456.0,1.0,150.0,29.0,2.0,16.0
50571d0f0f8ffbeec1c64cefeec01135,fashion_bolsas_e_acessorios,58.0,526.0,5.0,350.0,43.0,16.0,27.0
52261c8a90724edab7b960c69dbf7a9c,utilidades_domesticas,24.0,761.0,4.0,950.0,21.0,27.0,21.0
9739d07ec835e1c66eedb9a6df402bd5,cool_stuff,44.0,354.0,5.0,900.0,43.0,21.0,26.0
6d07236d4abe99b5b1cbf368971bf6e7,brinquedos,49.0,170.0,6.0,200.0,17.0,7.0,12.0
edffab3eae08991a067c2c7664821661,moveis_decoracao,55.0,1646.0,1.0,300.0,16.0,6.0,11.0
a8115d34a4b7b74388da609692162c37,informatica_acessorios,34.0,1080.0,2.0,250.0,41.0,2.0,29.0
6965419e0d5116b685c3f825e4752231,informatica_acessorios,34.0,774.0,1.0,900.0,36.0,9.0,11.0
d248fe1e952b5b5d62572369cc23ac3c,relogios_presentes,34.0,608.0,3.0,600.0,23.0,19.0,15.0
ea44caac707f7f1325182a538007f838,bebes,59.0,809.0,5.0,6600.0,45.0,25.0,35.0
8ccac7e503c0ba1f7e7b3aafeae52cca,moveis_decoracao,35.0,596.0,4.0,5500.0,32.0,32.0,32.0
f71c0f4ee48321ba6b82205b2fc9e08f,moveis_decoracao,30.0,669.0,4.0,975.0,35.0,25.0,21.0
812f428f6757ab16c46cffc68f2e90c5,moveis_decoracao,53.0,1991.0,2.0,600.0,60.0,7.0,14.0
d951b7ee80638f0b34111a091327be42,perfumaria,54.0,522.0,1.0,150.0,16.0,12.0,11.0
f2a949f938c95d18433bebfb12afe395,automotivo,60.0,1657.0,3.0,650.0,16.0,21.0,18.0
9256d5ffeddcdb1ee516de53414ff1a2,telefonia,59.0,540.0,3.0,300.0,17.0,4.0,12.0
31a2f42a87890f87d77daebdfabc182e,brinquedos,58.0,419.0,5.0,1700.0,30.0,35.0,25.0
a8d952e8e5436a6fe36d24c402d100de,telefonia,60.0,540.0,6.0,300.0,17.0,4.0,11.0
bd9fca6bf4bdcbf4094d7bc11415dfe5,eletroportateis,47.0,2378.0,6.0,4683.0,45.0,29.0,22.0
e94d9f48ab491b190c0f0bdbd12830ae,relogios_presentes,56.0,559.0,2.0,215.0,19.0,13.0,19.0
2bb3e85f2a403543fdb64e266e70c792,brinquedos,57.0,925.0,5.0,19450.0,45.0,50.0,45.0
672bdce161930b1c72890c619224376a,fashion_bolsas_e_acessorios,27.0,542.0,2.0,1000.0,20.0,20.0,20.0
2d27434c710806b971a721da337a112a,relogios_presentes,58.0,401.0,2.0,200.0,16.0,2.0,20.0
3606696d19bbcad6cb6c0e985749862f,automotivo,56.0,882.0,4.0,450.0,16.0,9.0,15.0
962a6951154f98f2c8e9a5b8b2bcf4a9,moveis_decoracao,47.0,610.0,1.0,2550.0,30.0,35.0,30.0
e4d1cdc6559e08672c98c73a21305521,esporte_lazer,52.0,303.0,1.0,150.0,25.0,5.0,20.0
3bb8427f7700385308f42cfcf4c8d10d,consoles_games,58.0,1388.0,2.0,700.0,25.0,25.0,16.0
7b85e3deef35afd6ebed5461ee8f0641,informatica_acessorios,56.0,617.0,1.0,1583.0,18.0,15.0,12.0
1349eb7b72fc4394d408917c76464af8,bebes,41.0,243.0,1.0,133.0,21.0,8.0,14.0
c59f580bd1844c1f634ce410bda0a6ea,moveis_decoracao,42.0,1405.0,3.0,150.0,35.0,2.0,25.0
431dc11c26a67c6a49e81cee84f35b28,consoles_games,47.0,1338.0,2.0,600.0,18.0,12.0,18.0
d48bacc1dcd9c86bf1ed4ed2a303336c,brinquedos,52.0,752.0,3.0,1232.0,38.0,18.0,25.0
f6e0b7ccc34e4decc1b855f8da06a5fc,brinquedos,59.0,257.0,3.0,900.0,30.0,4.0,20.0
8f79800a347de2da5104a414bc791a0b,ferramentas_jardim,41.0,515.0,1.0,400.0,30.0,15.0,20.0
06c38a87544301cba8b0fb5a0796383d,brinquedos,45.0,553.0,5.0,2300.0,98.0,12.0,20.0
5fb0031ce4395d307321919f71ffbdf7,beleza_saude,29.0,682.0,3.0,859.0,25.0,20.0,18.0
b980f3256c981fc178514325143b1fc8,informatica_acessorios,59.0,1130.0,2.0,243.0,17.0,15.0,12.0
d696750e550fd0f733979dd7e5dff921,utilidades_domesticas,44.0,916.0,2.0,950.0,53.0,5.0,13.0
ead3077a141a9c800d6a4bb9d0d415b6,cama_mesa_banho,60.0,662.0,1.0,1150.0,22.0,4.0,28.0
ea5774e69135147e6f0e1eb593d9b105,beleza_saude,55.0,1202.0,3.0,500.0,20.0,10.0,20.0
173e9fe34bfe97f3a5e6dc57fe897b74,livros_tecnicos,36.0,890.0,1.0,950.0,29.0,3.0,21.0
9d395a6bc9dbad2dfe60c8c92d8df397,moveis_decoracao,59.0,2001.0,3.0,850.0,69.0,11.0,11.0
20ed63974a9207895b4e56993e5a9a3c,moveis_decoracao,34.0,259.0,2.0,5700.0,40.0,30.0,40.0
5135301d684848b74276f22afcc6781c,utilidades_domesticas,49.0,1012.0,2.0,500.0,24.0,20.0,23.0
601a360bd2a916ecef0e88de72a6531a,cool_stuff,33.0,897.0,1.0,1600.0,42.0,25.0,15.0
9f6e8441548dd40516cdb98f1b29c3d5,,,,,2700.0,44.0,13.0,44.0
e251a68000f75257cf9ef16bcea51976,papelaria,44.0,207.0,1.0,200.0,21.0,7.0,14.0
bfc59c5d8a26d129f82fbc5207fcd676,cool_stuff,53.0,330.0,1.0,2000.0,35.0,44.0,19.0
f4b952dd7ab601c02bb1bd06395f45f6,relogios_presentes,53.0,301.0,2.0,1183.0,23.0,5.0,26.0
06cd420a1b028388e0bf1f78daf20411,ferramentas_jardim,36.0,844.0,1.0,2850.0,22.0,15.0,14.0
43fbb9403319de5e660094ddbe8cc0a4,informatica_acessorios,46.0,468.0,2.0,150.0,19.0,5.0,13.0
8da77162e41d47464f9806727417cf6e,cama_mesa_banho,58.0,293.0,1.0,3600.0,50.0,10.0,30.0
8f7ae8d7845cdabafb4b6f20d8bc5a43,esporte_lazer,41.0,785.0,2.0,700.0,16.0,12.0,22.0
38ad86e536a0e27c5a4d2dc30964259d,telefonia,60.0,540.0,2.0,300.0,17.0,4.0,12.0
b17a4e7b997ea645dd323bb1bed802ac,,,,,600.0,24.0,4.0,15.0
e27c4dd075a521097a085bced0631ce7,moveis_sala,31.0,618.0,2.0,9750.0,27.0,15.0,92.0
e26445edc4d665a7950a4b60461fc58d,livros_interesse_geral,31.0,710.0,7.0,1000.0,22.0,28.0,16.0
154e7e31ebfa092203795c972e5804a6,beleza_saude,48.0,575.0,1.0,100.0,20.0,15.0,15.0
b5034cecd2d602fcc8175e8fe0988a3d,automotivo,56.0,361.0,1.0,200.0,35.0,4.0,26.0
d6061ffaf719f75dd074a637c535b644,casa_conforto,53.0,1180.0,2.0,1850.0,45.0,15.0,12.0
2535db191954746776aa1f51dc1a9651,beleza_saude,43.0,341.0,1.0,350.0,18.0,14.0,15.0
cdfbf89ab41de77f2bc60c0194c00d37,telefonia,51.0,446.0,1.0,124.0,22.0,5.0,16.0
db8416b29581dc9ccea5e43e59fda317,perfumaria,46.0,534.0,7.0,1850.0,35.0,26.0,26.0
c5f80e9b4f6f51bc7cdb5d004643262a,beleza_saude,58.0,767.0,5.0,8900.0,38.0,88.0,30.0
9c9c0e6325bd947d1468817769ed4197,informatica_acessorios,36.0,971.0,1.0,450.0,21.0,16.0,16.0
336090aa9bdfdc02b01b154b2d0abda2,eletronicos,58.0,219.0,3.0,600.0,16.0,5.0,20.0
1c33c71830d320620439a3236a1c4ae1,livros_interesse_geral,54.0,2931.0,3.0,2200.0,19.0,26.0,11.0
3a21e6f5a154a5b03b6edb8fc6b24c5d,bebes,58.0,585.0,2.0,220.0,23.0,9.0,17.0
19c91ef95d509ea33eda93495c4d3481,beleza_saude,50.0,1257.0,1.0,700.0,25.0,12.0,19.0
90ef6790cfc145cf45f9c476d1f47af0,papelaria,49.0,241.0,3.0,6100.0,60.0,20.0,29.0
03d4233b9e3382adaed9e5c58626f1dc,moveis_decoracao,59.0,566.0,1.0,200.0,35.0,10.0,20.0
79ce45dbc2ea29b22b5a261bbb7b7ee7,beleza_saude,27.0,152.0,2.0,1000.0,25.0,6.0,12.0
086351823300e0339f6955b27998c186,cama_mesa_banho,49.0,189.0,1.0,3305.0,65.0,12.0,45.0
3846c262ddb08db0ea2cc1a1685590ff,,,,,600.0,18.0,18.0,18.0
ad59cb0673bceac69f32635f227b2ddb,market_place,35.0,382.0,1.0,285.0,19.0,13.0,15.0
c2fb73db15e28aa021dcf7b2856fef27,bebes,52.0,704.0,4.0,3600.0,60.0,20.0,50.0
83d199d296c44101c8c3b5c9c0cce9ea,brinquedos,26.0,855.0,2.0,500.0,18.0,6.0,21.0
371c121dc86b3821f720e7dbe1928207,papelaria,59.0,504.0,4.0,150.0,22.0,5.0,12.0
12181424582d4d4233622caeddcae843,informatica_acessorios,53.0,326.0,4.0,1450.0,56.0,12.0,25.0
08c816d9a716567bf436173ef6f5f12e,eletronicos,60.0,740.0,1.0,150.0,18.0,12.0,15.0
2add772ac1b21ad0f2a8f7bfda8723db,cama_mesa_banho,55.0,610.0,3.0,7550.0,60.0,30.0,60.0
7eb9c68704af5effea1cee6f3a6b4b4b,fashion_calcados,54.0,404.0,4.0,900.0,22.0,12.0,33.0
ede062bcd13ef64b5cc87369e4edaf62,beleza_saude,58.0,391.0,1.0,250.0,16.0,5.0,15.0
6d313b6e250189718db2169e5e3a38c2,bebidas,43.0,1680.0,1.0,375.0,20.0,12.0,15.0
3a53c1796dd7e4050fdfd2f5d4c90f70,pet_shop,57.0,2358.0,6.0,6350.0,56.0,20.0,34.0
acdd408fe971bbe29a81f8febb575ffc,eletronicos,50.0,237.0,1.0,175.0,20.0,16.0,18.0
783caabd539c4079ec08423e30719fba,construcao_ferramentas_iluminacao,56.0,1512.0,6.0,500.0,35.0,14.0,23.0
044f125d78e0a631b0479182a37aab8c,esporte_lazer,57.0,574.0,6.0,550.0,30.0,16.0,16.0
3f0376e782caf27ef19342d8e5c7e6f5,eletronicos,46.0,401.0,1.0,150.0,22.0,11.0,16.0
192a2c0fed2f8bed34ad458a073ed376,utilidades_domesticas,63.0,309.0,3.0,1300.0,17.0,30.0,35.0
6803077179d24889430188e03fafd31a,eletronicos,48.0,287.0,1.0,100.0,23.0,8.0,18.0
2f465f0f879ab88842042a85bac3a937,moveis_escritorio,56.0,740.0,2.0,30000.0,51.0,66.0,63.0
d2f1cd931c7b76fefa93547cc1b4881b,moveis_decoracao,55.0,320.0,1.0,850.0,40.0,5.0,11.0
88dd63919fc9ab693803578a04a20209,informatica_acessorios,58.0,395.0,1.0,217.0,16.0,14.0,14.0
1e618d311a1b7f88a9d96ec50aa85582,utilidades_domesticas,42.0,540.0,4.0,9950.0,31.0,61.0,31.0
d585c50d622ff40b4d69959caa42a5a3,beleza_saude,50.0,1580.0,1.0,1036.0,20.0,19.0,14.0
4e5dc46fe4e31dd605f374ee43f0268e,pet_shop,46.0,2381.0,3.0,400.0,30.0,20.0,20.0
0dabe0ee04aa9d25592cbb5b585e698c,industria_comercio_e_negocios,58.0,1930.0,1.0,4050.0,30.0,20.0,30.0
78efe838c04bbc568be034082200ac20,moveis_decoracao,57.0,272.0,1.0,2500.0,40.0,10.0,30.0
235b4ddb049ab79478e058d0d3609bae,relogios_presentes,58.0,884.0,6.0,500.0,16.0,11.0,12.0
a8828da272eadaa78eed16beefd526fa,moveis_decoracao,56.0,1749.0,4.0,1300.0,65.0,3.0,45.0
16ed6a6e3fce23b741650437fe58d65b,utilidades_domesticas,49.0,1226.0,1.0,750.0,35.0,15.0,35.0
7bdb28a55646012fb3348058d629d9bc,instrumentos_musicais,55.0,541.0,3.0,2750.0,103.0,12.0,17.0
e9eca3b15e6ebb8296666ab1254b504e,esporte_lazer,31.0,3822.0,1.0,680.0,17.0,17.0,15.0
ceb25e5f3be12c14a1c69bd9e9e0f67f,brinquedos,51.0,1510.0,7.0,318.0,19.0,23.0,18.0
742778ff0ce574b84b7ed2fb0788cfd2,esporte_lazer,49.0,1089.0,1.0,275.0,25.0,15.0,19.0
bad02bda4c5cc1c81501022f3b06101c,moveis_decoracao,38.0,723.0,11.0,1100.0,30.0,31.0,30.0
5d52927f3cf2e3266c5dd6e4d2dd566a,telefonia,52.0,526.0,5.0,200.0,21.0,6.0,13.0
bd66403f5f11696c897a825d5235697f,esporte_lazer,60.0,528.0,2.0,274.0,18.0,12.0,15.0
da09111354db562f50dffb0476a96828,alimentos_bebidas,42.0,262.0,2.0,450.0,16.0,13.0,13.0
97017430754804328eb9597b7f85da03,telefonia,60.0,818.0,5.0,300.0,17.0,4.0,12.0
f27aff266ad97e75d4a24c893b2c311e,eletrodomesticos_2,55.0,1345.0,6.0,8850.0,45.0,33.0,35.0
9d8a0e115e802d845b4ce1eb794d1260,esporte_lazer,30.0,2299.0,1.0,150.0,20.0,10.0,15.0
4745d118bc09758d0a4bf795b7bb5cb7,fashion_bolsas_e_acessorios,57.0,676.0,4.0,150.0,17.0,9.0,17.0
a7f67835c76b6bdd6950e1322c4b3900,esporte_lazer,56.0,574.0,6.0,250.0,30.0,16.0,16.0
b11cfc408f43a71b16c2288e79172244,cool_stuff,53.0,530.0,4.0,300.0,16.0,11.0,11.0
5c0826f946c32406d5baa79544668b4c,eletroportateis,39.0,873.0,2.0,1200.0,20.0,15.0,25.0
236fdb1c273caaa9a7dbff8111e6a4e1,moveis_decoracao,55.0,412.0,1.0,7450.0,52.0,18.0,35.0
f60e19fc3b0ee38735e6a6fefe937bdf,sinalizacao_e_seguranca,58.0,144.0,2.0,150.0,20.0,2.0,28.0
f7fb8cbbcb9cd35f6fc536c77ae02ebe,cama_mesa_banho,59.0,277.0,1.0,2000.0,45.0,15.0,35.0
e7d26dd6742baca292020c158e6720c3,malas_acessorios,40.0,124.0,1.0,450.0,24.0,47.0,34.0
2cab5fb805c35e09a71fc411c7849ec2,brinquedos,55.0,816.0,4.0,1000.0,37.0,35.0,25.0
270516a3f41dc035aa87d220228f844c,beleza_saude,45.0,232.0,3.0,800.0,21.0,4.0,15.0
f422d0d9f8b5f7c27289382b14b61248,brinquedos,63.0,361.0,3.0,1800.0,38.0,12.0,35.0
93c902b021a9e594f658ab1b0351602a,eletronicos,60.0,390.0,7.0,1250.0,26.0,10.0,18.0
07c055536ebf10dfbb6c6db6dbfc36e5,moveis_decoracao,59.0,473.0,1.0,600.0,30.0,3.0,20.0
5ed9eaf534f6936b51d0b6c5e4d5c2e9,cool_stuff,51.0,693.0,3.0,600.0,20.0,20.0,21.0
656e0eca68dcecf6a31b8ececfabe3e8,informatica_acessorios,45.0,236.0,1.0,173.0,18.0,13.0,12.0
aaa391b7c35a628a6318851e8e933e0b,,,,,200.0,16.0,2.0,11.0
2a15783d3cb601f8d9a6a86806b037b3,bebes,47.0,1080.0,1.0,600.0,38.0,5.0,33.0
6ca32b4631431cb1fe976880797a0f5c,pet_shop,19.0,619.0,6.0,5350.0,50.0,30.0,40.0
fa3bea10a666ef8afb1557f5e866b719,esporte_lazer,9.0,254.0,1.0,150.0,28.0,6.0,14.0
2a5806f10d0f00e5ad032dd2e3c8806e,moveis_escritorio,46.0,1350.0,1.0,11875.0,57.0,55.0,22.0
b1035b3d307f0aeb6157fdd3e09f8119,telefonia,55.0,395.0,3.0,375.0,18.0,13.0,16.0
81a3f1e46ec16acb4800a5002b014438,perfumaria,55.0,696.0,1.0,550.0,16.0,10.0,11.0
d2efc686acbf02ce6200ee423516f0d0,automotivo,56.0,344.0,5.0,100.0,19.0,7.0,16.0
61509eaebb2d4bd1a7511b1a75703f8c,utilidades_domesticas,50.0,500.0,1.0,300.0,25.0,2.0,17.0
2028bf1b01cafb2d2b1901fca4083222,perfumaria,54.0,1536.0,2.0,250.0,20.0,8.0,21.0
5f0bdec2fb222061ed8fe52586a5957d,telefonia,42.0,660.0,1.0,113.0,18.0,4.0,11.0
5929e483b6df44414c047cac38873fe6,esporte_lazer,22.0,300.0,2.0,650.0,60.0,10.0,20.0
8b51c6ccc9c0548c951214e1cd1547ff,cama_mesa_banho,58.0,678.0,1.0,1000.0,28.0,14.0,16.0
3225c54bb2785c33f49f50398fcdb88c,relogios_presentes,47.0,547.0,1.0,269.0,17.0,11.0,13.0
94d1135483ece2c7493dd8f6b4ad7454,casa_construcao,55.0,1626.0,3.0,15000.0,60.0,50.0,50.0
40df4be4429553e18755913ac3cfeac5,instrumentos_musicais,44.0,546.0,3.0,1450.0,32.0,14.0,27.0
8828464e34fc3da3892f568218e14d61,beleza_saude,60.0,3244.0,1.0,3575.0,21.0,18.0,22.0
f38c674135b439b1d2deb1d68da9f4e6,automotivo,57.0,1412.0,9.0,600.0,20.0,10.0,15.0
01c9a70868bec5b748c67fcc26ce5895,brinquedos,39.0,601.0,2.0,750.0,30.0,17.0,30.0
7c1bd920dbdf22470b68bde975dd3ccf,beleza_saude,59.0,492.0,2.0,200.0,22.0,10.0,18.0
3a135477bf41350a0b1d8afdf616d446,brinquedos,56.0,928.0,3.0,600.0,52.0,9.0,19.0
e5eadf9be70a4a9fa514019542fc330a,eletrodomesticos,48.0,543.0,2.0,1200.0,35.0,20.0,30.0
63085bb4366ded27bcb63cbb59b4103a,bebes,53.0,872.0,2.0,13100.0,38.0,47.0,44.0
35b265fd684b08f6f780239bf05a390b,moveis_decoracao,56.0,1042.0,6.0,1170.0,22.0,12.0,20.0
e33df02e384487f2bcd3788619f89215,utilidades_domesticas,48.0,274.0,1.0,350.0,20.0,30.0,30.0
6c81db10f914c4d032b14fa93aa0a818,fashion_bolsas_e_acessorios,56.0,198.0,4.0,150.0,16.0,16.0,16.0
283fdfa75f7a2ae01b4dec87edd065eb,relogios_presentes,33.0,1128.0,2.0,250.0,19.0,14.0,16.0
3b82e71cc658bc6deadebef95075ac55,bebes,48.0,395.0,1.0,350.0,25.0,5.0,17.0
9aa9caee155847cddb376a05b9a39791,telefonia,60.0,777.0,6.0,300.0,17.0,4.0,12.0
de80c37c338574091896b7fdc81dc376,beleza_saude,49.0,1045.0,1.0,333.0,17.0,17.0,15.0
f15c46e2da924b1fc76fe638911262bc,consoles_games,49.0,1944.0,1.0,650.0,16.0,16.0,16.0
b3e40ff639c185b9d726b4b19c17e6cd,cool_stuff,55.0,934.0,1.0,2150.0,42.0,25.0,15.0
57f2bc497c1a3ebe41ba7a06d78ed159,relogios_presentes,55.0,336.0,4.0,250.0,16.0,2.0,20.0
d2e8130fbec52f5dac0571ea1993f28a,informatica_acessorios,56.0,1199.0,3.0,525.0,23.0,11.0,16.0
6f2d7833b8f0a094571ebddebdc6623a,telefonia,60.0,298.0,7.0,350.0,17.0,4.0,13.0
7a22c18ef5b314ac41161a5598c05352,automotivo,60.0,841.0,2.0,1850.0,95.0,16.0,35.0
138d7037b59dcee052810952c983033b,esporte_lazer,50.0,621.0,1.0,1400.0,21.0,16.0,16.0
0f0c4960b05d6145bbb4b348423503ef,eletronicos,32.0,139.0,3.0,1700.0,32.0,5.0,26.0
d71dee111aab947d8d1216505f130d8e,moveis_decoracao,15.0,856.0,1.0,5300.0,57.0,15.0,37.0
9565229244e9341fb8c8069879cf73cd,cama_mesa_banho,60.0,234.0,1.0,1700.0,34.0,7.0,32.0
064d09b1de34c17dbacfa4096f79f256,ferramentas_jardim,55.0,992.0,1.0,400.0,16.0,7.0,16.0
50565731f3aeea3f334d15ab5bb98546,utilidades_domesticas,57.0,399.0,2.0,400.0,20.0,11.0,11.0
ee6c49af1a2de55aa0e076257ab4ab99,informatica_acessorios,47.0,956.0,1.0,140.0,22.0,14.0,14.0
ffe013e1b4603e3b0b02fbb159d5b400,esporte_lazer,43.0,281.0,2.0,6600.0,22.0,12.0,12.0
2109e8aeedbade2096a471740fb9e798,moveis_decoracao,45.0,640.0,1.0,10150.0,45.0,30.0,45.0
ec2d43cc59763ec91694573b31f1c29a,cama_mesa_banho,38.0,735.0,5.0,800.0,20.0,20.0,20.0
9ab817d90bc61ed772ffea01b4cdcdb6,beleza_saude,57.0,1262.0,1.0,450.0,20.0,12.0,12.0
abaa4c2633cbc40dda16b575531db57b,relogios_presentes,59.0,1015.0,1.0,500.0,20.0,12.0,15.0
322c315bc0661c64fdcab7a70dbc0354,consoles_games,60.0,578.0,4.0,1000.0,20.0,30.0,20.0
61b5c300f3e56ac6bda4cb54de396f9b,telefonia,33.0,286.0,1.0,200.0,25.0,2.0,18.0
679a3e5e1d2bb68982be5734c6e55e63,casa_construcao,57.0,565.0,4.0,800.0,38.0,38.0,22.0
78f3531b3a1bfef3513d4f344e0c88d0,moveis_decoracao,56.0,183.0,1.0,2300.0,40.0,10.0,30.0
f2f411f86bd5bd427e28e2a30771761f,cama_mesa_banho,58.0,188.0,1.0,1150.0,44.0,2.0,35.0
c1ad8ac66c91ad301cefc322ba2adf31,relogios_presentes,44.0,371.0,2.0,757.0,19.0,14.0,15.0
42a2bd596fda1baef5719cb74f73030c,cama_mesa_banho,60.0,188.0,1.0,1300.0,44.0,2.0,35.0
4724ffa427f315c485e39b02e21859b2,beleza_saude,52.0,1059.0,6.0,550.0,16.0,9.0,11.0
fa381a4a9af65ea5fc8f3829214045f9,esporte_lazer,60.0,1351.0,7.0,3050.0,62.0,10.0,22.0
b114bf337c0626166abe574eee9e3f32,moveis_escritorio,47.0,1398.0,1.0,13350.0,57.0,56.0,22.0
144266e1585320d057797a369596bb8b,cool_stuff,39.0,765.0,2.0,1925.0,30.0,32.0,27.0
79e42c4fa2bde6e0c828d23c4fb7df35,instrumentos_musicais,57.0,962.0,4.0,900.0,42.0,8.0,40.0
09dbbe2c4f26cad4d560aea043f9632c,bebes,32.0,1531.0,2.0,800.0,40.0,30.0,50.0
6f46359e56f51d5deded13adcd1c255c,beleza_saude,42.0,437.0,1.0,650.0,16.0,16.0,16.0
c9af29e8a0c52866bb2c9f5f6344d9b2,moveis_decoracao,58.0,2037.0,2.0,650.0,69.0,11.0,11.0
09c3a2ea33f044aebffecd6681e00133,moveis_decoracao,45.0,494.0,1.0,1150.0,35.0,23.0,35.0
85df978207ed4024ea16570dbb64fd6e,cool_stuff,33.0,385.0,2.0,100.0,20.0,6.0,15.0
fca62108387e25005784da2f551466a1,moveis_decoracao,42.0,87.0,3.0,14600.0,84.0,8.0,84.0
2de5c479fb0c490a0f2a2f3ab36e71b6,ferramentas_jardim,56.0,511.0,6.0,1050.0,22.0,21.0,16.0
3b8b957801a5b4bca1a4f5d1f5d32aef,telefonia,30.0,350.0,3.0,100.0,20.0,4.0,15.0
729a75e5cb63f785e67ebd8c44a5c0ee,relogios_presentes,37.0,621.0,1.0,350.0,23.0,12.0,15.0
1613b819ab5dae53aead2dbb4ebdb378,automotivo,60.0,982.0,2.0,50.0,17.0,10.0,15.0
0654d3c1e3efc7e7cd9dbde9cb743df2,ferramentas_jardim,52.0,368.0,2.0,700.0,20.0,18.0,19.0
af9418dfcdd7f19b51906a2f32cd6bc0,cama_mesa_banho,59.0,289.0,1.0,2150.0,34.0,9.0,33.0
9df7a56fa4352899fa6976c54a35ae3a,relogios_presentes,57.0,588.0,2.0,400.0,16.0,11.0,11.0
7f27a510cfe7b7c16bdba4e185dd7940,moveis_decoracao,36.0,237.0,2.0,7400.0,45.0,45.0,45.0
2c004d873fda9131eb12f6b71538087a,cama_mesa_banho,54.0,683.0,1.0,1517.0,32.0,5.0,29.0
b833b995caddd97b8786370988e32ee4,utilidades_domesticas,54.0,351.0,2.0,200.0,20.0,15.0,15.0
18b0e642cbae7251e60a64aa07dd9eb9,informatica_acessorios,24.0,718.0,2.0,200.0,41.0,2.0,29.0
fed5c40c27e1c88560a9e92d82ee0825,eletronicos,53.0,109.0,1.0,150.0,24.0,12.0,18.0
bc4cd4da98dd128c39bf0b8c2674032f,pcs,55.0,3610.0,4.0,2650.0,16.0,31.0,39.0
53ecc2857666872f67f44e60b13d2ed2,ferramentas_jardim,32.0,390.0,2.0,353.0,26.0,14.0,14.0
4298b7e67dc399c200662b569563a2b2,informatica_acessorios,58.0,420.0,1.0,200.0,21.0,14.0,15.0
6d1befe53a3d28e0d0d8b3bfcce11195,automotivo,56.0,1235.0,1.0,1800.0,34.0,40.0,19.0
fc8e852906ed3985a6e1ea67eb1dfdf9,moveis_decoracao,47.0,2064.0,2.0,600.0,68.0,8.0,13.0
3863a6df816f3b8ce0358a1243541fcb,construcao_ferramentas_jardim,52.0,646.0,2.0,1225.0,45.0,28.0,28.0
eaf3ca98b28c4329251a46380c8473c5,papelaria,59.0,202.0,3.0,300.0,24.0,7.0,14.0
d4e19eb1e5c5d6194af618d3a67de4e6,beleza_saude,52.0,1151.0,1.0,300.0,16.0,20.0,15.0
0c761b0e33d708e6a3694a94ac4b82c4,beleza_saude,45.0,1982.0,1.0,2200.0,35.0,10.0,18.0
dfb8e83d3ad8c5ce34db45b25f755b46,automotivo,45.0,1283.0,5.0,175.0,25.0,25.0,25.0
f361fccba568fabe00db466f80626d1e,automotivo,20.0,908.0,1.0,75.0,17.0,8.0,13.0
b7a89537c40b1f5a18b5ba75dbb91cbe,instrumentos_musicais,49.0,1051.0,1.0,594.0,20.0,15.0,16.0
873d2aa3911060e77ac89009410aa908,telefonia,54.0,172.0,2.0,150.0,20.0,5.0,12.0
0ce1e35bdc6af7e582e7ef9363e29b5b,telefonia,57.0,607.0,1.0,100.0,16.0,11.0,9.0
4c5cc632a68ce10ff22b58b5b8c8b8f3,cama_mesa_banho,39.0,364.0,1.0,6300.0,51.0,22.0,36.0
525f8fbde09c9bf777025c3141fbbc6e,climatizacao,52.0,346.0,3.0,250.0,22.0,11.0,16.0
ddb73ecd2a301a87fa538fa0a33d4112,eletronicos,59.0,487.0,2.0,800.0,16.0,2.0,11.0
7b8c427eb09be88d32fcfaa8018f5caa,beleza_saude,55.0,624.0,1.0,2000.0,30.0,12.0,16.0
ebf19d90623587fde1eff2a222d8b177,brinquedos,53.0,495.0,2.0,1874.0,38.0,38.0,26.0
2bbafc7b18384308a1fb3f64c022b25c,esporte_lazer,47.0,861.0,1.0,1014.0,25.0,22.0,22.0
e1ed9c25b42fc1afbc7459cc821a9d44,construcao_ferramentas_construcao,22.0,101.0,1.0,7700.0,50.0,20.0,50.0
4d3e81b2dfb45a73759982d63e532e94,cool_stuff,49.0,425.0,1.0,200.0,30.0,5.0,30.0
738da8ddda2e593acfdc53c2d1520dfa,instrumentos_musicais,63.0,950.0,9.0,8350.0,105.0,12.0,45.0
a5e253ef6240a13a4d631fd39d2c7444,fashion_bolsas_e_acessorios,48.0,638.0,1.0,200.0,16.0,5.0,20.0
9c7bdf67b06b419aefb93cfdfc96c55d,esporte_lazer,25.0,823.0,1.0,476.0,17.0,14.0,14.0
3eef0cb94ba82de806bb30ab743c7655,moveis_escritorio,26.0,1177.0,1.0,11880.0,50.0,60.0,27.0
f7a17d2c51d9df89a4f1711c4ac17f33,utilidades_domesticas,56.0,1245.0,5.0,350.0,22.0,8.0,19.0
e8dca0ae20e339a356e9d598fefc3be5,telefonia,32.0,1130.0,5.0,100.0,20.0,20.0,25.0
bf7a3359eeb43b9944c70293e4be896a,moveis_quarto,56.0,240.0,1.0,14000.0,60.0,5.0,90.0
096d687ce8c7ae68039cce3f229b1d4c,pet_shop,35.0,1008.0,2.0,665.0,9.0,9.0,8.0
1d7db62a21ffb4f220d3e8a05fa77e02,fashion_bolsas_e_acessorios,22.0,328.0,3.0,100.0,16.0,13.0,11.0
32bad49615b7c5da42609b98df97482c,portateis_casa_forno_e_cafe,51.0,81.0,1.0,50.0,18.0,8.0,13.0
6eb70dfb283dc3f645ed7b03c990dc72,audio,31.0,251.0,2.0,343.0,19.0,11.0,13.0
ba3f298a122a95c4928e8b8628e8520e,cama_mesa_banho,50.0,111.0,1.0,2200.0,30.0,20.0,25.0
793ee3bd01e3ecec7ab94aed9aeee415,informatica_acessorios,40.0,1076.0,1.0,950.0,36.0,15.0,16.0
6bd248f93425ceeb625a8a97e2404112,papelaria,39.0,217.0,1.0,550.0,46.0,10.0,32.0
3729e88d6c44656dc1bbd5f3c57b00d4,esporte_lazer,60.0,403.0,3.0,700.0,30.0,20.0,20.0
2e274768896aa2c7635b9689423a5d34,esporte_lazer,42.0,1404.0,1.0,3313.0,29.0,32.0,25.0
d34c07a2d817ac73f4caf8c574215fed,telefonia,56.0,56.0,1.0,325.0,20.0,15.0,14.0
ff5f8606556b625613f069a5a9a48966,bebes,63.0,554.0,1.0,2300.0,27.0,14.0,27.0
4fcb3d9a5f4871e8362dfedbdb02b064,automotivo,53.0,603.0,1.0,5950.0,65.0,11.0,65.0
7046a5632fbe7baa273b14b3253e1547,eletronicos,57.0,2672.0,5.0,3300.0,55.0,7.0,20.0
368c6c730842d78016ad823897a372db,ferramentas_jardim,57.0,366.0,2.0,1650.0,30.0,22.0,30.0
bac35584a4b6413380a74f9617e12379,papelaria,40.0,904.0,1.0,1000.0,20.0,20.0,20.0
596e3ace8e8329beb05bb40700a659f7,construcao_ferramentas_construcao,60.0,1154.0,1.0,450.0,16.0,10.0,11.0
9f14f401fce2d9ddd450e7ce60cb7f5f,consoles_games,45.0,130.0,1.0,100.0,20.0,3.0,15.0
8338cef8355d238f43711dcb9c0657b2,moveis_decoracao,59.0,473.0,1.0,700.0,30.0,3.0,20.0
646998fa29db22fe94b0bd31b8d228ac,bebes,37.0,208.0,1.0,470.0,29.0,10.0,25.0
1c8ddcbd9abd12c51979969411f0b110,moveis_decoracao,50.0,534.0,1.0,650.0,65.0,2.0,13.0
cb81df0e3ccece253557f2a07df4727e,esporte_lazer,25.0,469.0,1.0,225.0,18.0,15.0,16.0
2e830c73f28d3b8542af03cf2637dfc4,eletronicos,34.0,214.0,1.0,275.0,24.0,9.0,17.0
1bef08f119466a85a83919d5b80facd3,cama_mesa_banho,39.0,114.0,1.0,250.0,40.0,4.0,30.0
7798ddd884068c64f261fa5d6a7f6cd9,pet_shop,53.0,531.0,1.0,8050.0,57.0,21.0,37.0
fa2d929efb6b3c378099488dd6b02ca5,moveis_decoracao,53.0,1749.0,3.0,2600.0,105.0,3.0,70.0
18bbc803715ffa8ec1b58bd3f737fdca,informatica_acessorios,38.0,665.0,1.0,850.0,16.0,11.0,37.0
c10a7001e8b49dfc03817444b5f2ed81,relogios_presentes,46.0,670.0,1.0,500.0,16.0,2.0,11.0
2a6d3f9c3a96e62e0ca38559cbf6410b,eletronicos,41.0,318.0,1.0,125.0,21.0,13.0,18.0
261244fc4d0197d8772346872f5b0f5e,moveis_cozinha_area_de_servico_jantar_e_jardim,54.0,785.0,5.0,975.0,41.0,12.0,12.0
c3fb02b29695e526cd3988bdd55ba013,bebes,24.0,655.0,1.0,300.0,42.0,25.0,15.0
aeb2db5f8c0fe1e55a951d49dd331fc3,informatica_acessorios,35.0,1101.0,1.0,250.0,42.0,2.0,30.0
9e2821b749b419a902d948c583175ece,fashion_bolsas_e_acessorios,36.0,339.0,2.0,100.0,16.0,2.0,11.0
634256dbcd184b3757ffd7632c9fe52a,beleza_saude,49.0,295.0,1.0,150.0,16.0,5.0,17.0
cd46a885543f0e169a49f1eb25c04e43,informatica_acessorios,58.0,1390.0,2.0,3475.0,54.0,13.0,48.0
cfb79bfbdaf59cfe2e9ae0a071451f32,cama_mesa_banho,44.0,445.0,1.0,550.0,30.0,3.0,19.0
990166f4c0d91a6cb92663b4d190ad1e,utilidades_domesticas,51.0,969.0,3.0,9300.0,31.0,58.0,31.0
2132979d9b6f64e99b8c9bb4da4e0323,informatica_acessorios,12.0,676.0,2.0,496.0,36.0,13.0,35.0
b8b426747049f2d3d6e00b486d47dedb,beleza_saude,49.0,819.0,3.0,1250.0,42.0,11.0,12.0
fa7b3afca12fceaa20c5d7aa279f08ca,automotivo,60.0,183.0,2.0,100.0,18.0,4.0,14.0
515ba7ccc6abbd1c0f5016704a0184e2,pet_shop,59.0,678.0,4.0,1400.0,40.0,20.0,30.0
def080e33b38a4c756347d4665b40a7f,musica,45.0,1465.0,5.0,1850.0,55.0,17.0,15.0
526f833e1eb0a32ad9351145a761b9ab,relogios_presentes,60.0,491.0,2.0,250.0,16.0,2.0,11.0
4a266296cc64880551c3efad9739fb2e,instrumentos_musicais,59.0,802.0,2.0,3750.0,18.0,30.0,27.0
2722b86640ddc24e1374c2df1ac2a230,construcao_ferramentas_construcao,47.0,1139.0,3.0,1700.0,26.0,9.0,20.0
e3dd5a5b73bfbb610ada4ed74a6612b6,pet_shop,32.0,1244.0,1.0,138.0,17.0,13.0,14.0
28fe7bc9b73556b0cee83320fcd2600e,utilidades_domesticas,56.0,1200.0,2.0,3550.0,16.0,43.0,43.0
55f166570845e0a7b4456edac9c420b7,automotivo,42.0,431.0,1.0,975.0,32.0,35.0,29.0
6818d803130fa8df4d513db9d6289dc2,livros_interesse_geral,40.0,1618.0,1.0,300.0,30.0,4.0,20.0
46f739c1cd676603026c0af4d29ef7a5,automotivo,55.0,212.0,3.0,1850.0,20.0,15.0,20.0
e251ebd2858be1aa7d9b2087a6992580,ferramentas_jardim,34.0,511.0,4.0,8875.0,40.0,14.0,43.0
170b033abb14ccc92a21b95dba58fa90,utilidades_domesticas,55.0,757.0,4.0,325.0,25.0,15.0,16.0
4a85b07765a341b846c963da0381db96,beleza_saude,57.0,1687.0,1.0,4350.0,16.0,16.0,16.0
7770bdde7d6bfd349bfdeabc4ce54c07,telefonia,54.0,581.0,1.0,150.0,19.0,4.0,11.0
7cd29da0653abeb444703cc5a957f479,beleza_saude,23.0,565.0,1.0,1029.0,20.0,15.0,17.0
5194b6f4fa50ae9404bfd3e48ebe3911,informatica_acessorios,54.0,1368.0,4.0,1625.0,16.0,23.0,21.0
04af9f3af5c6afc4eece909c25330934,relogios_presentes,51.0,475.0,6.0,200.0,16.0,2.0,20.0
8bab563be2e3316280e3990af91da7b7,eletronicos,49.0,190.0,1.0,133.0,18.0,11.0,14.0
18f0c077dff7331d813fd82f7dd05a6e,ferramentas_jardim,47.0,574.0,1.0,270.0,26.0,16.0,21.0
73c61364b22d14eac780a200b81d34c5,telefonia,58.0,818.0,5.0,300.0,17.0,4.0,12.0
67d2c4ee8fd08752a32aae5f878740aa,telefonia,45.0,361.0,1.0,100.0,19.0,4.0,11.0
404a57563d487aecbc2b1a01d9b89aab,cama_mesa_banho,62.0,313.0,1.0,3500.0,45.0,15.0,35.0
a59fb60fddcc72a9878b7ed5cb69d8e4,audio,48.0,424.0,1.0,200.0,27.0,5.0,20.0
cb71b23bd70b9df12843e4dfb9ed09c1,informatica_acessorios,32.0,1074.0,2.0,200.0,39.0,2.0,30.0
869c418f22e0c0ed9207ff691f279e46,utilidades_domesticas,27.0,282.0,2.0,300.0,20.0,10.0,15.0
0b01a9718a61dbdd35cfec9ad13a0301,construcao_ferramentas_jardim,57.0,815.0,1.0,2200.0,16.0,16.0,16.0
f2af004352a06a99dca765596240cbc3,beleza_saude,61.0,1054.0,4.0,100.0,29.0,5.0,15.0
426844dd9ed9ae105a5d4b3f1e18becc,ferramentas_jardim,47.0,590.0,4.0,133.0,18.0,8.0,12.0
ab1f9387c0627dd24000bfbc54fdeee0,eletronicos,45.0,456.0,1.0,175.0,22.0,11.0,16.0
6ee1607bacba780139e7f7fcd316c1d0,utilidades_domesticas,51.0,127.0,3.0,2100.0,43.0,30.0,11.0
b4c0a557e24a783073ea34fdabe4663c,bebes,52.0,738.0,1.0,950.0,50.0,19.0,45.0
3c5229dee6997f28485a65cbabceacb8,utilidades_domesticas,58.0,535.0,5.0,600.0,30.0,11.0,20.0
550299c725cac9511da2b6f40543270c,cama_mesa_banho,54.0,609.0,1.0,200.0,21.0,10.0,14.0
b046862b2553fe4962392cdc93a2ae93,malas_acessorios,47.0,1479.0,1.0,850.0,25.0,50.0,30.0
33ba4b29d820b397054cc97e892ab1bc,automotivo,57.0,955.0,2.0,300.0,17.0,10.0,15.0
aa280035c50ba62c746480a59045eec4,brinquedos,56.0,678.0,3.0,200.0,16.0,8.0,11.0
20f160a9cf2e856ee5eba259e9ae33f9,perfumaria,56.0,1224.0,3.0,556.0,21.0,16.0,16.0
64b4f32393cbf55be791078e7a2adca0,relogios_presentes,56.0,817.0,1.0,50.0,16.0,8.0,16.0
43ee88561093499d9e571d4db5f20b79,moveis_decoracao,39.0,161.0,3.0,200.0,20.0,20.0,20.0
194163a8a65a48a8c95623c399a9d4a7,,,,,1600.0,48.0,8.0,39.0
3e442d09f9dfef002aadf31960869f65,informatica_acessorios,33.0,1084.0,2.0,200.0,41.0,2.0,29.0
d011223de539cd224b5c5c8082313d46,moveis_decoracao,50.0,676.0,2.0,2125.0,28.0,27.0,33.0
622bad99b4296aade0783ebecdd3fa15,esporte_lazer,47.0,1249.0,1.0,400.0,27.0,6.0,25.0
2f1927c926303d27159849d2601d5d96,esporte_lazer,40.0,354.0,3.0,650.0,28.0,20.0,25.0
49d89239eb92d383e390b38b9bb792c6,automotivo,59.0,580.0,2.0,200.0,16.0,5.0,20.0
dabb495df6a109d46f8faeca31a1c75d,malas_acessorios,28.0,491.0,2.0,150.0,16.0,17.0,11.0
d881b7a2ce3e484f379f751df4c709ce,construcao_ferramentas_construcao,49.0,249.0,1.0,200.0,16.0,5.0,11.0
4eba76ab901d06e619d8d7ac69b3579a,bebes,25.0,641.0,2.0,517.0,25.0,26.0,26.0
f8a8f05a35976a91aed5cccc3992c357,moveis_decoracao,63.0,418.0,1.0,1500.0,45.0,15.0,35.0
3a05a947f28cf46d789adedc107d7595,esporte_lazer,57.0,652.0,1.0,3450.0,16.0,15.0,20.0
e44030e694bab50c9fdfb329cc114833,bebes,53.0,2601.0,1.0,400.0,30.0,16.0,20.0
3ece1fcd5a64459a4e24143920178f42,moveis_decoracao,59.0,2432.0,2.0,400.0,69.0,11.0,11.0
cf8c588a4b9b7599aa4807e78bbc65a9,informatica_acessorios,24.0,456.0,1.0,50.0,60.0,16.0,11.0
93846cfcd171609cebb8b3f8c553d23f,esporte_lazer,55.0,2021.0,5.0,588.0,25.0,30.0,28.0
547b95702aec86f05ac37e61d164891c,ferramentas_jardim,33.0,509.0,1.0,9100.0,42.0,13.0,39.0
7564c1759c04fc0a38f2aa84f7a370ee,construcao_ferramentas_construcao,59.0,2432.0,3.0,1200.0,16.0,11.0,11.0
a84a9be4cdf0d5dbd36103b1e1ebc82f,automotivo,55.0,766.0,3.0,6450.0,72.0,22.0,52.0
9755f955f1fcd2a83ca77997e9de8b83,fashion_bolsas_e_acessorios,38.0,435.0,1.0,188.0,22.0,12.0,21.0
19936fa4f614ee0590d3b77ac83fd648,telefonia_fixa,34.0,1016.0,2.0,1100.0,20.0,16.0,20.0
a03e401d58a45187271718c5d7610422,utilidades_domesticas,48.0,1297.0,3.0,9650.0,62.0,35.0,37.0
75fc57fb06b1d35ea433e16ecbf5a6bb,eletronicos,45.0,471.0,1.0,125.0,22.0,9.0,16.0
6831b5d22263248cd732a13b207fd68a,brinquedos,46.0,411.0,5.0,400.0,22.0,22.0,22.0
211293b50935ced8d4370f552c482d74,bebidas,55.0,1736.0,3.0,226.0,18.0,16.0,16.0
2b4609f8948be18874494203496bc318,beleza_saude,59.0,492.0,3.0,250.0,22.0,10.0,18.0
14ae64f095e11f8010d2381ba2845cff,cama_mesa_banho,59.0,124.0,2.0,800.0,95.0,8.0,50.0
2052b3c5e08893e567c2fb7778476c75,informatica_acessorios,46.0,227.0,1.0,810.0,16.0,10.0,12.0
3c61c2007c26ec50365d6c385e088ca1,esporte_lazer,37.0,732.0,1.0,100.0,27.0,17.0,14.0
9feeadd6b97835152e83e1b25b46f5c4,esporte_lazer,54.0,1175.0,1.0,1064.0,24.0,20.0,19.0
22594ba8fd9a72ad95d352929c821560,moveis_escritorio,31.0,1076.0,1.0,8450.0,53.0,50.0,16.0
496f6bd86011e5a9ddea8dc96e802340,moveis_decoracao,60.0,458.0,1.0,1050.0,30.0,4.0,20.0
f3c5707e7c539ab6533e3611da02b648,cama_mesa_banho,57.0,204.0,1.0,2250.0,35.0,20.0,30.0
cec09725da5ed01471d9a505e7389d37,esporte_lazer,52.0,1197.0,1.0,2500.0,20.0,11.0,11.0
0ea4159212776c6cc70d802d45145353,cama_mesa_banho,41.0,187.0,2.0,200.0,16.0,6.0,20.0
6c6a78e0768babe7473b5eccf0fc6076,moveis_decoracao,60.0,357.0,1.0,400.0,25.0,5.0,17.0
2d110366dd24a714cb50dddc30b4101c,esporte_lazer,32.0,1961.0,1.0,250.0,16.0,17.0,22.0
610e045d4ebcfde8d0c8991e8b1f39bb,esporte_lazer,41.0,786.0,1.0,400.0,16.0,10.0,11.0
1ab301df9ab26fc25842366a7c68fb96,papelaria,51.0,404.0,4.0,1400.0,35.0,46.0,31.0
2e9575efe2eb834f5673cb75df8537f9,relogios_presentes,55.0,744.0,2.0,210.0,18.0,12.0,17.0
e4d56c64196ecb182e719d9bacd0628a,bebes,60.0,1217.0,2.0,500.0,25.0,4.0,18.0
eb356ef61e2262adcadc023b9522609d,relogios_presentes,60.0,261.0,3.0,200.0,16.0,2.0,11.0
f348ae21168771dfd5b8081e387b4f6b,utilidades_domesticas,52.0,340.0,3.0,250.0,25.0,10.0,15.0
963022ab2afed8b12ad312739a142b07,moveis_decoracao,51.0,1244.0,3.0,700.0,35.0,20.0,35.0
5115d8cd6438c0c4d8abdf38d5d41ebd,fashion_bolsas_e_acessorios,46.0,128.0,7.0,350.0,16.0,2.0,20.0
f4116e296faeae4edac03ac7a501da81,perfumaria,43.0,574.0,1.0,150.0,17.0,9.0,11.0
d221b0b65668b701135753c952b7a5f5,eletrodomesticos_2,38.0,2030.0,1.0,16100.0,58.0,19.0,85.0
a95c77f369c8486c3ca5d101c49be836,moveis_decoracao,43.0,523.0,1.0,500.0,50.0,5.0,30.0
ef69b63fe95d8d9ff6ac136f213db1bc,cama_mesa_banho,48.0,1304.0,1.0,3600.0,35.0,35.0,35.0
a9b9032e79635ad9618808cfdd644c77,esporte_lazer,30.0,221.0,4.0,150.0,25.0,25.0,25.0
acbbaa8cbb7857102ad783c73caa55c5,bebes,21.0,618.0,1.0,483.0,17.0,24.0,21.0
30d755143f7313a7c3d24f936273dc19,beleza_saude,47.0,886.0,4.0,667.0,30.0,16.0,16.0
c6dd917a0be2a704582055949915ab32,cool_stuff,54.0,1012.0,1.0,1200.0,42.0,25.0,15.0
a3cc2811456002f4baf5a88ab9ff3427,esporte_lazer,46.0,582.0,1.0,6650.0,30.0,50.0,30.0
04f6c1fd057cc96a63e1f9579ddb942b,construcao_ferramentas_construcao,59.0,320.0,1.0,100.0,20.0,4.0,25.0
99f265229d46f700208ad7cb1ff48aae,telefonia,60.0,755.0,6.0,350.0,17.0,4.0,12.0
542d6af4881a5a647cde02c201f43916,cama_mesa_banho,54.0,204.0,1.0,550.0,16.0,10.0,16.0
e9906cf475ca638edcb034d031364e1b,brinquedos,47.0,1375.0,9.0,550.0,29.0,18.0,28.0
aadff88486740e0b0ebe2be6c09476ae,beleza_saude,56.0,390.0,1.0,250.0,16.0,5.0,15.0
aba86c093ccdbac75b09111d57e50004,moveis_escritorio,41.0,154.0,1.0,2600.0,40.0,45.0,39.0
1c5b28beb34835f960261f45ba22a136,perfumaria,47.0,609.0,1.0,600.0,30.0,10.0,30.0
9e56be75b16c105f33d3f033597080a2,cama_mesa_banho,46.0,352.0,2.0,900.0,50.0,11.0,11.0
c5de3a869922e74a2bf19a543f4ac55b,construcao_ferramentas_construcao,58.0,1281.0,1.0,2220.0,54.0,10.0,11.0
cdeefdce9704b2a961a01e89b1f19e7b,informatica_acessorios,52.0,2518.0,2.0,400.0,28.0,6.0,20.0
be837f2e0152a208d4386f4126d5bd7c,eletrodomesticos,60.0,940.0,2.0,950.0,25.0,11.0,15.0
56ad64ea1d19bc4b26b61088d89e6f41,moveis_decoracao,43.0,523.0,1.0,400.0,50.0,5.0,30.0
8c5876b1c7768217964f353bc7e64393,telefonia,61.0,440.0,1.0,250.0,18.0,3.0,28.0
619d72a5e53d41d7646274a3fa20c2c4,informatica_acessorios,41.0,493.0,1.0,242.0,22.0,14.0,14.0
1978f38f6cbdcaf326ecbb4732f9f748,informatica_acessorios,46.0,314.0,1.0,1000.0,17.0,12.0,40.0
c88c6b94ef95d151a4c6043e26feae65,utilidades_domesticas,54.0,705.0,1.0,250.0,18.0,9.0,12.0
76b7fa5da50b22fe17d1e7bbde661106,moveis_decoracao,52.0,264.0,1.0,650.0,25.0,25.0,25.0
4a6bed9678fe2fa40d7a84063fde6f89,fashion_bolsas_e_acessorios,44.0,117.0,3.0,150.0,16.0,5.0,11.0
5322d72e04acadda01cd9c274b4af288,ferramentas_jardim,37.0,226.0,1.0,400.0,25.0,5.0,11.0
34dabb8af33b3756cf72df05fb327011,tablets_impressao_imagem,56.0,512.0,1.0,300.0,26.0,10.0,26.0
4180a49d4b879e727ad2c8e82a9f4d87,esporte_lazer,54.0,1598.0,1.0,250.0,16.0,15.0,16.0
cc74107a3eceb1b0c1c000edae5a8431,automotivo,32.0,200.0,1.0,250.0,20.0,10.0,15.0
6bbe55cf8f85c87b6eebb775a53402f4,tablets_impressao_imagem,54.0,512.0,1.0,283.0,22.0,12.0,21.0
8ed094bfe076c568f6bb10feada3f75d,moveis_escritorio,43.0,1128.0,1.0,16133.0,63.0,59.0,25.0
d22bbc02259111e107ee7916637d4791,esporte_lazer,58.0,1074.0,5.0,700.0,16.0,11.0,11.0
4d272fe20c57c64dc74b3db191fc31ef,cama_mesa_banho,45.0,113.0,1.0,350.0,40.0,4.0,30.0
d496f7647d2eceba04455a3e682c59a6,cama_mesa_banho,51.0,220.0,1.0,2050.0,30.0,5.0,30.0
4e4533c3f5832b58737e5a6229fe39f5,cama_mesa_banho,54.0,515.0,1.0,1000.0,16.0,10.0,16.0
6ae38d49db7fc65ad1779828542aecba,ferramentas_jardim,42.0,317.0,1.0,2300.0,23.0,22.0,19.0
d5ad1429503cdb3871407ed2e8fbf859,moveis_decoracao,37.0,626.0,3.0,1363.0,36.0,6.0,32.0
af4708c7522d336a01ea0a421531e56f,papelaria,54.0,688.0,2.0,475.0,18.0,13.0,16.0
a19b6951c75da43aad691622dd2f6abe,moveis_decoracao,44.0,789.0,1.0,650.0,20.0,35.0,20.0
610c673331ac3c4fa0f393ce5af9aa2e,eletronicos,43.0,381.0,1.0,150.0,22.0,11.0,16.0
249de764c23f381ef073c7520e0ab799,pet_shop,38.0,605.0,1.0,175.0,20.0,5.0,13.0
f35013cb05a9538a4428fa6161b2c96b,cama_mesa_banho,60.0,680.0,1.0,1275.0,19.0,17.0,23.0
d2f5484cbffe4ca766301b21ab9246dd,informatica_acessorios,51.0,448.0,1.0,180.0,16.0,9.0,16.0
60bc15240c03ba82f305cd923bd93598,perfumaria,53.0,693.0,1.0,450.0,18.0,18.0,18.0
b41d86054cccdd1d4bb6c1835bfee57c,beleza_saude,42.0,376.0,1.0,500.0,23.0,5.0,11.0
6cc9186dabae23739b55d97cc649c686,moveis_decoracao,33.0,471.0,1.0,450.0,20.0,20.0,20.0
0364c36f8e845e4d309c0a3accc04b1c,moveis_escritorio,47.0,1158.0,1.0,16800.0,63.0,58.0,24.0
43423cdffde7fda63d0414ed38c11a73,relogios_presentes,41.0,1159.0,4.0,350.0,16.0,14.0,11.0
6e40985ec667ded54668d2b70a7aa0a2,ferramentas_jardim,47.0,495.0,2.0,550.0,25.0,15.0,15.0
cc02ea01817f1cb21e6708bc19f1ee20,industria_comercio_e_negocios,45.0,704.0,1.0,4400.0,36.0,12.0,45.0
b4693721011686a49e4b8fac4e527dde,moveis_decoracao,42.0,789.0,1.0,450.0,20.0,35.0,20.0
667058878eaaa9a381ed3e6b1f8b8cda,telefonia,60.0,850.0,5.0,300.0,17.0,4.0,12.0
b49315bbc5fe119fafd17c53f573bfae,construcao_ferramentas_construcao,53.0,878.0,1.0,150.0,19.0,5.0,25.0
f32415d23c358ef1e387a7d329d9ce9f,papelaria,59.0,276.0,2.0,550.0,66.0,12.0,12.0
76f4d017416dbf316f05abe3a1aa04df,fashion_calcados,53.0,408.0,5.0,1400.0,22.0,12.0,33.0
0ff3339eba4028a9dc569a61229c465a,informatica_acessorios,50.0,801.0,5.0,100.0,16.0,4.0,14.0
6c8dfcd9be1c04a1b4f98bb6c283a6aa,instrumentos_musicais,37.0,284.0,1.0,289.0,37.0,12.0,13.0
ca5c923962558430573f83661dbe36d6,pet_shop,59.0,747.0,2.0,1250.0,40.0,20.0,30.0
c8eb5b2d7173db25ec9bfc54dcb4ccbb,bebes,44.0,1135.0,1.0,450.0,25.0,15.0,17.0
485aa17cb179a6624fb0c9e12cc639d1,cool_stuff,51.0,873.0,3.0,900.0,18.0,9.0,27.0
3a362c0e7f9a69276e2d95869a3e143b,beleza_saude,60.0,919.0,1.0,150.0,22.0,3.0,15.0
2ffdf10e724b958c0f7ea69e97d32f64,relogios_presentes,59.0,582.0,1.0,263.0,17.0,12.0,13.0
181abab3cccc131f868d3bc7a5b97fd0,moveis_sala,38.0,433.0,1.0,1100.0,31.0,5.0,31.0
956d19f9b8366d1675cc4ffd0bf10d87,relogios_presentes,59.0,870.0,5.0,400.0,16.0,11.0,17.0
bc9b777dcebf814cf56193dcef254448,beleza_saude,45.0,315.0,2.0,250.0,16.0,5.0,20.0
6c8353ee35a281d45677fc3715958586,informatica_acessorios,42.0,756.0,9.0,200.0,16.0,2.0,11.0
0bcc3eeca39e1064258aa1e932269894,ferramentas_jardim,57.0,339.0,2.0,1800.0,37.0,22.0,40.0
6ec26071510e1cf38d6988f473f8d7a5,moveis_decoracao,60.0,454.0,2.0,433.0,47.0,4.0,35.0
b2a40530065c5d88115cfa7560151794,perfumaria,55.0,888.0,1.0,125.0,16.0,7.0,16.0
ecf23a6c1689e2bed38171ececac6138,utilidades_domesticas,56.0,1688.0,4.0,1700.0,16.0,17.0,17.0
7d537f37cb20c7ccb74397390322047d,beleza_saude,52.0,588.0,1.0,2000.0,30.0,12.0,16.0
129de02d0ac6adf4f77c41bc157adbeb,automotivo,55.0,2527.0,2.0,250.0,20.0,4.0,16.0
deecc62b2db3d87ff4d9fe364fead01f,telefonia,59.0,2374.0,3.0,350.0,16.0,10.0,12.0
5415fa4d6c000c97cddafcf0419b09f7,fashion_bolsas_e_acessorios,40.0,360.0,5.0,800.0,16.0,9.0,11.0
7c4a8bec217df1de0df2b5aaf8175b65,audio,58.0,675.0,2.0,167.0,16.0,4.0,11.0
f9eb0aeafb5aa02dd5889376063550b9,cama_mesa_banho,58.0,352.0,2.0,400.0,50.0,11.0,11.0
c06d2c20b8ddf6d40c23294a6e361c78,beleza_saude,42.0,857.0,1.0,1250.0,30.0,12.0,16.0
4c2394abfbac7ff59ec7a420918562fa,beleza_saude,49.0,1495.0,3.0,600.0,33.0,19.0,13.0
c770c3d5ab511e88a96d387bdb0b6ce0,utilidades_domesticas,12.0,210.0,2.0,1100.0,48.0,24.0,23.0
50cada320c34c3d63fa8598fdda8e06e,beleza_saude,39.0,300.0,1.0,233.0,42.0,21.0,26.0
c6cae2869a248cef27c00f3340ac90a6,moveis_decoracao,56.0,1181.0,2.0,600.0,53.0,8.0,11.0
5e3b4b17383b90a3129e552bd71bf2b8,beleza_saude,59.0,1310.0,1.0,1450.0,20.0,15.0,15.0
a5ffaf53a3938ac2c92f493e524adfca,automotivo,51.0,586.0,1.0,2000.0,41.0,19.0,41.0
11875b30b49585209e608f40e8082e65,esporte_lazer,26.0,1465.0,1.0,1032.0,17.0,15.0,16.0
cf78006a2a6b0429b9663edd99bb38f9,moveis_decoracao,49.0,399.0,1.0,1900.0,28.0,19.0,21.0
e3425df9bd51be69917273c9dd92ed5e,relogios_presentes,53.0,346.0,2.0,733.0,17.0,10.0,18.0
22a8168cf1f1c6347da8d29863b7f75e,consoles_games,53.0,2013.0,4.0,155.0,16.0,7.0,14.0
0a27be3536127164b11173c57f14a2da,perfumaria,53.0,613.0,1.0,500.0,23.0,8.0,15.0
f8b09faf273ab8c2cb4209378253f56a,beleza_saude,25.0,1351.0,1.0,1200.0,25.0,19.0,18.0
341d85d688ecc3353cf2a968e7ad0dbf,beleza_saude,47.0,554.0,1.0,350.0,16.0,10.0,20.0
525cb8d7fb28b9615a1cf6dd55074865,cama_mesa_banho,48.0,326.0,1.0,450.0,16.0,10.0,16.0
7368c0d612a177b6cb085f56b823dc08,eletroportateis,45.0,418.0,1.0,500.0,30.0,10.0,11.0
62d41a80c366aa2d8644e3270adf8440,informatica_acessorios,50.0,512.0,1.0,1225.0,43.0,15.0,21.0
f77dd338d9f75229a09cbb9a18fd0c9a,cama_mesa_banho,42.0,734.0,5.0,400.0,20.0,20.0,20.0
3db8ae718c645f8d0de8d1042bd9acd6,esporte_lazer,37.0,1338.0,1.0,250.0,18.0,13.0,16.0
f9cce3e19235fa7d11942f69caaa22c7,telefonia,49.0,1715.0,4.0,300.0,20.0,38.0,30.0
055019def765ce08da9fac0585e927c3,bebes,63.0,884.0,5.0,300.0,17.0,7.0,24.0
4565bb5b964cc42b49780586560c98e0,esporte_lazer,32.0,1200.0,1.0,850.0,25.0,3.0,19.0
801abf9ab81269e94b64dd62fbd50fc2,bebes,38.0,713.0,1.0,6050.0,64.0,12.0,47.0
e168af8b2f0d9319737c6a7a37904f9e,papelaria,59.0,139.0,1.0,2000.0,30.0,30.0,30.0
35d6a7880150d5dacc9ad0c9a9cfb233,instrumentos_musicais,45.0,1546.0,5.0,725.0,28.0,8.0,23.0
7620a27f1d6747511f1c6f0ddb63c0ef,flores,52.0,225.0,1.0,850.0,16.0,11.0,11.0
b0c89945c034268074f5f80b362bda34,cama_mesa_banho,60.0,612.0,1.0,550.0,16.0,10.0,16.0
0a8699af8de9f3c25f80fe9b530df153,moveis_decoracao,53.0,1988.0,3.0,2500.0,65.0,8.0,45.0
e297db380aba505a729f00cd61b149d9,utilidades_domesticas,54.0,1414.0,3.0,425.0,41.0,12.0,13.0
3fa7fe855040269e26ef452c5679234e,eletroportateis,46.0,3163.0,3.0,1025.0,37.0,26.0,29.0
03c0275df9996ed2720b28488c7946d4,beleza_saude,57.0,1649.0,1.0,300.0,22.0,5.0,15.0
f8f93700c26007f74716eca57d217cfd,fashion_bolsas_e_acessorios,58.0,631.0,3.0,400.0,43.0,16.0,27.0
beec9bc2305d3372fa3b3133ba3fd644,,,,,3000.0,40.0,40.0,40.0
48cf041a87beac458328d395d035515a,telefonia,58.0,428.0,2.0,150.0,19.0,4.0,11.0
98b22c1129886cbd7fcae69d1c93e442,cama_mesa_banho,57.0,188.0,1.0,1350.0,44.0,2.0,35.0
5c61329e1b7e18310bbc294c17cd47bb,brinquedos,31.0,936.0,9.0,250.0,18.0,16.0,16.0
cbdb9bf611328898bd4b32a384506b3a,moveis_escritorio,26.0,945.0,1.0,12700.0,55.0,70.0,18.0
7ac0d3f8ac5b60c13d74b02b8cbb4623,pet_shop,40.0,1110.0,6.0,1050.0,20.0,17.0,25.0
010951987d78f9d52fbf50a43b690ba1,informatica_acessorios,55.0,441.0,1.0,1100.0,40.0,20.0,20.0
b5e13c9a353102f79c6206ff5cb61a50,brinquedos,59.0,249.0,2.0,1500.0,40.0,25.0,20.0
93a12c289ca2b78e7069e469f5053ef2,informatica_acessorios,55.0,408.0,1.0,233.0,16.0,14.0,15.0
48e5af4df590c37a05a29b5c86e020e1,artes,51.0,473.0,1.0,150.0,20.0,4.0,20.0
e2e426d1332240070b0a836a854d057b,cama_mesa_banho,57.0,701.0,2.0,1100.0,50.0,12.0,12.0
c18b9716f7bfbff80fd3e41cee298c98,brinquedos,27.0,691.0,2.0,250.0,21.0,10.0,20.0
d159157f1837c548e960ea0e9b00b259,esporte_lazer,59.0,1571.0,3.0,1300.0,105.0,15.0,15.0
b6ae63c5f2b226331d069831d5b1f570,cool_stuff,46.0,314.0,3.0,1800.0,44.0,29.0,26.0
f8a7665279f140d238371c8e7604c204,moveis_escritorio,59.0,249.0,2.0,650.0,40.0,11.0,11.0
5ef336462ba740ddd4727319e26207e6,construcao_ferramentas_jardim,46.0,1157.0,1.0,1725.0,22.0,21.0,14.0
1632189d4c3d9e64cf3fd110b93f1a19,fashion_bolsas_e_acessorios,56.0,1474.0,1.0,200.0,16.0,2.0,11.0
d1c427060a0f73f6b889a5c7c61f2ac4,informatica_acessorios,59.0,1893.0,1.0,6550.0,20.0,20.0,20.0
b3cd491b3a347c8becc23fa5515440f9,utilidades_domesticas,60.0,446.0,5.0,15000.0,52.0,28.0,52.0
e8ac63e69971f9cf0bd7a7f78b8841ab,relogios_presentes,59.0,544.0,5.0,450.0,16.0,2.0,11.0
7bbe91ccbf899dc40a38d012a4dc411f,eletroportateis,48.0,736.0,1.0,2900.0,16.0,34.0,32.0
b47f7c9903cbd0bed2968a1b4cd21ed6,ferramentas_jardim,33.0,222.0,2.0,2900.0,17.0,26.0,27.0
9e164b4afdecc7c67fb9b6f12c104e21,esporte_lazer,54.0,1823.0,1.0,450.0,18.0,18.0,18.0
1574ed2c73e4465c572f68dd77528203,,,,,16000.0,58.0,28.0,58.0
4d9e8a6d8d07e4f47e093b8c2999ae01,eletronicos,60.0,517.0,4.0,200.0,16.0,6.0,14.0
49484d56efdb9b218cbb9f96a117ffd2,beleza_saude,53.0,624.0,2.0,575.0,17.0,15.0,13.0
ca38c039b717207dec906f4fa9a21db7,beleza_saude,53.0,3734.0,5.0,538.0,23.0,12.0,34.0
9759a740aa84f55b71c0c8c306a80737,beleza_saude,43.0,507.0,1.0,1875.0,23.0,23.0,23.0
41cd333a4af5e36df81fc0b83ccf8e2d,bebes,59.0,867.0,3.0,10750.0,38.0,47.0,44.0
32ad146ce66014dd98fdc2190bc995d6,esporte_lazer,36.0,491.0,1.0,200.0,18.0,9.0,13.0
c33a764dad4f6747f7c56115bb8d5bb7,informatica_acessorios,53.0,654.0,1.0,150.0,16.0,11.0,11.0
31b5755dd3e583e7c227a935657a818f,telefonia,55.0,1809.0,7.0,150.0,16.0,10.0,11.0
fa243e761ae871597627e917611eeb23,cama_mesa_banho,54.0,276.0,1.0,1800.0,40.0,10.0,30.0
c1f5307decb89342351bec53668cffd9,telefonia,60.0,777.0,4.0,300.0,17.0,4.0,12.0
e503a0c255ccb611962015bac936f938,moveis_decoracao,52.0,1089.0,7.0,30000.0,60.0,64.0,60.0
6c712952b8ef62f8d06a0314917400c8,beleza_saude,39.0,608.0,1.0,1200.0,21.0,13.0,19.0
7afa8c8eca2a26b599823eed4975a820,utilidades_domesticas,60.0,400.0,7.0,2600.0,37.0,24.0,37.0
46a4b4529fb2c8fbb84be938c9bb8b02,beleza_saude,46.0,1241.0,1.0,1375.0,32.0,23.0,16.0
afeeea6271148ee1bb15173b8187c431,telefonia,52.0,1885.0,1.0,450.0,17.0,3.0,11.0
03bb06cda40712fb8473f7962fb7d198,cama_mesa_banho,54.0,289.0,1.0,2000.0,34.0,9.0,33.0
fc1449f3ffc59fd2eb9640505aea0581,informatica_acessorios,46.0,345.0,1.0,1400.0,26.0,13.0,35.0
fb783e3e545937820b57fe539b2c5a6c,cama_mesa_banho,57.0,189.0,1.0,1100.0,41.0,9.0,31.0
a5a7c5c2be6edf0b10ce28ba5c6b4a69,cool_stuff,52.0,330.0,1.0,2000.0,33.0,44.0,19.0
59f09deeea7c839a9212a19f3416b892,utilidades_domesticas,58.0,1404.0,4.0,30000.0,60.0,66.0,29.0
ae27a5524edb2c8dc4656c670f458fb7,utilidades_domesticas,58.0,364.0,1.0,1000.0,40.0,28.0,28.0
f068148c48720c66b21825e2c558d493,beleza_saude,25.0,3281.0,1.0,200.0,16.0,6.0,11.0
43f88c8353708451babf9bcdd1fda92a,fashion_bolsas_e_acessorios,46.0,419.0,4.0,200.0,16.0,5.0,11.0
a60613d36f37a7b27d3344f40f6a7945,beleza_saude,44.0,696.0,2.0,350.0,19.0,11.0,23.0
b5b5a82ce5f1987b7e670f37629be51b,beleza_saude,56.0,960.0,1.0,1000.0,16.0,2.0,11.0
8e48c45980a3fee42f12f7986a4b68d5,automotivo,56.0,1498.0,4.0,2250.0,56.0,69.0,12.0
489b5af4a311587c81ed419dced92dba,moveis_decoracao,53.0,903.0,3.0,600.0,16.0,16.0,16.0
a3e5f9cbee551f620eb3c85fed57c5f8,moveis_decoracao,52.0,1708.0,3.0,500.0,68.0,8.0,13.0
d428453f5428574ccf030518d30d13cd,sinalizacao_e_seguranca,50.0,1252.0,7.0,300.0,34.0,4.0,21.0
aeaba104830f91586dae1bff90f54a8a,esporte_lazer,49.0,169.0,1.0,1250.0,41.0,24.0,11.0
43dab0384fdbf917781e1b91109bf3df,brinquedos,33.0,698.0,2.0,400.0,18.0,21.0,13.0
cbdb31ccb8741d52e26bf2a42c1648d1,utilidades_domesticas,28.0,354.0,1.0,2300.0,50.0,11.0,50.0
4e064cdbe4079c84a33181a96cf5609b,relogios_presentes,59.0,110.0,3.0,200.0,16.0,2.0,11.0
d92cda0cc0ce2758750a52b1a1dad05d,consoles_games,56.0,805.0,2.0,1000.0,20.0,30.0,20.0
c760b9447b368feb545ae8c568e4c94f,eletroportateis,52.0,380.0,2.0,1950.0,26.0,30.0,25.0
027cdd14a677a5834bc67a9789db5021,perfumaria,42.0,544.0,1.0,341.0,20.0,18.0,16.0
b75a056d7d03227c3a3b60e9ccf518c9,automotivo,60.0,1259.0,2.0,450.0,20.0,9.0,14.0
d9d319caa9e0b2993d581f53f036ba72,esporte_lazer,39.0,627.0,1.0,500.0,22.0,18.0,18.0
8e7a3ee016b12c87b5e3e7e717620758,industria_comercio_e_negocios,56.0,2083.0,4.0,850.0,40.0,30.0,30.0
541ff1bb76a9502be425895dc6726d1b,fashion_bolsas_e_acessorios,53.0,384.0,1.0,50.0,16.0,3.0,12.0
8b5227e28272123eefd613a10ffd7704,relogios_presentes,51.0,404.0,3.0,820.0,18.0,12.0,16.0
f4a9b2ee7355882bd41e1bf5126cf56a,fashion_bolsas_e_acessorios,53.0,768.0,1.0,200.0,16.0,2.0,11.0
30ac6df06dc59ad72cf2f158fc2d904c,utilidades_domesticas,53.0,1034.0,2.0,16550.0,22.0,65.0,40.0
ee3cfb33869693f2a7e8417c795d8cfc,perfumaria,46.0,368.0,1.0,350.0,20.0,10.0,11.0
68f3adaef1620e7b0c4c7cd9f78d7ed0,instrumentos_musicais,50.0,1163.0,2.0,1203.0,30.0,10.0,16.0
af53bbaeee1f3190c2ff939fc236b6f5,beleza_saude,47.0,770.0,1.0,350.0,19.0,12.0,13.0
5b99f79ba0d929b0f3270ab0f0f5911f,bebidas,24.0,30.0,1.0,1400.0,16.0,33.0,18.0
6cbd4637b69fff7d983bb1a757febf71,perfumaria,49.0,696.0,2.0,254.0,19.0,15.0,18.0
a3ceb95649a48c0c54ae4bd1dd66d035,telefonia,56.0,279.0,2.0,170.0,23.0,5.0,16.0
fa928ac86f42e63887184bc28cb452fc,fashion_bolsas_e_acessorios,59.0,1469.0,3.0,150.0,25.0,8.0,18.0
02c575cb5b29a173624c93f01786440b,informatica_acessorios,46.0,279.0,5.0,200.0,21.0,7.0,14.0
94950d6ddd0b24c0d15f7f09d61a8148,cama_mesa_banho,56.0,1070.0,2.0,2500.0,45.0,20.0,35.0
e0cf79767c5b016251fe139915c59a26,beleza_saude,55.0,388.0,1.0,250.0,16.0,5.0,15.0
b99e4f4fa3f421e0ffbd512d9f152dec,eletronicos,52.0,240.0,1.0,1050.0,22.0,9.0,12.0
e61c78a7343d82c0539d27df0f7dfc31,cama_mesa_banho,60.0,268.0,1.0,2700.0,41.0,8.0,36.0
652698dafbccac29d78c7ba70dceef10,cool_stuff,44.0,2413.0,1.0,300.0,16.0,19.0,15.0
a14aea6067b93158e956612c50b74cfa,,,,,12900.0,50.0,30.0,30.0
1b43b0a6105ffaa6dae01356daec2657,beleza_saude,57.0,1534.0,1.0,1025.0,30.0,18.0,20.0
6d8096ca93caea3416a6b24bf411bc86,relogios_presentes,53.0,593.0,2.0,250.0,16.0,11.0,20.0
6a2909ac21d16b721e4795e7e8ff3e68,esporte_lazer,53.0,618.0,1.0,283.0,24.0,23.0,20.0
0b7142355a981ed9a8ba988a0b613dce,automotivo,57.0,868.0,2.0,1100.0,26.0,42.0,18.0
4520766ec412348b8d4caa5e8a18c464,automotivo,59.0,956.0,1.0,50.0,16.0,16.0,17.0
77cc62dc80ebe12a0452d1ce0565acdc,esporte_lazer,45.0,2950.0,1.0,1625.0,29.0,21.0,21.0
3986c6e32f39114eff1ded07f1cb16fb,industria_comercio_e_negocios,56.0,220.0,2.0,413.0,16.0,12.0,14.0
42ec84ace63b58b8c5a7ba7be01d5fb8,cool_stuff,52.0,1732.0,10.0,2550.0,24.0,23.0,27.0
1a37e7d1d8e98b3d70e6eb7d5deee99c,moveis_decoracao,8.0,433.0,1.0,2750.0,25.0,26.0,18.0
096b00d9037146606b19d614cd67ab65,beleza_saude,56.0,406.0,4.0,100.0,16.0,5.0,11.0
78540167bc14d4024b1aae7adfa2f7c9,beleza_saude,46.0,1290.0,1.0,350.0,19.0,12.0,13.0
632921e8d6c6b23ae47ff20950a56854,cama_mesa_banho,50.0,506.0,1.0,25.0,45.0,18.0,35.0
f337ef897cbb898bf66be49d94c0bba8,cama_mesa_banho,55.0,844.0,1.0,900.0,25.0,5.0,25.0
df892547f0d5bb0c35cf26abc8e93d8d,fashion_bolsas_e_acessorios,41.0,805.0,1.0,100.0,17.0,3.0,12.0
879089af9bd91cf72a7154b3be3e1074,esporte_lazer,56.0,752.0,2.0,200.0,16.0,10.0,11.0
bd07b66896d6f1494f5b86251848ced7,moveis_escritorio,55.0,955.0,1.0,8267.0,52.0,52.0,17.0
70e4915197d6c96ebbed11364d8ce3bd,automotivo,55.0,1408.0,1.0,800.0,25.0,25.0,25.0
ee57070aa3b24a06fdd0e02efd2d757d,informatica_acessorios,55.0,937.0,1.0,107.0,19.0,13.0,13.0
df480c7d3f979093ac4c2d1109e78289,relogios_presentes,33.0,616.0,3.0,475.0,19.0,15.0,15.0
d12ad7f92749db41296a64e02c0bd5c8,eletronicos,45.0,544.0,1.0,190.0,22.0,12.0,16.0
a8075470f960215ffb67624782f80fec,ferramentas_jardim,60.0,361.0,4.0,2900.0,67.0,3.0,31.0
50e9e70a21b874311949e3db8ace597d,beleza_saude,50.0,464.0,1.0,694.0,17.0,12.0,14.0
05d3d52aea100aa2f887fd940991f040,beleza_saude,25.0,2653.0,2.0,500.0,16.0,2.0,11.0
90e72f6ceee757db03bba3a4eaef5dc4,automotivo,60.0,1063.0,6.0,7450.0,53.0,43.0,11.0
78819ab10b4a44927c832a21c06849e0,informatica_acessorios,53.0,3330.0,3.0,1100.0,28.0,10.0,20.0
e7bbc0d43d1f5cb09bab95b664236633,informatica_acessorios,38.0,716.0,3.0,833.0,19.0,12.0,17.0
5ac4f7986643a944501c66a2257bdd73,moveis_decoracao,45.0,920.0,1.0,600.0,17.0,17.0,17.0
0ab20af8197d84bc8831765be67b4cc6,bebes,51.0,872.0,2.0,11100.0,38.0,47.0,44.0
e934947ca6b64f5a6d864e21dca13b73,cama_mesa_banho,28.0,378.0,2.0,900.0,41.0,8.0,24.0
99a4788cb24856965c36a24e339b6058,cama_mesa_banho,54.0,245.0,1.0,1383.0,50.0,10.0,40.0
cebed2cb3b44b298e374ec88155024f6,fashion_bolsas_e_acessorios,42.0,353.0,1.0,250.0,16.0,2.0,11.0
ba4614e1cda7783e5c08d4372080d8b2,automotivo,58.0,679.0,5.0,5600.0,78.0,4.0,47.0
418d480693f2f01e9cf4568db0346d28,cool_stuff,48.0,330.0,1.0,1950.0,33.0,44.0,19.0
f3ead0dbcae5b065731b183396c1da2f,papelaria,32.0,281.0,3.0,400.0,25.0,11.0,14.0
88ab3ce1ded665150c5cd6adcc5287e0,cama_mesa_banho,53.0,356.0,2.0,400.0,60.0,8.0,50.0
4b44730a7923e3c19eb67f1c8bfa1c39,malas_acessorios,39.0,357.0,3.0,550.0,32.0,42.0,12.0
e0e2e29a516b06947e388d20aa7bf7a6,cama_mesa_banho,58.0,1139.0,3.0,3700.0,40.0,15.0,40.0
23227b07fc69250d2fa4be6602011aea,cama_mesa_banho,46.0,171.0,2.0,1250.0,45.0,10.0,15.0
c4ca2da40ac17c4b52688ff9a7c041b8,fashion_bolsas_e_acessorios,34.0,132.0,3.0,50.0,17.0,4.0,13.0
9a075ce513162a3fb49c28aa1b6be52a,relogios_presentes,43.0,528.0,1.0,450.0,20.0,11.0,15.0
e0eb83f5cf9560ca3b976eea5dcfdfde,ferramentas_jardim,55.0,258.0,1.0,900.0,32.0,13.0,17.0
b18040a8b795afd0802abd9c3755ea64,esporte_lazer,41.0,979.0,8.0,7000.0,90.0,20.0,25.0
f6abeebe478d565e5e58a5fad0fa60b4,informatica_acessorios,56.0,537.0,2.0,945.0,25.0,14.0,33.0
89427567da9c9b075c9dca131535104d,brinquedos,45.0,111.0,3.0,550.0,50.0,10.0,25.0
8a2fde854a6f41aae89ce99303a847e8,esporte_lazer,25.0,3679.0,2.0,150.0,20.0,10.0,15.0
b948a6dd0adccdcf3ea81888bf678924,bebes,47.0,791.0,1.0,850.0,40.0,40.0,12.0
67810bda0db346d0eee1ac3c6314af35,cama_mesa_banho,55.0,476.0,2.0,1650.0,48.0,8.0,39.0
ee9d3ff88f7800b3144967778bb000de,cama_mesa_banho,59.0,765.0,1.0,1150.0,25.0,17.0,35.0
ce5a5a85a0704113bd7fd75b3fbaed71,cama_mesa_banho,30.0,115.0,1.0,733.0,19.0,12.0,18.0
9fe172fa8e662ca8572cf12abf8bce23,fashion_bolsas_e_acessorios,36.0,412.0,5.0,150.0,16.0,5.0,20.0
e9ceb9123d3103b7ad293c168dd3a547,cama_mesa_banho,46.0,333.0,1.0,6410.0,50.0,26.0,44.0
3c025396e63ff6925a3b68781e8b3456,instrumentos_musicais,50.0,364.0,3.0,100.0,16.0,9.0,11.0
300a260403e9dddec957d7f272faf20e,cama_mesa_banho,55.0,597.0,1.0,815.0,16.0,50.0,40.0
9c5cec867c62c0ec4674b002eb1c3e0c,eletrodomesticos,33.0,94.0,1.0,15875.0,54.0,46.0,32.0
5ccdfc35d9cff8db4fa46b83d5712899,pet_shop,30.0,764.0,1.0,15700.0,81.0,19.0,60.0
cf4f52b8f3c906f11d98e8866614f140,agro_industria_e_comercio,54.0,365.0,2.0,600.0,30.0,15.0,15.0
3f865b4848677595ed67740b3330d99e,informatica_acessorios,57.0,509.0,1.0,375.0,20.0,10.0,16.0
775596b5ab8f1cb5890c7263c1c92bc4,la_cuisine,59.0,731.0,1.0,2200.0,84.0,12.0,15.0
2f07e976774b91520e17dd3b2dba73c3,climatizacao,60.0,1428.0,2.0,6750.0,59.0,17.0,37.0
76d1a1a9d21ab677a61c3ae34b1b352f,,,,,550.0,16.0,7.0,11.0
6802aa790a9a2217f0019b44973c8268,esporte_lazer,31.0,248.0,2.0,850.0,60.0,15.0,15.0
3ae687254f61c1ee2d53a48299fc2cc7,automotivo,59.0,1106.0,3.0,600.0,60.0,8.0,40.0
cfc37213adcf7bc0a35084f70a312b13,instrumentos_musicais,56.0,976.0,2.0,990.0,30.0,9.0,13.0
013ee64977aaa6b2b25475095162e0e9,cama_mesa_banho,40.0,519.0,2.0,1350.0,45.0,10.0,55.0
1ec597ef2aaee9e73f32a970247f3192,beleza_saude,60.0,2910.0,5.0,300.0,26.0,26.0,11.0
72dd2e7b7e10b8a4083e53c7867c1564,bebes,48.0,835.0,5.0,83.0,19.0,8.0,12.0
96530fd162c17a87b70830cc5fb0f45c,cool_stuff,32.0,431.0,2.0,200.0,24.0,4.0,18.0
1d8ff272f4ff5248bde1358ef928713f,ferramentas_jardim,55.0,252.0,1.0,900.0,30.0,20.0,35.0
a188cd985f0f3f455caaba35a00dc5ff,papelaria,58.0,474.0,3.0,1100.0,30.0,20.0,40.0
b1631003bdbc3b1e876f83a7d851d74a,perfumaria,48.0,1003.0,4.0,350.0,18.0,11.0,20.0
5073cb7b965df5f1fea32e8728782a8f,malas_acessorios,23.0,836.0,7.0,1400.0,55.0,40.0,25.0
8ac47b3ab13c68f49f10dde899674149,dvds_blu_ray,46.0,957.0,4.0,2150.0,30.0,5.0,20.0
d4670fa6cc31ee979c4cbd5904e0562a,informatica_acessorios,38.0,323.0,1.0,1050.0,32.0,12.0,20.0
e84bf31698e5842d605c5aa9cfc8b02a,utilidades_domesticas,33.0,211.0,1.0,1150.0,25.0,25.0,16.0
fe01b643060a6446e59f58e3021e66b3,perfumaria,40.0,659.0,2.0,1250.0,26.0,21.0,20.0
809ab2033b8267fc321860bf0d4dbb11,moveis_decoracao,38.0,1405.0,3.0,100.0,35.0,2.0,25.0
2196663031bcde078cede855ac0b5739,esporte_lazer,43.0,1646.0,6.0,491.0,19.0,12.0,16.0
3a7bc7a262077b18cf16fb5333a98b00,construcao_ferramentas_ferramentas,29.0,273.0,2.0,150.0,29.0,8.0,15.0
50b2ddbf47bd0b8eecabb404613e2a45,cama_mesa_banho,45.0,486.0,2.0,1050.0,40.0,10.0,30.0
3fb22448e11f38ac4437c25693fcac1e,moveis_escritorio,59.0,1219.0,6.0,2750.0,16.0,36.0,36.0
d339b523c298009f15d242a3a99392c7,ferramentas_jardim,51.0,2559.0,3.0,850.0,24.0,9.0,26.0
cd20f878813b93b6ad1df1b299775b0d,automotivo,59.0,872.0,2.0,1750.0,16.0,16.0,16.0
3b0f7951038b105522c2d566b54421f7,telefonia,56.0,341.0,1.0,175.0,17.0,6.0,13.0
473795a355d29305c3ea6b156833adf5,perfumaria,36.0,605.0,2.0,100.0,20.0,20.0,20.0
9b77a0a174a0b29b5720de6cfcc17ba9,informatica_acessorios,34.0,1080.0,2.0,200.0,41.0,2.0,29.0
330a8a8d810e84c45bf6fece44e082c8,informatica_acessorios,60.0,636.0,1.0,800.0,31.0,16.0,16.0
9c33575aa341a769bf00ea6e3cd12e6f,telefonia,58.0,110.0,1.0,200.0,19.0,4.0,11.0
a35a9f46dcee0a67c8c7ad8493eb4135,informatica_acessorios,33.0,1084.0,2.0,200.0,41.0,2.0,29.0
64d0feb1bcf9c7fe7b5dad3271c10910,moveis_decoracao,58.0,696.0,7.0,750.0,25.0,15.0,35.0
f516645f81debe9cff9416a20662dc43,cool_stuff,59.0,2120.0,1.0,125.0,16.0,17.0,16.0
f4efad625ed5878a2e7589dfb31c747f,moveis_decoracao,57.0,622.0,1.0,16200.0,45.0,26.0,45.0
4b5df063d69ffafb87c279672ecb4191,bebes,54.0,343.0,2.0,3550.0,37.0,22.0,40.0
c509d9cdf78468c910d844f16b29fc7f,consoles_games,49.0,854.0,1.0,150.0,20.0,3.0,18.0
4b703444923b5e57bb73ba343f5ebab7,cama_mesa_banho,49.0,204.0,1.0,264.0,17.0,14.0,16.0
13050bbc5cf6938a3760e43f1a845fcd,cama_mesa_banho,56.0,212.0,1.0,950.0,44.0,3.0,33.0
922ee69fced8c701d47470e02811d22a,informatica_acessorios,53.0,812.0,4.0,400.0,16.0,6.0,11.0
0f66dd888ff5af9eba17aa59be9870d1,pet_shop,53.0,856.0,1.0,6300.0,60.0,25.0,25.0
6263969289f84cd8bde876597407657d,market_place,57.0,399.0,1.0,5350.0,16.0,50.0,45.0
4039e5b67d430bc9a4078e814d7fafc9,fashion_bolsas_e_acessorios,32.0,287.0,3.0,100.0,19.0,2.0,17.0
ba01cebc5a3c2494d0a97d4713ec8938,beleza_saude,35.0,558.0,1.0,1250.0,30.0,10.0,17.0
0a4093a4af429dc0a9334300e5c13ae5,beleza_saude,56.0,389.0,1.0,300.0,16.0,5.0,15.0
0129d1e9b29d3fe6833cc922374cd252,consoles_games,55.0,134.0,1.0,100.0,20.0,3.0,15.0
25d6edcd216a9ee579f19f92d694f7d5,telefonia,57.0,1568.0,1.0,100.0,18.0,6.0,11.0
569216db5e4a857c4056614de975617f,relogios_presentes,57.0,607.0,2.0,600.0,21.0,20.0,17.0
3db75f31b76375c502f64d550dcd1166,informatica_acessorios,34.0,1078.0,2.0,200.0,41.0,2.0,29.0
dbb4ce89c8ed5fb6fd901e2e51093179,utilidades_domesticas,34.0,545.0,3.0,2200.0,48.0,25.0,25.0
d5991653e037ccb7af6ed7d94246b249,informatica_acessorios,42.0,363.0,1.0,922.0,30.0,15.0,17.0
82e4ad16521ca131d95e198d507db370,eletronicos,56.0,343.0,1.0,150.0,19.0,12.0,16.0
0185e6719ca5c224fc53853997fa3f68,cama_mesa_banho,64.0,319.0,1.0,1600.0,40.0,15.0,35.0
43222c9a989813b389d36fe5a1655c05,alimentos,53.0,186.0,1.0,1213.0,36.0,12.0,31.0
d7f94e8a47066a6a4ddb422718f59531,perfumaria,42.0,553.0,3.0,250.0,17.0,8.0,11.0
1a6c9da4039deae58c2b769f049ae121,utilidades_domesticas,54.0,1323.0,2.0,2650.0,31.0,16.0,16.0
0faa4ca558654b554d4d09abd8fe33d2,informatica_acessorios,60.0,534.0,1.0,150.0,16.0,6.0,11.0
e7e0728e9e488b0a67ef4d95e98ee4c8,eletrodomesticos_2,58.0,722.0,1.0,13850.0,35.0,95.0,25.0
c18399e510fd09e3186d34f4206109d7,relogios_presentes,55.0,807.0,2.0,350.0,16.0,2.0,20.0
8e35752c1597713f370e8e63cf0dd338,ferramentas_jardim,38.0,249.0,1.0,200.0,18.0,21.0,12.0
08574b074924071f4e201e151b152b4e,ferramentas_jardim,36.0,450.0,1.0,9000.0,42.0,12.0,39.0
4413a608a42bd21bbf9d5abbd58c249a,cool_stuff,57.0,1620.0,1.0,2350.0,16.0,40.0,16.0
dfb97c88e066dc22165f31648efe1312,automotivo,53.0,597.0,1.0,5417.0,47.0,44.0,44.0
e27d13968e7527aaa27fba2089c13bff,moveis_decoracao,34.0,573.0,1.0,8100.0,37.0,41.0,37.0
d9524ab5892f79d3de3870697ad7b25d,fashion_calcados,54.0,404.0,4.0,800.0,35.0,12.0,20.0
74ae869eb82594d9cbe6e934cf143e0c,telefonia,60.0,751.0,3.0,150.0,17.0,4.0,12.0
69474edea9d9def8b68de248373f1ad4,perfumaria,52.0,177.0,4.0,200.0,16.0,5.0,15.0
37d007abbb05d792773dcf090208e077,market_place,50.0,1334.0,3.0,1175.0,54.0,10.0,33.0
15fdd6032f35d4add5066fb90be28630,relogios_presentes,60.0,718.0,5.0,950.0,16.0,2.0,20.0
641444946fe3a839d726c32804cd1aff,cama_mesa_banho,57.0,369.0,3.0,3900.0,45.0,15.0,35.0
4fe644d766c7566dbc46fb851363cb3b,artes,48.0,1232.0,1.0,1700.0,65.0,6.0,50.0
d1a57f4402dbfe2cb1c271ad0da64311,beleza_saude,58.0,509.0,2.0,650.0,22.0,12.0,22.0
8d98dedc3c19de17f1a090195e85d6b6,brinquedos,40.0,617.0,4.0,300.0,16.0,7.0,20.0
608b018a4443a457a5cd1e58de213cb2,moveis_decoracao,35.0,688.0,1.0,300.0,22.0,4.0,11.0
781afe929e3016a667f5f439afd55fce,esporte_lazer,42.0,590.0,1.0,400.0,18.0,18.0,18.0
7ae8d9b8eca8a6daf066e53ddc7034d3,eletronicos,43.0,430.0,1.0,150.0,23.0,8.0,12.0
fb01a5fc09b9b9563c2ee41a22f07d54,consoles_games,33.0,912.0,2.0,1500.0,33.0,25.0,11.0
60495adb1f1a49c8aea75e5e56a47a48,beleza_saude,54.0,2736.0,1.0,150.0,19.0,7.0,12.0
0fa8853b873ba06e7d27385fbb1411ca,moveis_escritorio,52.0,1501.0,4.0,16250.0,57.0,55.0,22.0
30469bb5ea377eae7121981e2f0778e4,esporte_lazer,57.0,574.0,4.0,5950.0,20.0,30.0,80.0
914c9e9af640dd56f48764a225b00f89,moveis_escritorio,47.0,1047.0,1.0,7463.0,56.0,64.0,35.0
03552ec45033c8658713c541f6af9f05,beleza_saude,52.0,1168.0,1.0,250.0,35.0,3.0,12.0
72331bc45c5e8665ee12999363bc9186,brinquedos,50.0,1207.0,2.0,350.0,16.0,10.0,12.0
e0d64dcfaa3b6db5c54ca298ae101d05,relogios_presentes,35.0,514.0,2.0,4338.0,17.0,12.0,14.0
060890b1af8cc031e9dde49cf544f884,automotivo,57.0,662.0,1.0,2900.0,61.0,8.0,61.0
c36a269550e11c349965d2c033470074,relogios_presentes,40.0,397.0,1.0,283.0,17.0,13.0,13.0
ee7cb55a3fb6c3f091ecbfcdc46359c6,fashion_bolsas_e_acessorios,52.0,112.0,5.0,350.0,16.0,2.0,11.0
213875479a90df7b399cee17003be95c,telefonia_fixa,36.0,1340.0,2.0,800.0,23.0,6.0,23.0
ebd127d25e3b326ac93b992dfd4d2e0b,ferramentas_jardim,58.0,324.0,3.0,150.0,19.0,7.0,27.0
30ccf4724f5227265f837e9ba0246278,malas_acessorios,52.0,573.0,1.0,1450.0,49.0,10.0,33.0
e62d582ddb7630168d7227ca1f9edbd2,perfumaria,52.0,977.0,1.0,450.0,32.0,12.0,17.0
bebd15f906a87f7a83e9dc66896ff00a,informatica_acessorios,54.0,815.0,4.0,4000.0,22.0,12.0,22.0
c81fba3eddbbb1ea8c6300e880673021,cama_mesa_banho,53.0,294.0,1.0,2200.0,35.0,10.0,35.0
f2610c932aaabc3eb24c3512b498a838,ferramentas_jardim,41.0,1099.0,1.0,1200.0,16.0,6.0,11.0
972362b8b232932af39c3b4b03b3bda2,papelaria,42.0,115.0,1.0,17750.0,50.0,18.0,34.0
0f3288619c16188d156acc3ba91f36ab,esporte_lazer,55.0,266.0,5.0,300.0,20.0,15.0,15.0
e025f288e09da35a510433c3180b10f1,construcao_ferramentas_construcao,51.0,531.0,1.0,470.0,21.0,14.0,18.0
40a13d0a09a3d1334e8537ce3194f0ec,esporte_lazer,45.0,1771.0,1.0,550.0,20.0,20.0,20.0
ac44def10e24998cdee20a208d691127,cama_mesa_banho,55.0,1208.0,1.0,1175.0,45.0,7.0,35.0
d86963242e7dda7eed04f57e492ed655,brinquedos,47.0,453.0,1.0,1100.0,43.0,6.0,30.0
06a47d0ecd4561565deab3dfd7d3c0ff,esporte_lazer,60.0,592.0,2.0,400.0,30.0,20.0,20.0
c1678c7353738f1698430b8ea0d6a488,cama_mesa_banho,59.0,124.0,1.0,6100.0,20.0,50.0,50.0
7e93d6b6ef018d488da72952ce48fb9a,esporte_lazer,53.0,735.0,2.0,2800.0,36.0,20.0,29.0
70eb8ec63fd4f2a0bf8607712407727c,moveis_decoracao,29.0,188.0,1.0,2050.0,20.0,15.0,20.0
26abb7e42cded69ba9b3736643ebeb39,relogios_presentes,43.0,378.0,2.0,867.0,20.0,7.0,14.0
176b54e1ca47c0ec2bc2e298a76adf9a,beleza_saude,56.0,1000.0,2.0,200.0,20.0,5.0,15.0
8aa6223e400af9c97b07c75993142721,bebes,54.0,830.0,4.0,5000.0,40.0,10.0,40.0
8fa67e5cb309b9cd7b4438e15948bdb2,bebidas,43.0,839.0,1.0,333.0,17.0,16.0,16.0
419cb1b441eda9b92ebd1a1b96090c26,telefonia,60.0,777.0,6.0,350.0,17.0,4.0,12.0
63b1e1149e547163e18adba529c9cb5d,beleza_saude,58.0,696.0,1.0,650.0,16.0,2.0,11.0
21025aea6e634ed0ab9709a4fa5fb69c,utilidades_domesticas,59.0,1871.0,5.0,450.0,20.0,15.0,15.0
bba0d9c4f470ff541dba7f02d791a4f3,relogios_presentes,59.0,679.0,1.0,400.0,16.0,11.0,11.0
9b37a918bcf2c8e1064e867cf1df4637,eletronicos,57.0,1710.0,6.0,1207.0,20.0,10.0,20.0
65266b2da20d04dbe00c5c2d3bb7859e,papelaria,38.0,316.0,4.0,250.0,51.0,15.0,15.0
f4f67ccaece962d013a4e1d7dc3a61f7,automotivo,52.0,603.0,1.0,7625.0,61.0,14.0,61.0
d9fcf1be6830bf510f03d9e6c979e4df,malas_acessorios,41.0,370.0,4.0,18050.0,60.0,40.0,40.0
176faef125e3675b4eeaa6083ada61e1,bebes,47.0,1024.0,2.0,150.0,19.0,9.0,12.0
104b9503ee57d0aa2cd3a6448f242636,construcao_ferramentas_jardim,35.0,717.0,1.0,3567.0,24.0,24.0,21.0
316f27506e0f2a39700f801e859576eb,esporte_lazer,41.0,229.0,2.0,700.0,60.0,15.0,15.0
5bd7e57735a44e529bf066fee83a9c60,cama_mesa_banho,56.0,684.0,1.0,1250.0,19.0,17.0,23.0
a89e5c817a0c1fd1487d78cba0714a4d,utilidades_domesticas,38.0,1225.0,1.0,1400.0,16.0,16.0,16.0
4d3f50f2d92dba9a93f38260dceb9838,moveis_decoracao,53.0,214.0,4.0,650.0,19.0,20.0,15.0
672e757f331900b9deea127a2a7b79fd,agro_industria_e_comercio,39.0,383.0,1.0,2650.0,30.0,30.0,20.0
a9008450835cd38eabdf07eb6dd04bdd,perfumaria,37.0,813.0,2.0,526.0,22.0,15.0,17.0
06f0e85c7892d5df893f332706340af1,papelaria,57.0,301.0,3.0,9850.0,30.0,19.0,60.0
044f05bc9de36e8a693a83e4bc79dd0d,telefonia,59.0,734.0,4.0,300.0,17.0,4.0,12.0
02475368dfb38934fe55f574024fe1d7,relogios_presentes,55.0,569.0,5.0,250.0,16.0,2.0,11.0
f75eb66dc82bccecabd706bd441cfd3a,malas_acessorios,49.0,767.0,1.0,800.0,20.0,51.0,34.0
81ea712c5f76a3b1c0e4c3dbc5126404,ferramentas_jardim,52.0,791.0,1.0,300.0,23.0,8.0,16.0
11de130b38213ed7f93d2af1e91bb771,cama_mesa_banho,54.0,382.0,1.0,300.0,16.0,10.0,16.0
c9dbe2eec19a8093cb5ac57486531c18,cama_mesa_banho,55.0,124.0,1.0,1375.0,30.0,6.0,22.0
1d3ecbda18167c766a3381fd16108e4a,esporte_lazer,42.0,636.0,1.0,1700.0,41.0,10.0,35.0
a298a105818dce6878b787e4af6cff7d,bebes,55.0,1158.0,2.0,400.0,30.0,10.0,30.0
93399fcfc1e2c0a01ea544754fddeed0,telefonia,63.0,249.0,6.0,200.0,19.0,3.0,11.0
722dc14e0848efdb771dca6de2929c41,beleza_saude,32.0,397.0,2.0,250.0,16.0,16.0,11.0
06edb72f1e0c64b14c5b79353f7abea3,cama_mesa_banho,39.0,161.0,2.0,350.0,25.0,8.0,19.0
2b6aba96aca0f3f5f28779c8a4395f42,esporte_lazer,32.0,503.0,1.0,2700.0,85.0,16.0,26.0
06ead9c0b05b368667d858c09148af03,consoles_games,41.0,235.0,1.0,467.0,23.0,11.0,18.0
31fd02b02c33827cbde22902cf80338c,utilidades_domesticas,51.0,1224.0,2.0,200.0,26.0,3.0,21.0
9818832859d572545cee5a86ff7f4a3b,beleza_saude,50.0,2436.0,1.0,400.0,20.0,16.0,16.0
14dffa241a078aeaebaef48a49e807ca,bebes,43.0,746.0,4.0,250.0,16.0,7.0,11.0
ea3be87c5c6c69043c9eb7836199c200,cama_mesa_banho,59.0,367.0,2.0,600.0,60.0,9.0,50.0
87ceed33e1f7fe39fa06b69c9fdf9e53,informatica_acessorios,43.0,608.0,2.0,50.0,23.0,12.0,19.0
495f9290868e1bde785d3c372608ad54,utilidades_domesticas,45.0,1455.0,3.0,5250.0,62.0,5.0,32.0
9d240cb98df035e3ef147117b92aa0e7,automotivo,57.0,150.0,1.0,100.0,16.0,15.0,16.0
15b5d9fcf84c060e00b0883def7d10e6,automotivo,58.0,237.0,1.0,50.0,16.0,10.0,16.0
dbdbf17a51049bf883b4d622a357b75b,automotivo,58.0,97.0,1.0,250.0,20.0,8.0,18.0
15d9c7e1411ece24a0053b1e876e4d4c,telefonia,56.0,856.0,1.0,289.0,17.0,9.0,18.0
d69e906470f99256b16bee14a0268fd1,instrumentos_musicais,55.0,996.0,3.0,150.0,17.0,17.0,14.0
80d702d8e2231e25bee9d145c2c86b6f,perfumaria,51.0,544.0,1.0,450.0,20.0,20.0,20.0
ea588d45372c3d1b99f7761e35c2952f,beleza_saude,26.0,864.0,1.0,2550.0,31.0,16.0,21.0
235458528f907463ec55ebb1e16b69f0,papelaria,38.0,224.0,1.0,1200.0,16.0,49.0,32.0
90e7f883fbd53dbb43ea8c32eb63ebe9,construcao_ferramentas_construcao,60.0,3119.0,3.0,4250.0,16.0,13.0,12.0
5cd07c84a1c25575ac2fc3fa73f1d952,brinquedos,63.0,2873.0,8.0,1200.0,39.0,22.0,14.0
a9410f6e58948e056b9eae0653aa0c75,esporte_lazer,35.0,964.0,1.0,253.0,16.0,11.0,13.0
677d8ace413e0060fa8686cde56eaf10,relogios_presentes,54.0,619.0,1.0,303.0,19.0,11.0,16.0
15de022edf1005363381e66bed514528,moveis_decoracao,52.0,361.0,2.0,100.0,16.0,3.0,23.0
e66c00a9093ec6803dc123140914b5e5,cool_stuff,23.0,178.0,5.0,700.0,25.0,25.0,25.0
9712e67c33f564648b46afc6505db72a,cama_mesa_banho,56.0,131.0,2.0,900.0,50.0,5.0,50.0
5a6e53c3b4e8684b13388d6aa4afdf12,utilidades_domesticas,45.0,176.0,2.0,200.0,19.0,9.0,12.0
076e4ce53c8914382e7ff3732511b17e,beleza_saude,22.0,363.0,2.0,633.0,26.0,9.0,22.0
363218ba55c610b750224f90bdd34be1,cama_mesa_banho,46.0,279.0,1.0,1813.0,67.0,12.0,47.0
410fdf98ab61894c35ffe4e1f76e204b,cama_mesa_banho,60.0,216.0,1.0,850.0,36.0,14.0,26.0
b8355aca8662d7e0c913ed67412d8ecc,cama_mesa_banho,60.0,207.0,1.0,750.0,50.0,11.0,40.0
e947043dd2e144a9039d6b8841200c9b,utilidades_domesticas,57.0,1081.0,1.0,5000.0,40.0,40.0,40.0
c68307fcc510fdd70015276ba94cf5b7,beleza_saude,49.0,225.0,1.0,500.0,18.0,6.0,11.0
dcd7a14115098925c83dd54daab99cbd,papelaria,43.0,131.0,2.0,200.0,22.0,9.0,15.0
8268f227748ea57889478c74ca12d151,cama_mesa_banho,59.0,323.0,2.0,14550.0,50.0,14.0,70.0
88d524b8b5576da63abf7b16bef48a39,informatica_acessorios,29.0,692.0,1.0,300.0,16.0,2.0,11.0
b0acce29b45d9b1236d4787813058afd,beleza_saude,48.0,1248.0,3.0,1150.0,20.0,10.0,20.0
ea650c84a7d5aaf2a2c5f1b108de8f7c,telefonia,45.0,56.0,1.0,50.0,16.0,14.0,15.0
b746f0f77468910428130facb2ee2d1f,informatica_acessorios,42.0,207.0,3.0,100.0,40.0,2.0,24.0
1b11571a0535a643bb18db34b84b7334,cool_stuff,53.0,686.0,3.0,550.0,21.0,15.0,25.0
928e52a9ad53a294fdcc91bcf59d1751,utilidades_domesticas,34.0,1031.0,6.0,1600.0,20.0,60.0,20.0
7686fe49c98ae1c537b5cc51992f5d20,bebes,38.0,798.0,1.0,600.0,22.0,18.0,19.0
888bc229e8f4a4bb412bdea51c650a49,informatica_acessorios,60.0,187.0,1.0,200.0,25.0,2.0,16.0
94f584e1a1158e97314c59b190dfb899,casa_conforto,58.0,216.0,3.0,9650.0,50.0,20.0,40.0
19629b1460e380638d4b9263bd31547a,eletronicos,52.0,1681.0,1.0,10900.0,75.0,18.0,70.0
5570e58fb62fc2a83e5bda3974e35be5,cama_mesa_banho,55.0,273.0,1.0,1050.0,38.0,10.0,38.0
9cb67ae6cec5627ef21cbadcdb357054,perfumaria,57.0,483.0,1.0,350.0,17.0,13.0,12.0
f4e71b15e74938b15ecb9d15874ba227,utilidades_domesticas,44.0,168.0,1.0,150.0,18.0,18.0,18.0
d3a735e40a3d006beb83b9b0594d3765,relogios_presentes,52.0,1352.0,3.0,500.0,16.0,11.0,12.0
4f88323d03ffaf090b8fb0116b33c95e,cama_mesa_banho,56.0,255.0,1.0,1700.0,30.0,5.0,30.0
bcf64c2356ded745b81b4348a8a763e1,pet_shop,48.0,1561.0,1.0,1000.0,19.0,15.0,18.0
408a59367613a62d59b6e3ca5ed58631,moveis_escritorio,56.0,1119.0,1.0,6400.0,18.0,53.0,51.0
6a2961a3f5c85026ed1b3406a9ac27cd,papelaria,50.0,226.0,2.0,10950.0,60.0,20.0,17.0
f59ff3f667dc8dc2b42117736585c1ba,automotivo,44.0,424.0,5.0,100.0,16.0,9.0,11.0
da98cf62c7fe9452761e782902ad71a2,eletrodomesticos,58.0,173.0,1.0,100.0,27.0,13.0,17.0
d29e5a0b39b09b0f48f685968cf4f833,cama_mesa_banho,59.0,123.0,2.0,300.0,40.0,8.0,30.0
88f723b1cc87199862c31b071276b0f5,informatica_acessorios,52.0,1340.0,1.0,800.0,26.0,17.0,17.0
5bfc7506459ae2a7b4b573fe557a58e1,cama_mesa_banho,57.0,535.0,1.0,800.0,45.0,15.0,35.0
c075b8e131353552218860f1c421e4ef,moveis_cozinha_area_de_servico_jantar_e_jardim,30.0,1565.0,4.0,1750.0,20.0,16.0,30.0
1c47e837f2780378d8485d04ab83a45d,beleza_saude,55.0,1683.0,1.0,375.0,23.0,18.0,23.0
0aabfb375647d9738ad0f7b4ea3653b1,consoles_games,49.0,100.0,4.0,150.0,16.0,12.0,12.0
3cf8d7db7dbaeb28f077151adfc59340,automotivo,54.0,905.0,1.0,717.0,24.0,14.0,21.0
5aed6af9bb6c3f903bef12b8c56e235b,perfumaria,34.0,370.0,2.0,475.0,20.0,12.0,14.0
b09790edda54333116f9cf1decc580a1,cama_mesa_banho,50.0,148.0,1.0,400.0,40.0,4.0,30.0
813a30050677eb6996e12eea9ad400bf,beleza_saude,59.0,1726.0,5.0,12000.0,65.0,30.0,40.0
d485889158fd6345611d5a386a0b77d2,cool_stuff,47.0,410.0,5.0,3500.0,52.0,7.0,55.0
be5353e2c543ba4f67831f95d3775420,beleza_saude,58.0,1121.0,3.0,150.0,43.0,11.0,18.0
1029c7348ca63cafc3b859dec2d705d3,moveis_decoracao,31.0,217.0,2.0,925.0,35.0,7.0,33.0
3713c1ed7f99a240189778a1ef65d6d8,utilidades_domesticas,45.0,221.0,1.0,205.0,21.0,15.0,16.0
a322cb898d31adbe4a4de692f4bc0276,esporte_lazer,50.0,623.0,1.0,1200.0,19.0,18.0,16.0
4328139cbe9adde0aac493ca9871eab3,cama_mesa_banho,60.0,289.0,2.0,1150.0,30.0,10.0,30.0
cb0c2c97fb2fca149a11c2f14027895d,telefonia,56.0,734.0,3.0,350.0,17.0,4.0,12.0
e6e2f011de12dc9071763c2baed69a2c,bebes,54.0,737.0,1.0,500.0,32.0,18.0,21.0
7ea49f9a853882a4a3b2f6a4bf47c11f,alimentos,58.0,3938.0,5.0,450.0,24.0,17.0,17.0
afab5f7ab5c82f92ddcdc46c4cd85fbc,fashion_bolsas_e_acessorios,36.0,95.0,6.0,150.0,16.0,9.0,11.0
6f9771652ad5ec58e58f50475d6bfe0e,moveis_decoracao,58.0,288.0,3.0,1200.0,39.0,30.0,39.0
c9ea06f7fd4bd778e96031f46f60dfb9,brinquedos,56.0,670.0,1.0,840.0,33.0,13.0,26.0
083d6108def7421be9778dd0ecd11fa6,instrumentos_musicais,58.0,952.0,1.0,2000.0,35.0,10.0,82.0
4ac50dbde931c0a5ed8c33d3dc047351,beleza_saude,33.0,1087.0,1.0,600.0,28.0,11.0,26.0
aca2eb7d00ea1a7b8ebd4e68314663af,moveis_decoracao,44.0,903.0,6.0,2600.0,50.0,10.0,30.0
d272d0921188b0bd91542d704b21404e,eletronicos,36.0,420.0,1.0,150.0,25.0,7.0,16.0
ef7352a2d8b4adc975b83c8e8c23da5c,esporte_lazer,49.0,1485.0,2.0,210.0,17.0,13.0,16.0
c1617123e66d2491ca93ceadfd36203e,cama_mesa_banho,54.0,687.0,2.0,1050.0,32.0,5.0,30.0
b520b78a494cbd6e36d7a1c64cdffe0b,utilidades_domesticas,31.0,1383.0,1.0,2467.0,38.0,15.0,24.0
e6e3140cdd035e915d6d4a9eae2ccead,automotivo,60.0,163.0,1.0,50.0,16.0,15.0,16.0
09014e6cd3dd8882e42dcf4dd4f5e305,bebes,40.0,854.0,1.0,50.0,17.0,6.0,13.0
e282624d8c82e04983f125e167eb4521,telefonia,45.0,343.0,2.0,117.0,18.0,4.0,11.0
5d0b3bded37ffeb1e67b324f3301ccb6,perfumaria,41.0,120.0,1.0,450.0,30.0,30.0,30.0
31c50827b6b5d0f51d61c8b2aa98f6e6,cool_stuff,33.0,805.0,2.0,1500.0,40.0,40.0,30.0
62c7230e65fd9da6326284606ee1b197,perfumaria,35.0,424.0,2.0,472.0,19.0,13.0,15.0
2a2d22ae30e026f1893083c8405ca522,cama_mesa_banho,60.0,744.0,2.0,8350.0,50.0,27.0,38.0
b623b7cb05ee3248fbe4a6ecbeed79a4,brinquedos,41.0,673.0,1.0,3008.0,32.0,45.0,32.0
9c8d68903b5106018c797e0e862ae55d,eletronicos,34.0,453.0,1.0,200.0,25.0,7.0,25.0
19b7d3eaa7343bd751c222bd14f44fa2,moveis_decoracao,55.0,534.0,1.0,650.0,65.0,2.0,13.0
aef09d3b8be874a0a8b1706573a6c9b0,climatizacao,54.0,581.0,2.0,167.0,20.0,9.0,15.0
12b2d0d0afbc40130f01e2f2f591444c,sinalizacao_e_seguranca,57.0,922.0,7.0,750.0,16.0,20.0,16.0
48640118918b5bd6454e3fee20ad637b,esporte_lazer,48.0,483.0,2.0,2800.0,104.0,5.0,80.0
e611a297d7a9df83f906aab5c746fd06,perfumaria,40.0,634.0,1.0,436.0,20.0,13.0,15.0
566a4f2c4385f36d15c00dfcaae132d1,eletronicos,43.0,391.0,1.0,150.0,25.0,7.0,16.0
b4e319cb48642fd748a387fb88c31c35,brinquedos,45.0,346.0,4.0,900.0,31.0,8.0,31.0
6ae3f85f46a37844372252496c77b4d8,telefonia,49.0,1304.0,4.0,650.0,23.0,6.0,16.0
ff907ae86deaa05b65cfb3b14166e7c7,beleza_saude,37.0,540.0,3.0,1400.0,27.0,22.0,39.0
d4548e7ab697993ec51d864766a8ea4f,relogios_presentes,43.0,632.0,2.0,532.0,19.0,13.0,15.0
138dac44dc568cd36c6f1d1e5e181d5d,automotivo,56.0,896.0,4.0,1400.0,25.0,9.0,26.0
64b99eed898c1b99a94d93cbf5873690,moveis_decoracao,63.0,393.0,1.0,1750.0,45.0,15.0,35.0
6bb54c0a1ddf991dc06cc7cb5a13bab7,construcao_ferramentas_construcao,41.0,1270.0,2.0,200.0,20.0,4.0,20.0
cc1cb33bcc814aeaa4631761a34bd23e,moveis_decoracao,32.0,1262.0,4.0,150.0,16.0,8.0,16.0
51945302d0858fe2efed398e1fa2df04,bebes,57.0,121.0,1.0,1650.0,39.0,16.0,40.0
f5eafd694f3a7959e352920537496c7c,industria_comercio_e_negocios,45.0,706.0,1.0,8400.0,36.0,25.0,44.0
8b87bdca52ab6d4c79661a4dbcf903c8,automotivo,60.0,670.0,4.0,350.0,16.0,6.0,16.0
165f86fe8b799a708a20ee4ba125c289,cool_stuff,40.0,1456.0,1.0,2425.0,29.0,30.0,19.0
caf4c19a55134cab8ebe2debd0f16e6d,papelaria,50.0,337.0,7.0,3500.0,60.0,20.0,29.0
cf1817039c1c86d9f7a5991817794083,eletrodomesticos,40.0,45.0,1.0,200.0,16.0,35.0,25.0
4ae634441e444ca4bc85903cafe98d73,telefonia,54.0,285.0,2.0,275.0,18.0,4.0,12.0
3fbc0ef745950c7932d5f2a446189725,beleza_saude,50.0,1257.0,1.0,350.0,19.0,12.0,13.0
e25331bf25687974d6fc419b3bd576dd,utilidades_domesticas,48.0,1270.0,2.0,350.0,20.0,15.0,15.0
ce7186656e3ec080cba4fb895b9b90cf,bebes,53.0,201.0,1.0,100.0,25.0,22.0,22.0
1a8ffdee10d64528eb046117521d3953,moveis_decoracao,47.0,494.0,1.0,550.0,35.0,23.0,35.0
422879e10f46682990de24d770e7f83d,ferramentas_jardim,56.0,348.0,2.0,1550.0,30.0,22.0,30.0
5b2b72f58d212a6e4733884ef0ece564,cama_mesa_banho,54.0,273.0,1.0,3000.0,45.0,19.0,35.0
87a97ee722d5e544b3c929b36443b8b9,relogios_presentes,55.0,1108.0,2.0,436.0,17.0,12.0,13.0
fe6f03cedd96bcbc5c8726c5963fd35c,cama_mesa_banho,48.0,639.0,1.0,1250.0,20.0,16.0,20.0
72172e982e8b92155069e4201c92c0bb,esporte_lazer,60.0,3847.0,5.0,200.0,28.0,10.0,13.0
4aaa2ddc43f64a2db232b71fc4639064,eletronicos,28.0,131.0,3.0,6050.0,16.0,61.0,41.0
db5efde3ad0cc579b130d71c4b2db522,audio,40.0,232.0,1.0,6663.0,17.0,11.0,13.0
583916a5dae918f5e89baec139141c54,,,,,3100.0,28.0,28.0,50.0
05fa3b5ecdf7f54e97fe25127db0ee7c,esporte_lazer,45.0,758.0,1.0,2000.0,23.0,16.0,18.0
96d6c71675adc35bcf32f970cdffe2d6,telefonia,32.0,366.0,3.0,167.0,18.0,4.0,11.0
dd4bb630f241ce3910d9595b395efeb5,pet_shop,23.0,1151.0,1.0,160.0,16.0,11.0,11.0
1a909e04ddbc64bda3fc905834678201,informatica_acessorios,48.0,475.0,1.0,213.0,15.0,7.0,11.0
af680b3406a3179e4a4c2051c5384cfd,cama_mesa_banho,53.0,681.0,1.0,950.0,28.0,14.0,16.0
b00a32a0b42fd65efb58a5822009f629,bebes,58.0,398.0,3.0,238.0,20.0,10.0,15.0
371fa349d92646bbeea5873df0bcdc5a,utilidades_domesticas,49.0,342.0,1.0,490.0,20.0,18.0,16.0
c708ba7c6269161f89ce0683cdd7c432,relogios_presentes,60.0,379.0,3.0,300.0,16.0,2.0,20.0
151133751552ad5bdd6645dfdcb0e728,cama_mesa_banho,48.0,590.0,1.0,1475.0,38.0,11.0,30.0
327018136fd4a966408df8243383a233,relogios_presentes,60.0,478.0,4.0,200.0,16.0,2.0,11.0
b6e352d888ba31d8999af279cd63aa24,utilidades_domesticas,42.0,337.0,2.0,1225.0,27.0,26.0,26.0
a05f4c1d544848f9ee86f767c9cc0d4f,informatica_acessorios,35.0,875.0,5.0,366.0,20.0,6.0,15.0
0e621085968d9a9585ed3c2c204825e2,beleza_saude,52.0,3939.0,2.0,200.0,20.0,15.0,20.0
d4fe034cde911805af12724d73fde7e0,cama_mesa_banho,53.0,867.0,1.0,1100.0,20.0,16.0,20.0
f7e0fa615b386bc9a8b9eb52bc1fff76,informatica_acessorios,59.0,2574.0,1.0,325.0,21.0,21.0,21.0
4c8c1d73644dce680ac36856d70c1f9d,pet_shop,58.0,459.0,1.0,8600.0,37.0,30.0,39.0
4a0297fe087bf3ab8e126936cef30a28,automotivo,54.0,3152.0,3.0,2850.0,26.0,19.0,22.0
3fadfe202fc3ad333cdd51870f1ddb03,utilidades_domesticas,60.0,671.0,3.0,3250.0,24.0,30.0,24.0
617186c3d97ea56c9c683a8a3974e8c1,perfumaria,59.0,1071.0,1.0,550.0,21.0,12.0,20.0
a5f6ba3fe91a2e73f10b612131cb2404,eletronicos,45.0,1057.0,3.0,138.0,19.0,17.0,16.0
5cbd407f3315b628a89206fbc140f6c8,market_place,30.0,615.0,3.0,150.0,22.0,5.0,14.0
4ae6bbbe40edd8689f356e7d822c6dd3,cool_stuff,58.0,874.0,1.0,1900.0,30.0,13.0,30.0
e070a61270050c4b1b704300f331cca6,pet_shop,57.0,558.0,1.0,850.0,30.0,20.0,30.0
3f212fef0e1f11b343226b633f0426df,beleza_saude,54.0,875.0,1.0,1050.0,36.0,12.0,22.0
38327e062df5eb11f9ff87b586df0fd4,esporte_lazer,30.0,500.0,6.0,600.0,30.0,12.0,15.0
f58f86b3091f0a1080607870539f2e56,cama_mesa_banho,47.0,415.0,1.0,303.0,26.0,23.0,23.0
d04e48982547095af81c231c3d581cb6,relogios_presentes,56.0,528.0,2.0,292.0,18.0,10.0,15.0
7a10781637204d8d10485c71a6108a2e,relogios_presentes,42.0,236.0,1.0,342.0,18.0,13.0,15.0
96b7d9d0248d6f0f688e1a1987642733,bebes,44.0,1280.0,4.0,7050.0,51.0,25.0,48.0
095cb863f2b04911455ad33f5177062e,livros_interesse_geral,48.0,1140.0,1.0,1000.0,16.0,24.0,16.0
d370e908175e2f3b39bb7fd33fd4c530,esporte_lazer,60.0,972.0,1.0,400.0,20.0,20.0,20.0
fe6a9515d655fa7936b8a7c841039f34,cool_stuff,29.0,266.0,3.0,5650.0,73.0,73.0,20.0
7659404ade89460a4be1c11ac47d5f2c,esporte_lazer,55.0,405.0,1.0,200.0,36.0,5.0,26.0
98a8c2fa16d7239c606640f5555768e4,ferramentas_jardim,39.0,500.0,1.0,8325.0,43.0,14.0,33.0
6ca11e79ed1acb748ccbb8e6b821967d,perfumaria,49.0,896.0,2.0,400.0,16.0,16.0,22.0
08401f48b67a852d06105725c3013eff,brinquedos,58.0,739.0,5.0,350.0,28.0,10.0,12.0
73bcea88583002fe12b7399af4ae60da,relogios_presentes,42.0,631.0,2.0,459.0,18.0,13.0,14.0
fd424396761d9e1609c5516b7d8ce17b,automotivo,53.0,578.0,1.0,4825.0,61.0,34.0,36.0
f449d5919390268a18a8c424e3a62dea,esporte_lazer,46.0,832.0,1.0,650.0,18.0,18.0,18.0
737d985cd93b0a4844c3c5847d945ca4,relogios_presentes,40.0,692.0,1.0,250.0,20.0,14.0,14.0
fe4dece0c663ba4f1f9f2d04d3b93a97,cool_stuff,58.0,442.0,1.0,200.0,16.0,12.0,11.0
44a34214a57dc373dcd80f54c919d006,esporte_lazer,21.0,207.0,2.0,350.0,67.0,15.0,15.0
3a4113a7009a9fda9cc0021c98b74332,livros_tecnicos,39.0,465.0,1.0,550.0,24.0,4.0,18.0
fc2351bcf24c714e5d21b44ad41198b7,bebes,58.0,1380.0,2.0,6850.0,48.0,25.0,34.0
2fb0efd1f61f186ffdda9e8ec70f27f2,bebes,37.0,224.0,2.0,4075.0,73.0,14.0,48.0
aa59c9e7a89f70e05e190130174cd4aa,esporte_lazer,60.0,867.0,3.0,1600.0,16.0,50.0,16.0
c5e31bcea566d7f28ebc011e9fee182f,cama_mesa_banho,50.0,704.0,2.0,800.0,16.0,10.0,16.0
8b50a72d52d7a91fb19d19fbe069e2f2,utilidades_domesticas,54.0,1754.0,1.0,250.0,20.0,8.0,13.0
96bdf83ce8bcf48510e8a8ab8b5fb660,fashion_bolsas_e_acessorios,42.0,139.0,4.0,50.0,18.0,18.0,12.0
f1fe595ee7ef768b41bd9b246d13432d,ferramentas_jardim,52.0,1292.0,7.0,1900.0,17.0,13.0,31.0
c40b4d64d9a3328382ec1fc2948c4af0,telefonia,30.0,797.0,1.0,100.0,17.0,5.0,12.0
094af0a75d07c0dbdccaa23e88149673,esporte_lazer,27.0,106.0,1.0,6450.0,35.0,25.0,27.0
f8b29b398eeec313dd704d04a432af3a,informatica_acessorios,42.0,410.0,1.0,200.0,16.0,16.0,11.0
cae8c962ad47ff05a508e6fec4146e1a,automotivo,59.0,162.0,1.0,50.0,16.0,15.0,16.0
ae6b739ab6e9d7991fb2ddd70f9c0b6b,utilidades_domesticas,56.0,595.0,1.0,1200.0,30.0,30.0,30.0
eab67bf937aaadc19f83383a331d2dd9,moveis_escritorio,53.0,1199.0,1.0,10975.0,53.0,51.0,18.0
0f6aa686ebf2fa68554cc24d4d29db5a,utilidades_domesticas,55.0,402.0,2.0,10450.0,80.0,15.0,33.0
17c4bd4269902c84acc14c497f282ddb,telefonia,51.0,422.0,5.0,300.0,23.0,7.0,15.0
91442659f31ec0f0fc73215e77854fac,relogios_presentes,60.0,661.0,5.0,300.0,16.0,2.0,11.0
e475b26e5db4c91fa1cd25927908eac2,fashion_esporte,22.0,886.0,4.0,200.0,22.0,6.0,15.0
474bb6b54fc608ca71059a6c4f7ecda3,eletronicos,43.0,538.0,1.0,150.0,30.0,10.0,20.0
003a31970fea14fffe92ac856b8a9b97,casa_construcao,55.0,900.0,4.0,1850.0,45.0,12.0,45.0
2e0725613e75303bb162ff2f58f112e0,brinquedos,27.0,254.0,1.0,200.0,16.0,10.0,11.0
c8f7df520102efbaf9927f5acf21b928,brinquedos,54.0,452.0,6.0,450.0,21.0,9.0,16.0
f691cdacdf6ea42e5cde08d10928f90b,esporte_lazer,30.0,536.0,1.0,998.0,24.0,26.0,20.0
e3dd336775af78a83fc27ed85f0f15da,beleza_saude,47.0,1267.0,1.0,300.0,20.0,9.0,15.0
a767d41b71a909a1dd1e969f4b50732c,eletronicos,40.0,2592.0,2.0,1200.0,28.0,8.0,18.0
890b077b34b5d22c8c56d60536ab9e75,esporte_lazer,51.0,2648.0,1.0,175.0,18.0,16.0,16.0
afbe1e973aefbf72a330e3bc72d4b476,cama_mesa_banho,56.0,501.0,3.0,1450.0,45.0,15.0,35.0
d04857e7b4b708ee8b8b9921163edba3,informatica_acessorios,33.0,1127.0,2.0,450.0,16.0,4.0,20.0
69b45497bec8e36af6fd1a31b2cd8f9f,eletrodomesticos,51.0,3134.0,8.0,950.0,45.0,14.0,35.0
2ec4063419591b373f7990da94fb2c6c,telefonia,44.0,375.0,2.0,50.0,20.0,20.0,20.0
efaeb3361423a3cb388b7bf8741ca075,cama_mesa_banho,53.0,153.0,1.0,1800.0,42.0,7.0,35.0
aa5d6a9bd4be367ae1a3a29c323c7c11,esporte_lazer,60.0,3767.0,1.0,120.0,30.0,15.0,15.0
c9d1849f97b6fe404378805a105d64ec,utilidades_domesticas,48.0,1204.0,7.0,600.0,27.0,13.0,27.0
98712b7f46e0fe4f4da2f7df1b9231a7,eletroportateis,41.0,450.0,1.0,350.0,16.0,16.0,28.0
f29675e9d91d8e0451ced31708497904,bebes,41.0,1271.0,1.0,6200.0,40.0,35.0,35.0
35535e9b73528a87eb39b134a72a6544,informatica_acessorios,52.0,1128.0,3.0,1000.0,25.0,25.0,25.0
3fc00af0f0a8d4ac2933d3900416c977,climatizacao,59.0,624.0,5.0,2000.0,20.0,10.0,20.0
1f58ebdc810e1d5c7cead7f763c27a94,cama_mesa_banho,51.0,421.0,1.0,550.0,30.0,5.0,25.0
735b17533036ee19f4c943704271660a,beleza_saude,49.0,1188.0,2.0,1400.0,42.0,11.0,12.0
5ae42f9d8352b9edd11800ebd575f4f7,automotivo,56.0,1371.0,4.0,2450.0,30.0,20.0,11.0
a5e242d7d26774906928c7c4aa3916bd,utilidades_domesticas,36.0,694.0,1.0,75.0,11.0,23.0,11.0
8580e348f827bc4699d12de9afc2305f,market_place,44.0,1121.0,4.0,300.0,20.0,22.0,20.0
cf1709a941039d6e24f0dde0978570de,automotivo,48.0,861.0,3.0,550.0,20.0,6.0,13.0
fc1d8637c0268af3db482c14b7ef8e75,cama_mesa_banho,60.0,269.0,1.0,1700.0,34.0,7.0,32.0
a2a61ecd4e916c3ff787c137d23957bb,utilidades_domesticas,58.0,782.0,1.0,3100.0,30.0,40.0,40.0
adc73ebfe461a4ec51e1b5b3338eca22,pet_shop,25.0,132.0,1.0,900.0,40.0,30.0,20.0
bc0246e1fa0a21cfceaed952d3e9cd38,automotivo,56.0,247.0,6.0,850.0,30.0,5.0,20.0
0b5c6dd6ca91fd2a318e99749b0ea57d,utilidades_domesticas,63.0,429.0,3.0,700.0,30.0,5.0,25.0
a02d0123079f4ae96001ba2010d1a2df,construcao_ferramentas_iluminacao,57.0,771.0,1.0,12000.0,45.0,35.0,45.0
b40f2e02089486d971fe39108eacc283,informatica_acessorios,58.0,1184.0,6.0,950.0,22.0,10.0,15.0
ff9fa77f938462abd16b53c0d934099f,esporte_lazer,57.0,3469.0,1.0,300.0,21.0,19.0,19.0
dc3503150b2bd7dbbb59168d88cd7550,malas_acessorios,45.0,218.0,1.0,600.0,47.0,10.0,31.0
08fb1fed44ecc852b3ab9363b00d1c03,telefonia,58.0,734.0,4.0,350.0,17.0,4.0,12.0
03a20f79e4c056b48ce29b3e30beb0fb,moveis_decoracao,63.0,1700.0,1.0,700.0,60.0,11.0,20.0
ccc4bd1600ccbb62e417409efc8301c2,cool_stuff,33.0,1295.0,1.0,250.0,28.0,20.0,16.0
9b1e33523029f6bde0a3fbe99d793cf4,cool_stuff,48.0,728.0,2.0,83.0,22.0,10.0,16.0
3c5559ffe829dd89665484c98f0c4e18,consoles_games,55.0,783.0,1.0,683.0,20.0,14.0,17.0
b3bce4552b02817249347cc257c9e61a,relogios_presentes,59.0,374.0,7.0,200.0,16.0,2.0,11.0
a4c1d75f5db22319df894cf3f4609b81,pet_shop,53.0,1121.0,5.0,450.0,40.0,20.0,30.0
5fb00b8c5c7ec5ea3a19223f6e8d6b40,bebes,31.0,819.0,2.0,400.0,56.0,2.0,69.0
75f95431890ea981914bdb4772341221,moveis_decoracao,60.0,920.0,3.0,250.0,18.0,9.0,14.0
4299cf45bc9aa8ef5bd9337035c286e5,perfumaria,60.0,499.0,1.0,700.0,30.0,10.0,30.0
9df0e8a7eef2a38b74e6d5c0e224b11f,moveis_decoracao,31.0,635.0,1.0,28600.0,41.0,43.0,91.0
85fd14e978b92176dd210c046abc3540,esporte_lazer,60.0,1201.0,1.0,200.0,16.0,16.0,16.0
5c692818d313aa12864b48ac0c2472c2,relogios_presentes,56.0,167.0,3.0,200.0,16.0,2.0,11.0
8de310188938fc8abfe1aa7ee927ccd2,esporte_lazer,58.0,398.0,2.0,200.0,20.0,10.0,11.0
9ddc4249779322828f89d2a9c04f7ee1,automotivo,54.0,699.0,1.0,1277.0,30.0,25.0,27.0
f646af315b0f3a597f69213537ca2199,moveis_decoracao,55.0,928.0,1.0,600.0,17.0,17.0,17.0
a4d44eb9f68b301db3a15c9a346f395c,malas_acessorios,56.0,730.0,3.0,3700.0,37.0,42.0,39.0
827c4a77226a3e7ef259d61eaa775df9,moveis_decoracao,54.0,439.0,2.0,1300.0,30.0,25.0,25.0
e2600770da5cfd446d3e971c1d41b44c,informatica_acessorios,42.0,149.0,1.0,300.0,50.0,5.0,20.0
5411e9269501a870cabf632f05655131,papelaria,57.0,396.0,3.0,6550.0,38.0,30.0,28.0
1d93a1a9ef04cca09f4737fc380e0d6e,utilidades_domesticas,35.0,1127.0,1.0,1400.0,16.0,16.0,16.0
f07ef9dd6e2d9a366ff30a25e210be70,telefonia_fixa,53.0,1021.0,2.0,900.0,20.0,20.0,20.0
a40675a9c6ef2410e3420483a1f8c81f,relogios_presentes,56.0,478.0,2.0,350.0,19.0,13.0,13.0
6db02fce12f88341876dbb10e2c16d8a,brinquedos,46.0,234.0,1.0,400.0,17.0,10.0,12.0
777d2e438a1b645f3aec9bd57e92672c,cama_mesa_banho,58.0,689.0,1.0,950.0,45.0,15.0,35.0
e7cc48a9daff5436f63d3aad9426f28b,telefonia,58.0,1500.0,4.0,700.0,32.0,15.0,21.0
9b7f6da9aa9f1e413a63bec7924fdd38,utilidades_domesticas,48.0,174.0,1.0,350.0,35.0,20.0,35.0
1837cb3869c5eca2fd665cffd1ec1854,consoles_games,38.0,1276.0,2.0,400.0,20.0,30.0,20.0
810e2944bca9850b934e1570ba372e7d,moveis_decoracao,49.0,612.0,1.0,2200.0,30.0,35.0,30.0
4c1fdadeda244374699fdc31917e5b34,papelaria,55.0,202.0,8.0,9700.0,35.0,60.0,40.0
9ee8c8a931dd4d34148aa31f54ee93c1,perfumaria,56.0,571.0,4.0,1700.0,20.0,24.0,30.0
3efd399c5d016b9e6a5ad3196eade44f,bebes,28.0,855.0,2.0,1000.0,30.0,10.0,25.0
7bc637a5504e0cfdf08490124d681fd3,pet_shop,32.0,1920.0,2.0,300.0,18.0,9.0,13.0
3a9c4070ee3d8325be46ec77b483c6e7,bebes,44.0,1441.0,1.0,3900.0,41.0,17.0,49.0
5d91ebba17efcefccb56680d45aae16b,automotivo,54.0,157.0,1.0,2200.0,16.0,16.0,16.0
62c89abe1afe3a23c17765d462718a4c,perfumaria,51.0,805.0,1.0,540.0,23.0,13.0,19.0
5926c58c462b5d1f932ef3f0a9e37d41,casa_construcao,29.0,869.0,7.0,8300.0,40.0,30.0,25.0
9da950e8c8c482441f1b93955b21c827,cool_stuff,51.0,516.0,1.0,5200.0,37.0,20.0,34.0
8301e489165ea0f91dd987fafebbe58c,fashion_bolsas_e_acessorios,51.0,220.0,2.0,150.0,24.0,4.0,34.0
60525d5b6a1658c5eea3c64713922000,cama_mesa_banho,50.0,620.0,1.0,1700.0,30.0,10.0,38.0
e0f33a3329af6716a0bb47fd7a664439,,,,,200.0,16.0,13.0,14.0
79da264732f717f10ebf5d102aa6c32a,telefonia,59.0,675.0,5.0,150.0,17.0,8.0,14.0
26a6aaf337b078349b5ec749be2e7a5e,utilidades_domesticas,58.0,1556.0,3.0,1100.0,23.0,12.0,17.0
bee2e070c39f3dd2f6883a17a5f0da45,informatica_acessorios,53.0,871.0,4.0,175.0,20.0,20.0,20.0
dd47440cb56de3ab674f9208ff0edc3e,informatica_acessorios,58.0,956.0,3.0,2550.0,30.0,10.0,22.0
1c6c35cdf70ee1c3515cd1527f4aa6d8,papelaria,56.0,909.0,3.0,450.0,28.0,32.0,23.0
aef8207c2e91f4fcdbc0824737abf358,beleza_saude,41.0,915.0,2.0,1075.0,26.0,14.0,17.0
b73091f98b819cf7a339f74ece86aa4b,fashion_underwear_e_moda_praia,39.0,423.0,1.0,200.0,36.0,4.0,20.0
5d2d01b64b76916f0cbe74e407041187,utilidades_domesticas,43.0,297.0,1.0,350.0,25.0,25.0,25.0
061885af8dbda5739d592a153655e574,automotivo,55.0,282.0,1.0,850.0,28.0,15.0,22.0
808190a48d18d09af357796e2b30d932,brinquedos,58.0,409.0,5.0,1400.0,25.0,40.0,45.0
da1ff964ecbb4df51db9322cdf7a4a74,informatica_acessorios,41.0,3464.0,4.0,800.0,21.0,6.0,28.0
88c20c5a22f2ca169af8cfc2df00a7a2,esporte_lazer,41.0,781.0,4.0,500.0,20.0,20.0,15.0
cd2c0529e45020c77a7c05b4ef2408fd,cama_mesa_banho,55.0,377.0,1.0,1000.0,32.0,17.0,52.0
72ca7a219f9f5b1be88c79e3aedd0152,papelaria,58.0,487.0,4.0,650.0,21.0,7.0,15.0
514171f9d45a3d93574fc587ef775579,portateis_casa_forno_e_cafe,57.0,342.0,1.0,150.0,27.0,13.0,17.0
68a058d125ba1544e726898f0b8c0523,moveis_escritorio,54.0,1283.0,1.0,10475.0,52.0,51.0,17.0
b79f1c3ee8b26b90db738fb3c4abc1ce,beleza_saude,57.0,598.0,1.0,350.0,35.0,3.0,12.0
bb50f2e236e5eea0100680137654686c,beleza_saude,60.0,2644.0,6.0,400.0,34.0,4.0,22.0
8983a3b149303c013fceabef902e835a,informatica_acessorios,39.0,1193.0,3.0,450.0,16.0,3.0,15.0
423b46d7ff817b1cd19ab195c7b76546,relogios_presentes,59.0,160.0,5.0,200.0,16.0,2.0,20.0
5389dbdf62ed8bee6b52fab9c9891f2e,informatica_acessorios,54.0,1416.0,3.0,200.0,16.0,14.0,13.0
0a1ca683d91a7cb9b806f3710873bf47,perfumaria,50.0,1584.0,3.0,700.0,18.0,6.0,17.0
fa39c60599eb6573020f07a1b4dd38cf,utilidades_domesticas,52.0,806.0,1.0,1183.0,38.0,18.0,26.0
05b515fdc76e888aada3c6d66c201dff,beleza_saude,45.0,231.0,3.0,800.0,21.0,4.0,15.0
73fdc89a7474d12e91ebb4a38341fd84,automotivo,54.0,2069.0,1.0,4850.0,40.0,25.0,30.0
210a8305d79b2f5719cbafb2c026797f,esporte_lazer,60.0,521.0,1.0,650.0,24.0,10.0,20.0
d39315154e72bfcbb3b85863ecdc41d6,esporte_lazer,53.0,354.0,1.0,1130.0,32.0,25.0,23.0
462ca84097e3116f8dc7642fb057b4b2,informatica_acessorios,32.0,1078.0,2.0,200.0,39.0,2.0,30.0
f76b8eae9da79861cd75f86a1020879e,casa_conforto,46.0,313.0,1.0,1800.0,55.0,7.0,23.0
3c5b70965b3d63c66a18dd46881a58c9,utilidades_domesticas,47.0,456.0,6.0,700.0,19.0,16.0,16.0
02dc711c164ca9c218d316491801ced9,moveis_decoracao,54.0,1959.0,2.0,3000.0,69.0,11.0,11.0
7413f40201dadc558699e8de1cbfa922,esporte_lazer,20.0,524.0,1.0,25200.0,38.0,4.0,38.0
fe9dfbe7f974621789683b7b78be2a16,beleza_saude,54.0,1131.0,3.0,5300.0,30.0,24.0,38.0
9981d5a8b44135a14dffa76e857d2d83,moveis_escritorio,64.0,1291.0,1.0,12500.0,57.0,54.0,21.0
e987172c2818cc16b2555bc130ac5fac,,,,,4700.0,19.0,52.0,19.0
569ffd16f8032478cbeb9800f2e94ba0,moveis_decoracao,49.0,544.0,1.0,410.0,39.0,3.0,28.0
50fd2b788dc166edd20512370dac54df,eletronicos,46.0,2285.0,1.0,150.0,30.0,10.0,20.0
2c52e710fd7c065119722cad50607252,relogios_presentes,53.0,539.0,2.0,197.0,16.0,11.0,12.0
10d2b7a176cd8a35bcae7c15e0e7626e,esporte_lazer,58.0,1033.0,5.0,750.0,16.0,10.0,11.0
5e34d2963378695699827b6e629392b4,esporte_lazer,48.0,989.0,6.0,700.0,24.0,15.0,23.0
7703b8cb5b77fbb36518ea91e2ca734f,relogios_presentes,54.0,192.0,5.0,250.0,16.0,2.0,11.0
258ee266f0b142b30248b7c57b56d579,beleza_saude,17.0,48.0,1.0,150.0,19.0,14.0,16.0
e558ed9db130cd52586bb4fcb1090132,malas_acessorios,43.0,784.0,1.0,900.0,19.0,51.0,36.0
4cc07f390b20092747e033df35805a15,moveis_decoracao,56.0,175.0,2.0,6300.0,50.0,25.0,30.0
4e3ebb4f257a1b5a8180093f6609aa72,ferramentas_jardim,53.0,1855.0,5.0,1600.0,28.0,9.0,27.0
64874a0d6c1ec460c2f59886c51b9711,perfumaria,46.0,647.0,2.0,532.0,21.0,12.0,17.0
652b078a8a6450ae6bf0823f150c7ede,esporte_lazer,24.0,178.0,1.0,3000.0,90.0,11.0,16.0
f3ce47ccf98da2906f6b8b1387618e07,utilidades_domesticas,59.0,987.0,1.0,10250.0,35.0,50.0,35.0
054515fd15bc1a2029f10de97ffa9120,esporte_lazer,50.0,799.0,1.0,150.0,18.0,18.0,18.0
5a790acce109b9b76e3446f96430a1d0,papelaria,49.0,658.0,5.0,300.0,51.0,15.0,15.0
3fae92f8d0ebb3317991934a6d717c47,cama_mesa_banho,60.0,306.0,1.0,1250.0,16.0,10.0,16.0
387f1559343d513c4383bdb99672e431,cama_mesa_banho,50.0,291.0,1.0,1050.0,40.0,15.0,35.0
940d38f0ef286bd93612fcdc91dd38ed,utilidades_domesticas,58.0,837.0,1.0,4300.0,30.0,30.0,30.0
c02a979508b4fbd64ce1db1ccd8dd6fa,informatica_acessorios,36.0,638.0,1.0,190.0,17.0,13.0,14.0
03d10117bf5dbd1e4f194566be73de5a,cama_mesa_banho,53.0,255.0,1.0,2350.0,45.0,15.0,35.0
a0f27f57faa493eaa9d1609c45f7d16d,livros_interesse_geral,34.0,623.0,5.0,850.0,40.0,5.0,30.0
87c9f9f88ecd5b9de26a0a61e06e1d67,esporte_lazer,35.0,783.0,1.0,214.0,18.0,15.0,15.0
57f2de7e1c6028c7d38a50cff155c794,esporte_lazer,44.0,221.0,1.0,400.0,40.0,6.0,25.0
c31795158ba761acc612817d1c5760a6,pet_shop,59.0,346.0,4.0,150.0,18.0,9.0,14.0
0f3f3612d3a594da318f0f7b175a9c14,relogios_presentes,55.0,1057.0,1.0,350.0,28.0,10.0,18.0
65769f6fabbfd7d399bb5851d9af3fba,esporte_lazer,63.0,3191.0,10.0,300.0,20.0,10.0,15.0
2f9c2888168b8c2d8e625905f3737057,telefonia,54.0,169.0,2.0,150.0,20.0,5.0,12.0
cfdea8fdeffa0be98a7e7d3e1dd71dcd,utilidades_domesticas,38.0,525.0,1.0,15600.0,104.0,10.0,43.0
6e2c62713ec17c681eacdf653dddb4e5,ferramentas_jardim,50.0,1430.0,5.0,300.0,17.0,4.0,11.0
0af4dce351fbee7db329f93260f68142,utilidades_domesticas,29.0,201.0,2.0,20000.0,52.0,52.0,35.0
ba9943916136c9959e24f71bdae28faa,informatica_acessorios,46.0,669.0,3.0,200.0,35.0,2.0,25.0
dbd55362ec13c706503b1c71a5068a1a,beleza_saude,53.0,526.0,3.0,473.0,21.0,16.0,13.0
07e1dae59ffce9e47d0f529361d492f6,utilidades_domesticas,58.0,706.0,2.0,14900.0,45.0,75.0,29.0
415800ba8edc079e255fcc4ee5790376,beleza_saude,53.0,1451.0,1.0,1150.0,30.0,12.0,16.0
096e14458100c2b6d10f72d69f80cf34,brinquedos,49.0,1172.0,3.0,2750.0,26.0,42.0,38.0
d5c263f4d651ba657c900ce70a4be7de,telefonia,59.0,458.0,4.0,350.0,20.0,30.0,20.0
c92a8559445ec8f63ecf90c7dd910b7d,,,,,1050.0,30.0,15.0,21.0
4ebb87ba41ca446326804d0e7f8dcc93,cool_stuff,46.0,642.0,1.0,1500.0,42.0,25.0,15.0
62d8daeee0db3a60c234c2d1bfd10651,cama_mesa_banho,46.0,113.0,1.0,350.0,40.0,4.0,30.0
abe236a52dbc43e90bad00fe6d794582,cama_mesa_banho,22.0,332.0,1.0,800.0,34.0,17.0,22.0
4b456247c6fd6370f0c01903b0c6d67d,informatica_acessorios,59.0,476.0,2.0,200.0,20.0,15.0,20.0
b60f6bba923daf524e87691951512e1a,papelaria,47.0,530.0,8.0,600.0,30.0,40.0,11.0
d8f254be723da6488610b42935533b05,relogios_presentes,57.0,239.0,4.0,300.0,16.0,2.0,20.0
de72026142ffc78ea7a8d6ce739056b1,telefonia,44.0,575.0,3.0,300.0,18.0,9.0,14.0
aeb37360d7dbf2f5136bb2ae449ac16b,brinquedos,59.0,214.0,2.0,7850.0,23.0,39.0,30.0
2423252b2432f1803e4f29e0974c6cf7,brinquedos,60.0,919.0,5.0,1167.0,36.0,20.0,28.0
d35825dd1741eee134506022d73f4e71,perfumaria,54.0,431.0,1.0,313.0,17.0,7.0,13.0
097d5a4bed2be012b4e46e6f5ae0694b,beleza_saude,60.0,1162.0,1.0,833.0,16.0,12.0,18.0
9069c427ca36847bc3907c09712f6cf8,brinquedos,56.0,1138.0,2.0,6250.0,60.0,20.0,40.0
8307d6d6781b40a6b3b4c222da56f274,,,,,500.0,23.0,15.0,29.0
ee0324bc19887939d7d0fcfca68ee955,moveis_decoracao,35.0,306.0,1.0,2700.0,37.0,30.0,20.0
2136c70bbe723d338fab53da3c03e6dc,relogios_presentes,55.0,167.0,3.0,200.0,16.0,2.0,11.0
bb6f30a0d7b5ea35ae9e052d52324002,moveis_decoracao,59.0,935.0,3.0,850.0,37.0,8.0,37.0
c82a4bcc05f054e3084e20df4ee969cf,utilidades_domesticas,59.0,642.0,4.0,550.0,27.0,8.0,27.0
848064637fb2f160e5456e94f1f58d5c,cama_mesa_banho,52.0,236.0,1.0,1200.0,38.0,7.0,29.0
deff29051b7f3eb939ef8bf8ca0e85a2,beleza_saude,50.0,493.0,1.0,300.0,16.0,3.0,11.0
d9545b3e8df3155bca5b302d0f7c3c1c,informatica_acessorios,58.0,1672.0,2.0,4350.0,30.0,20.0,20.0
5dcceb4689c06ac693117bc4296986ef,cama_mesa_banho,59.0,679.0,1.0,1000.0,28.0,14.0,16.0
7698e984bafd195f739522d13645012e,moveis_cozinha_area_de_servico_jantar_e_jardim,46.0,653.0,2.0,200.0,31.0,31.0,31.0
d9bdf643d95cb89844c0da1a0df1d16e,perfumaria,39.0,572.0,1.0,475.0,20.0,9.0,14.0
9fbfc0d1a475bb65f9c0e39bb927a99a,utilidades_domesticas,38.0,772.0,1.0,4450.0,16.0,29.0,23.0
52e8598530d1015c00613dbb14c307f8,bebidas,37.0,934.0,1.0,580.0,26.0,14.0,16.0
606a5b6dec14661643801e2cbf308b04,eletroportateis,50.0,84.0,1.0,600.0,16.0,35.0,25.0
952670bc019a73f0933157ec82ff6e4f,cama_mesa_banho,46.0,162.0,5.0,3300.0,60.0,18.0,50.0
912d1fc21117a94dc8a67186df6010a7,relogios_presentes,38.0,1069.0,1.0,458.0,18.0,12.0,15.0
82d81ab45858ba32dffde40acc8b3062,utilidades_domesticas,38.0,292.0,1.0,700.0,60.0,11.0,11.0
9538a4d0d20e31d209def88993f8dca3,moveis_decoracao,35.0,781.0,2.0,300.0,17.0,4.0,12.0
317a06884480d645d7f0bc82455ec277,informatica_acessorios,59.0,1926.0,5.0,650.0,25.0,11.0,15.0
70aa499facb0946dc40ff974166fd522,automotivo,58.0,1683.0,8.0,2700.0,46.0,16.0,25.0
ea99388f66ccc3a78b6c2d7725184b12,esporte_lazer,57.0,373.0,3.0,1400.0,65.0,10.0,16.0
bff2390f68a7b76b01ef61b684888261,cama_mesa_banho,55.0,555.0,1.0,600.0,16.0,10.0,16.0
ef8856db4e302ad33dc4d91e40f7593c,esporte_lazer,29.0,531.0,2.0,1350.0,41.0,10.0,35.0
62744bf012b60074e5fa0fcd657cbd34,moveis_decoracao,59.0,595.0,4.0,400.0,50.0,3.0,25.0
f9392dda35e35d69c08288c2c670897f,cama_mesa_banho,27.0,423.0,1.0,200.0,16.0,12.0,11.0
a3a7f611af275e93e51407214929f119,cama_mesa_banho,55.0,844.0,1.0,1000.0,25.0,5.0,25.0
f40e67d9fbad11e25f958cc8b534af73,beleza_saude,49.0,453.0,1.0,583.0,20.0,6.0,11.0
65fd9b358b7ee029fba34839e9c35fdf,informatica_acessorios,50.0,556.0,1.0,350.0,28.0,10.0,37.0
9bd01dd31e915573f3ab0bb9a6d7e113,informatica_acessorios,57.0,1177.0,1.0,1250.0,17.0,25.0,17.0
30dd245a5cc5a0def5b5d42b024a17b0,livros_interesse_geral,38.0,269.0,1.0,8170.0,17.0,17.0,20.0
de480e3ae31eea2d2d97d694c43172fc,informatica_acessorios,48.0,535.0,4.0,150.0,16.0,5.0,11.0
ed2067a9c1f79553088a3c67b99a9f97,alimentos,52.0,919.0,1.0,750.0,16.0,12.0,15.0
6db72cc3d861dbea370e6959aa850b8c,utilidades_domesticas,58.0,682.0,2.0,340.0,30.0,6.0,11.0
9e4a852f41aff52bafff133d9deb5eee,papelaria,55.0,382.0,5.0,5700.0,38.0,30.0,28.0
5568499d3c902609fbaa24d6639ef909,telefonia,58.0,540.0,3.0,350.0,17.0,4.0,12.0
69bad3501e439434005e16bfcb98968e,cool_stuff,57.0,330.0,1.0,2000.0,33.0,44.0,19.0
7efd7d1a1a985eae9fecdb134fd657d3,cama_mesa_banho,55.0,2373.0,6.0,2750.0,30.0,20.0,26.0
0ca16017057f20d572b8c01fcd7c5c28,moveis_decoracao,58.0,1497.0,3.0,2200.0,105.0,3.0,70.0
8e312c483d79e02dbc1d68cce77e26c8,cama_mesa_banho,50.0,451.0,1.0,500.0,25.0,5.0,15.0
1d6b1ff2a0ef2336832512132b3af6aa,moveis_decoracao,56.0,1892.0,6.0,1550.0,69.0,11.0,11.0
f71050e65776861c8c3ec7a2d2b0194c,utilidades_domesticas,49.0,506.0,1.0,3050.0,30.0,30.0,30.0
351eb84de99fb5e43d8706bc3f41fbff,moveis_decoracao,53.0,575.0,1.0,300.0,35.0,10.0,25.0
08a58dc963320d6073623382b9ceb920,informatica_acessorios,56.0,2590.0,5.0,400.0,17.0,7.0,13.0
0c2b45d82e82097170c709f30037dcb7,bebes,55.0,1632.0,1.0,600.0,20.0,13.0,13.0
2eb6e8f39feaf75fc5163f774d38f0f1,pet_shop,53.0,1517.0,2.0,467.0,19.0,15.0,18.0
41f9d5d764dc0fa4928c9177275e5763,construcao_ferramentas_construcao,42.0,251.0,1.0,400.0,16.0,16.0,16.0
a0bcb790b8f1249bec0369de04a72d33,cama_mesa_banho,59.0,1271.0,1.0,450.0,42.0,10.0,29.0
8bba564030745976b3975e212e113b6a,fashion_bolsas_e_acessorios,35.0,308.0,3.0,5000.0,22.0,53.0,35.0
07821918ef487fd64eb20b3c8aeb897f,informatica_acessorios,52.0,1873.0,1.0,267.0,16.0,16.0,16.0
5f00c50de3d989194f0439e343480372,cama_mesa_banho,55.0,486.0,1.0,1350.0,40.0,5.0,30.0
159e7e73295b609960c0797eb64b3d39,pet_shop,52.0,418.0,1.0,467.0,22.0,34.0,21.0
156fef830e2c8871e3f1bf4dadf8e312,esporte_lazer,54.0,436.0,1.0,1000.0,40.0,20.0,20.0
56b81eaffe3c2e7e54f3bdf2a935164f,moveis_decoracao,56.0,296.0,3.0,1400.0,100.0,7.0,15.0
163e6400e6dadd0fe04775c5e9331fda,bebes,29.0,462.0,1.0,500.0,47.0,10.0,36.0
8eed2a3a47f27f69cec34ff9562fc7b9,ferramentas_jardim,59.0,623.0,1.0,500.0,25.0,16.0,16.0
1529199a7d88ac40cef5b4a508f18f2c,esporte_lazer,38.0,1043.0,2.0,500.0,17.0,5.0,13.0
f0fd2799d9eb02ccb6efa890519a6c4d,moveis_decoracao,59.0,456.0,1.0,5200.0,60.0,40.0,45.0
8794dfe7cd526fa69414f8364e09470c,fashion_bolsas_e_acessorios,51.0,220.0,2.0,150.0,24.0,4.0,34.0
1891f20b2a27a8b700d7a7ff5a7a0039,cama_mesa_banho,42.0,110.0,1.0,400.0,40.0,4.0,30.0
389c2351d11b4f543c93ceb7e966315d,informatica_acessorios,38.0,665.0,1.0,850.0,16.0,11.0,37.0
5b71073dc2a8c72a945d7c5000c3c199,bebes,35.0,265.0,1.0,218.0,18.0,19.0,17.0
6a222302a2e1749b050b0897a01765f2,automotivo,41.0,276.0,1.0,950.0,25.0,10.0,15.0
6ab9d49c399f239bc88ea28c7568213f,,,,,250.0,22.0,2.0,32.0
f1b067568bb39768f754b0d1ab1abcf6,papelaria,54.0,241.0,4.0,3750.0,60.0,2.0,15.0
cadb69af336c16aba5c5223599821245,eletronicos,41.0,386.0,1.0,200.0,25.0,7.0,16.0
e30d5b80f5e85b8f9e7c627b5d594b38,perfumaria,55.0,347.0,3.0,1000.0,33.0,16.0,20.0
acc444eb5ad26f79d5a11baa6a03c439,moveis_decoracao,53.0,626.0,1.0,9400.0,35.0,45.0,45.0
380b4664ba5bb18cc9db78ee6bac3558,relogios_presentes,44.0,322.0,4.0,250.0,16.0,2.0,11.0
ba4a91633739ceceb2b73b627e2cfbc3,moveis_escritorio,57.0,1296.0,1.0,8750.0,52.0,51.0,17.0
186fe07c8b8005ec6a498587ffbc1352,relogios_presentes,60.0,193.0,3.0,200.0,16.0,2.0,11.0
259a24ea2a742082c43dd2f5ce116b52,bebes,28.0,381.0,1.0,1454.0,24.0,22.0,20.0
5d66715cc928aadd0074f61332698593,eletronicos,52.0,390.0,1.0,150.0,20.0,13.0,18.0
2a4d7470cdcf5e02f7ad83e56971bb80,pet_shop,60.0,770.0,3.0,12800.0,45.0,50.0,34.0
2b0c892ab2b8e600a0b186db31f5947d,esporte_lazer,49.0,903.0,5.0,4325.0,40.0,25.0,33.0
115e606ac8059e4cfa1c6c3310fb365c,informatica_acessorios,57.0,1525.0,4.0,285.0,17.0,10.0,13.0
bbf76ccd9b620fb13136c95bc5adb5da,cama_mesa_banho,60.0,490.0,4.0,18600.0,58.0,40.0,49.0
eb2e510c7e0f62651d0156e769928970,automotivo,51.0,817.0,2.0,150.0,20.0,6.0,17.0
404c6e8590cbb06f8c5e911d8a90b1e5,esporte_lazer,43.0,231.0,2.0,2700.0,60.0,15.0,15.0
ba80c9f47a84d1e08465f72e22930c83,pet_shop,41.0,901.0,1.0,150.0,19.0,10.0,15.0
c20a3f598c16d77249da67e81caa8317,utilidades_domesticas,57.0,529.0,4.0,575.0,16.0,18.0,12.0
c36140521283624c2368a1f6c2fec1ab,bebes,53.0,1608.0,4.0,1300.0,42.0,25.0,15.0
9ecadb84c81da840dbf3564378b586e9,moveis_decoracao,41.0,789.0,1.0,950.0,20.0,35.0,20.0
060cb19345d90064d1015407193c233d,automotivo,49.0,608.0,1.0,7150.0,65.0,10.0,65.0
4cc8bfa581f41841ce5e24aba773a44a,cama_mesa_banho,50.0,381.0,1.0,875.0,25.0,18.0,40.0
6d97e5cb4df5111845c6aaafba7111ca,eletrodomesticos,55.0,657.0,1.0,417.0,22.0,25.0,27.0
5f19455f0c3902e89f16a6042bd4221d,beleza_saude,53.0,1136.0,4.0,7600.0,30.0,31.0,38.0
3d98ab25b3b0c893c78f2ce1dc31e1c4,consoles_games,33.0,379.0,1.0,389.0,20.0,16.0,16.0
1d94d1e0c7fb2dcf2811e093d2ca303b,,,,,17150.0,62.0,36.0,46.0
226be9996759442f90f73b7d24c6baff,utilidades_domesticas,50.0,246.0,3.0,1950.0,16.0,105.0,14.0
3516632e8f52b679ff83d1665ecc990e,informatica_acessorios,45.0,267.0,1.0,167.0,16.0,12.0,13.0
a6621d4ee609f3f917d04c11ca8f0161,brinquedos,55.0,889.0,3.0,2800.0,48.0,27.0,18.0
525947dbe3304ac32bf51602f9557c12,cama_mesa_banho,60.0,236.0,1.0,2600.0,34.0,7.0,32.0
b42f9966116a4518f832f1a13ec8456a,eletronicos,56.0,280.0,1.0,200.0,25.0,7.0,16.0
497bf3fd2bfb679b5fb1bdbde4950ff1,moveis_decoracao,27.0,117.0,3.0,300.0,17.0,9.0,11.0
315274d6751133f612a67ccfa00c0522,instrumentos_musicais,30.0,599.0,2.0,350.0,17.0,7.0,11.0
430d215740da7fdda91cc938f8fd92f6,telefonia,50.0,2641.0,8.0,260.0,19.0,7.0,13.0
d5cfc4570ec66c853873c3a7be07e377,telefonia,59.0,466.0,3.0,400.0,17.0,5.0,12.0
fec76cdd2170ca10b02e2f0d81ff4123,esporte_lazer,48.0,888.0,1.0,200.0,16.0,6.0,12.0
11fd9d7ba552e1d28872e008acf1e050,cool_stuff,31.0,1194.0,3.0,10225.0,19.0,11.0,11.0
100260bf9206d859dc8db128c8c5afc9,utilidades_domesticas,46.0,79.0,3.0,300.0,21.0,10.0,18.0
059edbecfc72eba55fbd079a25c4ab6b,beleza_saude,36.0,1129.0,1.0,473.0,22.0,18.0,21.0
7041ae473941c8270e3a0f3cf73a379f,cama_mesa_banho,62.0,665.0,1.0,2400.0,42.0,11.0,36.0
6cdd53843498f92890544667809f1595,beleza_saude,51.0,625.0,1.0,900.0,25.0,12.0,38.0
64f905cf518f84bfe0fbcc33bf6f0e9a,esporte_lazer,26.0,303.0,1.0,983.0,28.0,15.0,29.0
3edc3d3ffe806f5115118f86cbf5a021,esporte_lazer,26.0,621.0,2.0,300.0,26.0,8.0,16.0
ff9a23dcd6b233811bd2a7be174a8e4c,beleza_saude,53.0,841.0,1.0,150.0,20.0,10.0,20.0
b84520a57891e7a8ae2c68741dcc7146,relogios_presentes,56.0,660.0,3.0,250.0,16.0,2.0,20.0
ff4c1a248a5110d784de5c67a9106d67,pet_shop,60.0,590.0,3.0,1150.0,20.0,35.0,30.0
4256cf575577f02e6c98d452ad40fa63,moveis_decoracao,52.0,747.0,4.0,13200.0,40.0,60.0,40.0
36940188c2ad1a212b94931a08cc3c29,telefonia,51.0,380.0,1.0,115.0,19.0,5.0,11.0
28a652ff04e43c1bc57937a9f8770f9b,papelaria,55.0,264.0,4.0,7700.0,28.0,55.0,37.0
bc3d15dd90a6794ea7710f1642aae319,,,,,4050.0,31.0,24.0,26.0
f0354861ab19941a53209c2acbb1b604,brinquedos,22.0,546.0,1.0,1007.0,33.0,27.0,22.0
0816234aa8a9ed73333cc61afb578bd1,malas_acessorios,41.0,940.0,3.0,550.0,16.0,30.0,20.0
4e72c18c19fee00460f9504012cb244d,moveis_decoracao,59.0,205.0,8.0,950.0,31.0,11.0,26.0
a2a91fe6d8762e0371abd964cef88ec6,utilidades_domesticas,27.0,49.0,3.0,300.0,25.0,10.0,23.0
fa3a067994b6fd52b6ce674ee19a5bdf,utilidades_domesticas,52.0,1063.0,2.0,2200.0,89.0,5.0,20.0
1600dcf1cea8c0c83702e07b577ab231,relogios_presentes,57.0,181.0,4.0,250.0,16.0,2.0,20.0
db858d1d14f31fbf7f38036ac7a3fcf4,telefonia,51.0,1157.0,2.0,575.0,20.0,20.0,20.0
29427de7f8a9ee983d9dbc51cec569b4,cool_stuff,54.0,995.0,1.0,4475.0,44.0,24.0,31.0
7fb04722aba7a2b632bac8f9819796f3,beleza_saude,48.0,594.0,1.0,1850.0,24.0,36.0,23.0
3b60d513e90300a4e9833e5cda1f1d61,,,,,450.0,20.0,12.0,15.0
1191e61a83c807323c6c1cb5eac9ff3c,telefonia,59.0,777.0,6.0,350.0,17.0,4.0,12.0
9ef3514cbcbf73d8b7d294036f99737f,utilidades_domesticas,53.0,1708.0,3.0,1650.0,69.0,10.0,40.0
64fb265487de2238627ce43fe8a67efc,cama_mesa_banho,55.0,329.0,1.0,1825.0,44.0,14.0,34.0
b1bd2eebcf90443f4f17e71bb89468a2,esporte_lazer,52.0,520.0,1.0,200.0,16.0,15.0,15.0
c3097e07a0a5de0d4b4c836d90c5a284,eletronicos,43.0,425.0,1.0,200.0,22.0,11.0,16.0
ad673c1cd02b966e931f9db4fdc34791,informatica_acessorios,39.0,1321.0,3.0,350.0,22.0,11.0,17.0
461f43be3bdf8844e65b62d9ac2c7a5a,relogios_presentes,35.0,591.0,3.0,444.0,20.0,14.0,16.0
e1e932dfb67414e80b87ad97688cf2a3,brinquedos,45.0,404.0,5.0,3850.0,52.0,7.0,55.0
aef5dacb8cffba210a6e307dd01e4923,cool_stuff,55.0,410.0,2.0,1150.0,36.0,16.0,24.0
fc2053a22dde0b067898ea436a86ec6e,cama_mesa_banho,57.0,158.0,1.0,1900.0,38.0,10.0,33.0
8b5a201cdb79e1962baa08534f71d382,relogios_presentes,59.0,488.0,2.0,250.0,16.0,11.0,11.0
5b4b8595bd33017cf3c87c8ab09c2e42,papelaria,54.0,231.0,1.0,150.0,17.0,6.0,11.0
ca92f5c2276bfd491db575cd9de5a70d,fashion_calcados,54.0,404.0,2.0,800.0,22.0,12.0,33.0
387e781bdd254dd8821e6194af0fa8d7,utilidades_domesticas,63.0,497.0,1.0,9950.0,47.0,20.0,60.0
bf128711128b70eaa9e07df69e9a75e2,telefonia,61.0,992.0,1.0,600.0,23.0,6.0,15.0
9fc0c73ce4d0eaaead44e81eeefebeb0,esporte_lazer,57.0,1949.0,1.0,350.0,21.0,26.0,21.0
63de2743d05ab59d85caa49e49459ac1,beleza_saude,51.0,951.0,1.0,178.0,18.0,11.0,17.0
74f6667fd85d8261aef8e980f235a38b,pet_shop,54.0,485.0,2.0,150.0,27.0,9.0,27.0
c3da6347b3df112e52de0d6f9443158b,construcao_ferramentas_construcao,41.0,654.0,3.0,2900.0,43.0,14.0,17.0
af91083bde899b201798b52ae89babea,beleza_saude,44.0,937.0,1.0,350.0,19.0,12.0,13.0
c0c17f0a42c3ebda98f5805722969aee,telefonia,34.0,198.0,3.0,100.0,16.0,14.0,15.0
e58a56ad705cc3e02d6db9ae1a16c406,construcao_ferramentas_iluminacao,49.0,522.0,4.0,150.0,20.0,10.0,20.0
38a3986954ae656fba0263c496a8b447,cama_mesa_banho,55.0,161.0,1.0,1300.0,46.0,7.0,51.0
23f2ebdf4d6f7badc8bbd40af362f681,casa_construcao,50.0,894.0,1.0,866.0,21.0,18.0,21.0
b1ab8c16165f6d66427b01ac9b26e141,beleza_saude,40.0,735.0,1.0,150.0,16.0,2.0,11.0
e878662b68e175a58b5951e44574d5c8,,,,,2000.0,33.0,8.0,23.0
b2a276c8b8261ba2c2c46bcfa1f522ee,perfumaria,44.0,828.0,4.0,1000.0,20.0,20.0,20.0
9c7ce59c96e74dfdfc51f13a4a6c3869,relogios_presentes,59.0,261.0,2.0,250.0,16.0,2.0,20.0
19421075ae0b585f2dc13ff149e2119d,esporte_lazer,32.0,1797.0,1.0,150.0,16.0,16.0,11.0
ee0c1cf2fbeae95205b4aa506f1469f0,perfumaria,44.0,334.0,1.0,200.0,16.0,16.0,13.0
cea1262b2dd1dd56c1b4f1f1c19b14d4,eletrodomesticos,59.0,138.0,1.0,200.0,27.0,13.0,17.0
11bbef4e2a44601d9dd471aa1fb433e6,beleza_saude,52.0,1222.0,2.0,838.0,28.0,14.0,21.0
f7ee078cfab4ad9144e1d75fd0258c5b,perfumaria,56.0,703.0,4.0,650.0,43.0,16.0,27.0
542b3d80712d51eefe3a3cd1c5f4e8fe,cool_stuff,49.0,223.0,1.0,400.0,30.0,30.0,40.0
1e1a186a03f0d98268516827690d4fd2,bebes,60.0,1078.0,4.0,575.0,16.0,18.0,17.0
03e4e6709b7d6415746769c0bc3e9131,brinquedos,42.0,762.0,2.0,3890.0,36.0,28.0,36.0
daafec509b3be08be40be8318dcd1b79,cama_mesa_banho,56.0,123.0,2.0,350.0,70.0,8.0,60.0
310b993294194cea025dcc9c23637b62,utilidades_domesticas,54.0,417.0,2.0,8650.0,80.0,15.0,33.0
6c3effec7c8ddba466d4f03f982c7aa3,consoles_games,56.0,237.0,3.0,100.0,16.0,12.0,12.0
98d61056e0568ba048e5d78038790e77,automotivo,49.0,546.0,1.0,6400.0,63.0,11.0,63.0
b5a3bb1341d217322573b76c03d7b81e,cool_stuff,45.0,2066.0,1.0,1650.0,33.0,44.0,19.0
dc404a1496a08f9f5540c8b5d4b92925,brinquedos,46.0,753.0,2.0,1582.0,31.0,31.0,35.0
e9def91e99c8ecb7c5cef5e31506a056,brinquedos,34.0,867.0,2.0,500.0,19.0,11.0,20.0
d678178aa4291cd25a755a90188375c8,moveis_decoracao,43.0,789.0,1.0,950.0,20.0,35.0,20.0
0e362037e5f02f62c8ce89f49cb9d520,perfumaria,53.0,666.0,2.0,133.0,20.0,10.0,16.0
0f025e441822f059a260a6ec3001ec0e,cama_mesa_banho,47.0,612.0,1.0,550.0,30.0,6.0,22.0
5496efb86aea6e3862b6cb394dc020f8,informatica_acessorios,55.0,545.0,1.0,800.0,30.0,16.0,16.0
0454c95c31d75e5f86c354896a3d9814,moveis_cozinha_area_de_servico_jantar_e_jardim,44.0,246.0,1.0,25000.0,98.0,14.0,40.0
5f6906793eb1d554d76c39398ce08693,moveis_decoracao,56.0,297.0,2.0,700.0,100.0,5.0,11.0
0dce093fc7ec4dec214256df878e3c08,relogios_presentes,57.0,1049.0,3.0,200.0,16.0,6.0,11.0
38db388d2fc1b20662fcfd3f38b0be28,construcao_ferramentas_construcao,60.0,2060.0,3.0,1700.0,16.0,32.0,34.0
9048cbd294fe0c1a3ec8c8248bc2cadd,instrumentos_musicais,63.0,927.0,9.0,7500.0,55.0,18.0,45.0
edc044b1d3b518153d2b3b2c811ff0e2,cool_stuff,60.0,1707.0,2.0,2200.0,62.0,7.0,35.0
4cde3ff89f4a66c712c088e5542ee7a6,moveis_decoracao,55.0,241.0,1.0,2100.0,50.0,12.0,40.0
884186aaa2ba70b64827a86966f583bd,cool_stuff,31.0,804.0,1.0,1185.0,26.0,26.0,33.0
25e2023ed83352bde98dc1490d14c3d8,brinquedos,30.0,1024.0,1.0,887.0,30.0,22.0,20.0
033e5e4f49acb5621c782ac8a37aa90b,malas_acessorios,43.0,533.0,2.0,175.0,16.0,10.0,16.0
3319ec949aa117693a4d6fd941858af9,malas_acessorios,36.0,468.0,1.0,1200.0,40.0,22.0,30.0
3f4a7c8646dfebf0d04ed19adab8e9cb,cama_mesa_banho,60.0,277.0,1.0,1950.0,37.0,8.0,35.0
7e0dc102074f8285580c9777f79c90cf,ferramentas_jardim,60.0,1251.0,2.0,800.0,30.0,10.0,30.0
66fb81c8c95a92236d7858a4303dc0a4,instrumentos_musicais,53.0,638.0,3.0,250.0,16.0,6.0,11.0
58e3e57e37601dce8a567e7c1f9e2090,brinquedos,56.0,526.0,2.0,450.0,16.0,11.0,16.0
0c35aab0ba0e5a36a652fc2b10f2c102,industria_comercio_e_negocios,53.0,174.0,2.0,4917.0,33.0,23.0,33.0
09661a3f29765eeafd2f05d7ad22310f,instrumentos_musicais,59.0,504.0,6.0,6250.0,99.0,28.0,36.0
014a8a503291921f7b004a5215bb3c36,bebes,37.0,497.0,4.0,150.0,16.0,7.0,11.0
15b0e8706bf37a95f2bb3665c4cc4c6c,fashion_underwear_e_moda_praia,55.0,487.0,3.0,250.0,17.0,9.0,27.0
1937b3e587fc766c8d1cef0c11c6aa53,esporte_lazer,44.0,1675.0,1.0,300.0,18.0,11.0,16.0
be0dbdc3d67d55727a65d4cd696ca73c,informatica_acessorios,47.0,493.0,1.0,245.0,19.0,14.0,14.0
2149e9d51d629c16ce77c0f14c887e01,esporte_lazer,45.0,2768.0,3.0,200.0,18.0,16.0,11.0
214182ef6dd2635420e172166e7ee047,utilidades_domesticas,43.0,965.0,1.0,650.0,16.0,17.0,11.0
fb310009e56c0ab32657c9c674bd402c,perfumaria,41.0,482.0,1.0,325.0,21.0,14.0,15.0
5ae2f57d379f89f995f9444cdb6d5c60,cool_stuff,53.0,1621.0,2.0,133.0,16.0,9.0,13.0
2d0090282bd77e1ae0f6336ba500facf,beleza_saude,32.0,534.0,2.0,150.0,17.0,9.0,12.0
c319f453652bff80bc8f9f71d87e56c1,bebes,46.0,715.0,6.0,260.0,24.0,19.0,20.0
134a6fc4a713a799266ebd6a4f4008d4,esporte_lazer,47.0,900.0,1.0,117.0,16.0,14.0,16.0
efd7af8312533d58ccb5ac26304dd3d5,automotivo,43.0,294.0,3.0,220.0,16.0,10.0,13.0
af54833766006d685742bf140e6f0086,eletrodomesticos,60.0,171.0,1.0,1600.0,60.0,8.0,36.0
b0ed7fe63babb3e705115f53fa74b20c,eletrodomesticos,38.0,928.0,2.0,1200.0,28.0,8.0,13.0
fbce4c4cb307679d89a3bf3d3bb353b9,cama_mesa_banho,53.0,597.0,1.0,6550.0,30.0,30.0,30.0
c372010a1ffe3950b8fdfd365ea26d88,malas_acessorios,59.0,849.0,1.0,3100.0,62.0,20.0,40.0
3aa87ff048f23ae9ac589dd73c21d98c,,,,,950.0,30.0,30.0,20.0
dbb67791e405873b259e4656bf971246,informatica_acessorios,32.0,321.0,1.0,207.0,17.0,12.0,13.0
d3d10495159bcc41173e3d26a273529a,artes,60.0,218.0,6.0,1200.0,39.0,12.0,12.0
1440c3493146c70f05302fa3edf1038f,papelaria,59.0,1937.0,5.0,6250.0,32.0,36.0,32.0
021f04378f9692f8747f926f38bb8281,ferramentas_jardim,58.0,220.0,1.0,16150.0,62.0,12.0,50.0
c988a235aba9c5a522df4bff0ef2a182,perfumaria,43.0,446.0,1.0,450.0,18.0,8.0,18.0
a92930c327948861c015c919a0bcb4a8,relogios_presentes,59.0,319.0,4.0,250.0,16.0,2.0,20.0
4a3ffd5293869f4b85d163eb3b4d0faa,flores,53.0,305.0,1.0,200.0,16.0,11.0,11.0
f6fe388c9bfc145a2790437f1e4888d9,fashion_roupa_masculina,53.0,1434.0,2.0,300.0,16.0,2.0,11.0
54405df05005a5933a1a2851d1c69c86,sinalizacao_e_seguranca,44.0,705.0,2.0,750.0,27.0,8.0,22.0
6f28f90ba66cfbdbe2b962446a0bec69,telefonia,59.0,1176.0,6.0,400.0,20.0,8.0,12.0
574597aaf385996112490308e37399ce,utilidades_domesticas,55.0,499.0,1.0,4800.0,22.0,63.0,22.0
28fb90993dc41cc9bd28407d44c581ca,esporte_lazer,21.0,604.0,1.0,8100.0,31.0,9.0,11.0
5218770ee0cbcad0666569202deebc4f,esporte_lazer,34.0,1118.0,1.0,3214.0,27.0,27.0,17.0
d51f9e208b88e49c98f6a55649d5df35,utilidades_domesticas,55.0,94.0,2.0,1200.0,21.0,21.0,21.0
df6e62772d439c7afc2d284339cf9425,construcao_ferramentas_jardim,67.0,348.0,1.0,250.0,16.0,16.0,12.0
abaefce0c17047c6829ff4078f2005d0,esporte_lazer,30.0,410.0,1.0,700.0,30.0,30.0,30.0
89b190a046022486c635022524a974a8,moveis_decoracao,59.0,1744.0,2.0,700.0,62.0,15.0,15.0
de62b43aa8f2f2becaa227a4132b2aef,cool_stuff,30.0,629.0,3.0,2238.0,38.0,31.0,29.0
a869ec6209c361ca46dad85a5530e119,esporte_lazer,49.0,1313.0,1.0,2438.0,28.0,31.0,24.0
2fea0f2cec6b6324a277d4a61c2ed2c6,beleza_saude,57.0,2026.0,3.0,100.0,11.0,11.0,11.0
db05baa32930ca5fbdb515b0ff8fba0d,instrumentos_musicais,36.0,530.0,1.0,8225.0,40.0,19.0,36.0
21d2fdced5c69bfc6539b67908a4ad28,moveis_sala,31.0,363.0,1.0,6450.0,55.0,15.0,46.0
28fd1639ff52d870a3d2c38090d2d902,climatizacao,48.0,787.0,1.0,3573.0,50.0,58.0,32.0
7fda46e6f8996ebe3acf684cca0124c2,cama_mesa_banho,49.0,513.0,1.0,4825.0,51.0,16.0,36.0
472e6464088101bf2ec351d222c415ab,informatica_acessorios,55.0,742.0,1.0,350.0,20.0,15.0,20.0
e280caebcad1b90e624d461e53c2e800,informatica_acessorios,59.0,3000.0,1.0,400.0,30.0,6.0,20.0
6eca85eeeb222dea025ec02b288a09a8,utilidades_domesticas,53.0,438.0,2.0,850.0,30.0,15.0,20.0
06ad93d66e91d09df5ce746906d9658b,cama_mesa_banho,52.0,289.0,1.0,3250.0,36.0,10.0,35.0
c166691d2e429a2e3ed641e29aaeb7f1,esporte_lazer,30.0,543.0,3.0,350.0,25.0,25.0,20.0
ea922d4a264635e1c479157377deb623,moveis_decoracao,60.0,1066.0,2.0,1800.0,43.0,14.0,12.0
13db47eae724e2848e12b71a617a3a41,audio,34.0,468.0,1.0,425.0,17.0,11.0,14.0
af0a99476d96dcc1a1baa7c0d9ff6b9d,beleza_saude,52.0,913.0,3.0,593.0,30.0,13.0,16.0
defb79b2269c0fa7bad01b2635aff113,moveis_decoracao,40.0,94.0,5.0,450.0,16.0,5.0,20.0
ee4007b2b6a389f76918b093ff7b6523,esporte_lazer,38.0,427.0,1.0,481.0,19.0,18.0,19.0
bf53d80c6cb1cbf63ba17e2175d521a5,bebes,32.0,1531.0,2.0,600.0,30.0,40.0,50.0
990ddab43ee46a1a76436796f92470d4,informatica_acessorios,42.0,226.0,1.0,573.0,35.0,13.0,11.0
c35498fbb4358837ae16850f50c3fd22,telefonia,59.0,973.0,1.0,325.0,19.0,8.0,22.0
2adbf3f442344a158c04cb59b8db107a,fashion_bolsas_e_acessorios,29.0,623.0,4.0,1300.0,42.0,42.0,14.0
35557c68a22ecebcf066e25ca2ddc144,ferramentas_jardim,50.0,741.0,3.0,300.0,17.0,7.0,12.0
d443be168a577afdf50d59932d3b78c7,informatica_acessorios,48.0,254.0,1.0,1025.0,30.0,15.0,15.0
8ae2a62356fe10b4261e16268508ddb5,malas_acessorios,47.0,397.0,1.0,4100.0,30.0,35.0,40.0
95561023115b71f8bbb280afc56b7bed,utilidades_domesticas,54.0,594.0,1.0,2650.0,39.0,17.0,39.0
71540d636652fc682032d3b3c0a180c1,casa_construcao,54.0,923.0,8.0,1050.0,16.0,27.0,16.0
4e5e41fb7d296a6f776c63fee5cb9fac,relogios_presentes,34.0,644.0,1.0,485.0,18.0,12.0,15.0
0d12d1b700e15453260b6cbc961c04e8,automotivo,55.0,385.0,2.0,50.0,20.0,4.0,14.0
22c7191da97262f0f39de80e1951dce2,automotivo,56.0,149.0,1.0,100.0,16.0,15.0,16.0
cb43c6e1c451902b51f4f4ff512302df,eletronicos,21.0,286.0,3.0,293.0,16.0,7.0,11.0
e336c656869480e20d04ca9389b12167,fashion_roupa_masculina,56.0,336.0,1.0,750.0,25.0,5.0,17.0
7bc37d0450ed1fb9e76f9c0305838c7c,esporte_lazer,56.0,1176.0,7.0,1300.0,51.0,9.0,20.0
e53e557d5a159f5aa2c5e995dfdf244b,informatica_acessorios,33.0,256.0,1.0,180.0,17.0,10.0,13.0
72030f5a9528ee708f8d865fee65b29b,cama_mesa_banho,33.0,827.0,1.0,1150.0,29.0,8.0,28.0
581de99ffa609d5f7b841f0d81df3f2f,bebes,49.0,509.0,1.0,13800.0,60.0,32.0,42.0
99f5b2240b82bf9387e5cf2fc0335b08,informatica_acessorios,53.0,422.0,1.0,160.0,19.0,11.0,14.0
698b3ddae2f0b80c2a48fb40624ca4e4,moveis_decoracao,55.0,408.0,1.0,8150.0,52.0,18.0,35.0
ad0a798e7941f3a5a2fb8139cb62ad78,cama_mesa_banho,55.0,617.0,1.0,600.0,16.0,10.0,16.0
3552627a68384dc559f0fd4cce173269,fashion_bolsas_e_acessorios,31.0,203.0,4.0,150.0,18.0,9.0,11.0
cd48f265a63e13b762601f5f794c5fca,bebidas,48.0,859.0,3.0,175.0,23.0,21.0,21.0
79f0638714bca6309431b53ecfdb4b54,informatica_acessorios,49.0,539.0,1.0,12700.0,50.0,39.0,40.0
31af99e01af722adb2067b365a311998,beleza_saude,58.0,698.0,6.0,425.0,24.0,16.0,14.0
15080188e14924ee2c15f19fd258c0eb,automotivo,60.0,3389.0,2.0,250.0,24.0,18.0,18.0
eb6b6f708fb1a57720d0734f30c3b31e,esporte_lazer,63.0,1436.0,3.0,1900.0,70.0,14.0,17.0
80df62ce491a20d390c9f69402310f0a,informatica_acessorios,35.0,1101.0,1.0,300.0,42.0,2.0,30.0
9fc063fd34fed29ccc57b7f8e8d03388,beleza_saude,48.0,657.0,1.0,750.0,38.0,12.0,25.0
15557c53492889a2b63e65df34a738ab,relogios_presentes,28.0,188.0,1.0,200.0,16.0,2.0,11.0
352710ec4fab1854c11d4044880afff3,telefonia,52.0,1350.0,3.0,300.0,16.0,22.0,11.0
764292b2b0f73f77a0272be03fdd45f3,moveis_decoracao,56.0,701.0,5.0,750.0,30.0,30.0,11.0
fb10a064e6f5151ebfffc589e166c917,audio,44.0,236.0,1.0,1742.0,17.0,11.0,17.0
c92f0e7b9d49a9543558d6532772441b,malas_acessorios,48.0,485.0,5.0,17550.0,73.0,20.0,47.0
70f1b82f8f17830b01c2ff30ef958548,cool_stuff,47.0,387.0,1.0,15200.0,60.0,50.0,39.0
84f456958365164420cfc80fbe4c7fab,cama_mesa_banho,55.0,312.0,1.0,1550.0,44.0,14.0,34.0
51ce723ffd19d9d8d7893b8e835bf3cf,,,,,5700.0,40.0,45.0,40.0
56d45b2c27871322801134f57d1b9dfb,cama_mesa_banho,56.0,198.0,1.0,1800.0,35.0,20.0,30.0
b0961721fd839e9982420e807758a2a6,ferramentas_jardim,59.0,341.0,2.0,1850.0,37.0,22.0,40.0
c863f578eb77e9238bfc0db8d0ffa3c8,automotivo,57.0,61.0,3.0,200.0,16.0,7.0,16.0
e29639a91419ddf0c1d6c80fb3bae01f,perfumaria,55.0,273.0,1.0,650.0,17.0,17.0,12.0
e03102efbc2229024c89be731f0aedcb,papelaria,57.0,366.0,4.0,750.0,101.0,15.0,15.0
83e5adb51c0d54eff80057f064f808d2,consoles_games,58.0,1107.0,2.0,817.0,22.0,22.0,25.0
a70d74f54feefedd8108c45553766340,fashion_underwear_e_moda_praia,52.0,579.0,1.0,150.0,42.0,4.0,14.0
c041a3fe1e9cf85721c1d1d054210279,relogios_presentes,58.0,574.0,2.0,300.0,16.0,11.0,12.0
c91906227d5fd5c07a47510e1651e46c,bebes,44.0,487.0,1.0,13250.0,62.0,47.0,32.0
adc87238dd82fda48a77402f365a9cd6,fashion_bolsas_e_acessorios,38.0,457.0,1.0,200.0,17.0,3.0,12.0
44d097d59e8430f88a67517cd0c4f865,fashion_bolsas_e_acessorios,55.0,151.0,6.0,350.0,16.0,2.0,20.0
e3b4b906fc11fd64318e4923a3d4594f,,,,,12750.0,70.0,32.0,50.0
089447f48055194b36dd135e1a353cff,automotivo,58.0,430.0,1.0,1050.0,34.0,10.0,34.0
d76dcd59eaef6fc632b11f0d48e107e2,brinquedos,46.0,1099.0,2.0,263.0,18.0,16.0,16.0
1a7e98c48e146130016fab89a43c00da,cama_mesa_banho,56.0,230.0,1.0,2000.0,36.0,8.0,27.0
7ce94ab189134e2d3c05f496d635419c,eletronicos,39.0,400.0,1.0,200.0,25.0,7.0,16.0
8ae1198dd85742fe30b74a96968f250e,cama_mesa_banho,59.0,418.0,1.0,1700.0,40.0,6.0,30.0
27287c7af954c885df547dcf11fa77a6,beleza_saude,38.0,1218.0,1.0,275.0,32.0,4.0,22.0
12667a519a4a3094eab02f5841b07409,relogios_presentes,56.0,345.0,6.0,200.0,16.0,2.0,11.0
a91c1a94d83d36316c44e00e738607b1,automotivo,57.0,2063.0,1.0,1500.0,30.0,25.0,30.0
5e0a88877b8f7889949d0a7b3fc12d14,esporte_lazer,58.0,1112.0,3.0,770.0,15.0,10.0,11.0
b6bdebb92f595f00c73bd42e0e3a8517,telefonia,53.0,716.0,2.0,150.0,19.0,4.0,20.0
0534940d69bf94dc61c0e722b4168235,moveis_decoracao,32.0,337.0,1.0,2300.0,45.0,25.0,20.0
87a71ae93900ab55fcf685c8040769b3,eletronicos,36.0,401.0,1.0,175.0,22.0,13.0,17.0
103aed057190376889bc9e796affa24e,bebes,34.0,1355.0,4.0,332.0,16.0,16.0,15.0
27b8857ca0d1477e1ad34ffaba0b642c,eletronicos,54.0,560.0,3.0,150.0,16.0,4.0,11.0
6e514bdf6cbd5137a3795ff90e3ec1a1,brinquedos,48.0,1055.0,1.0,300.0,17.0,8.0,15.0
d92cb9e1e8b1ea99285f24efdfdba088,brinquedos,57.0,216.0,1.0,499.0,34.0,21.0,33.0
5999995b8f64d769dbc6f592b86d6f8a,pet_shop,57.0,1283.0,5.0,1200.0,55.0,3.0,42.0
a95b8621d9c2434bd66a426fa6dc959b,beleza_saude,57.0,374.0,4.0,400.0,30.0,11.0,20.0
e074a31cddeee80c21fc613445def7bc,beleza_saude,58.0,1087.0,4.0,933.0,28.0,15.0,25.0
0b6a32b32a7dc68b12e8a0e0805c44d5,relogios_presentes,50.0,542.0,1.0,190.0,16.0,11.0,12.0
3e824028352cd013af85473283f832ce,beleza_saude,54.0,971.0,1.0,550.0,20.0,12.0,12.0
a0cb23ea9b98f51407ac7bd1fcd29c2e,telefonia,31.0,1440.0,1.0,100.0,18.0,6.0,11.0
c6e513054b982283c1cbbb2a45d02d83,cool_stuff,56.0,777.0,5.0,300.0,18.0,7.0,12.0
8d4f2bb7e93e6710a28f34fa83ee7d28,telefonia,52.0,815.0,1.0,200.0,27.0,5.0,20.0
c329abd2a10fad4a2f83377956328c67,ferramentas_jardim,52.0,695.0,2.0,817.0,21.0,23.0,19.0
fdd84aefb08c8f8225e0b8c97429d53b,beleza_saude,59.0,1726.0,5.0,123.0,18.0,9.0,15.0
3354a4e684f5e7199f9407db70ccd92b,cool_stuff,52.0,847.0,3.0,1200.0,42.0,25.0,15.0
17e7d9a179f3f2d61223252038276d35,papelaria,57.0,309.0,1.0,600.0,16.0,44.0,29.0
d918b3f4aa5272c2c3cd088d087ca069,esporte_lazer,58.0,3703.0,1.0,2083.0,28.0,23.0,21.0
72d6074ef5c81ec3102b3f2a052c5f49,beleza_saude,50.0,216.0,2.0,50.0,20.0,15.0,15.0
c3e275e10cfd7f3b56f7f657699cfafe,cama_mesa_banho,55.0,273.0,1.0,1250.0,38.0,10.0,38.0
f1f41c991881dc3d4cbcedade3ec1622,beleza_saude,39.0,1949.0,2.0,750.0,22.0,23.0,22.0
921d31a1daa51460b7a95ea5f3ab64d5,beleza_saude,40.0,702.0,1.0,210.0,17.0,9.0,12.0
16bf176650a888512655cc94f61860e3,relogios_presentes,50.0,401.0,4.0,200.0,16.0,2.0,11.0
fe4cd3c795135b4f84e2da5a82ac84a8,eletronicos,30.0,398.0,2.0,200.0,18.0,18.0,18.0
79c0ace2ccf0da036e787875a49151a4,moveis_cozinha_area_de_servico_jantar_e_jardim,55.0,1211.0,5.0,14150.0,100.0,15.0,15.0
6d0663c395a253a37880561557f660e1,brinquedos,48.0,2075.0,3.0,3750.0,35.0,23.0,35.0
9f0599e0b0d3f41749a3288e0043f21e,cama_mesa_banho,59.0,289.0,1.0,3500.0,36.0,10.0,35.0
7340a3839a1de1e99d149b8cf052a2ec,cama_mesa_banho,56.0,536.0,1.0,800.0,45.0,15.0,35.0
353356a910b2a42aa75a888a5d348997,relogios_presentes,58.0,576.0,1.0,550.0,19.0,13.0,19.0
10cdbbacd25110d10f8cbe925ea7853f,moveis_decoracao,41.0,1191.0,1.0,8975.0,57.0,57.0,22.0
130482add9fd75ccb6c57ba007694a2d,informatica_acessorios,55.0,60.0,1.0,2800.0,40.0,15.0,40.0
b55dc1f03665edbb665ad508d87d3ae0,cama_mesa_banho,47.0,444.0,1.0,150.0,16.0,10.0,16.0
b807683e40e7ea6ec8d74d34f2e02247,bebes,37.0,758.0,6.0,6300.0,50.0,25.0,30.0
e478d0bd1efbc9329837d30c174bb850,moveis_decoracao,58.0,314.0,1.0,500.0,40.0,15.0,40.0
3cdff94d5455b793b415be775cace03c,beleza_saude,54.0,340.0,1.0,250.0,16.0,16.0,15.0
c3ba4e8d3cb30049213b682e751e9d00,relogios_presentes,58.0,737.0,3.0,350.0,16.0,2.0,20.0
0e2d365a247d105fefc31b17ab8706d9,perfumaria,35.0,503.0,1.0,430.0,21.0,11.0,17.0
4eff4dd8918d15c9a308a9645d353807,bebes,55.0,1627.0,1.0,600.0,20.0,13.0,13.0
bef6177f54efb9a6218e124b629fc152,perfumaria,42.0,850.0,1.0,510.0,20.0,13.0,15.0
7f0362988b16ac7b5f65dc5fd0fbc77f,telefonia,47.0,317.0,2.0,100.0,16.0,7.0,11.0
21191f1db2fabc46b8ae34857a3b130a,esporte_lazer,40.0,806.0,1.0,450.0,19.0,22.0,19.0
1c42a107473d6b20db8ac7772b870e33,cama_mesa_banho,50.0,164.0,2.0,1900.0,25.0,10.0,25.0
95a10f05868096cb2180c6a0bfbbbc39,cama_mesa_banho,49.0,148.0,1.0,550.0,40.0,4.0,30.0
500870614ddcf5bd84f7d26861026c8a,telefonia,58.0,434.0,3.0,217.0,18.0,4.0,13.0
6cd51331a07b84149502aa6c9c5b536e,perfumaria,49.0,537.0,1.0,183.0,16.0,10.0,14.0
b7e524f8ef0d4d4fe3a7a57fcc5c9073,informatica_acessorios,38.0,247.0,1.0,1000.0,18.0,9.0,16.0
2cb7610ce5b2b73be631121560aeecaf,casa_conforto,57.0,217.0,3.0,6850.0,50.0,20.0,40.0
caaae4f9fe7a77459a25c4f4ef0945e1,moveis_decoracao,55.0,1963.0,5.0,1200.0,69.0,11.0,11.0
955ef07f4e61b2033c9d6af6a6b61783,cama_mesa_banho,54.0,290.0,1.0,1700.0,34.0,9.0,33.0
261dc97192b478e60fd1318cd0650618,utilidades_domesticas,47.0,811.0,2.0,1200.0,36.0,15.0,22.0
67d9cf5b0dc7a0b9fb091efc68b14140,eletrodomesticos_2,51.0,502.0,2.0,17000.0,42.0,90.0,22.0
fc931a514a3e080c336911cccd59145b,automotivo,22.0,721.0,1.0,679.0,20.0,17.0,16.0
44e6ec37a142be331fe0241006d0b389,esporte_lazer,48.0,950.0,1.0,450.0,20.0,9.0,14.0
b2b748240f8b4fd833d2f61ec84d8ce5,telefonia,59.0,343.0,1.0,150.0,21.0,7.0,14.0
4baf15e171b06455c5cd23453db0cab3,bebes,40.0,428.0,2.0,155.0,18.0,14.0,21.0
51e8feeedd83467b86a79aa2769367c5,brinquedos,52.0,429.0,5.0,150.0,20.0,20.0,20.0
192fdd97f716a6c79db0fdb15fadd854,papelaria,55.0,455.0,5.0,500.0,21.0,7.0,15.0
2b3a5c2260dc61103f0b61bfa35a5d2f,esporte_lazer,34.0,712.0,1.0,1150.0,27.0,6.0,18.0
8100d323ffa1909cfcf9fdf05f20b678,brinquedos,58.0,818.0,3.0,4017.0,38.0,35.0,42.0
1b0f0dd824989bb4f30d03ac3d1e90af,eletrodomesticos_2,60.0,430.0,1.0,11867.0,26.0,29.0,34.0
c04ebe208ae260f39b376cd6ffbd0b14,telefonia,57.0,578.0,2.0,200.0,19.0,4.0,11.0
c1dfd7dc17df380ed269d0fc905f6e22,utilidades_domesticas,53.0,413.0,2.0,600.0,16.0,16.0,16.0
05f0fe07929d35be0748fac56eecbeb2,beleza_saude,60.0,919.0,1.0,200.0,22.0,3.0,15.0
4cb1a2850af275025f76f015e0cc79cf,utilidades_domesticas,44.0,890.0,1.0,1300.0,25.0,40.0,25.0
3d0552899dbe2f89cff6197aab33fe99,alimentos,34.0,826.0,1.0,1084.0,26.0,18.0,27.0
f1ca789b4694dd683c4cb0c2ed74768e,consoles_games,47.0,1259.0,3.0,500.0,17.0,25.0,17.0
25179680ecacb54a036e9cdd27459da3,instrumentos_musicais,42.0,442.0,4.0,8450.0,78.0,19.0,49.0
cca3a8714ce46539155f98fe944189f9,moveis_decoracao,48.0,158.0,1.0,1550.0,40.0,20.0,30.0
a25903f26691ccdbd6d2c5fd73ca005b,moveis_decoracao,44.0,1158.0,1.0,300.0,35.0,10.0,25.0
6bf1cd252d73626ab181be470f56e07b,moveis_decoracao,63.0,143.0,3.0,1250.0,16.0,32.0,16.0
87d780fa7d2cf3710aa02dc4ca8db985,cama_mesa_banho,57.0,189.0,1.0,1350.0,46.0,2.0,36.0
d76c049f36a5b4975aa3cf095a6fa499,informatica_acessorios,56.0,246.0,1.0,194.0,21.0,15.0,15.0
f750e77aeeecafcb47516be7f8f278b8,fashion_esporte,29.0,404.0,2.0,400.0,16.0,10.0,11.0
d986e4bd747ca20b348abcd013cd1303,esporte_lazer,59.0,938.0,4.0,1200.0,80.0,14.0,14.0
6af89b97a841482f79c52765bfe0d699,esporte_lazer,38.0,2378.0,1.0,1743.0,29.0,26.0,24.0
b6d96e7683a87fc151ea589ce97a330d,beleza_saude,18.0,180.0,4.0,150.0,21.0,4.0,16.0
e05f6c9ef4c09b0023547314e07c5d64,cool_stuff,33.0,650.0,1.0,1450.0,42.0,25.0,15.0
4178e16324fd0c9a8e18463caf390cc6,cool_stuff,51.0,582.0,1.0,11600.0,65.0,19.0,47.0
1d11e9991beabfd8071f2bfb73444500,utilidades_domesticas,60.0,439.0,3.0,750.0,16.0,2.0,11.0
57398ec023989dbb7618acae002f3370,,,,,1000.0,27.0,10.0,20.0
c18ac1d6cc053c0ec7296b994ae6ffeb,relogios_presentes,54.0,237.0,1.0,550.0,16.0,2.0,11.0
5a4f16bfafb54a744311f01c11c05737,informatica_acessorios,59.0,1132.0,5.0,3462.0,23.0,20.0,25.0
0c5b17c1b54fc1dc48752ddb8caab6fc,utilidades_domesticas,55.0,727.0,5.0,1000.0,16.0,8.0,14.0
5b226d7c52f86ac72457617f78cff95d,cama_mesa_banho,50.0,381.0,1.0,875.0,25.0,18.0,40.0
97f1396a5a1f7c07ba51784efdec44b8,utilidades_domesticas,60.0,1632.0,8.0,1400.0,43.0,18.0,18.0
06dce482ace017e78349b6f1fa83a022,cama_mesa_banho,44.0,452.0,1.0,550.0,30.0,3.0,19.0
bdb4be6ce2f7f2b5be0a16088028c7fc,utilidades_domesticas,54.0,851.0,1.0,3100.0,45.0,28.0,26.0
3d63afec955956d47d796237f6725cde,construcao_ferramentas_iluminacao,58.0,1187.0,2.0,200.0,17.0,10.0,13.0
91e9e720834fd442374e12835393387c,beleza_saude,58.0,1797.0,3.0,200.0,21.0,7.0,14.0
d2f1978552a7604790fa5922f4345998,papelaria,58.0,1091.0,4.0,600.0,25.0,30.0,15.0
70c9d38055bb316285aa937715c2e82d,utilidades_domesticas,58.0,2907.0,1.0,1285.0,46.0,10.0,30.0
53bd0c908c6ab820c9828763348728ef,moveis_decoracao,58.0,275.0,1.0,1300.0,45.0,8.0,35.0
8af78635010ca0b1366e5a2b17f52b59,relogios_presentes,59.0,747.0,4.0,333.0,18.0,11.0,13.0
e57eb018e37376580079825eb29a3419,relogios_presentes,43.0,878.0,1.0,300.0,16.0,14.0,11.0
a47674ec5bdc46617bc532a9839390db,climatizacao,45.0,401.0,5.0,1300.0,32.0,16.0,22.0
9df634af5c467f3b07f3d92f7765aa64,brinquedos,45.0,965.0,2.0,850.0,16.0,32.0,16.0
f4851ffef385d506603396041da7c1d3,informatica_acessorios,56.0,2104.0,5.0,650.0,25.0,11.0,15.0
e0d3e5cf1969f20bd69e052ec6cf8f8f,moveis_decoracao,55.0,485.0,1.0,300.0,35.0,5.0,25.0
72a30483855e2eafc67aee5dc2560482,esporte_lazer,43.0,869.0,1.0,967.0,21.0,24.0,19.0
f8b49b0f49ab5467c1d3685cba5d9190,pet_shop,38.0,226.0,1.0,500.0,30.0,30.0,20.0
b042c934bd8f4316e7b38633aa14266b,bebes,47.0,235.0,2.0,9400.0,75.0,15.0,50.0
a45af86c4a7948f5fabbb5b0132475cd,utilidades_domesticas,36.0,597.0,3.0,300.0,40.0,5.0,40.0
619d2ba7f3d5ad00cbd93ecd49789a44,consoles_games,29.0,648.0,4.0,400.0,28.0,4.0,18.0
803f77475e1b51b47f1bfec4f2ec353f,automotivo,58.0,672.0,3.0,350.0,17.0,6.0,20.0
cae7248e9bdfda82584faea19dbf793f,relogios_presentes,56.0,280.0,3.0,300.0,16.0,2.0,11.0
f62cbf4416c9ef8e1b4e8d5279891f24,eletronicos,46.0,352.0,1.0,200.0,25.0,7.0,16.0
860ad475cebc2e85e852042dad735be0,instrumentos_musicais,47.0,478.0,1.0,214.0,15.0,7.0,13.0
e21c6ed0576cd50384123f8b7ca81922,moveis_decoracao,63.0,418.0,1.0,450.0,40.0,15.0,35.0
fe7f10e5c9d36a294333b0c35ccc24ad,utilidades_domesticas,41.0,786.0,4.0,1150.0,30.0,25.0,20.0
e303dfa61ada1f0823b4775f192606b3,malas_acessorios,59.0,370.0,3.0,24050.0,60.0,60.0,40.0
abb9de7600a7ae9a81564692f77fc9f3,moveis_decoracao,41.0,239.0,5.0,200.0,27.0,9.0,18.0
c6ea63369936552872ae890c82175b4b,cama_mesa_banho,58.0,162.0,4.0,2900.0,35.0,12.0,30.0
10163fabc9375e9bb72a109272730c6b,cama_mesa_banho,56.0,258.0,1.0,400.0,45.0,15.0,35.0
90ebb732ad20456afe8516eb5fbf75f6,moveis_decoracao,53.0,892.0,4.0,2750.0,35.0,35.0,11.0
363a742635cc645c207ce8102de9b837,moveis_decoracao,60.0,955.0,7.0,3600.0,60.0,12.0,30.0
dab2413ead0edda9967edbc9bda2a64e,telefonia,57.0,680.0,2.0,250.0,17.0,7.0,13.0
b3145c36d221143053908beb4564bad9,moveis_decoracao,60.0,1646.0,6.0,450.0,35.0,2.0,25.0
b59fb744c6f3cd1dc23b10f760848d98,esporte_lazer,45.0,118.0,1.0,200.0,25.0,2.0,17.0
75d6b6963340c6063f7f4cfcccfe6a30,perfumaria,51.0,999.0,2.0,400.0,18.0,11.0,20.0
0433830caca22b01a0f477d31307b043,portateis_casa_forno_e_cafe,47.0,2810.0,7.0,7450.0,40.0,10.0,40.0
3e591cbf1cec40074c24a2ce372a5b62,,,,,1800.0,25.0,25.0,25.0
9545d45c37449ccbc376de3a04c66e71,beleza_saude,39.0,1749.0,1.0,1350.0,27.0,9.0,18.0
cc03fe412a0cde1ba3de9ebbce01adde,beleza_saude,60.0,3393.0,3.0,350.0,19.0,7.0,12.0
a01c3a8e3ccddf44069c082b1590f19a,perfumaria,47.0,368.0,1.0,351.0,21.0,17.0,19.0
2b6726ab177dc4ec000e5fcfc6926cf2,esporte_lazer,43.0,1032.0,3.0,1100.0,16.0,12.0,12.0
84c79830527ae823029ee6b904cf948c,construcao_ferramentas_jardim,29.0,462.0,1.0,3520.0,25.0,25.0,23.0
1261bcae25b0000829246aa58e284a2f,brinquedos,53.0,885.0,3.0,1500.0,48.0,27.0,18.0
11dcc970f7a5581e1bf777b6da3f7096,utilidades_domesticas,42.0,659.0,2.0,1038.0,41.0,22.0,28.0
d285360f29ac7fd97640bf0baef03de0,relogios_presentes,46.0,501.0,4.0,363.0,18.0,13.0,13.0
ac305a1e7e7b958e961fd896ef1395c4,automotivo,44.0,799.0,1.0,350.0,20.0,15.0,15.0
30cd699c7958f8352c9f479572eb66ad,informatica_acessorios,55.0,1183.0,1.0,100.0,16.0,16.0,11.0
cdc4af478fef19f03f1d0353c00271cd,relogios_presentes,52.0,364.0,1.0,250.0,40.0,10.0,25.0
eb8c629f70275fd1c4f809116cce1efc,moveis_decoracao,51.0,831.0,1.0,1400.0,20.0,30.0,20.0
c8a3354f3676a68d1d990112ee5f2b5a,automotivo,37.0,182.0,1.0,100.0,21.0,3.0,18.0
8e3eb37785e42b6b3721e459f1bfaaef,informatica_acessorios,32.0,517.0,1.0,900.0,30.0,16.0,16.0
d4a3b5aa064bf44e74f1e71862bea22a,utilidades_domesticas,59.0,236.0,1.0,100.0,21.0,9.0,13.0
af79ac70de9a79b9c1c85ee0880c7206,esporte_lazer,58.0,383.0,4.0,950.0,22.0,5.0,14.0
880be32f4db1d9f6e2bec38fb6ac23ab,brinquedos,45.0,589.0,4.0,200.0,16.0,7.0,11.0
2f5e485bacfeb554bec55cd497c9bc51,utilidades_domesticas,42.0,367.0,3.0,236.0,23.0,14.0,16.0
fd206f3c185fd47c22d6de48f25133fe,telefonia,28.0,314.0,2.0,500.0,30.0,10.0,20.0
564f6ff7ae760d6eda6d32c551724036,cama_mesa_banho,60.0,298.0,1.0,2500.0,33.0,7.0,39.0
c2bd6687fd8abe764233efb9c4a3c27d,cool_stuff,36.0,1349.0,1.0,700.0,32.0,32.0,16.0
183b0c895605218dbd34cdcfcfa8af28,moveis_cozinha_area_de_servico_jantar_e_jardim,34.0,905.0,5.0,5400.0,53.0,10.0,67.0
202bd859659a841de892b00c341300ff,relogios_presentes,57.0,573.0,8.0,200.0,16.0,2.0,11.0
db8d62bf1bf1d2dd880c99b88ebff3fb,automotivo,60.0,705.0,2.0,350.0,17.0,21.0,11.0
bd6e6fce9ada76ea2db0f1912e8e478f,cama_mesa_banho,49.0,381.0,1.0,850.0,25.0,18.0,40.0
af51d485dc5255ba2e18b21b550156e6,malas_acessorios,57.0,674.0,1.0,22350.0,32.0,74.0,53.0
5fe7fd1b8ea02958b45106dcd79874e8,cama_mesa_banho,57.0,677.0,1.0,1050.0,28.0,14.0,16.0
dd1759836cc99a88be1a42bf6673abe0,perfumaria,38.0,419.0,1.0,415.0,26.0,12.0,18.0
52c80cedd4e90108bf4fa6a206ef6b03,ferramentas_jardim,33.0,2188.0,2.0,7650.0,20.0,20.0,20.0
a9e0e7b3976de987fdbd2773ec699f0c,cama_mesa_banho,58.0,205.0,3.0,1350.0,40.0,6.0,30.0
4bdcd91fcab0b7401865fa7d7f916253,ferramentas_jardim,59.0,317.0,2.0,7900.0,70.0,8.0,34.0
3fca280b9c1738d8d7996c7373d3ecee,construcao_ferramentas_construcao,55.0,501.0,4.0,600.0,30.0,12.0,20.0
44a879f6d43c4750534a30dea1f6d804,relogios_presentes,48.0,680.0,2.0,5867.0,43.0,19.0,30.0
5c535d2479b9759c3bc8d6ac57085cf0,informatica_acessorios,58.0,684.0,3.0,1300.0,16.0,16.0,16.0
c784aabc6d8366b8fd85eaf9631cf96f,utilidades_domesticas,59.0,920.0,4.0,200.0,22.0,7.0,15.0
3e4176d545618ed02f382a3057de32b4,malas_acessorios,35.0,468.0,1.0,1200.0,40.0,22.0,30.0
73e0db4719016f90a37238ca8e5a1cab,casa_conforto,58.0,162.0,1.0,3050.0,20.0,30.0,46.0
0030026a6ddb3b2d1d4bc225b4b4c4da,esporte_lazer,28.0,502.0,4.0,800.0,25.0,25.0,25.0
250a5d56eaa9f1bb1a998ddb0a10a2f9,cool_stuff,26.0,887.0,2.0,1000.0,16.0,19.0,15.0
77f217636750a5d2e21017effe0a634d,brinquedos,52.0,1125.0,5.0,300.0,18.0,8.0,12.0
a0fe01e446dce7a61936310e6c3f3e37,esporte_lazer,50.0,1295.0,1.0,250.0,17.0,14.0,15.0
1bab2e484686f57566de99a627223576,cama_mesa_banho,45.0,248.0,1.0,900.0,30.0,5.0,35.0
03c1fa561b6e1d70f9fa22ab1f08c762,moveis_decoracao,59.0,376.0,1.0,8000.0,55.0,17.0,45.0
575617410387f4e614f39628fe8e81bd,esporte_lazer,31.0,242.0,2.0,500.0,16.0,11.0,11.0
a0f12db60a5019ce1a4c21fce1697574,papelaria,59.0,263.0,3.0,6150.0,60.0,20.0,29.0
df3a82b424a1bb351c314547f6644066,cool_stuff,35.0,534.0,2.0,200.0,20.0,10.0,20.0
52c87e7b33516eb97c3023a20848ea81,fashion_bolsas_e_acessorios,38.0,217.0,1.0,200.0,24.0,9.0,16.0
6d5b63b6c4575265bb9236cf355baed0,eletrodomesticos_2,51.0,930.0,7.0,10550.0,73.0,15.0,52.0
32b168004f17c743f16bcf5bab0de982,cool_stuff,23.0,789.0,1.0,5250.0,40.0,20.0,40.0
d692d19cee022f7acab76373f297ad6a,cama_mesa_banho,56.0,286.0,1.0,1850.0,70.0,17.0,50.0
a4aa7c1427c31344e5f7cc3d839fe562,pet_shop,52.0,625.0,8.0,2200.0,50.0,20.0,40.0
f88e0d55c56301ce5e0d6d518c7f0598,fashion_calcados,37.0,480.0,4.0,900.0,16.0,33.0,19.0
4fce0eab61e01d521044c8b071cdfead,esporte_lazer,56.0,595.0,1.0,260.0,21.0,16.0,20.0
fcf6ad274391aea29f5d6e5ef9da5050,pet_shop,51.0,1592.0,2.0,513.0,19.0,15.0,18.0
2b0233a7e7ded4751e8e3812f9a4553e,informatica_acessorios,46.0,391.0,1.0,1925.0,37.0,11.0,27.0
e41a6ac2f57a273eb0d214c7cbab5db9,moveis_escritorio,56.0,1085.0,1.0,8975.0,35.0,52.0,36.0
7172a7870fee91850dcbcb1f4de40cfc,cama_mesa_banho,53.0,244.0,1.0,1850.0,45.0,15.0,35.0
df42f27d852d49828f9f9fcbf29820d3,utilidades_domesticas,55.0,303.0,1.0,2100.0,30.0,40.0,30.0
6cff6d6aec600f9164a32e927f72a6fa,esporte_lazer,48.0,262.0,1.0,600.0,22.0,15.0,22.0
10876ffa7227a74d878729d3f6bea35d,pet_shop,46.0,474.0,10.0,2500.0,45.0,15.0,28.0
4b2ab372456de58e4d5588f0fed9a065,fashion_roupa_masculina,40.0,322.0,1.0,650.0,20.0,20.0,20.0
4ce6c1b5cfe26c9f980438fc1c810f8d,construcao_ferramentas_jardim,57.0,1227.0,1.0,6200.0,76.0,28.0,18.0
b0c8da302d49498d2ce6be8c631e4e20,informatica_acessorios,24.0,401.0,1.0,213.0,18.0,12.0,13.0
a6ad77b15e566298a4e8ee2011ab1255,moveis_decoracao,45.0,660.0,1.0,3450.0,23.0,35.0,35.0
a9f480bfc49f0b85e8394e1cdf685b4e,brinquedos,33.0,69.0,4.0,5700.0,39.0,30.0,29.0
99563e23b641c8a43e04e528c10002e9,beleza_saude,60.0,919.0,1.0,150.0,22.0,3.0,15.0
753a7c03962394fbdf40fbe595048b89,cama_mesa_banho,59.0,278.0,1.0,450.0,16.0,20.0,15.0
b192be433004cc1f10b467c0e9ea309b,informatica_acessorios,57.0,977.0,1.0,725.0,25.0,8.0,24.0
6ed8558c820f37754cef08c7719d34f1,esporte_lazer,39.0,159.0,1.0,3783.0,30.0,25.0,28.0
6186e311c6a52e7438c538015e82cda4,automotivo,51.0,387.0,1.0,283.0,17.0,9.0,14.0
96d80c8b6c6545a30eb5bdc4961455f3,eletronicos,55.0,486.0,3.0,213.0,16.0,7.0,12.0
12cfb75a481057d8c401f03f870a3305,esporte_lazer,46.0,527.0,7.0,350.0,20.0,10.0,20.0
47cd48073d67f91f09cb5ef9496c920b,cama_mesa_banho,52.0,248.0,1.0,2584.0,68.0,17.0,49.0
76acdd98759c649f3b6ecd0dc8576c8e,esporte_lazer,58.0,402.0,1.0,650.0,16.0,7.0,13.0
543fd1c1fba9cfa6e424473dd4d830f0,beleza_saude,59.0,1278.0,1.0,550.0,27.0,10.0,22.0
e6c281e2c53db0da44ecb84c5451d25e,informatica_acessorios,54.0,897.0,5.0,175.0,17.0,8.0,13.0
de916cab431520b8d1980c24bf4dd473,brinquedos,52.0,20.0,1.0,2950.0,25.0,30.0,20.0
641a45900528e8324c4848dda4e0a3fa,utilidades_domesticas,55.0,303.0,1.0,250.0,30.0,30.0,30.0
4efd35570dbaaa27e216bd8bf3ed4cf3,moveis_escritorio,26.0,1148.0,1.0,15925.0,44.0,57.0,27.0
b3a3a5bfa5a1ee872afa9c86b8a0d0fa,beleza_saude,46.0,583.0,1.0,1050.0,19.0,8.0,12.0
e7f79c79a485447b88964a9d0b86fe45,perfumaria,45.0,971.0,2.0,67.0,16.0,12.0,14.0
ca169d8dceee80e88508bc636a2aac96,cama_mesa_banho,53.0,167.0,1.0,1900.0,47.0,7.0,35.0
f051c57c7f088f7698700e4347549025,pet_shop,46.0,497.0,2.0,250.0,30.0,10.0,17.0
6f3b5b605d91b7439c5e3f5a8dffeea7,relogios_presentes,35.0,640.0,1.0,335.0,17.0,11.0,16.0
907c096bf89737ef081eeba5c13991b0,perfumaria,46.0,350.0,1.0,250.0,23.0,18.0,21.0
25c38557cf793876c5abdd5931f922db,bebes,58.0,1447.0,5.0,15800.0,38.0,62.0,57.0
68bf40b3abd5ffc25981c25df9ed9087,papelaria,50.0,201.0,2.0,8550.0,60.0,20.0,29.0
14555ba663de8689feacf1d0819cc3b3,esporte_lazer,42.0,660.0,1.0,2150.0,41.0,10.0,35.0
672a21bf17c63f71edbe01ecb9b14814,pet_shop,34.0,761.0,1.0,6800.0,45.0,20.0,45.0
4cafc445fc7535c3b41b8978c0ce68dc,industria_comercio_e_negocios,36.0,1109.0,1.0,5550.0,36.0,51.0,18.0
3f56545df76cf762c62d35d987a29962,cama_mesa_banho,48.0,701.0,1.0,1000.0,50.0,12.0,12.0
45986044725e448e85eb0d81251a8892,cama_mesa_banho,50.0,484.0,1.0,3950.0,70.0,20.0,70.0
19ae992992da3f4401e014758f5d58dd,beleza_saude,38.0,1475.0,1.0,400.0,17.0,17.0,15.0
349ce46a0e2e20054aa9d80c48af8816,construcao_ferramentas_iluminacao,41.0,971.0,1.0,1300.0,16.0,19.0,16.0
8f5b9d7258ddc83215b7efa05e73825f,,,,,6200.0,28.0,40.0,32.0
4ba9263261711e19aa09a61e3ab72316,eletroportateis,54.0,772.0,2.0,750.0,25.0,10.0,18.0
82b73150f90f4fef92913e35b9984bb7,utilidades_domesticas,40.0,545.0,3.0,2200.0,48.0,25.0,25.0
629e019a6f298a83aeecc7877964f935,automotivo,57.0,1166.0,5.0,1750.0,30.0,30.0,30.0
4b04a764c875af7101955fbcd3989b7e,bebes,44.0,657.0,10.0,8150.0,39.0,20.0,46.0
14ad6805c263d8d758d648f46a06570e,bebes,30.0,782.0,1.0,350.0,18.0,14.0,18.0
3b0fbb3ab5b1512278d2e1c695b07e85,cama_mesa_banho,44.0,273.0,1.0,400.0,40.0,5.0,30.0
4372c58b785f6a6e66899e62099b6ef2,pet_shop,55.0,922.0,3.0,900.0,20.0,20.0,20.0
bfc0d01be79d9038c7720f983bf954e0,relogios_presentes,59.0,2852.0,2.0,950.0,40.0,20.0,12.0
223d34a3d9334039f5ff9511dc044bbb,telefonia,50.0,1246.0,1.0,900.0,23.0,7.0,16.0
090d6db6ad440d35cef0726b5a8bec14,utilidades_domesticas,19.0,97.0,1.0,7300.0,53.0,33.0,33.0
e4ca5b20cfe1a020e15e36fe14e880ee,eletronicos,46.0,331.0,1.0,125.0,20.0,13.0,18.0
c19d5ba108c34b8255cf9a524da92bc4,informatica_acessorios,40.0,413.0,5.0,150.0,16.0,16.0,20.0
e4ad97ce352e46bebac92018f6ed976d,papelaria,51.0,205.0,2.0,7750.0,28.0,55.0,37.0
b59b5899ecf4bcc294a72fdd48adaa94,telefonia,55.0,419.0,3.0,225.0,17.0,6.0,13.0
0b0918a3b5efe0c8ea609a26b14e1bff,telefonia,60.0,752.0,6.0,300.0,17.0,4.0,12.0
0c79aab7a6a2449f932887fb3c8d0127,automotivo,43.0,420.0,3.0,250.0,18.0,9.0,14.0
b60856ce32d90658dbf99b9485327c25,eletronicos,40.0,429.0,1.0,150.0,25.0,7.0,16.0
89321f94e35fc6d7903d36f74e351d40,alimentos,59.0,982.0,1.0,150.0,17.0,13.0,13.0
75c06ee06b201f9b6301d2b5e72993f8,perfumaria,54.0,939.0,1.0,50.0,16.0,5.0,11.0
9a5393d4713520f3751a62e79de3dfbe,automotivo,55.0,105.0,4.0,7600.0,45.0,14.0,18.0
b69eb25e3a4def8e9cddee18712e0c5e,cool_stuff,59.0,993.0,5.0,7750.0,34.0,33.0,33.0
ad2037645597db38527fe3afbe226af2,bebidas,48.0,886.0,2.0,850.0,22.0,17.0,17.0
fac21a1c91c8001793435c475fa7f032,musica,58.0,490.0,3.0,250.0,24.0,12.0,20.0
774ea72f37a7fbf1fb32b973a18f2348,construcao_ferramentas_jardim,47.0,886.0,5.0,5050.0,40.0,16.0,50.0
cad2db5e318d7283a234c517b2f28a42,cama_mesa_banho,60.0,259.0,1.0,1600.0,30.0,5.0,30.0
89b121bee266dcd25688a1ba72eefb61,informatica_acessorios,54.0,1169.0,1.0,150.0,16.0,16.0,16.0
35084deab9603bbb6035bb8638b1df89,moveis_decoracao,49.0,100.0,1.0,1200.0,25.0,25.0,20.0
bf35317e81a1e1477a2256328bce9e9f,perfumaria,53.0,1580.0,2.0,300.0,16.0,10.0,20.0
2f178dc91b792930e1ff40a77a123506,telefonia,55.0,588.0,2.0,369.0,15.0,13.0,13.0
4a25d757ff72fad7534f478c90be77e6,telefonia,59.0,751.0,6.0,275.0,18.0,4.0,12.0
664085fcb2616db929da15dc9ac204b4,telefonia,58.0,818.0,6.0,350.0,17.0,4.0,12.0
980036ff323e235a27b7999d343a8990,cool_stuff,33.0,703.0,9.0,600.0,16.0,9.0,11.0
8bfcd04b543971c83e16de0ab446407d,utilidades_domesticas,31.0,948.0,5.0,150.0,17.0,19.0,14.0
246bb3747799aedac65feef38ac9e734,consoles_games,54.0,1336.0,2.0,600.0,18.0,12.0,18.0
8b6ede776c9602a1db79d27547ff8253,informatica_acessorios,56.0,1105.0,2.0,400.0,16.0,2.0,20.0
5a4491fb73ef5c6689be17bfb30642eb,esporte_lazer,60.0,608.0,1.0,300.0,27.0,9.0,14.0
8999ae93f98ab5d5b5f5efbd4c2b8f88,moveis_decoracao,22.0,232.0,1.0,400.0,16.0,14.0,16.0
c105ffe5631ecf052dd611db3693968f,perfumaria,22.0,438.0,1.0,300.0,16.0,16.0,16.0
b4fc7e84dcaf2fcf3edb234e30362929,esporte_lazer,55.0,3876.0,1.0,1300.0,22.0,27.0,22.0
6d43aa08ee344527fc3e86b90cfd2379,brinquedos,54.0,66.0,5.0,1000.0,20.0,31.0,30.0
195d8e91830247a20eee5eb4c4236294,cool_stuff,32.0,1313.0,3.0,1000.0,27.0,22.0,39.0
d2d39433df84064b1556612cc52cefca,relogios_presentes,54.0,199.0,5.0,250.0,16.0,2.0,20.0
6c706bd66d6df5b9eaa716699943efd0,moveis_decoracao,55.0,1908.0,2.0,1100.0,69.0,11.0,11.0
a0adc3041e9917104f3fea4ba995adcb,informatica_acessorios,47.0,3650.0,3.0,5825.0,48.0,37.0,25.0
9613dd0d7c6c50922dbbda403223381c,utilidades_domesticas,48.0,535.0,2.0,1200.0,25.0,25.0,25.0
92503fc18ca14a8f32c182ce3f1b9f05,papelaria,59.0,140.0,2.0,3450.0,27.0,29.0,27.0
ed5122a6a757a4fea8f32a6fb95a5135,cama_mesa_banho,25.0,250.0,1.0,1938.0,48.0,11.0,41.0
b770fdfeb3598c315c74c881afdeacd7,automotivo,59.0,978.0,3.0,255.0,16.0,12.0,14.0
4606f0b0bceceb75e7a887e6b57cae3e,informatica_acessorios,43.0,583.0,1.0,814.0,32.0,16.0,15.0
9858707a4804bd5fe5027290870c37cf,cool_stuff,55.0,409.0,2.0,10450.0,49.0,21.0,49.0
35a3e0dd6e0b5b84dfd2997546da5df8,esporte_lazer,59.0,495.0,1.0,2886.0,45.0,17.0,56.0
f889fb87b505b73de10c18b93352469f,beleza_saude,60.0,919.0,1.0,150.0,22.0,3.0,15.0
e2bb00220a167d9e60b6776ac33717bc,relogios_presentes,60.0,504.0,1.0,300.0,16.0,2.0,20.0
02a97df83a8a100c7d2b14a02aea6a3d,beleza_saude,46.0,378.0,1.0,400.0,21.0,16.0,18.0
adcbd0e9edf8b57778ef2a2aea870185,relogios_presentes,60.0,586.0,2.0,275.0,17.0,8.0,12.0
6ec18f98bd4eb7efc0989af1505a3f86,informatica_acessorios,48.0,159.0,1.0,525.0,18.0,15.0,17.0
6e49a0cef77b3e3680a0c842d0bb612d,esporte_lazer,60.0,729.0,5.0,150.0,17.0,15.0,16.0
06435c7fcaee30b55bdd89feb2ec9be7,moveis_decoracao,63.0,525.0,2.0,350.0,80.0,10.0,60.0
ba16581014183c8415da15145f3d4c24,moveis_decoracao,45.0,1563.0,3.0,9050.0,95.0,45.0,20.0
d6bbda35f0b8505c2f824f1d90295855,brinquedos,45.0,317.0,5.0,250.0,16.0,7.0,11.0
2948658cb6abc82847412be7201bfc4c,beleza_saude,59.0,1030.0,5.0,3500.0,36.0,25.0,21.0
3b42242085259cb66b6e577ae5173c76,cama_mesa_banho,33.0,1061.0,1.0,1600.0,26.0,21.0,23.0
7c1e2b3fa0233e46fb3bcdcb9919a72f,papelaria,24.0,853.0,4.0,3150.0,53.0,4.0,43.0
c48c077b8b116d8da988077363070d9b,cool_stuff,30.0,880.0,4.0,767.0,29.0,11.0,23.0
2187a2f05e362364c24d44feaeb40243,brinquedos,39.0,740.0,3.0,1500.0,20.0,20.0,20.0
1697727d6c82c23c7149c6c773683d2c,esporte_lazer,37.0,264.0,2.0,2600.0,28.0,28.0,20.0
b24af8bca8813bcde4140ff8562f5e47,telefonia,59.0,314.0,6.0,250.0,17.0,4.0,12.0
773089b6d8197748b1b173e39dd38ab6,utilidades_domesticas,57.0,377.0,1.0,600.0,16.0,25.0,16.0
4d94f51353a058d28468a03ebe1aae33,brinquedos,53.0,331.0,4.0,12300.0,98.0,15.0,50.0
96ff741d2c7879406ec3054d6b2a11c8,relogios_presentes,49.0,578.0,6.0,200.0,16.0,2.0,11.0
5a419dbf24a8c9718fe522b81c69f61a,cool_stuff,53.0,537.0,2.0,1800.0,34.0,5.0,34.0
e940125d0a3c309f58f41cd21e39af06,eletronicos,55.0,287.0,3.0,10550.0,30.0,105.0,20.0
a009a84a95de59e574851aef710ee0f3,eletrodomesticos,60.0,953.0,3.0,100.0,30.0,10.0,15.0
ba230fc7bcaa2f503c46d73098caeb66,eletrodomesticos_2,58.0,722.0,1.0,18250.0,45.0,95.0,25.0
5d6d8d46af864e4241365a5cd4980a53,bebes,53.0,1428.0,1.0,7500.0,20.0,30.0,82.0
bff67489d3a21dba020609ae1cbd65c7,moveis_decoracao,60.0,369.0,1.0,7000.0,45.0,18.0,35.0
1ce5b88456351c3b986532265a56d223,cama_mesa_banho,42.0,111.0,1.0,500.0,40.0,4.0,30.0
d2fc2696871ca6b94af5deb0a8d5590d,livros_interesse_geral,32.0,1003.0,10.0,2500.0,17.0,25.0,12.0
47ed478ee7b2696c2c49229fcad56e98,perfumaria,55.0,556.0,7.0,1800.0,26.0,26.0,35.0
c389f712c4b4510bc997cee93e8b1a28,malas_acessorios,41.0,500.0,1.0,2965.0,41.0,27.0,34.0
73852ee3739732147010f2be732d597c,esporte_lazer,42.0,277.0,1.0,1147.0,25.0,21.0,19.0
40e8b425d1a26e2d9cb77363523e05ce,artigos_de_natal,38.0,1324.0,1.0,4500.0,50.0,8.0,45.0
2b7fc5ab38be42d8f5498267d2ebe344,brinquedos,42.0,222.0,1.0,150.0,20.0,20.0,20.0
651fe753ea1d6ad3d5744c1bffd3d6e1,beleza_saude,56.0,609.0,1.0,50.0,16.0,16.0,11.0
e06f99e79036d681effa3de75989bf22,relogios_presentes,54.0,257.0,5.0,200.0,16.0,2.0,20.0
91b08d34d0ba4db44da2dc382867ba49,telefonia,47.0,137.0,2.0,100.0,16.0,4.0,11.0
b17808303e15dd50538c011b44295427,cama_mesa_banho,56.0,502.0,3.0,1050.0,23.0,93.0,118.0
a01801e4d348c3375e43643085a6b576,eletrodomesticos,55.0,1855.0,1.0,350.0,16.0,20.0,11.0
c6e3c9a59b663e36a8b95b2dde81fa33,esporte_lazer,30.0,451.0,2.0,1300.0,30.0,10.0,25.0
1a96bfd3ef9221f2775d1eccd98a7f17,construcao_ferramentas_construcao,57.0,422.0,4.0,200.0,42.0,12.0,12.0
8215db96a612d69839c27866feabf350,beleza_saude,59.0,555.0,1.0,1075.0,17.0,13.0,15.0
16241e79b047426033194065d8b321b2,moveis_decoracao,57.0,526.0,2.0,400.0,18.0,19.0,14.0
31d976f5306d3408e3d41d670343495f,automotivo,58.0,1063.0,3.0,2600.0,25.0,15.0,20.0
0a57f7d2c983bcf8188589a5fea4a8da,relogios_presentes,33.0,932.0,1.0,396.0,18.0,11.0,14.0
f87341d0a32c1998e212c1c9ec6d3362,ferramentas_jardim,44.0,1064.0,3.0,5500.0,48.0,30.0,30.0
fb29f48bfea41db52e349454f433340e,informatica_acessorios,59.0,690.0,1.0,300.0,39.0,9.0,20.0
c8d415e06ebd7a37c7a5b4a18641ca11,beleza_saude,53.0,1267.0,1.0,383.0,17.0,13.0,15.0
fc3e972df7e263b301e2bee77ac2a6d3,esporte_lazer,55.0,981.0,6.0,1600.0,24.0,13.0,16.0
2c1cc48126c2bdca9e59a300ade4f1c8,brinquedos,41.0,515.0,1.0,600.0,18.0,13.0,15.0
8ce0b48cdcc4b753ae4de64497998338,telefonia,52.0,1371.0,2.0,600.0,18.0,6.0,15.0
657247f6f60543b93e3cc708a8e6329c,malas_acessorios,53.0,526.0,2.0,18050.0,75.0,20.0,50.0
5e6935146c2d07b17b2ca0d3e98cb1f6,beleza_saude,45.0,455.0,1.0,200.0,20.0,3.0,11.0
972d4aba7eb9ba03a5b7950751f11f60,automotivo,58.0,238.0,1.0,150.0,16.0,10.0,16.0
4debd977b5bc245487ec61b7961b16e3,telefonia,59.0,506.0,3.0,650.0,19.0,3.0,11.0
c7a94c6dde9d81dc864941084dbdfe45,esporte_lazer,58.0,246.0,2.0,1100.0,60.0,15.0,15.0
d58020f0dc3b18e41728f846f5072a6c,telefonia,58.0,678.0,3.0,150.0,17.0,8.0,14.0
c46c87888b081cf424913fd74b9b6e87,beleza_saude,40.0,183.0,4.0,450.0,27.0,11.0,19.0
aa96d291abe7cd0000c25e34bc8ed316,utilidades_domesticas,53.0,679.0,1.0,250.0,16.0,2.0,11.0
ead72457c58dcea14f94c2223c684716,esporte_lazer,51.0,2050.0,1.0,50.0,20.0,16.0,12.0
1dec4c88c685d5a07bf01dcb0f8bf9f8,automotivo,44.0,982.0,3.0,17600.0,49.0,49.0,23.0
9f1c3e71d56894398a42b050b07f1baa,cool_stuff,25.0,176.0,1.0,163.0,17.0,11.0,13.0
cfb763496d9fc48751a27db4fd02aa2d,cama_mesa_banho,38.0,168.0,2.0,350.0,25.0,9.0,19.0
f13628923537912e1cce9e6c00d9f4df,bebes,58.0,603.0,2.0,600.0,20.0,30.0,30.0
c96dae58447b1aade5e8a7e28a87a31a,cama_mesa_banho,52.0,595.0,1.0,1323.0,37.0,10.0,31.0
a25ca6677a2f9475bd59f706ebbe4d4c,telefonia,55.0,136.0,2.0,150.0,21.0,7.0,14.0
0fce35c0b7338bda3e52e2389f0c0762,moveis_decoracao,61.0,157.0,9.0,3450.0,41.0,15.0,25.0
fdb86e192fdd20037175daab38af9656,beleza_saude,50.0,1410.0,2.0,800.0,28.0,5.0,18.0
400e2ea46d0af06d91c744b624ed8a59,esporte_lazer,54.0,3476.0,1.0,2967.0,20.0,21.0,14.0
b4f2839696df5de18aa7168fa62f650d,eletrodomesticos,55.0,119.0,1.0,425.0,44.0,14.0,34.0
e1bf73a530f7e6ea9df12e1238ab7600,bebes,40.0,303.0,3.0,400.0,29.0,7.0,16.0
0c71252f37443403376d2008034a7240,pet_shop,41.0,947.0,1.0,156.0,18.0,10.0,14.0
b0137f9102be5a094d59c061fe106b83,brinquedos,23.0,254.0,1.0,200.0,16.0,10.0,11.0
701e076c7aea72b5f668183dde0afa9a,moveis_decoracao,63.0,703.0,4.0,2700.0,35.0,10.0,35.0
3ddc568a05383c2f24b4d47d1b41f819,perfumaria,58.0,1145.0,1.0,400.0,18.0,15.0,15.0
e5f20b4eb944eaae0a13bed3187201d3,construcao_ferramentas_ferramentas,42.0,336.0,2.0,893.0,18.0,14.0,13.0
06c6e01186af8b98ee1fc9e01f9471e9,informatica_acessorios,53.0,144.0,2.0,200.0,25.0,5.0,15.0
c415aad99ee06e0fe8a58c09d3598ef7,beleza_saude,54.0,1842.0,3.0,2267.0,22.0,13.0,18.0
3c0c25556095f68ed9d05df570c9c587,pet_shop,45.0,3110.0,5.0,1620.0,40.0,30.0,30.0
4bb4fb9c85785b75ab4f6559900c7ca1,telefonia,49.0,394.0,2.0,150.0,19.0,4.0,20.0
eeb185c268c344e2308a3eca19154cee,automotivo,58.0,1042.0,4.0,150.0,16.0,6.0,12.0
87716aafd7c6269cddb3403f85e4102e,utilidades_domesticas,32.0,84.0,2.0,515.0,39.0,11.0,25.0
0e5955fbbb16c3f92127ac470386ea88,informatica_acessorios,21.0,173.0,1.0,1217.0,21.0,15.0,11.0
1b8ee158f59c098470fad33f39660964,moveis_sala,32.0,327.0,2.0,6200.0,55.0,14.0,47.0
b45755e01d70d935e074cdde682bed74,cama_mesa_banho,48.0,472.0,1.0,1420.0,47.0,9.0,38.0
d017a2151d543a9885604dc62a3d9dcc,fashion_bolsas_e_acessorios,59.0,93.0,7.0,250.0,16.0,2.0,11.0
2b3b11d70c32fbfc8e850fb68985a000,instrumentos_musicais,57.0,578.0,3.0,1965.0,51.0,44.0,11.0
a703f5ade6e4fae527357132230ea778,beleza_saude,57.0,1271.0,5.0,225.0,45.0,10.0,14.0
5d6bea33648f018dbb563f3a2fab09f3,moveis_decoracao,53.0,616.0,1.0,4000.0,30.0,35.0,30.0
753e430b6eed95b9d517a7a55eae6742,esporte_lazer,42.0,917.0,1.0,450.0,17.0,12.0,12.0
fa06cd5fd01faf457f064d3073ce893d,perfumaria,40.0,691.0,1.0,500.0,17.0,19.0,15.0
6a162a899a815ed15db1689e8efc976c,cool_stuff,47.0,1801.0,6.0,1550.0,20.0,50.0,20.0
42f61cf5c925b4e7fad27faee993c145,telefonia,56.0,530.0,5.0,300.0,17.0,4.0,12.0
61a4100ccd6d9c4c808a1fd954ddb8ad,eletroportateis,60.0,3839.0,4.0,1450.0,24.0,24.0,24.0
437c05a395e9e47f9762e677a7068ce7,beleza_saude,40.0,409.0,1.0,1110.0,19.0,11.0,18.0
3f994ee4a0b20760d1b173aa65037c95,cool_stuff,56.0,708.0,2.0,5700.0,42.0,21.0,36.0
8f61327bbc1b9096bd97323ab64fc6bd,cama_mesa_banho,35.0,235.0,1.0,10050.0,50.0,30.0,40.0
aede48631330269f65a8d680de491657,malas_acessorios,45.0,573.0,1.0,1400.0,48.0,10.0,33.0
9ff8568dfb9041b898e65ff4018c8c57,eletronicos,56.0,1242.0,6.0,133.0,16.0,7.0,13.0
9da0bebb7f9168679e748abbfad05edd,cama_mesa_banho,50.0,147.0,1.0,450.0,40.0,4.0,30.0
7aac5971b0560a816c14f6b6e9185bcc,beleza_saude,55.0,1282.0,4.0,1450.0,25.0,22.0,19.0
07810038e53a9f409577581bae23fa1a,informatica_acessorios,53.0,177.0,5.0,150.0,16.0,3.0,17.0
c211ff3068fcd2f8898192976d8b3a32,cama_mesa_banho,58.0,58.0,1.0,200.0,20.0,2.0,15.0
efa490145b5cc82438b6a6de691535fa,informatica_acessorios,57.0,938.0,2.0,500.0,30.0,10.0,11.0
b40bd352960044e281fa405937aac605,relogios_presentes,45.0,628.0,1.0,350.0,22.0,14.0,27.0
063c331b19ce7f951a2abb159e30386a,cama_mesa_banho,50.0,216.0,2.0,1100.0,33.0,12.0,24.0
43d2e0df7224cb1c252c23cf36d597ad,bebes,41.0,449.0,2.0,1150.0,70.0,10.0,40.0
9b1689a9d895d266ce7134329b4e905c,esporte_lazer,60.0,576.0,2.0,2600.0,80.0,12.0,22.0
ee14580a079d31644603ec91e37c7ed2,perfumaria,55.0,144.0,2.0,100.0,25.0,7.0,11.0
b9454f6cd728a6e0510e3c4ba8c25263,telefonia,59.0,818.0,6.0,300.0,17.0,4.0,12.0
0d85c435fd60b277ffb9e9b0f88f927a,informatica_acessorios,60.0,919.0,1.0,150.0,16.0,13.0,14.0
300469628605afcf5cc9759fb4cffc02,papelaria,58.0,205.0,3.0,250.0,24.0,7.0,14.0
48f866f20b5b6015a324210988e73387,cama_mesa_banho,52.0,251.0,1.0,1850.0,45.0,15.0,35.0
b761e337aed465b70aa4bf86f1b12f2d,papelaria,51.0,366.0,4.0,400.0,30.0,20.0,25.0
f6085e99db2df10f9829b6193314615e,relogios_presentes,30.0,109.0,1.0,430.0,17.0,9.0,11.0
e35b496654367ba8f9ab8974a23331e6,fashion_bolsas_e_acessorios,54.0,267.0,1.0,250.0,16.0,10.0,12.0
ad88641611c35ebd59ecda07a9f17099,,,,,450.0,16.0,7.0,11.0
0a5a41c678bcf81e041826bb24eb0b01,bebes,55.0,1627.0,1.0,750.0,20.0,13.0,13.0
08b2b99a87e01c87c200a459bb3f4bc7,beleza_saude,43.0,225.0,1.0,1100.0,27.0,9.0,14.0
68b7fda28d528d3fc87e60fcafc5830f,moveis_decoracao,55.0,1977.0,3.0,7100.0,90.0,4.0,55.0
0354c6a8cb8961e29b70e564b93861fe,ferramentas_jardim,59.0,2407.0,1.0,400.0,38.0,10.0,25.0
cd360a9f341f57c25699dbac377f5efd,construcao_ferramentas_construcao,60.0,906.0,1.0,550.0,30.0,30.0,30.0
7da9810448a8f92f73339d58b1dd73a9,telefonia,49.0,346.0,5.0,100.0,19.0,3.0,11.0
ff5d87897ed26d564711df324b98ebee,relogios_presentes,49.0,443.0,2.0,350.0,19.0,13.0,19.0
41db6d8062fcd38410c699743ccc0265,telefonia,49.0,1438.0,2.0,125.0,19.0,5.0,11.0
f4621f8ad6f54a2e3c408884068be46d,esporte_lazer,27.0,485.0,2.0,600.0,35.0,15.0,28.0
218de70a5a63ca13ad448aa4706d8ce1,fashion_calcados,46.0,182.0,1.0,500.0,33.0,19.0,16.0
4ce9ab528124f89e091b17d11aa2e97c,informatica_acessorios,54.0,222.0,3.0,500.0,36.0,5.0,15.0
a84d0660dbffebf352aefbf1a6b18d00,relogios_presentes,60.0,179.0,3.0,250.0,16.0,2.0,20.0
04601b648d7d2dcae6e285a41e276a3f,brinquedos,57.0,328.0,1.0,1775.0,31.0,21.0,21.0
310806337e8a62be35203aa25d302b08,bebes,53.0,2411.0,2.0,30000.0,55.0,67.0,46.0
afa3a51dec198b1d14a0c19849dab3a8,esporte_lazer,58.0,245.0,4.0,400.0,16.0,6.0,20.0
0152f69b6cf919bcdaf117aa8c43e5a2,cama_mesa_banho,40.0,116.0,1.0,250.0,40.0,4.0,30.0
38fbdbd0a9be4733e29cd1afe360e23b,automotivo,41.0,603.0,1.0,500.0,26.0,3.0,16.0
fcaab5d7f656094e49fbe4ee3a506658,papelaria,60.0,234.0,4.0,7650.0,28.0,55.0,37.0
bfebe3af6798e21f14c80263db86b7a0,perfumaria,59.0,489.0,1.0,494.0,20.0,17.0,17.0
857be5cab7b9c69b973ce723ca69c9f7,eletroportateis,59.0,1091.0,1.0,475.0,28.0,16.0,16.0
338925450cde31710e3fd65b8bac0b1f,beleza_saude,50.0,415.0,1.0,29050.0,55.0,75.0,61.0
cac9e5692471a0700418aa3400b9b2b1,bebes,57.0,2440.0,1.0,375.0,29.0,14.0,20.0
80a354492ba20a7ef994a4cad98e807d,cama_mesa_banho,50.0,359.0,2.0,350.0,45.0,6.0,30.0
5292d2a10d727811b78d5b7dfb6c96b3,construcao_ferramentas_construcao,52.0,669.0,3.0,550.0,30.0,30.0,18.0
1994792a258088f40af8b4f4bd60d6cf,beleza_saude,59.0,275.0,4.0,200.0,16.0,15.0,15.0
02fbee632a2044d48ab16d57eec4db58,cama_mesa_banho,53.0,230.0,1.0,1017.0,39.0,15.0,34.0
ee4c8acefd0dbcae1a83e07c101318f4,cama_mesa_banho,61.0,511.0,1.0,7550.0,45.0,15.0,35.0
3d3204ab08bb14fe5114502ad7809384,bebes,22.0,336.0,1.0,900.0,32.0,32.0,15.0
703d742887bb9267f89b675608ba7aa0,cama_mesa_banho,35.0,509.0,2.0,950.0,35.0,6.0,45.0
ba5fb4ab9cd70d201b74b5bad9d4ca00,telefonia,42.0,347.0,2.0,125.0,17.0,6.0,13.0
fd0c762860528d119344e1377b574fc5,alimentos,45.0,723.0,1.0,317.0,16.0,10.0,11.0
a8856d651600289b162f857e26838480,esporte_lazer,50.0,255.0,1.0,600.0,20.0,10.0,15.0
5d90b82ad1fdff812987fa28158b7984,cama_mesa_banho,52.0,408.0,1.0,1400.0,20.0,20.0,20.0
3d696187f8d3543290f64ba2f7b5db9b,automotivo,21.0,1015.0,3.0,100.0,35.0,10.0,25.0
df4495e4ea59aae2f22d349cf4b9ab19,relogios_presentes,41.0,866.0,5.0,250.0,16.0,2.0,11.0
cc63d91555437d9d8d9ae7bf007a1f2c,cama_mesa_banho,57.0,135.0,2.0,650.0,50.0,5.0,50.0
92785d022b4e0e6b7cafc45f87a281fb,,,,,200.0,16.0,2.0,11.0
3047d2ab7a976a0149292daad0acba79,cama_mesa_banho,60.0,497.0,2.0,1350.0,50.0,11.0,11.0
ceb43e52119b25c8f2b6049a5534c339,esporte_lazer,55.0,1392.0,1.0,750.0,16.0,16.0,16.0
10dae91e0aba95747e90280edeffe883,bebes,54.0,1027.0,3.0,100.0,17.0,6.0,11.0
540a93038cc8b4c42ef0821b2cf067d3,moveis_decoracao,60.0,375.0,2.0,4800.0,20.0,50.0,40.0
08c1754fd6455e4c70a6521f4ed66819,utilidades_domesticas,53.0,689.0,1.0,3800.0,50.0,21.0,37.0
88bffa97ba651ca4ee0710fa7e0e9653,informatica_acessorios,53.0,418.0,1.0,350.0,16.0,2.0,11.0
3bd016185be10ea4b4b2baa6e7dd9e9b,livros_tecnicos,27.0,2155.0,1.0,650.0,17.0,24.0,11.0
1ca1d7d7a101a1d1f2ca213994fd8596,construcao_ferramentas_construcao,37.0,293.0,2.0,1400.0,20.0,42.0,20.0
cc4c16052222d5347726b1af1bfe7462,relogios_presentes,51.0,882.0,2.0,133.0,17.0,11.0,13.0
c0704b7b41d23540e8576c5e84484dcb,beleza_saude,38.0,2113.0,1.0,250.0,17.0,11.0,13.0
1af2a3ec7cecc4015321e562a26c9d1d,informatica_acessorios,60.0,266.0,2.0,150.0,40.0,2.0,24.0
f699b297070aa38aaf3de9639302506a,esporte_lazer,55.0,3830.0,1.0,1250.0,31.0,32.0,31.0
ff3ec972ebd16eb98d55e8ea2fa255ee,esporte_lazer,37.0,356.0,1.0,2488.0,30.0,23.0,31.0
1bbf3c5abc34eb8f1d884a7503b7764f,beleza_saude,50.0,2830.0,2.0,350.0,27.0,4.0,11.0
fa23bf270fb9880690b07d09b9f9ff20,esporte_lazer,60.0,475.0,4.0,800.0,50.0,15.0,25.0
a39cc58c1b5926b6f9f378daa89f1315,casa_construcao,53.0,646.0,1.0,3800.0,30.0,35.0,30.0
70de339311bbfd116a461e25c9fb79ca,moveis_decoracao,53.0,553.0,1.0,1200.0,35.0,9.0,25.0
17ad6786808ab3fedfb261a70a5932d6,audio,38.0,2916.0,1.0,620.0,23.0,15.0,17.0
6c784e2ed24a972a024321ea3a4ab88e,fashion_bolsas_e_acessorios,48.0,331.0,1.0,100.0,16.0,8.0,11.0
18486698933fbb64af6c0a255f7dd64c,informatica_acessorios,40.0,322.0,1.0,225.0,17.0,14.0,13.0
f78c2e2b9562f4eb436a275b2a230531,beleza_saude,35.0,1619.0,1.0,1167.0,19.0,16.0,16.0
3e8f52cbce268fc54677be617e399ba2,informatica_acessorios,56.0,870.0,1.0,663.0,21.0,15.0,13.0
59b47581b7ba51a62bf9c3dd4fef36fd,moveis_decoracao,38.0,474.0,4.0,1650.0,40.0,20.0,20.0
e9cd877ece530798c06b7f8d31b631e3,automotivo,54.0,488.0,3.0,367.0,17.0,12.0,12.0
16e556eacc104de6e97b84512d426240,perfumaria,60.0,877.0,1.0,550.0,23.0,8.0,15.0
0e323ee8f8dc60a0b875e9ac4daf1337,telefonia,55.0,359.0,2.0,317.0,21.0,14.0,16.0
3dd2a17168ec895c781a9191c1e95ad7,informatica_acessorios,48.0,894.0,1.0,533.0,22.0,11.0,20.0
bdca5879b3afce0e138e71a68ad26d04,cama_mesa_banho,60.0,282.0,1.0,4250.0,40.0,15.0,23.0
00e32638060f6356e6f00749dc466b5c,esporte_lazer,45.0,561.0,2.0,7050.0,20.0,105.0,20.0
23384f296aa1bf6461d22912093a9847,cama_mesa_banho,63.0,434.0,8.0,100.0,16.0,10.0,16.0
16007704980fa90718364a0dd747133e,beleza_saude,46.0,2729.0,1.0,1550.0,27.0,9.0,18.0
41fe836a60674d3d25645e3698651f6b,ferramentas_jardim,33.0,574.0,1.0,1650.0,34.0,12.0,30.0
10070e29929f7c7d609ee3201f236b8e,casa_construcao,44.0,421.0,5.0,1250.0,23.0,30.0,15.0
101c51628f18e013a1b2900a8f275fd2,moveis_escritorio,50.0,1745.0,1.0,11000.0,58.0,28.0,58.0
e46d3c8d60e3f8b382b6f239e5af08ac,informatica_acessorios,52.0,909.0,1.0,1850.0,16.0,9.0,36.0
b83ba81552d0748b45288e7e57c62888,beleza_saude,41.0,874.0,2.0,460.0,36.0,10.0,16.0
aece157b74fa793277ecc4e94bedf9a0,papelaria,59.0,226.0,5.0,8150.0,35.0,60.0,40.0
d8f2a339e6fa69ebf411e198b618e979,utilidades_domesticas,60.0,807.0,1.0,7300.0,51.0,24.0,28.0
a7b497445896c24d425d100e4f03d8cd,ferramentas_jardim,40.0,58.0,3.0,1130.0,38.0,26.0,20.0
e5a19f25b139394121110bbaab05087c,cool_stuff,49.0,527.0,4.0,3250.0,35.0,23.0,21.0
f1c7f353075ce59d8a6f3cf58f419c9c,cama_mesa_banho,56.0,162.0,5.0,9750.0,35.0,12.0,30.0
c8c073a1cae6a98799d7581958ede514,eletrodomesticos_2,43.0,1009.0,2.0,6025.0,32.0,35.0,35.0
bfc275f6de912665e4dcd8da32f43c10,utilidades_domesticas,27.0,107.0,4.0,900.0,35.0,15.0,24.0
7c6fbb3a5346dfd607386155c6f628f8,beleza_saude,60.0,919.0,1.0,150.0,22.0,3.0,15.0
b5c315fb01a02190500528edf520883f,fashion_bolsas_e_acessorios,57.0,147.0,6.0,200.0,16.0,2.0,20.0
5cc3b3b52374e67281fd366c03b57ff5,pet_shop,33.0,1538.0,2.0,850.0,24.0,20.0,24.0
a62e25e09e05e6faf31d90c6ec1aa3d1,relogios_presentes,58.0,3006.0,2.0,1000.0,53.0,8.0,18.0
20205e1ea024aec43a7a3fc0d8f7a287,moveis_decoracao,60.0,464.0,1.0,1500.0,105.0,5.0,30.0
1347d4320dcd0acd750e37bb3d94a918,eletrodomesticos,54.0,780.0,5.0,7600.0,30.0,50.0,40.0
4689718bc1b839a9baeaa91d2c278598,cama_mesa_banho,42.0,1042.0,6.0,3300.0,50.0,15.0,40.0
9aa27aaecd804beb57af8e700fd6e681,bebes,32.0,602.0,1.0,250.0,23.0,5.0,38.0
afb2faf85bb85d4a5c466c8b7258f5ab,bebes,47.0,235.0,1.0,9400.0,75.0,15.0,50.0
f484aa505452986f295eb1205a44debd,relogios_presentes,57.0,477.0,3.0,700.0,19.0,9.0,15.0
e7c8819338fc9a87e81ea2d90898f612,ferramentas_jardim,27.0,320.0,1.0,4000.0,47.0,14.0,20.0
7ada7bee4052075cf6310885da8c4392,papelaria,60.0,189.0,2.0,5550.0,28.0,55.0,37.0
8c292ca193d326152e335d77176746f0,beleza_saude,60.0,2894.0,1.0,200.0,17.0,11.0,15.0
376c3b8593f2ab163a7c1036e8307123,market_place,50.0,511.0,3.0,2600.0,45.0,20.0,20.0
ddceb6eef6af67e9fbbd4c148dbe5fd9,cool_stuff,52.0,516.0,1.0,4650.0,37.0,20.0,34.0
a4bddd2ee75396cc2e47bdf21343261d,cama_mesa_banho,56.0,422.0,1.0,15200.0,16.0,10.0,16.0
5a848e4ab52fd5445cdc07aab1c40e48,,,,,400.0,20.0,12.0,15.0
24e8c79f39c68fbdbd57a5813ae72b94,relogios_presentes,22.0,852.0,1.0,225.0,19.0,12.0,15.0
0b0c04563408d8d1187cdbd6292a89fa,fashion_bolsas_e_acessorios,34.0,222.0,2.0,3400.0,20.0,50.0,40.0
e4d325bd1eea550509bdbbc5c3301fc1,perfumaria,59.0,874.0,1.0,525.0,16.0,16.0,18.0
a50acd33ba7a8da8e9db65094fa990a4,automotivo,53.0,555.0,1.0,4105.0,67.0,10.0,67.0
d9e7d13814ea50f9ae1f612ef6b3a1f1,cama_mesa_banho,55.0,556.0,1.0,650.0,16.0,10.0,16.0
1cc61b32763a4d816212b3507b6b6c59,livros_interesse_geral,55.0,556.0,1.0,1050.0,27.0,30.0,16.0
24c66f106f642621e524291a895c9032,beleza_saude,37.0,325.0,1.0,792.0,19.0,14.0,16.0
6a8631b72a2f8729b91514db87e771c0,eletronicos,54.0,614.0,1.0,100.0,17.0,6.0,11.0
620b45f968a49556658d15ef8560a30d,informatica_acessorios,54.0,581.0,1.0,1100.0,16.0,16.0,16.0
0f4a3e29a1c122f94fe4c48c49d9cfa9,esporte_lazer,56.0,661.0,3.0,6850.0,93.0,6.0,93.0
58e03c2c00f9e4f3a35b6cf0d13cbb67,moveis_escritorio,45.0,2219.0,1.0,10050.0,54.0,28.0,53.0
f8077831f3c3f393fb67b93c5acd8daf,casa_construcao,57.0,921.0,7.0,750.0,16.0,20.0,16.0
1b81160192e096f4cbcf518ffa830df0,cama_mesa_banho,57.0,310.0,1.0,1150.0,36.0,6.0,20.0
022ff42cced44a2b2cca57061cabb526,esporte_lazer,57.0,1705.0,1.0,3900.0,32.0,35.0,33.0
34eb0685663d60e57a9ca086c8e33423,fashion_calcados,55.0,344.0,3.0,1850.0,36.0,37.0,16.0
bfd0c7371a844fb057a67f00d67b4a66,construcao_ferramentas_construcao,60.0,559.0,6.0,500.0,40.0,11.0,11.0
deafa3faa1b80a845f4fbfb3ffa5d0b8,papelaria,58.0,503.0,1.0,5900.0,35.0,35.0,26.0
1be9a7b25f7ddfe1dfda88b9b64f595c,relogios_presentes,52.0,724.0,2.0,200.0,16.0,11.0,11.0
f8b624d4e475bb8d1bddf1b65c6a64f6,utilidades_domesticas,46.0,323.0,1.0,2841.0,40.0,23.0,26.0
14e40526732f35d38620a487e0776b27,livros_interesse_geral,52.0,783.0,1.0,500.0,40.0,4.0,30.0
cb9d764f38ee4d0c00af64d5c388f837,portateis_cozinha_e_preparadores_de_alimentos,57.0,306.0,1.0,625.0,28.0,27.0,24.0
372124d6931c4bc48dd0d56075ebee7c,cama_mesa_banho,58.0,58.0,1.0,50.0,20.0,2.0,15.0
e004a3b7f9524967fdb68bb70f850eb0,pcs,57.0,975.0,1.0,13000.0,28.0,51.0,54.0
70d01ae15a5d5ee38388b90c0470d9b0,brinquedos,60.0,789.0,2.0,850.0,35.0,6.0,37.0
66b538ce389d817a5123146347c3fdc8,brinquedos,38.0,480.0,1.0,4433.0,70.0,25.0,30.0
d2347fba1e60ea51f533960fc555baff,moveis_decoracao,39.0,94.0,5.0,300.0,16.0,5.0,20.0
c154ff1c4c87fe2e76bf46db6cd29d59,brinquedos,29.0,946.0,1.0,600.0,17.0,8.0,14.0
42ed7ff87eec051d7f9364afbf091dd3,eletroportateis,53.0,361.0,1.0,15200.0,37.0,55.0,37.0
f71f42e2381752836563b70beb542f80,informatica_acessorios,34.0,1078.0,2.0,250.0,41.0,2.0,29.0
60142008404f92c16972d1cb6dd0e3c8,utilidades_domesticas,58.0,1567.0,1.0,2000.0,16.0,20.0,11.0
4a2103f59fe65c15afb3cdcd24a7ff70,utilidades_domesticas,52.0,513.0,3.0,750.0,24.0,16.0,16.0
73654d559ec8c7b46ae0c6419cd59072,beleza_saude,42.0,3156.0,1.0,300.0,18.0,18.0,18.0
a8557b8cc2880e245f6e7b7dbb0cfb04,moveis_decoracao,32.0,950.0,1.0,600.0,20.0,56.0,20.0
bc74f63361c15c1a5baa5b97ac432e62,beleza_saude,42.0,500.0,1.0,4050.0,17.0,11.0,13.0
af62192c9415dbf2b36c294762acd9ed,moveis_decoracao,55.0,1892.0,3.0,6400.0,80.0,4.0,55.0
7c5514c269002959274a50b996f04e82,papelaria,24.0,342.0,1.0,1300.0,20.0,49.0,33.0
c831ad5c44cdf4b4cf324dca0f4f6d8b,fashion_bolsas_e_acessorios,35.0,221.0,2.0,100.0,25.0,5.0,16.0
2cfd372900c7c65e4c4ed2ccf7a1cfd4,relogios_presentes,35.0,694.0,1.0,550.0,18.0,12.0,13.0
8db8c6b5b338e7a8d3332037c2c218f7,telefonia,41.0,1311.0,2.0,50.0,18.0,6.0,11.0
53d8ee87caa1a2320c66074ff9c99e61,relogios_presentes,55.0,1457.0,5.0,500.0,20.0,19.0,17.0
6adab229374835b551f6402e0dc53267,pet_shop,56.0,499.0,4.0,1250.0,35.0,7.0,48.0
4ebab6a2135a2477b657bda38646b64b,brinquedos,38.0,853.0,3.0,442.0,20.0,16.0,14.0
db6677c6f890ba1730c0b75bd8132579,beleza_saude,57.0,615.0,2.0,950.0,35.0,25.0,20.0
7e7da0ee83024e649680e11ed76dfe58,beleza_saude,54.0,960.0,3.0,271.0,19.0,11.0,13.0
6f030babbca059aa3951ea26d5bbbe0d,utilidades_domesticas,57.0,437.0,1.0,1000.0,32.0,22.0,15.0
23bcd6822a33df5534f9b290216eec1f,brinquedos,56.0,708.0,6.0,7000.0,20.0,62.0,35.0
21c7ae0df2196c656289e946024f9224,papelaria,55.0,959.0,4.0,6400.0,36.0,36.0,38.0
d2ccecca43a34313f3599efaa858e73b,automotivo,60.0,329.0,5.0,300.0,16.0,16.0,12.0
e3ef50d542d4e6477fbcf202a02ef040,telefonia,51.0,622.0,2.0,350.0,17.0,4.0,12.0
cf1387ec1ba3615f21a7924ec648e94a,telefonia,54.0,1246.0,3.0,200.0,18.0,7.0,16.0
389d119b48cf3043d311335e499d9c6b,ferramentas_jardim,59.0,341.0,2.0,1750.0,37.0,22.0,40.0
0872c05ce884daf60d1459165ba1c4da,moveis_decoracao,59.0,413.0,3.0,16350.0,55.0,40.0,40.0
80ac250f5bffe3fff8097929c3c4a938,fashion_bolsas_e_acessorios,41.0,214.0,3.0,100.0,17.0,4.0,13.0
fa4e7a7bb781f24e7cee4d91502a89e3,telefonia,60.0,446.0,4.0,300.0,20.0,3.0,11.0
34d6306314a47fe15c1efdbc23302020,informatica_acessorios,38.0,301.0,1.0,107.0,7.0,7.0,10.0
36bd3e4daa4604d112f17dccd24ee59e,telefonia,48.0,419.0,2.0,150.0,17.0,8.0,14.0
282689e1e4c5d32efe135668c32b6722,cool_stuff,49.0,1030.0,4.0,6122.0,32.0,32.0,37.0
0cf13ac73dbcf6586ba63b89dd1f780a,moveis_decoracao,39.0,398.0,5.0,3700.0,25.0,35.0,35.0
20340463234672489d7a3437445df770,moveis_decoracao,56.0,2051.0,3.0,600.0,68.0,8.0,13.0
54e5939fcd9ae70ad0f59f612d6d29bd,cool_stuff,51.0,471.0,4.0,550.0,27.0,10.0,15.0
308f901f3cbc9dd383146e97562ef8ed,relogios_presentes,46.0,398.0,1.0,200.0,17.0,13.0,13.0
694e58e56c74114ee0628c25f3f26f8c,esporte_lazer,24.0,290.0,2.0,600.0,50.0,12.0,50.0
c30c7fa239be1f5dc272ebd5345a91ea,pet_shop,53.0,407.0,3.0,700.0,25.0,15.0,18.0
e48f857c5498e6408410be1fda8e0fe4,esporte_lazer,29.0,973.0,1.0,5455.0,46.0,21.0,32.0
704e268deb9b8eb20603204783b7a0d2,moveis_decoracao,52.0,746.0,4.0,15400.0,40.0,60.0,40.0
b21edc5440d0a05522fa8d1bc1a4a26d,relogios_presentes,57.0,510.0,1.0,325.0,16.0,12.0,12.0
b0867df586a8d9be80c7d49aa7dacc8c,esporte_lazer,39.0,688.0,1.0,398.0,17.0,14.0,14.0
cca44f5c2c4c50a416b7ee155a58b2ba,relogios_presentes,37.0,536.0,3.0,550.0,21.0,13.0,16.0
c03d44fcdfabbabd5185c8eb60f77aea,cool_stuff,55.0,781.0,2.0,500.0,27.0,10.0,15.0
930f6ddc396b23f823b6b520fbd528e0,construcao_ferramentas_construcao,36.0,490.0,2.0,600.0,20.0,20.0,20.0
b48946c4c9a1d7c81916522d00d6722f,fashion_bolsas_e_acessorios,58.0,392.0,4.0,50.0,16.0,6.0,20.0
6c134d5cb3a3dd71dd85c1b5cb4fc7b0,beleza_saude,56.0,1006.0,1.0,400.0,19.0,17.0,15.0
8b199a0f183f8011403f53356c564d80,moveis_decoracao,48.0,748.0,1.0,11017.0,40.0,49.0,32.0
f775e44f7a8609df5fc7a00faa8b458e,fashion_calcados,57.0,404.0,4.0,1500.0,22.0,12.0,33.0
d934d5a5c12e50df26c0669f578e2621,informatica_acessorios,49.0,340.0,1.0,300.0,48.0,8.0,20.0
cd4536501f4e8486f233ea0c0e7e1ee8,esporte_lazer,36.0,280.0,2.0,650.0,30.0,10.0,16.0
c0400a62c5019cdc69bfc76d39b1cfb4,cama_mesa_banho,47.0,392.0,1.0,250.0,28.0,5.0,16.0
9219ce85918a5d26bca1a6fddf3a1402,papelaria,48.0,275.0,1.0,500.0,19.0,44.0,34.0
8032bb148ff355a9d402573fbd6c4b89,fashion_bolsas_e_acessorios,37.0,134.0,1.0,100.0,16.0,10.0,16.0
d5aaa8920fc54584d11c60ca1c277713,esporte_lazer,58.0,528.0,2.0,150.0,20.0,4.0,12.0
4b7ddf18ef3c5205f6ec288dffcd7c55,cool_stuff,46.0,588.0,2.0,500.0,16.0,12.0,22.0
8c591ab0ca519558779df02023177f44,ferramentas_jardim,47.0,1893.0,1.0,6050.0,20.0,20.0,20.0
f5cb4f19ca215fb34aef190918d45f46,informatica_acessorios,47.0,219.0,1.0,200.0,23.0,11.0,15.0
c69ee3d090e5c25f7e8633b164fc001b,automotivo,59.0,549.0,1.0,3566.0,63.0,9.0,63.0
628d0ba951ebb8fd1edc5ab3934468e0,ferramentas_jardim,48.0,182.0,2.0,1600.0,17.0,17.0,78.0
e5c50ee10712a01bfed9854a00502f8e,portateis_casa_forno_e_cafe,50.0,310.0,1.0,14100.0,40.0,60.0,40.0
4914f8796af2ecd359fd8f44b9b92339,,,,,100.0,16.0,11.0,12.0
6416e0ecd625ef4adf18658a9aca2e10,beleza_saude,36.0,1971.0,1.0,644.0,20.0,15.0,19.0
1b01cabd433131aec917576c347f0dbd,relogios_presentes,52.0,687.0,1.0,550.0,20.0,12.0,15.0
eda64e6f9a82d6ce803c2e1a6790bd06,informatica_acessorios,60.0,345.0,6.0,600.0,28.0,6.0,29.0
c4b5776ae19c3e9ee28323b38d41c72f,moveis_decoracao,27.0,212.0,2.0,10050.0,72.0,10.0,72.0
3e5201fe0d1ba474d9b90152c83c706c,cama_mesa_banho,56.0,255.0,1.0,1800.0,30.0,5.0,30.0
c7fd13b5e515bffdab855d0812842edb,moveis_decoracao,46.0,490.0,2.0,1350.0,30.0,20.0,20.0
946344697156947d846d27fe0d503033,cama_mesa_banho,55.0,619.0,1.0,500.0,16.0,17.0,17.0
af6ab2d196af959df0ce35fc5ea50278,utilidades_domesticas,56.0,747.0,1.0,850.0,16.0,17.0,16.0
d581a9097bc2a13adf46bbd864ee0d08,beleza_saude,48.0,2910.0,1.0,300.0,18.0,9.0,12.0
5368f8caaa939da050e8dfd7d08fde62,,,,,150.0,16.0,12.0,11.0
b17184dce2f379b2a98393d8ae885611,moveis_decoracao,40.0,442.0,5.0,20800.0,50.0,50.0,45.0
83d68ad4e5707409089afff26a40b2df,brinquedos,33.0,112.0,1.0,13150.0,50.0,14.0,104.0
4a25fe90f6685b9fc991af9a796f74c3,cama_mesa_banho,51.0,251.0,1.0,1900.0,45.0,15.0,35.0
dc68ee0fcb033a1ab6714fbb5db60c15,moveis_decoracao,37.0,214.0,1.0,1500.0,30.0,10.0,30.0
de36d205f68196c28c2575937b9e737e,construcao_ferramentas_construcao,46.0,767.0,3.0,2000.0,48.0,25.0,48.0
016711f78a6a87696645db0a6a834826,beleza_saude,14.0,1366.0,2.0,1150.0,27.0,22.0,39.0
55945cf4a4e6def88dcc8996a581608a,beleza_saude,58.0,3930.0,9.0,275.0,28.0,12.0,22.0
94cc774056d3f2b0dc693486a589025e,fashion_bolsas_e_acessorios,29.0,99.0,3.0,150.0,20.0,20.0,20.0
982d42e9ce06f5054407db7d1268029f,cama_mesa_banho,51.0,233.0,1.0,6738.0,48.0,32.0,52.0
3ce943997ff85cad84ec6770b35d6bcd,informatica_acessorios,58.0,636.0,1.0,800.0,32.0,11.0,13.0
49898603599da69a7ec746e336c2b4d1,bebes,47.0,1924.0,3.0,850.0,30.0,10.0,30.0
9ec6b6619704c31e3fb6d15dbe229fba,moveis_decoracao,60.0,2050.0,2.0,1200.0,69.0,11.0,11.0
47376be1404bbe927766e8a9011714cb,cool_stuff,51.0,741.0,7.0,225.0,18.0,8.0,16.0
b52e4724d5ae56c1e1503a363b388d2a,esporte_lazer,34.0,423.0,1.0,3000.0,93.0,11.0,18.0
242edc6b84c00f0d48c664a020a92c52,malas_acessorios,39.0,131.0,1.0,500.0,23.0,45.0,32.0
4107fe37acd2074de27143fa85966f67,moveis_decoracao,28.0,579.0,1.0,7100.0,37.0,41.0,37.0
f2e2678188e0f3bc983dd3935f69b746,automotivo,55.0,620.0,1.0,13900.0,40.0,40.0,40.0
8546c6aec945658dd6de0b125806bc8a,moveis_decoracao,63.0,527.0,11.0,2700.0,41.0,26.0,31.0
772583ef39582ddf5068eba0296c24f7,esporte_lazer,39.0,271.0,6.0,3050.0,51.0,13.0,31.0
7868a64aa111bbb4f41f8e1146c0becb,moveis_decoracao,59.0,438.0,1.0,1200.0,30.0,5.0,20.0
95c2c14503645a9f87cf2401c523482c,telefonia,30.0,405.0,3.0,167.0,18.0,4.0,11.0
c4baedd846ed09b85f78a781b522f126,ferramentas_jardim,58.0,1893.0,1.0,5950.0,20.0,20.0,20.0
e034d967d446f193a9d72f30a282c312,,,,,900.0,20.0,10.0,12.0
4943769229463d7bd0fd5af9baac46b5,informatica_acessorios,57.0,493.0,1.0,1100.0,23.0,22.0,18.0
1107055c5c960ef6e183e781260aeafd,telefonia,59.0,752.0,6.0,300.0,17.0,4.0,12.0
c9d067f785507045799795719e6e6131,esporte_lazer,57.0,1260.0,4.0,26500.0,105.0,70.0,20.0
289d248f6a9046a0f0be47cda2b45537,esporte_lazer,31.0,542.0,5.0,250.0,25.0,25.0,20.0
f48eb5c2fde13ca63664f0bb05f55346,esporte_lazer,60.0,1153.0,2.0,100.0,20.0,11.0,11.0
e8288cf2d07e2b1b0b889132fc8cd8d5,cama_mesa_banho,55.0,677.0,1.0,1300.0,16.0,50.0,40.0
2c0c951471371afa81e47d7bf8d20522,telefonia,56.0,931.0,6.0,183.0,18.0,9.0,13.0
30f2abe62a0f5fb21e4361e83e19f3d8,fashion_bolsas_e_acessorios,33.0,484.0,3.0,150.0,16.0,13.0,11.0
fb1c85ab4adb8f0fd63d3e2156e51f4b,esporte_lazer,33.0,2213.0,1.0,217.0,20.0,20.0,20.0
6d779dde21981220a9ea25b508015461,pet_shop,45.0,901.0,1.0,15800.0,74.0,32.0,40.0
7fab1a1472fdd934397068931f63f3ca,brinquedos,53.0,200.0,10.0,600.0,30.0,25.0,20.0
6109d0cae3bcb57d579bc0fab6e61814,malas_acessorios,45.0,573.0,1.0,1250.0,49.0,10.0,34.0
996ae0a67e63b78b427a1f8d07543e86,cama_mesa_banho,56.0,155.0,2.0,1500.0,48.0,6.0,39.0
8844bd4b8ca8f93603694ca2bceb77e9,beleza_saude,49.0,1513.0,3.0,900.0,33.0,17.0,12.0
c837ca3eaf5506275072300511cb7b12,beleza_saude,54.0,2564.0,1.0,300.0,16.0,6.0,11.0
af2d506fb01b724e03591349ad36b67e,bebes,55.0,1681.0,2.0,600.0,20.0,13.0,13.0
64d33e6bd1b905a31c2f96f584e6a0c8,telefonia,60.0,818.0,6.0,350.0,17.0,4.0,12.0
d493f5a208254fe85b3ab55d898461a1,alimentos,60.0,3725.0,6.0,675.0,28.0,15.0,15.0
139a8ba50a931c4055ff072ef1817b06,relogios_presentes,46.0,655.0,1.0,700.0,20.0,12.0,15.0
db1e6fed56643b852af3132d255d9ddc,cama_mesa_banho,54.0,289.0,1.0,4050.0,40.0,12.0,38.0
0bbdc963004d9b2fd3427ee3c5ae3608,esporte_lazer,31.0,1479.0,3.0,150.0,23.0,7.0,12.0
ae52eeb8383b94455f0a08b1f88ad002,informatica_acessorios,60.0,882.0,1.0,167.0,21.0,13.0,12.0
81ec0756335856bf7e5bd40073652c44,esporte_lazer,60.0,326.0,5.0,600.0,40.0,20.0,20.0
c91fd1bf3e75d3b29370483ffda5eee0,telefonia,60.0,751.0,6.0,350.0,17.0,4.0,12.0
665aa1d687284a4d2d2b74c0c6724625,cama_mesa_banho,60.0,259.0,1.0,1550.0,30.0,5.0,30.0
cf28a2b7bc92809a0574cf07772c88c4,cama_mesa_banho,57.0,58.0,1.0,250.0,20.0,2.0,15.0
c8cfa622661e047ea2499f8bce4731a5,bebes,56.0,628.0,2.0,650.0,24.0,14.0,18.0
5440e1ed49a1153d573b1543dd10d95e,perfumaria,42.0,477.0,2.0,833.0,20.0,12.0,19.0
4f9172df8e9ae60aa90c14fb36afbcbb,instrumentos_musicais,37.0,214.0,1.0,1450.0,31.0,11.0,24.0
3c139df1bbfd2c48c110bc9ca5d8c133,instrumentos_musicais,55.0,814.0,2.0,9050.0,50.0,50.0,50.0
95c40b993a22463c83beb5c51a03d46c,informatica_acessorios,33.0,1084.0,2.0,200.0,41.0,2.0,29.0
002159fe700ed3521f46cfcf6e941c76,fashion_calcados,55.0,344.0,3.0,1850.0,36.0,37.0,16.0
cdd0b7472213e44df3b48e96f8deee74,relogios_presentes,50.0,840.0,2.0,150.0,16.0,2.0,11.0
e8769e00778ec82e2fddf58d7b360a27,beleza_saude,44.0,666.0,1.0,700.0,34.0,9.0,25.0
dd4e0af4984c994583afeb8ac4ae7eb3,construcao_ferramentas_construcao,44.0,1593.0,1.0,200.0,16.0,16.0,16.0
f0bbc1bdaf90ddcab4aa862660dfc6d3,malas_acessorios,60.0,993.0,3.0,650.0,65.0,7.0,11.0
8e49e2b4aaa2a78f82c80d2e488084f6,,,,,1500.0,35.0,33.0,47.0
a896b01f0fb94712f1e92bf9b0ebbe0e,brinquedos,60.0,1067.0,4.0,300.0,17.0,5.0,12.0
8cdb9ebdf8dcdd09f8495eec1851b0ae,utilidades_domesticas,43.0,993.0,1.0,860.0,17.0,24.0,17.0
c58a00c22983c35a40e549564aa0aafa,papelaria,59.0,200.0,3.0,6050.0,60.0,20.0,29.0
35afc973633aaeb6b877ff57b2793310,casa_conforto,56.0,176.0,1.0,1825.0,53.0,10.0,40.0
9091499533100191c6b89d09e43445e8,beleza_saude,51.0,191.0,4.0,50.0,19.0,11.0,23.0
6cc44821f36f3156c782da72dd634e47,cama_mesa_banho,55.0,273.0,1.0,1050.0,38.0,10.0,38.0
05a9dadb8402b6b7ae3dd28f7da187b5,informatica_acessorios,59.0,3314.0,2.0,2950.0,20.0,20.0,20.0
d472a70d40f4f72dfd5f6024cfc89a13,casa_construcao,56.0,780.0,1.0,1167.0,22.0,22.0,22.0
53759a2ecddad2bb87a079a1f1519f73,ferramentas_jardim,58.0,340.0,2.0,1500.0,30.0,22.0,30.0
7f72a8900b3d2fc8fa2635b7836d6e6e,brinquedos,38.0,571.0,1.0,147.0,14.0,10.0,12.0
9fb9a39f2e393018aaeb432394aff48f,livros_interesse_geral,34.0,1151.0,9.0,1950.0,36.0,5.0,23.0
42a2c92a0979a949ca4ea89ec5c7b934,utilidades_domesticas,41.0,799.0,1.0,7000.0,26.0,47.0,27.0
fb55982be901439613a95940feefd9ee,papelaria,52.0,211.0,2.0,7000.0,60.0,20.0,30.0
6c4e8db600904b7200ebf7774c28ae9c,automotivo,58.0,1657.0,3.0,550.0,16.0,21.0,18.0
638882546765f357dc667b5987ceb69d,ferramentas_jardim,41.0,523.0,1.0,1950.0,24.0,24.0,16.0
2624c8b856235b0499572d609ffd0930,moveis_decoracao,63.0,199.0,2.0,1450.0,35.0,12.0,30.0
cb9cc307a215ac435ec87b0f799e8dab,ferramentas_jardim,36.0,1049.0,1.0,5450.0,23.0,7.0,20.0
55b71bf300a2765a382eaec566df531f,esporte_lazer,50.0,2164.0,5.0,3400.0,33.0,25.0,28.0
a9516a079e37a9c9c36b9b78b10169e8,moveis_escritorio,41.0,1141.0,1.0,8683.0,54.0,64.0,31.0
9e10eb05d9f369d5c38c475425cc2ee9,telefonia,30.0,580.0,2.0,100.0,16.0,3.0,11.0
4ef55cfc0052b8c8c9313fd35d00289c,malas_acessorios,47.0,114.0,1.0,700.0,35.0,10.0,34.0
ebf1c13032246ea801765e8cb5417365,casa_construcao,39.0,1190.0,2.0,30000.0,50.0,80.0,50.0
3fedaec688964ccf38949f271a51c888,papelaria,38.0,197.0,3.0,1200.0,40.0,15.0,30.0
e8cbef97b4aa646fb8fa170f0da01b5b,cama_mesa_banho,60.0,146.0,2.0,3000.0,34.0,8.0,41.0
4a1ccd2d546bbea7809a0cf98863eb50,malas_acessorios,43.0,1480.0,5.0,900.0,25.0,50.0,30.0
906b11f3bc3c98f883afa0eb67b0fac7,esporte_lazer,46.0,3362.0,5.0,1200.0,80.0,8.0,15.0
f35927953ed82e19d06ad3aac2f06353,livros_interesse_geral,39.0,724.0,1.0,450.0,20.0,20.0,20.0
d82b7dd1b80c3f47c767cbae71a9b3e3,instrumentos_musicais,42.0,175.0,1.0,350.0,36.0,3.0,11.0
386eebb43722ab502f04f7900bd2451b,beleza_saude,45.0,2231.0,3.0,117.0,15.0,4.0,12.0
1015f4f024ec3cd0f9516a779ece52dd,moveis_decoracao,63.0,418.0,1.0,1100.0,45.0,15.0,35.0
6490b9f63b0b595e1c1402b46b0f50ad,telefonia,24.0,820.0,1.0,300.0,18.0,10.0,13.0
5be51b87d3f543e942bb8299c5bd4423,esporte_lazer,49.0,1416.0,1.0,350.0,16.0,16.0,16.0
b2545dd62c61d45d55ebaa04d1cb1e23,,,,,1475.0,42.0,24.0,31.0
e9cf370eb883adbdcb4b8738057a9d8b,papelaria,54.0,1156.0,1.0,245.0,16.0,9.0,14.0
87aff1d9a5e94db6840c5b963a5cef90,esporte_lazer,59.0,1732.0,5.0,1500.0,40.0,20.0,20.0
fb9e76805845146bdd3dbee717b27979,esporte_lazer,60.0,1351.0,7.0,3850.0,82.0,10.0,22.0
b249cf5fcf68f70e13515489f0fcb627,ferramentas_jardim,35.0,325.0,1.0,1300.0,19.0,33.0,13.0
e779bacfeb19183e094113948eae40e5,relogios_presentes,34.0,94.0,1.0,400.0,22.0,20.0,22.0
5237c554fade603fbb83dcbcdadcdaac,automotivo,58.0,391.0,3.0,1900.0,28.0,36.0,28.0
21a6e49e01d1ee93aadbd8cdf776308f,relogios_presentes,45.0,510.0,1.0,338.0,18.0,11.0,13.0
a12c9204f6f9e90ad1d8ba5571fbfed2,informatica_acessorios,31.0,614.0,2.0,600.0,19.0,13.0,20.0
34dc9ba20762290886d4d94d07a102e3,esporte_lazer,31.0,419.0,2.0,1650.0,30.0,8.0,30.0
905b384ac5667170689505bbf30f1d07,cama_mesa_banho,53.0,504.0,1.0,1600.0,45.0,15.0,30.0
a291cc846d74d97f01611894f983073b,cool_stuff,58.0,478.0,1.0,600.0,22.0,6.0,22.0
85b2e22dc10456c8ce7b81f78ba8624b,cama_mesa_banho,52.0,289.0,1.0,2700.0,35.0,9.0,34.0
bdcb8b4ebca66cd01b512c0044f8258f,informatica_acessorios,46.0,1002.0,2.0,150.0,17.0,4.0,13.0
4bc67f0e0c4badffd66ddb6641122a33,relogios_presentes,59.0,179.0,2.0,200.0,16.0,2.0,11.0
8ebb3f77fca7f2ec3283f8850ac55a15,esporte_lazer,54.0,1040.0,1.0,750.0,46.0,8.0,26.0
28beefcab28e6a3b659bae1bf1cbe453,telefonia,54.0,880.0,2.0,250.0,16.0,12.0,14.0
bca99cf9bf7b0bd7f56c29a6e297f757,perfumaria,24.0,89.0,1.0,80.0,16.0,20.0,17.0
927225847efa8853ebf52c9b5b9b8cc6,bebes,41.0,1050.0,2.0,850.0,29.0,6.0,20.0
a5620dbc470a8e3ec837aaf1bbd48eb8,fashion_calcados,48.0,375.0,6.0,200.0,29.0,7.0,16.0
8ae7db511529da9af9685c9d0375bd82,consoles_games,56.0,1797.0,1.0,1300.0,25.0,30.0,20.0
15b3d4c8373cd64166af5504b49d289d,moveis_decoracao,60.0,856.0,1.0,1400.0,43.0,5.0,30.0
c848bbf7ec73272cce4df7509a71afde,bebidas,27.0,467.0,1.0,1925.0,30.0,29.0,20.0
d3e1006ba3735c0d44160026b6e0ced3,automotivo,53.0,2805.0,3.0,1850.0,19.0,16.0,17.0
0a108ad81c4e2a790649c3f8070f1213,cama_mesa_banho,51.0,532.0,1.0,300.0,16.0,10.0,16.0
4c9c5d9cbd2475b109784b48a70a5c70,relogios_presentes,56.0,572.0,1.0,350.0,18.0,14.0,18.0
462646c1c1495199e63684d79e6e0d1b,papelaria,63.0,920.0,6.0,50.0,16.0,4.0,11.0
2fd89f236e3e8f4b81b7b74f09f40186,brinquedos,22.0,235.0,1.0,150.0,17.0,4.0,13.0
a15b46c05a4d311665eac6750b3e4030,bebes,60.0,848.0,6.0,750.0,50.0,5.0,40.0
a80f456f25c5adc5c42db3a682880367,utilidades_domesticas,57.0,844.0,3.0,9800.0,61.0,31.0,31.0
b6acad95bb80b9f438b3496bfdfd8257,telefonia,44.0,1440.0,4.0,150.0,18.0,6.0,11.0
7273e94a33eb07341d5d86a7b815f901,consoles_games,25.0,361.0,1.0,500.0,16.0,2.0,11.0
ee147042ac9bc25ab2ad108442bbecde,livros_tecnicos,39.0,963.0,1.0,8900.0,30.0,11.0,23.0
dd8ca29b3cd0a856ebeef8ff057c1659,automotivo,53.0,352.0,1.0,200.0,16.0,15.0,15.0
aad225c687cc75ba1148d41f2ce414c2,informatica_acessorios,43.0,390.0,1.0,1300.0,46.0,7.0,12.0
fb7a100ec8c7b34f60cec22b1a9a10e0,brinquedos,58.0,321.0,2.0,150.0,16.0,16.0,16.0
71a5f1c2a5fd9889ef26b5ac22aec9c6,moveis_decoracao,60.0,500.0,3.0,100.0,16.0,3.0,11.0
092be1e8336fc404c57bd5970d056886,alimentos,53.0,869.0,1.0,750.0,16.0,12.0,15.0
3410cbd7df2130ec3cb9300ef0fe3df1,informatica_acessorios,34.0,324.0,1.0,675.0,21.0,13.0,16.0
feb593f17c2f51af2932dbba3e99f1cb,automotivo,50.0,361.0,1.0,50.0,35.0,4.0,26.0
ebb7ccdb2a728a4188759bfa3cbd1fc0,utilidades_domesticas,55.0,900.0,3.0,1300.0,20.0,15.0,20.0
b64f2210138a8d97888314420d066b5e,utilidades_domesticas,59.0,981.0,7.0,1800.0,30.0,6.0,40.0
5f24a2c5fe04fac8072d899fffa77540,utilidades_domesticas,49.0,678.0,1.0,934.0,28.0,27.0,17.0
2636a9812d151c718b53387171ce08be,beleza_saude,52.0,2088.0,1.0,443.0,21.0,13.0,17.0
7088744b00831b410bd17716cb578f39,informatica_acessorios,51.0,311.0,1.0,1013.0,30.0,15.0,16.0
dfec64aac9b864b2807a7be33222b75f,cama_mesa_banho,58.0,252.0,4.0,850.0,38.0,7.0,28.0
3becff10d1deb92b02f2a1ee62a04524,informatica_acessorios,54.0,1520.0,2.0,6150.0,30.0,30.0,20.0
a0b7d5a992ccda646f2d34e418fff5a0,moveis_decoracao,45.0,67.0,2.0,12300.0,40.0,40.0,40.0
