geolocation_zip_code_prefix,geolocation_lat,geolocation_lng,geolocation_city,geolocation_state
1041,-23.5443921648681,-46.63949930627844,sao paulo,SP
1013,-23.546923208436723,-46.6342636964915,sao paulo,SP
1043,-23.546656718016017,-46.64078762115524,são paulo,SP
1050,-23.549773516504185,-46.64559900666509,sao paulo,SP
1007,-23.550392524842728,-46.63730164071784,sao paulo,SP
1033,-23.54032130474925,-46.636394815973325,sao paulo,SP
1026,-23.539494799586286,-46.63284391414975,são paulo,SP
1031,-23.536864121011018,-46.63349313820771,sao paulo,SP
1008,-23.54425493154535,-46.634639135589296,sao paulo,SP
1015,-23.544826346129778,-46.63086956396899,sao paulo,SP
1021,-23.54516769470249,-46.63224867958328,sao paulo,SP
1153,-23.52811869885744,-46.65645154579032,são paulo,SP
1129,-23.5259237463212,-46.642131776011375,sao paulo,SP
1230,-23.532734734664448,-46.654324449073776,sao paulo,SP
1221,-23.54601532944774,-46.64900196003804,sao paulo,SP
1203,-23.537119379681474,-46.64438743865777,sao paulo,SP
1214,-23.53569581346678,-46.64141313885349,sao paulo,SP
1231,-23.5367081559813,-46.6596418411045,sao paulo,SP
1258,-23.54499310130417,-46.685597180824026,sao paulo,SP
1222,-23.547159576461446,-46.64989460560333,são paulo,SP
1228,-23.54839279655493,-46.659018341392965,sao paulo,SP
1224,-23.541718547319537,-46.64883066180968,sao paulo,SP
1218,-23.531544680824037,-46.65066866833055,são paulo,SP
1201,-23.53435725950717,-46.64935629739165,sao paulo,SP
1259,-23.54335652677597,-46.683946373016354,sao paulo,SP
1212,-23.537511255832708,-46.63705730743676,são paulo,SP
1233,-23.540299470713855,-46.66278360519932,sao paulo,SP
1206,-23.535535799324883,-46.64305202830518,sao paulo,SP
1254,-23.54196785483874,-46.68191419135562,são paulo,SP
1225,-23.54064714772717,-46.648251782670506,sao paulo,SP
1252,-23.54173205190716,-46.67710841548848,sao paulo,SP
1333,-23.56356993894623,-46.65184216708981,sao paulo,SP
1314,-23.550271219805023,-46.641530430203645,sao paulo,SP
1331,-23.562327520947598,-46.6503277425703,sao paulo,SP
1307,-23.549360699694148,-46.65412441687346,sao paulo,SP
1306,-23.55433380183505,-46.64967363918865,sao paulo,SP
1319,-23.55156260866176,-46.64021297307979,são paulo,SP
1313,-23.556513287803007,-46.65025319729151,sao paulo,SP
1327,-23.56521929669917,-46.6451517253736,sao paulo,SP
1315,-23.552592988343235,-46.64068338732753,sao paulo,SP
1325,-23.56040415015292,-46.64409070038665,sao paulo,SP
1329,-23.563145744936214,-46.64661879892085,sao paulo,SP
1311,-23.560566359426364,-46.65761042867444,sao paulo,SP
1403,-23.57034735804139,-46.65315099653755,são paulo,SP
1409,-23.5613664276935,-46.657593869005645,sao paulo,SP
1452,-23.56883153079836,-46.69199439364803,sao paulo,SP
1415,-23.551840037191976,-46.65455309547579,sao paulo,SP
1445,-23.568346382739897,-46.68910543089613,sao paulo,SP
1424,-23.56816235942637,-46.66117892867444,sao paulo,SP
1422,-23.55978441771017,-46.6660792610364,sao paulo,SP
1420,-23.56851813765943,-46.65191532569683,sao paulo,SP
1451,-23.583489065785624,-46.68508055092622,sao paulo,SP
1454,-23.582148872612336,-46.68638063183105,sao paulo,SP
1405,-23.566964123780973,-46.65698270719597,sao paulo,SP
1404,-23.56994326977895,-46.657093704685806,sao paulo,SP
1448,-23.57741669608748,-46.67817482139765,sao paulo,SP
1511,-23.555682314184303,-46.63309991286275,sao paulo,SP
1539,-23.573782561198005,-46.62058066708981,sao paulo,SP
1506,-23.56180273327946,-46.63479182904371,são paulo,SP
1541,-23.568722298084143,-46.61880092397124,sao paulo,SP
1545,-23.581373061053768,-46.6178758329102,sao paulo,SP
1522,-23.55916467499565,-46.61546691825843,sao paulo,SP
1508,-23.56014607245072,-46.633346125858445,sao paulo,SP
1551,-23.576649380518187,-46.61216232569684,sao paulo,SP
1527,-23.563144561198005,-46.62658014155458,sao paulo,SP
1524,-23.5670455434244,-46.61611199999999,sao paulo,SP
1512,-23.553644898695826,-46.63261889578163,sao paulo,SP
2035,-23.500395,-46.62233251442673,são paulo,SP
2034,-23.50412273877685,-46.6246075311652,sao paulo,SP
2066,-23.508759080212357,-46.602973042876144,sao paulo,SP
2030,-23.504769581649203,-46.62470303231384,sao paulo,SP
2060,-23.51886128198398,-46.60382280391252,sao paulo,SP
2016,-23.50097763469062,-46.62712333406575,sao paulo,SP
2041,-23.49010232139766,-46.61972998972821,sao paulo,SP
2033,-23.50215379349651,-46.61688101249347,sao paulo,SP
2013,-23.5030857485429,-46.63382294171621,sao paulo,SP
2047,-23.51836389286744,-46.61420872522939,sao paulo,SP
2036,-23.50210750375091,-46.62196127699232,sao paulo,SP
2028,-23.50751845268047,-46.6174707485429,sao paulo,SP
2134,-23.499318080212344,-46.578124372468125,sao paulo,SP
2131,-23.50281070858096,-46.581761933117846,sao paulo,SP
2124,-23.50636475575626,-46.58066375575627,sao paulo,SP
2135,-23.498807971146547,-46.573631134485446,sao paulo,SP
2178,-23.519838404668437,-46.57027290507246,são paulo,SP
2179,-23.51950161226844,-46.567310496104845,sao paulo,SP
2141,-23.489125655104345,-46.57563101727822,são paulo,SP
2223,-23.47872104025041,-46.58108916028048,sao paulo,SP
2235,-23.479438693865774,-46.5790147857349,sao paulo,SP
2274,-23.46824404524207,-46.585030834727874,sao paulo,SP
2265,-23.47651943519532,-46.59554967707312,são paulo,SP
2242,-23.488133029141903,-46.60765995712386,sao paulo,SP
2258,-23.47623536441803,-46.58210664723873,sao paulo,SP
2216,-23.494534007655435,-46.5778358295101,sao paulo,SP
2252,-23.479316999999995,-46.5904340471753,sao paulo,SP
2374,-23.456465580904837,-46.62058099668178,sao paulo,SP
2319,-23.4501707149576,-46.58967746502972,são paulo,SP
2306,-23.45244942270184,-46.60149895934556,sao paulo,SP
2358,-23.446391134052757,-46.609487837497824,sao paulo,SP
2350,-23.459346031363605,-46.60929309103239,sao paulo,SP
2332,-23.486316464337214,-46.62224366625309,sao paulo,SP
2376,-23.458526276992316,-46.62665931349181,sao paulo,SP
2362,-23.638582820562608,-46.60817566849105,sao paulo,SP
2310,-23.4719444074384,-46.59864459256161,sao paulo,SP
2307,-23.48287504884874,-46.60800472883605,sao paulo,SP
2336,-23.48058427061568,-46.61935382292688,são paulo,SP
2442,-23.473211060505506,-46.64329769969416,sao paulo,SP
2401,-23.4860583141843,-46.62819903649949,sao paulo,SP
2461,-23.49353250403937,-46.63842778172417,sao paulo,SP
2418,-23.470718940879472,-46.63127566403139,são paulo,SP
2408,-23.48192669608748,-46.62646540521669,sao paulo,SP
2522,-23.50302551457095,-46.656351,sao paulo,SP
2537,-23.49266694338963,-46.649278230509495,sao paulo,SP
2616,-23.466439467107183,-46.655328676669086,sao paulo,SP
2613,-23.472582799613345,-46.66107383097695,sao paulo,SP
2634,-23.46016520927345,-46.65066418373822,sao paulo,SP
2631,-23.458643298084144,-46.648254625310194,sao paulo,SP
2730,-23.49719557430815,-46.69127457027672,sao paulo,SP
2751,-23.489584790770785,-46.68192027136849,sao paulo,SP
2755,-23.48851771357262,-46.67941015751051,são paulo,SP
2727,-23.496255366639726,-46.68632056549718,sao paulo,SP
2732,-23.49921095031453,-46.69605218497897,sao paulo,SP
2715,-23.503730489324187,-46.676623363725525,são paulo,SP
2756,-23.484468719400997,-46.67913188051818,sao paulo,SP
2874,-23.45599171357261,-46.67717134248949,sao paulo,SP
2842,-23.473527475157265,-46.68753138481736,sao paulo,SP
2878,-23.450662163194657,-46.68685226741304,sao paulo,SP
2859,-23.44337350375091,-46.70672341326679,são paulo,SP
2989,-23.429807053203387,-46.7211738556802,sao paulo,SP
2998,-23.44062768720067,-46.72250811434592,são paulo,SP
2927,-23.497761456575603,-46.70486136663973,são paulo,SP
2993,-23.45481034070669,-46.73550456694172,sao paulo,SP
2972,-23.48029674271453,-46.71122495337295,sao paulo,SP
2963,-23.485755415382435,-46.70221321730524,sao paulo,SP
2916,-23.488245329634296,-46.72037106432417,sao paulo,SP
2955,-23.468440512490595,-46.72068807496815,sao paulo,SP
3088,-23.52731184179699,-46.56137431473256,sao paulo,SP
3012,-23.540667757429706,-46.6155573687172,sao paulo,SP
3025,-23.53489030252754,-46.60945369747245,sao paulo,SP
3029,-23.528716250620374,-46.62026515958797,sao paulo,SP
3071,-23.533721612268447,-46.562341521640086,sao paulo,SP
3057,-23.54257772745109,-46.59338016847479,sao paulo,SP
3066,-23.53685341271851,-46.57627420191585,sao paulo,SP
3077,-23.52926356396796,-46.577290279358245,sao paulo,SP
3041,-23.548576600323223,-46.62070975812218,sao paulo,SP
3059,-23.54279940605341,-46.595165217323526,sao paulo,SP
3062,-23.54268733028447,-46.59453248320733,sao paulo,SP
3058,-23.54006892207484,-46.59345022487023,sao paulo,SP
3087,-23.5300706924808,-46.56414335887811,sao paulo,SP
3069,-23.535964728836067,-46.56487377462638,sao paulo,SP
3001,-23.54138387625104,-46.6140494458142,sao paulo,SP
3040,-23.550723623891194,-46.622536459849165,sao paulo,SP
3031,-23.52833381848348,-46.61941011172019,sao paulo,SP
3068,-23.537588133504503,-46.56824798211082,sao paulo,SP
3005,-23.54310790980433,-46.62647566250217,sao paulo,SP
3017,-23.532447184574945,-46.61401961463438,sao paulo,SP
3165,-23.56190256174625,-46.58015179808413,sao paulo,SP
3111,-23.558072306116813,-46.60586586856825,sao paulo,SP
3134,-23.58540069658577,-46.58427399775607,sao paulo,SP
3124,-23.56786401832186,-46.59242413059029,sao paulo,SP
3132,-23.5829031448728,-46.583914925875824,sao paulo,SP
3191,-23.56910958090484,-46.57235346003806,sao paulo,SP
3167,-23.55487039661836,-46.5943762934965,são paulo,SP
3106,-23.55770667499565,-46.61476439993657,são paulo,SP
3127,-23.57744523619365,-46.58928864723873,sao paulo,SP
3118,-23.560478444630373,-46.59520402553522,sao paulo,SP
3185,-23.56351781487679,-46.584379697472464,sao paulo,SP
3138,-23.58759692255761,-46.58181527338564,sao paulo,SP
3141,-23.590022776821183,-46.57065833812266,sao paulo,SP
3187,-23.566230979700467,-46.58020347785505,sao paulo,SP
3110,-23.55690614709449,-46.60849426977895,sao paulo,SP
3126,-23.58067325143878,-46.591568341608856,sao paulo,SP
3194,-23.56788988703906,-46.57394821510183,são paulo,SP
3227,-23.58368749624909,-46.5697617485429,sao paulo,SP
3275,-23.58620844962204,-46.53589144310119,sao paulo,SP
3236,-23.594918280599003,-46.5541035925616,são paulo,SP
3220,-23.59081788893495,-46.55126574185525,sao paulo,SP
3211,-23.60262394182404,-46.55136429842682,sao paulo,SP
3265,-23.59436349708581,-46.54121411518264,são paulo,SP
3273,-23.57841833611285,-46.5592068753823,sao paulo,SP
3237,-23.59539756425642,-46.55163738273989,são paulo,SP
3256,-23.61068748542905,-46.52897892423104,sao paulo,SP
3204,-23.59798552039933,-46.55547278711988,sao paulo,SP
3287,-23.59519232500434,-46.53381915834724,são paulo,SP
3258,-23.60852444685208,-46.52510118151653,sao paulo,SP
3350,-23.571550619727677,-46.56516911210353,sao paulo,SP
3318,-23.54446292977097,-46.56591579892085,sao paulo,SP
3343,-23.55990858451152,-46.56932063336026,sao paulo,SP
3345,-23.573423597337367,-46.56044110973281,sao paulo,SP
3362,-23.56531328810082,-46.54358417485143,sao paulo,SP
3386,-23.584168436997302,-46.53066136149352,são paulo,SP
3319,-23.543870857060437,-46.55735807729814,sao paulo,SP
3333,-23.556849999163276,-46.56941527477062,são paulo,SP
3303,-23.545741270669254,-46.5926468408794,sao paulo,SP
3384,-23.57884253067112,-46.52280151387845,sao paulo,SP
3361,-23.577327765191324,-46.52552687454557,sao paulo,SP
3334,-23.554597380692613,-46.57370400298258,sao paulo,SP
3320,-23.547285965837776,-46.56940937552652,sao paulo,SP
3331,-23.545478675515763,-46.58524120407659,são paulo,SP
3378,-23.575139177299555,-46.54103782670819,sao paulo,SP
3370,-23.56799537246812,-46.55762524340702,sao paulo,SP
3306,-23.54250072967277,-46.57631077214489,sao paulo,SP
3477,-23.56753031883281,-46.51205478799173,sao paulo,SP
3476,-23.5706181335045,-46.50933181986844,sao paulo,SP
3426,-23.554079433810344,-46.53324185942636,sao paulo,SP
3470,-23.57282057729816,-46.52329640383172,sao paulo,SP
3438,-23.558979719400995,-46.52731571065843,sao paulo,SP
3417,-23.539685940879476,-46.54635608021235,sao paulo,SP
3431,-23.554133203993324,-46.53048959908248,sao paulo,SP
3471,-23.56625832001269,-46.51841724632121,sao paulo,SP
3480,-23.576447493479133,-46.50490442200933,sao paulo,SP
3513,-23.533151950603,-46.52395517943906,sao paulo,SP
3564,-23.53321650340715,-46.50046729003948,sao paulo,SP
3573,-23.56168119891244,-46.50627110555333,sao paulo,SP
3504,-23.53877907744238,-46.53648566833056,sao paulo,SP
3590,-23.54741871135092,-46.48356109478331,sao paulo,SP
3508,-23.532711024698507,-46.5329695022217,sao paulo,SP
3591,-23.54939647495197,-46.479689025048046,sao paulo,SP
3524,-23.546723196779965,-46.51411745697962,sao paulo,SP
3562,-23.54478975206393,-46.495489292925285,são paulo,SP
3567,-23.54324816985976,-46.48879160352587,sao paulo,SP
3553,-23.53310847016561,-46.50637207660568,sao paulo,SP
3542,-23.53108125950717,-46.51791357132556,sao paulo,SP
3565,-23.536157615875126,-46.49417032944774,sao paulo,SP
3520,-23.548840889809025,-46.523309280598994,sao paulo,SP
3550,-23.53056214071786,-46.50599515084539,sao paulo,SP
3569,-23.541941545934563,-46.49095488842404,sao paulo,SP
3574,-23.5541361268394,-46.51105076686476,sao paulo,SP
3685,-23.52377256527157,-46.47524063467857,sao paulo,SP
3669,-23.53270178351319,-46.4896742164868,são paulo,SP
3613,-23.51845531779098,-46.53268368206479,sao paulo,SP
3647,-23.530828892867447,-46.527533900773285,sao paulo,SP
3654,-23.525103133365025,-46.51764616148771,sao paulo,SP
3660,-23.523945619221767,-46.50583600788512,sao paulo,SP
3605,-23.521211518177623,-46.54688421495761,sao paulo,SP
3648,-23.52667505245542,-46.52515952928614,sao paulo,SP
3638,-23.52870986955392,-46.5417239089676,sao paulo,SP
3667,-23.53204714071786,-46.49681439647412,sao paulo,SP
3655,-23.52399579739165,-46.51294318734492,sao paulo,SP
3707,-23.506898050233723,-46.542727702608346,sao paulo,SP
3729,-23.502989210658427,-46.50349976686476,sao paulo,SP
3758,-23.50582462003006,-46.49857239800334,sao paulo,SP
3733,-23.50914521065843,-46.53066228518663,sao paulo,SP
3725,-23.50123246128435,-46.51905848362164,sao paulo,SP
3702,-23.51674732944774,-46.54818243075192,sao paulo,SP
3804,-23.50271592062436,-46.48299647362806,sao paulo,SP
3880,-23.50869470774424,-46.48672956633388,sao paulo,SP
3821,-23.49517247515727,-46.50119464071786,são paulo,SP
3820,-23.49360109019567,-46.50247661157595,sao paulo,SP
3872,-23.512538179294825,-46.50108112461768,sao paulo,SP
3810,-23.49561368443072,-46.46853447890816,sao paulo,SP
3811,-23.49219983458364,-46.483932860811336,sao paulo,SP
3809,-23.489345713572614,-46.47738070858095,sao paulo,SP
3813,-23.48668357540144,-46.46746268716547,sao paulo,SP
3923,-23.590043924475463,-46.51003716796691,sao paulo,SP
3976,-23.61187194393789,-46.49648901373423,são paulo,SP
3910,-23.58452319555432,-46.51460627909786,sao paulo,SP
3929,-23.606332072162274,-46.488808985429046,sao paulo,SP
3937,-23.58790062753188,-46.501829952680446,são paulo,SP
3951,-23.58353292305826,-46.48957476496762,sao paulo,SP
3963,-23.60932765805877,-46.48329014195862,sao paulo,SP
3978,-23.620711028196062,-46.50502035212637,sao paulo,SP
3933,-23.58343069747245,-46.50203424424373,sao paulo,SP
3908,-23.58359782304825,-46.50714769338705,sao paulo,SP
3909,-23.584944887039057,-46.51220406119799,sao paulo,SP
3971,-23.615020791563268,-46.47934165652957,são paulo,SP
3985,-23.6048076880374,-46.51393544532286,sao paulo,SP
4061,-23.625638863725538,-46.644061536499485,sao paulo,SP
4086,-23.61573639078998,-46.6637504454671,sao paulo,SP
4042,-23.602707503462444,-46.64264399999999,sao paulo,SP
4001,-23.57230126005544,-46.65200020136758,sao paulo,SP
4077,-23.607731734116182,-46.65547065070119,sao paulo,SP
4015,-23.58705433389114,-46.64555835443469,sao paulo,SP
4081,-23.607805934502824,-46.66456328559066,sao paulo,SP
4022,-23.593023,-46.646572500000005,sao paulo,SP
4007,-23.57828270774424,-46.65102362378097,sao paulo,SP
4045,-23.61763890592578,-46.6389807441141,sao paulo,SP
4023,-23.59260141454472,-46.64220514451519,sao paulo,SP
4010,-23.58335776464306,-46.637907987794975,sao paulo,SP
4040,-23.59936558006812,-46.64609756924807,sao paulo,SP
4021,-23.59323136164807,-46.6413766239252,sao paulo,SP
4087,-23.609026190856948,-46.65965657991232,sao paulo,SP
4008,-23.581106936724524,-46.65149797183904,são paulo,SP
4057,-23.607917696635734,-46.64731811780836,são paulo,SP
4075,-23.602705281435725,-46.65748758756995,sao paulo,SP
4112,-23.58742684347044,-46.62893070898499,sao paulo,SP
4141,-23.61041811434591,-46.63263307660568,sao paulo,SP
4145,-23.61565055037796,-46.63205088481735,sao paulo,SP
4119,-23.600995072162263,-46.63496187621901,são paulo,SP
4122,-23.603187216486816,-46.62096322009347,sao paulo,SP
4142,-23.611654194010004,-46.63258761587511,sao paulo,SP
4109,-23.57525436105025,-46.6323139083399,sao paulo,SP
4116,-23.590958301142567,-46.629899428674456,sao paulo,SP
4195,-23.657250175378767,-46.61075944811122,sao paulo,SP
4127,-23.6015555656414,-46.63235157799065,sao paulo,SP
4128,-23.602765475237977,-46.63530842279597,sao paulo,SP
4134,-23.60757354815625,-46.62252191756594,sao paulo,SP
4144,-23.617820807663428,-46.63791917277396,sao paulo,SP
4131,-23.605673521784304,-46.618990239800326,sao paulo,SP
4102,-23.59272363197529,-46.6315844403312,sao paulo,SP
4186,-23.65281620260835,-46.59941026824976,sao paulo,SP
4171,-23.632235999999992,-46.61515349999999,sao paulo,SP
4160,-23.62358155176294,-46.61056007369148,sao paulo,SP
4180,-23.63697817262972,-46.597344244243736,sao paulo,SP
4151,-23.620189610046737,-46.62541139884006,sao paulo,SP
4205,-23.58045999999996,-46.60592999999994,são paulo,SP
4244,-23.62637238995326,-46.591222599226704,sao paulo,SP
4243,-23.626269,-46.586534475523,sao paulo,SP
4273,-23.612052666446743,-46.60783466642034,sao paulo,SP
4222,-23.60221982653356,-46.58613386955392,sao paulo,SP
4288,-23.61010867721736,-46.612242581049074,sao paulo,SP
4206,-23.572466571680312,-46.60558007013957,sao paulo,SP
4211,-23.59634089869583,-46.60747216763807,sao paulo,SP
4230,-23.601843679000368,-46.60023440606268,sao paulo,SP
4208,-23.584614569248075,-46.60193214931619,são paulo,SP
4265,-23.58667354731954,-46.61242320483004,são paulo,SP
4248,-23.61411790980433,-46.60034800222169,sao paulo,SP
4363,-23.64684593421437,-46.6660547231519,sao paulo,SP
4302,-23.621426340267785,-46.637372330976966,sao paulo,SP
4343,-23.63633439439665,-46.64885115015292,sao paulo,SP
4323,-23.652963911189307,-46.6406214672514,sao paulo,SP
4360,-23.643335839027035,-46.66315536095557,sao paulo,SP
4361,-23.6442788484621,-46.66304850360666,sao paulo,SP
4367,-23.65250284762537,-46.66809535567546,são paulo,SP
4347,-23.64502698084141,-46.646226916873445,sao paulo,SP
4378,-23.646246311207523,-46.66349868836885,sao paulo,SP
4335,-23.65970422009349,-46.64247430974089,sao paulo,SP
4315,-23.63708703191186,-46.629297581597314,são paulo,SP
4308,-23.65122827692988,-46.639731778343,sao paulo,SP
4458,-23.691255150152926,-46.67608763849617,sao paulo,SP
4474,-23.53092205635057,-46.555643089243375,sao paulo,SP
4438,-23.67774108964741,-46.66864662392521,sao paulo,SP
4476,-23.713052505361883,-46.61991569705063,sao paulo,SP
4403,-23.667843855675457,-46.66038973120199,sao paulo,SP
4401,-23.670706610046736,-46.66108764570951,sao paulo,SP
4428,-23.684752708292493,-46.648860805297495,sao paulo,SP
4456,-23.68326401970684,-46.67979979808413,sao paulo,SP
4421,-23.6928580013246,-46.63964126947597,sao paulo,SP
4455,-23.678985771856432,-46.678985470858095,sao paulo,SP
4416,-23.675481599064906,-46.63836818219174,sao paulo,SP
4445,-23.68080098473656,-46.6840241297536,sao paulo,SP
4433,-23.687268645283744,-46.65942641180989,sao paulo,SP
4461,-23.69289565500035,-46.68021046531817,sao paulo,SP
4571,-23.61202394892955,-46.695471966703145,sao paulo,SP
4533,-23.583507359974625,-46.67732112031853,sao paulo,SP
4563,-23.607743741329536,-46.68867314348783,são paulo,SP
4543,-23.59120154177962,-46.68781889731084,sao paulo,SP
4542,-23.588898319435764,-46.68312877061568,sao paulo,SP
4531,-23.58048969830917,-46.67331443366609,sao paulo,SP
4562,-23.61199319761669,-46.682858755208,sao paulo,SP
4537,-23.594499367187996,-46.67772056203472,sao paulo,SP
4569,-23.6022825745282,-46.69322772967279,são paulo,SP
4509,-23.590774173466443,-46.67100192576026,sao paulo,SP
4536,-23.581393631058717,-46.681081131915015,sao paulo,SP
4513,-23.59748655063776,-46.66648896572221,são paulo,SP
4561,-23.6119461648681,-46.68121078074323,sao paulo,SP
4556,-23.611487777407536,-46.67771426763211,sao paulo,SP
4567,-23.61424927422236,-46.68844105482136,sao paulo,SP
4657,-23.667041652697392,-46.67496025552495,sao paulo,SP
4662,-23.654302322522845,-46.69065605661037,sao paulo,SP
4617,-23.627568018033404,-46.66308094157195,sao paulo,SP
4618,-23.619501000000003,-46.67681249999998,sao paulo,SP
4615,-23.620032660280465,-46.67092443075191,sao paulo,SP
4696,-23.66897161033521,-46.70251155358061,sao paulo,SP
4608,-23.624881025203365,-46.67540980472951,sao paulo,SP
4674,-23.664255516792647,-46.68857909339831,sao paulo,SP
4616,-23.622274456287144,-46.66992842714524,sao paulo,SP
4763,-23.66900465722205,-46.71802455259966,sao paulo,SP
4776,-23.689300411593344,-46.70065806950787,sao paulo,SP
4773,-23.681542547319527,-46.70780575451552,sao paulo,SP
4714,-23.631758958364607,-46.69967548098564,são paulo,SP
4718,-23.632233590339897,-46.70564659325408,sao paulo,SP
4742,-23.650419321945925,-46.69840379822837,são paulo,SP
4726,-23.63580786663679,-46.71209825910773,sao paulo,SP
4739,-23.64445281409649,-46.70007520249481,sao paulo,SP
4738,-23.64061866639731,-46.69656570788847,sao paulo,SP
4771,-23.680608736886143,-46.71141009824576,sao paulo,SP
4746,-23.66072976183469,-46.70779649423597,sao paulo,SP
4782,-23.693985995008337,-46.70188324132953,sao paulo,SP
4761,-23.662593167638065,-46.71798316763807,sao paulo,SP
4880,-23.788251,-46.76573024999998,são paulo,SP
4849,-23.740974,-46.67018849999998,são paulo,SP
4850,-23.746252526227707,-46.677001782820696,são paulo,SP
4844,-23.74981810254469,-46.69876375197105,sao paulo,SP
4809,-23.71992046378896,-46.693208556754605,sao paulo,SP
4805,-23.71535119900167,-46.70368050721337,sao paulo,SP
4857,-23.7836170269202,-46.68314048987244,sao paulo,SP
4820,-23.734658908426308,-46.68685840272085,sao paulo,SP
4811,-23.70965016443733,-46.69257464205786,sao paulo,SP
4858,-23.7731727105142,-46.717809538432725,sao paulo,SP
4823,-23.725829378296496,-46.69231989286743,sao paulo,SP
4854,-23.56810218341981,-46.68548426098767,sao paulo,SP
4840,-23.75343690793141,-46.68440911120355,sao paulo,SP
4949,-23.72079664946044,-46.76943335997462,são paulo,SP
4917,-23.68726696641469,-46.74885508979163,sao paulo,SP
4918,-23.68998492426291,-46.74113023496364,sao paulo,SP
4960,-23.726413791563274,-46.787813649316185,sao paulo,SP
4938,-23.688754983351576,-46.761048796006655,sao paulo,SP
4916,-23.685018180968267,-46.751723177765605,sao paulo,SP
5018,-23.534811000000005,-46.68102,sao paulo,SP
5051,-23.52707749624909,-46.696482,sao paulo,SP
5013,-23.53844953621104,-46.66877617459164,sao paulo,SP
5025,-23.53206184041201,-46.68902834471118,sao paulo,SP
5011,-23.529787260892157,-46.69112833596861,são paulo,SP
5037,-23.513829506520867,-46.689392687344906,são paulo,SP
5017,-23.537309857060443,-46.6787664476888,sao paulo,SP
5015,-23.53152002775692,-46.66820714862372,sao paulo,SP
5060,-23.526613801835047,-46.70649280252754,sao paulo,SP
5092,-23.511502314851025,-46.71448715742552,são paulo,SP
5008,-23.530915571469773,-46.68060941548848,são paulo,SP
5141,-23.49065997530149,-46.7284764394945,sao paulo,SP
5145,-23.506049208479613,-46.71737739541604,sao paulo,SP
5182,-23.448870827370275,-46.74639311365343,sao paulo,SP
5126,-23.50126797890817,-46.73964800083672,sao paulo,SP
5138,-23.485253731057767,-46.73312974854289,são paulo,SP
5185,-23.44697897307979,-46.7472294060534,sao paulo,SP
5101,-23.50403914126612,-46.7311139948641,sao paulo,SP
5181,-23.45543839716661,-46.74349258148175,sao paulo,SP
5128,-23.49375734722135,-46.74053054079866,sao paulo,SP
5127,-23.49599428336896,-46.74245332431184,sao paulo,SP
5119,-23.488074618096828,-46.738052916180976,sao paulo,SP
5203,-23.406404972243077,-46.74298263197527,são paulo,SP
5265,-23.449902150152923,-46.7894070051359,são paulo,SP
5396,-23.57520734776961,-46.77326426839399,sao paulo,SP
5303,-23.526508568411355,-46.731702782676464,sao paulo,SP
5302,-23.532125805701536,-46.725699251889765,sao paulo,SP
5345,-23.550858000000005,-46.74574296003805,sao paulo,SP
5353,-23.55911865889549,-46.75165994171618,sao paulo,SP
5374,-23.581576372468103,-46.760100861792296,sao paulo,SP
5360,-23.56515356374397,-46.74203690618277,são paulo,SP
5344,-23.55437923175025,-46.74577458145309,sao paulo,SP
5352,-23.55460557353736,-46.75819126121707,sao paulo,SP
5335,-23.54685622412373,-46.7545319612685,sao paulo,SP
5382,-23.57336803774024,-46.76341375867046,sao paulo,SP
5351,-23.55810175353457,-46.75729204524208,sao paulo,SP
5387,-23.565432284004267,-46.76565775973874,sao paulo,SP
5362,-23.57226677617729,-46.74167015632205,sao paulo,SP
5428,-23.55998249125743,-46.697973427289455,sao paulo,SP
5409,-23.555476749379626,-46.67548530850014,são paulo,SP
5405,-23.558694767701493,-46.67321481960865,são paulo,SP
5416,-23.555014909804324,-46.69227418471917,sao paulo,SP
5415,-23.563965740492826,-46.68179815445209,são paulo,SP
5424,-23.571257720785987,-46.69633123175024,são paulo,SP
5410,-23.55465034014197,-46.67437133298891,sao paulo,SP
5438,-23.546250681920554,-46.69099640132154,são paulo,SP
5432,-23.551567250620376,-46.69325969149985,são paulo,SP
5455,-23.53689213711117,-46.71311138051819,sao paulo,SP
5577,-23.583555000000004,-46.77799049999999,sao paulo,SP
5588,-23.575745041924048,-46.74085825118136,sao paulo,SP
5595,-23.58085566165113,-46.742443261595774,sao paulo,SP
5596,-23.581213700530878,-46.74534960006341,sao paulo,SP
5587,-23.570940477667424,-46.73152324285876,sao paulo,SP
5541,-23.588181691095816,-46.74083315667377,sao paulo,SP
5537,-23.58374909221269,-46.73472062372479,sao paulo,SP
5523,-23.592829588954924,-46.739791172918174,sao paulo,SP
5530,-23.577073040798663,-46.7199426382077,sao paulo,SP
5581,-23.57324153263301,-46.72474234096028,sao paulo,SP
5503,-23.571084458220376,-46.70899251887011,são paulo,SP
5501,-23.570563118857315,-46.70599888994074,sao paulo,SP
5617,-23.59021834107512,-46.71979531644974,sao paulo,SP
5676,-23.59906476602805,-46.697072825148574,sao paulo,SP
5625,-23.591119945322877,-46.72995539425242,sao paulo,SP
5633,-23.59958030169083,-46.74046628296493,são paulo,SP
5634,-23.608349214265107,-46.73536441534424,sao paulo,SP
5658,-23.604142379681463,-46.72178356134224,sao paulo,SP
5622,-23.60455308964741,-46.72609100389514,são paulo,SP
5684,-23.606085782107137,-46.70428514925532,sao paulo,SP
5741,-23.61182165306711,-46.74705040161001,sao paulo,SP
5724,-23.63073693828196,-46.73651846084102,sao paulo,SP
5734,-23.62615314929649,-46.74691974117254,sao paulo,SP
5767,-23.63133471752179,-46.75945889273972,sao paulo,SP
5763,-23.642000682560305,-46.760385963274885,sao paulo,SP
5754,-23.61935913765944,-46.75424524187779,sao paulo,SP
5711,-23.611497852617035,-46.74395092907849,sao paulo,SP
5729,-23.63329280322003,-46.73784151540766,sao paulo,SP
5791,-23.64976236303304,-46.782368874545575,sao paulo,SP
5797,-23.657046684430707,-46.77487448320736,sao paulo,SP
5712,-23.621218014623533,-46.730938112555634,sao paulo,SP
5727,-23.625590333054426,-46.73905080544173,sao paulo,SP
5730,-23.633964565641403,-46.74107526602805,sao paulo,SP
5789,-23.656650160424697,-46.77635938288413,sao paulo,SP
5772,-23.63772854593455,-46.75823555759132,sao paulo,SP
5731,-23.63933091257429,-46.74136005926474,sao paulo,SP
5857,-23.65656157967509,-46.77925716266672,sao paulo,SP
5882,-23.683086209273448,-46.78696567415893,sao paulo,SP
5847,-23.653066023313517,-46.74602714141034,sao paulo,SP
5835,-23.65313653566277,-46.75922277560735,sao paulo,SP
5813,-23.6563369483522,-46.73044073141923,sao paulo,SP
5805,-23.651355387214583,-46.733743760102726,sao paulo,SP
5886,-23.679010904807125,-46.79185744851908,sao paulo,SP
5856,-23.652995112960937,-46.78211825214959,sao paulo,SP
5849,-23.651114842510157,-46.75521082321932,sao paulo,SP
5879,-23.68640097530149,-46.79388410713256,sao paulo,SP
5890,-23.66734335045476,-46.78750322877922,são paulo,SP
5812,-23.657102948092827,-46.73313710866176,são paulo,SP
6083,-23.5432607129957,-46.7775246695713,osasco,SP
6033,-23.562275627243423,-46.77786620774424,osasco,SP
6045,-23.569732058283808,-46.794309966703146,osasco,SP
6097,-23.528128203061986,-46.77680754732808,osasco,SP
6040,-23.57022881903173,-46.78203873576096,osasco,SP
6018,-23.54001991369947,-46.77765642117263,osasco,SP
6020,-23.53538565178984,-46.76092361691542,osasco,SP
6080,-23.544421691355613,-46.78839877935824,osasco,SP
6060,-23.552456794881493,-46.78012559033992,osasco,SP
6056,-23.565986162357948,-46.78504212655093,osasco,SP
6023,-23.54409619233656,-46.76689678195532,osasco,SP
6160,-23.56267680949066,-46.80937040670384,osasco,SP
6162,-23.55775014393556,-46.80815711799397,osasco,SP
6144,-23.56949384569213,-46.8037303756421,osasco,SP
6154,-23.55920378766813,-46.80348418373821,osasco,SP
6194,-23.52517861143172,-46.80307405995724,osasco,SP
6226,-23.50902539056533,-46.77749182278458,osasco,SP
6233,-23.51236148932418,-46.78486267055226,osasco,SP
6266,-23.48960523619365,-46.79252124522469,osasco,SP
6268,-23.502832083530578,-46.78519421885273,osasco,SP
6270,-23.49708886034903,-46.771496572731024,osasco,SP
6342,-23.58361358776967,-46.82348459106787,carapicuiba,SP
6332,-23.545282500000003,-46.828647,carapicuiba,SP
6365,-23.548007803126943,-46.8485750585056,carapicuiba,SP
6330,-23.55971076646229,-46.8303535073357,carapicuiba,SP
6315,-23.52730267158435,-46.83872492787823,carapicuiba,SP
6341,-23.57241932843741,-46.81653106742156,carapicuiba,SP
6311,-23.5215728152839,-46.8470896586926,carapicuiba,SP
6449,-23.5427504782077,-46.86625768361591,barueri,SP
6472,-23.48430859074361,-46.84897173739372,barueri,SP
6465,-23.507407290616538,-46.84703285302898,barueri,SP
6429,-23.491791912543025,-46.94733309700014,barueri,SP
6445,-23.530168828724,-46.86460277776005,barueri,SP
6434,-23.53558353710553,-46.88310044870239,barueri,SP
6550,-23.4147842109558,-46.9744489453111,pirapora do bom jesus,SP
6540,-23.45999953873564,-46.879733658501294,santana de parnaiba,SP
6541,-23.463713095897067,-46.87010195618704,santana de parnaíba,SP
6543,-23.45958665954217,-46.81783648621917,santana de parnaiba,SP
6544,-23.463669949766263,-46.867870523601965,santana de parnaiba,SP
6519,-23.49413311227142,-46.97080924393411,santana de parnaiba,SP
6515,-23.47612082653356,-46.89640352164008,santana de parnaiba,SP
6528,-23.40706624646544,-46.89669664377628,santana de parnaíba,SP
6506,-23.419753962259747,-46.95925190896761,santana de parnaiba,SP
6624,-23.54491726524064,-46.909179399440994,jandira,SP
6653,-23.547864497191817,-46.92542765190682,itapevi,SP
6663,-23.56337220714669,-46.93710104735605,itapevi,SP
6606,-23.531476079445984,-46.90740942248553,jandira,SP
6696,-23.52675976321213,-46.94317674153119,itapevi,SP
6602,-23.53266349887183,-46.89603986384248,jandira,SP
6630,-23.556253381296266,-46.88908211526454,jandira,SP
6716,-23.60522961818243,-46.90761789965579,cotia,SP
6756,-23.606386840958358,-46.76874080680691,taboao da serra,SP
6730,-23.659233203083232,-46.99692810611056,vargem grande paulista,SP
6705,-23.59181277854835,-46.880646415247824,cotia,SP
6775,-23.638223126839392,-46.801967395781645,taboão da serra,SP
6765,-23.623297507355577,-46.769556898983055,taboao da serra,SP
6704,-23.566410360148463,-46.92207458901101,cotia,SP
6783,-23.629611017485143,-46.78773145475794,taboao da serra,SP
6711,-23.6150603215516,-46.837480828765536,cotia,SP
6713,-23.615928708516527,-46.84997839900814,cotia,SP
6717,-23.6051651312828,-46.92504614654623,cotia,SP
6708,-23.58516238605811,-46.8418149476888,cotia,SP
6780,-23.617823004822213,-46.79358236394467,taboao da serra,SP
6715,-23.60931570674486,-46.8753062213065,cotia,SP
6768,-23.607693000000005,-46.75265774999998,taboao da serra,SP
6753,-23.60435412545441,-46.75198912308847,taboao da serra,SP
6702,-23.580893514570946,-46.924123919095166,cotia,SP
6720,-23.636208457701084,-46.9756788948205,cotia,SP
6795,-23.615066461567263,-46.79855272938433,taboao da serra,SP
6793,-23.619672721933625,-46.81016057837504,taboao da serra,SP
6803,-23.64698286895065,-46.8457050644261,embu das artes,SP
6871,-23.72033746105922,-46.85362208015704,itapecerica da serra,SP
6823,-23.671959474609,-46.80336321397664,embu das artes,SP
6872,-23.732035438802,-46.8566753001616,itapecerica da serra,SP
6816,-23.645106,-46.83806297056964,embu das artes,SP
6853,-23.68913659838998,-46.85084778934157,itapecerica da serra,SP
6900,-23.82852167738724,-46.814795982633896,embu-guacu,SP
7084,-23.453200132516344,-46.484469408993874,guarulhos,SP
7061,-23.451109595620025,-46.55006957063305,guarulhos,SP
7023,-23.478156,-46.5416505,guarulhos,SP
7024,-23.471140526227718,-46.545920847769615,guarulhos,SP
7044,-23.48032754593456,-46.55338010352588,guarulhos,SP
7031,-23.496488565250488,-46.54671310832206,guarulhos,SP
7097,-23.44634995836461,-46.54365549347912,guarulhos,SP
7043,-23.484869015263445,-46.55279727768482,guarulhos,SP
7032,-23.50542926894224,-46.54869177407812,guarulhos,SP
7080,-23.444232506520866,-46.54848453344108,guarulhos,SP
7094,-23.45088569608748,-46.54498377407813,guarulhos,SP
7083,-23.43992670330083,-46.55230394324541,guarulhos,SP
7054,-23.465607904524205,-46.55524175728547,guarulhos,SP
7077,-23.43410150291419,-46.55347243450285,guarulhos,SP
7056,-23.459393645572977,-46.56533488185765,guarulhos,SP
7133,-23.44007914793122,-46.51144923980033,guarulhos,SP
7144,-23.41680789286744,-46.50745327116394,guarulhos,SP
7197,-23.46307610751172,-46.51553610303015,guarulhos,SP
7112,-23.465304114698757,-46.51148732089968,guarulhos,SP
7151,-23.40768214432454,-46.45521436372553,guarulhos,SP
7174,-23.425946339725343,-46.42940633972533,guarulhos,SP
7113,-23.461303138496163,-46.518866387039054,guarulhos,SP
7152,-23.40802531933689,-46.47133305879546,guarulhos,SP
7140,-23.42207596280801,-46.49318406994056,guarulhos,SP
7170,-23.4319484074384,-46.44869453427779,guarulhos,SP
7124,-23.42468549125742,-46.53172199125743,guarulhos,SP
7135,-23.422313378296494,-46.520062240348594,guarulhos,SP
7193,-23.44736411878931,-46.5033182164868,guarulhos,SP
7160,-23.411582298084145,-46.44838156702636,guarulhos,SP
7176,-23.40949927477061,-46.39656594240867,guarulhos,SP
7192,-23.451856155981304,-46.50616235789715,guarulhos,SP
7194,-23.444148887039063,-46.50655197737896,guarulhos,SP
7120,-23.45269640383172,-46.52468869539498,guarulhos,SP
7122,-23.447025555369624,-46.519970678602334,guarulhos,SP
7183,-23.44549010713256,-46.45827561587512,guarulhos,SP
7240,-23.44504860421836,-46.43848654884874,guarulhos,SP
7210,-23.46085206994057,-46.44126771135092,guarulhos,SP
7400,-23.39888374540156,-46.32526700508771,aruja,SP
7411,-23.40112949486411,-46.34138851387846,aruja,SP
7500,-23.313367272379296,-46.23184349266853,santa isabel,SP
7600,-23.323581622627877,-46.571516434161296,mairipora,SP
7700,-23.36233213890305,-46.74058494125767,caieiras,SP
7714,-23.34919431729901,-46.758603833385294,caieiras,SP
7790,-23.406238298215783,-46.84102497498486,cajamar,SP
7810,-23.327944593668764,-46.7649382331396,franco da rocha,SP
7990,-23.27750633679461,-46.73842567413335,francisco morato,SP
8030,-23.49997012461769,-46.42365639286743,sao paulo,SP
8011,-23.496403578683147,-46.44510648389983,são paulo,SP
8041,-23.515379054872383,-46.43703357172863,são paulo,SP
8060,-23.501974767413024,-46.453601609210025,sao paulo,SP
8190,-23.48870639938831,-46.395040133360254,sao paulo,SP
8111,-23.49788624202203,-46.37201669248079,sao paulo,SP
8180,-23.48770416180969,-46.41534043450283,sao paulo,SP
8290,-23.551013388568272,-46.44848890729416,sao paulo,SP
8275,-23.57714001165677,-46.48276229003407,sao paulo,SP
8225,-23.524074769667923,-46.45826882323692,sao paulo,SP
8230,-23.516640708270582,-46.44751393882982,sao paulo,SP
8235,-23.521240524642884,-46.465711907859145,sao paulo,SP
8215,-23.54052887362136,-46.44848419206763,sao paulo,SP
8223,-23.523367358589653,-46.46705568665242,sao paulo,SP
8270,-23.56336298733478,-46.4596838214109,sao paulo,SP
8280,-23.56180201082004,-46.47968149264242,sao paulo,SP
8250,-23.539824031911863,-46.434679443937874,sao paulo,SP
8344,-23.60839853067112,-46.45093488536562,sao paulo,SP
8310,-23.63295667110052,-46.46090903788448,sao paulo,SP
8340,-23.618298375246354,-46.45852502641048,sao paulo,SP
8391,-23.85920023380768,-46.708474228442746,são paulo,SP
8450,-23.539390973628056,-46.40558766694557,sao paulo,SP
8430,-23.53253894532287,-46.42331708021234,são paulo,SP
8411,-23.55512973105776,-46.41553279239999,sao paulo,SP
8420,-23.552100149323145,-46.4452853997018,sao paulo,SP
8421,-23.569179969298748,-46.41940490115958,sao paulo,SP
8451,-23.542061405505155,-46.39838470191586,sao paulo,SP
8452,-23.53930161993744,-46.39311345476973,sao paulo,SP
8485,-23.59677856702638,-46.41115888190316,sao paulo,SP
8431,-23.525436666945577,-46.413071696087485,sao paulo,SP
8577,-23.48262344063541,-46.37448952833195,itaquaquecetuba,SP
8530,-23.535776999999943,-46.37282749999997,ferraz de vasconcelos,SP
8598,-23.464295023583936,-46.32874959104104,itaquaquecetuba,SP
8599,-23.462597421592825,-46.3353165488443,itaquaquecetuba,SP
8505,-23.551383836506066,-46.36863715408518,ferraz de vasconcelos,SP
8550,-23.522975748542905,-46.33702048557326,poá,SP
8597,-23.462031548997665,-46.31061107152333,itaquaquecetuba,SP
8510,-23.55835160395378,-46.36234960033054,ferraz de vasconcelos,SP
8574,-23.5058251445761,-46.36203651019921,itaquaquecetuba,SP
8583,-23.43567309991361,-46.38032799842931,itaquaquecetuba,SP
8593,-23.442644999999946,-46.31869249999997,itaquaquecetuba,SP
8541,-23.52145430890418,-46.37456588259565,ferraz de vasconcelos,SP
8615,-23.54736980354735,-46.30311358926496,suzano,SP
8694,-23.514412877515863,-46.29686985093653,suzano,SP
8674,-23.54981766773588,-46.31698283355356,suzano,SP
8676,-23.552826070523995,-46.3066973449648,suzano,SP
8670,-23.5436033761962,-46.33126001623194,suzano,SP
8673,-23.54646763188849,-46.31743880609893,suzano,SP
8630,-23.654854689614456,-46.32307649308429,suzano,SP
8695,-23.496645618183383,-46.27632104849606,suzano,SP
8655,-23.603799285142266,-46.30881321689727,suzano,SP
8686,-23.534755720078792,-46.28786721968291,suzano,SP
8717,-23.535324166918866,-46.1906669977593,mogi das cruzes,SP
8790,-23.528610738236747,-46.16789925641224,mogi das cruzes,SP
8773,-23.517127104923187,-46.19066721624193,mogi das cruzes,SP
8710,-23.51937483109403,-46.19269037743349,mogi das cruzes,SP
8775,-23.49693002789165,-46.185351975305366,mogi das cruzes,SP
8715,-23.525175467008275,-46.18439180158016,mogi das cruzes,SP
8752,-23.551706513599484,-46.260979398542325,mogi das cruzes,SP
8740,-23.544406046716265,-46.21332645656752,mogi das cruzes,SP
8750,-23.55051256463368,-46.249246969798506,mogi das cruzes,SP
8763,-23.58460518686723,-46.23073102478502,mogi das cruzes,SP
8820,-23.512628393866617,-46.15269778088044,mogi das cruzes,SP
8832,-23.516913648399584,-46.10417245526518,mogi das cruzes,SP
9070,-23.653211574239744,-46.55446338438468,santo andre,SP
9041,-23.666655446303828,-46.53485782638931,santo andre,SP
9090,-23.65198043825374,-46.54095207799065,santo andre,SP
9010,-23.659814137170077,-46.52676210599556,santo andre,SP
9015,-23.665703457960586,-46.51808196779969,santo andre,SP
9020,-23.66033225007211,-46.52820295475792,santo andre,SP
9040,-23.730677044241958,-46.47813835714726,santo andre,SP
9030,-23.670374418102146,-46.525675033179645,santo andré,SP
9111,-23.66721675288362,-46.49913206319721,santo andre,SP
9171,-23.70007597807146,-46.512702481822366,santo andre,SP
9185,-23.685925683045728,-46.530850034133564,santo andre,SP
9182,-23.694369129061094,-46.53028316527214,santo andré,SP
9121,-23.687193239224257,-46.498261391639694,santo andre,SP
9110,-23.668312295314184,-46.50547970468581,santo andre,SP
9130,-23.681251529834388,-46.509166226470136,santo andré,SP
9190,-23.66875959201334,-46.53653409354255,santo andré,SP
9181,-23.687604648912163,-46.526392163742905,santo andre,SP
9230,-23.61571809769749,-46.53118432278263,santo andre,SP
9220,-23.624784000000005,-46.53954225000001,santo andré,SP
9290,-23.64309058728148,-46.51261568180499,santo andre,SP
9210,-23.637285303364266,-46.519363822926856,santo andre,SP
9260,-23.627599742714523,-46.49554835636796,santo andre,SP
9270,-23.63888466388715,-46.49858921994927,santo andre,SP
9291,-23.645729347481154,-46.518892643487824,santo andre,SP
9240,-23.62936402042012,-46.52450728432847,santo andre,SP
9241,-23.634036409637226,-46.5224455154359,santo andre,SP
9350,-23.68011442853022,-46.4524537436668,maua,SP
9351,-23.680906533441068,-46.43319342105705,maua,SP
9330,-23.66203473621403,-46.43295618463559,maua,SP
9371,-23.66930462115525,-46.48159847045406,maua,SP
9360,-23.678798920064235,-46.45947764149177,mauá,SP
9361,-23.705183776848084,-46.45744742091284,maua,SP
9310,-23.67517847547439,-46.44983266763805,maua,SP
9321,-23.64642952510253,-46.433690298084144,maua,SP
9331,-23.6730025405404,-46.41990468550459,maua,SP
9390,-23.65852158573596,-46.45154258453908,maua,SP
9320,-23.656676689970634,-46.44420755410021,mauá,SP
9400,-23.712947685815696,-46.40855396350052,ribeirão pires,SP
9405,-23.70206320161832,-46.40534820551376,ribeirao pires,SP
9416,-23.73407261059953,-46.44241000920845,ribeirao pires,SP
9411,-23.71719840652404,-46.395777768729744,ribeirão pires,SP
9415,-23.75156370006625,-46.44223090761778,ribeirao pires,SP
9434,-23.657379641968312,-46.37402022795534,ribeirao pires,SP
9560,-23.626053031363607,-46.554888478215695,sao caetano do sul,SP
9540,-23.625773999999996,-46.56855299278663,sao caetano do sul,SP
9530,-23.61776447100232,-46.574964586733216,sao caetano do sul,SP
9570,-23.637496609498484,-46.57411344809283,sao caetano do sul,SP
9541,-23.62105546378897,-46.56510050291419,sao caetano do sul,SP
9572,-23.6436479625422,-46.56386065319333,sao caetano do sul,SP
9668,-23.6593305,-46.61609849999999,sao bernardo do campo,SP
9618,-23.66682232944774,-46.56472102827652,sao bernardo do campo,SP
9627,-23.65609467718869,-46.56810262888819,sao bernardo do campo,SP
9619,-23.66594814120814,-46.56326420731818,sao bernardo do campo,SP
9691,-23.66967527586777,-46.588902340056265,sao bernardo do campo,SP
9661,-23.658965580904837,-46.59704298946843,sao bernardo do campo,SP
9601,-23.67195566956539,-46.559180836442245,sao bernardo do campo,SP
9628,-23.66148702746846,-46.56416174311855,sao bernardo do campo,SP
9710,-23.70899726008409,-46.54812620982171,sao bernardo do campo,SP
9791,-23.745424737345683,-46.53027828796294,são bernardo do campo,SP
9780,-23.71688471949829,-46.54199108267673,sao bernardo do campo,SP
9750,-23.688917125468198,-46.552552123595405,sao bernardo do campo,SP
9751,-23.693028139881143,-46.54695362280001,sao bernardo do campo,SP
9715,-23.71457923606073,-46.54581156219319,são bernardo do campo,SP
9771,-23.707328035575863,-46.53661757455686,sao bernardo do campo,SP
9720,-23.71933860892157,-46.5517479343586,sao bernardo do campo,SP
9725,-23.699353075768943,-46.5600310818858,sao bernardo do campo,SP
9785,-23.71117841564154,-46.52905344796408,sao bernardo do campo,SP
9783,-23.72591113036746,-46.52684048073672,sao bernardo do campo,SP
9861,-23.695889045942334,-46.58174395098847,sao bernardo do campo,SP
9811,-23.72527983484343,-46.55702673772287,sao bernardo do campo,SP
9850,-23.724134173502662,-46.57554561519289,sao bernardo do campo,SP
9821,-23.754591275422783,-46.554812236171614,sao bernardo do campo,SP
9810,-23.723129438830654,-46.557639356367936,sao bernardo do campo,SP
9812,-23.724048365774344,-46.57360861668318,sao bernardo do campo,SP
9852,-23.734683000000004,-46.5836445,sao bernardo do campo,SP
9891,-23.687603634456785,-46.568897601996674,sao bernardo do campo,SP
9841,-23.74799125451551,-46.57760896225976,sao bernardo do campo,SP
9843,-23.77796700043484,-46.60196970048699,sao bernardo do campo,SP
9846,-23.75691837754082,-46.60261757870602,sao bernardo do campo,SP
9961,-23.716539426075457,-46.60164008391423,diadema,SP
9941,-23.676081379969936,-46.60577024158935,diadema,SP
9912,-23.687830870996216,-46.61065511474994,diadema,SP
9950,-23.684721443793656,-46.58409388868383,diadema,SP
9951,-23.69007059755325,-46.59995236023442,diadema,SP
9921,-23.68126777542048,-46.612177805125086,diadema,SP
9952,-23.69203911516186,-46.598344869217904,diadema,SP
11045,-23.96112504302036,-46.32316061267247,santos,SP
11020,-23.962449666397312,-46.31498829170751,santos,SP
11065,-23.9678895545329,-46.34412123980033,santos,SP
11070,-23.961812938897538,-46.34427982528125,santos,SP
11030,-23.981964066882146,-46.31003955926474,santos,SP
11040,-23.97025376741302,-46.31830300014421,santos,SP
11060,-23.967052416613654,-46.33691592783774,santos,SP
11035,-23.976779752697844,-46.302225428386,santos,SP
11010,-23.93465945090488,-46.331065142884974,santos,SP
11095,-23.926204437438788,-46.37268016740089,santos,SP
11080,-23.939877339083907,-46.34736558110254,santos,SP
11250,-23.82834010075353,-46.1430173832652,bertioga,SP
11360,-23.94088407026239,-46.39535499629063,sao vicente,SP
11320,-23.97242519856393,-46.371264531333615,sao vicente,SP
11432,-23.9868178398992,-46.2684461778621,guaruja,SP
11420,-24.014614278217262,-46.274569798459225,guaruja,SP
11450,-23.939318620030072,-46.30539278864907,guaruja,SP
11431,-23.99777832361936,-46.2767638411045,guaruja,SP
11441,-23.976634505135888,-46.22712170566676,guarujá,SP
11446,-23.940592627531885,-46.18049042714523,guaruja,SP
11533,-23.925988916770564,-46.40841448983772,cubatao,SP
11542,-23.9125005,-46.4629455,cubatao,SP
11520,-23.90043313112842,-46.423940795026745,cubatao,SP
11680,-23.43162669109582,-45.07722870122336,ubatuba,SP
11630,-23.83182304604652,-45.37368542232557,ilhabela,SP
11600,-23.753948510964275,-45.41325199417162,sao sebastiao,SP
11667,-23.679118232222425,-45.43501375902471,caraguatatuba,SP
11665,-23.64498629682881,-45.42645011145103,caraguatatuba,SP
11673,-23.6376693781232,-45.440386507791175,caraguatatuba,SP
11730,-24.11716945934433,-46.701075415691164,mongagua,SP
11740,-24.149651009642906,-46.7480979001278,itanhaem,SP
11701,-24.011288218359883,-46.41873374429398,praia grande,SP
11702,-24.01704140383171,-46.44291733028447,praia grande,SP
11750,-24.30942886354128,-46.991091315656,peruibe,SP
11704,-24.026786758814687,-46.49304889148245,praia grande,SP
11720,-24.005678375238077,-46.45598089924407,praia grande,SP
11930,-24.72923631512427,-47.8751448746274,pariquera-acu,SP
11900,-24.49203032806276,-47.83413137913321,registro,SP
11990,-25.011812317282136,-47.930451004516165,cananéia,SP
12020,-23.022733959878504,-45.55651892606318,taubate,SP
12041,-23.02953434000798,-45.5778979314444,taubaté,SP
12120,-22.96042599570272,-45.55027479123935,tremembe,SP
12236,-23.24656095920133,-45.89750073411618,são josé dos campos,SP
12243,-23.201781118789317,-45.89567007799064,sao jose dos campos,SP
12230,-23.221431461827063,-45.888163895493165,sao jose dos campos,SP
12246,-23.221587583126546,-45.90665169219235,sao jose dos campos,SP
12223,-23.177101169859764,-45.81776014738297,sao jose dos campos,SP
12242,-23.199958288100813,-45.90849172981701,sao jose dos campos,SP
12284,-23.11125490674591,-45.70176767124474,cacapava,SP
12280,-23.098284219545235,-45.70330750943507,cacapava,SP
12216,-23.201181199001663,-45.88358210352587,sao jose dos campos,SP
12226,-23.21370730659085,-45.80156830474517,sao jose dos campos,SP
12215,-23.18093790397594,-45.86936250721335,sao jose dos campos,SP
12232,-23.27507448002016,-45.889107474000994,sao jose dos campos,SP
12231,-23.215086943101173,-45.88965270330085,sao jose dos campos,SP
12209,-23.178732139332883,-45.88971125520799,são josé dos campos,SP
12238,-23.263785424892976,-45.91583795162459,são josé dos campos,SP
12247,-23.26576982024265,-45.912724345959454,sao jose dos campos,SP
12233,-23.23724961587513,-45.88082955926476,sao jose dos campos,SP
12286,-23.110653666945577,-45.71729604454958,cacapava,SP
12282,-23.105272201223368,-45.6969888388828,cacapava,SP
12297,-23.088769333891143,-45.68971884485543,cacapava,SP
12288,-23.09500364408646,-45.71081593229389,caçapava,SP
12328,-23.28798077892242,-45.9570349350898,jacarei,SP
12327,-23.29818595956356,-45.974828011182304,jacarei,SP
12320,-23.31192262669516,-45.97728873160601,jacarei,SP
12308,-23.30139631473257,-45.96172658840667,jacarei,SP
12324,-23.31311508964741,-46.0026232857349,jacarei,SP
12312,-23.303587327226044,-45.92931482292686,jacarei,SP
12329,-23.29535980766344,-45.937806673610666,jacarei,SP
12446,-22.88888864399442,-45.36419384790422,pindamonhangaba,SP
12411,-22.932821929423746,-45.44848162439036,pindamonhangaba,SP
12414,-22.947077373511533,-45.40828743495752,pindamonhangaba,SP
12420,-22.945064470526344,-45.46371952947366,pindamonhangaba,SP
12405,-22.92373230073036,-45.44167505845967,pindamonhangaba,SP
12514,-22.793294840815463,-45.19745881614868,guaratinguetá,SP
12510,-22.79615651556581,-45.2089052377769,guaratingueta,SP
12630,-22.66402169969416,-45.00665755897629,cachoeira paulista,SP
12605,-22.75162984425566,-45.08964193252266,lorena,SP
12701,-22.577927804605014,-44.95825089647411,cruzeiro,SP
12940,-23.112774381969185,-46.5488845105504,atibaia,SP
12900,-22.95669060421837,-46.54087248750651,braganca paulista,SP
12954,-23.098863635889412,-46.54789512763439,atibaia,SP
12942,-23.120273860118864,-46.56362790244673,atibaia,SP
12929,-22.946012455450425,-46.52383551318598,braganca paulista,SP
12913,-22.95750491772243,-46.52488623678449,braganca paulista,SP
12908,-22.934583000000003,-46.54834199999999,braganca paulista,SP
12948,-23.22017151832604,-46.59456789751276,atibaia,SP
12952,-23.14492333670709,-46.539830386938746,atibaia,SP
12919,-22.970773875382307,-46.54923643658029,braganca paulista,SP
12924,-23.01778836599993,-46.52244499999995,braganca paulista,SP
12953,-23.09537257517733,-46.6002934902457,atibaia,SP
13023,-22.898536428530225,-47.063125168330544,campinas,SP
13070,-22.895876357204664,-47.0791850342778,campinas,SP
13045,-22.92841942957608,-47.03706900304376,campinas,SP
13091,-22.86623673772286,-47.02516561962605,campinas,SP
13035,-22.9099533208494,-47.08185090507247,campinas,SP
13041,-22.917053295025724,-47.061757854838746,campinas,SP
13087,-22.85275770752771,-47.05510214136723,campinas,SP
13092,-22.88929691756595,-47.02178184540367,campinas,SP
13015,-22.90124134639356,-47.05512845102415,campinas,SP
13067,-22.854651104564187,-47.160697766786136,campinas,SP
13025,-22.903434628368608,-47.05276681724273,campinas,SP
13058,-22.950289907294163,-47.182224818627695,campinas,SP
13044,-22.95282064788205,-47.02865383550558,campinas,SP
13059,-22.946206445520712,-47.13505192996653,campinas,SP
13040,-22.926904742714527,-47.067241683593984,campinas,SP
13024,-22.889641421316863,-47.05668446918465,campinas,SP
13030,-22.92991227115403,-47.07189552530681,campinas,SP
13088,-22.8475181626464,-47.03552279669915,campinas,SP
13050,-22.93221846205146,-47.096790459495125,campinas,SP
13043,-22.933200411915568,-47.04106490766075,campinas,SP
13082,-22.829166690333924,-47.09886947241718,campinas,SP
13080,-22.850658848462096,-47.071669269086456,campinas,SP
13098,-22.820080499999992,-47.03556149999999,campinas,SP
13060,-22.943830511384977,-47.11233196480047,campinas,SP
13056,-22.98722237101393,-47.151072819246686,campinas,SP
13026,-22.913757387731557,-47.045573963500495,campinas,SP
13053,-23.042523405216706,-47.13296873550117,campinas,SP
13013,-22.91123520843672,-47.05819755314793,campinas,SP
13054,-22.98752993345535,-47.11656504772553,campinas,SP
13076,-22.88255076242137,-47.04691965736627,campinas,SP
13083,-22.805125239800333,-47.07162026686478,campinas,SP
13068,-22.865111251236048,-47.15255915401864,campinas,SP
13063,-22.89809240895431,-47.1053676157896,campinas,SP
13049,-22.968689563239053,-47.0735568816794,campinas,SP
13160,-22.559120480675748,-47.16516839542564,artur nogueira,SP
13186,-22.887514996879027,-47.19573904628551,hortolandia,SP
13178,-22.800362898695823,-47.21833340077328,sumare,SP
13157,-22.63269209289212,-47.20099171014733,cosmopolis,SP
13150,-22.630409321010436,-47.20184824565054,cosmopolis,SP
13185,-22.904356478404523,-47.1755015158131,hortolândia,SP
13105,-22.89082402420255,-46.9816531677612,campinas,SP
13170,-22.828654864562257,-47.267296160568925,sumare,SP
13145,-22.73306060560335,-47.17829082930352,paulínia,SP
13171,-22.83415780460501,-47.27774968734491,sumare,SP
13180,-22.81344361844933,-47.17188935591158,sumare,SP
13188,-22.894244007858305,-47.23358323658409,hortolândia,SP
13177,-22.813951149316207,-47.22434086940969,sumare,SP
13183,-22.84130864526152,-47.21940877608377,hortolandia,SP
13173,-22.79157326172888,-47.283156581597325,sumare,SP
13175,-22.811418577663336,-47.24177202124911,sumare,SP
13165,-22.487091860243755,-47.21575974696741,engenheiro coelho,SP
13101,-22.90081444463038,-46.99864279239999,campinas,SP
13189,-22.867252818816223,-47.23172936395768,hortolandia,SP
13253,-22.993820438600167,-46.81014454759541,itatiba,SP
13283,-23.01011064782791,-46.98368633960173,vinhedo,SP
13208,-23.190172576172973,-46.891633311270105,jundiai,SP
13280,-23.035339717467757,-46.97157885039535,vinhedo,SP
13212,-23.151712385018914,-46.97128780668247,jundiai,SP
13290,-23.08412527710581,-46.98121307089687,louveira,SP
13270,-22.976619071841363,-47.01071509319301,valinhos,SP
13207,-23.1954527149576,-46.885125855675454,jundiai,SP
13219,-23.187084388467,-46.8516474016882,jundiai,SP
13211,-23.179889672043977,-46.928510109318665,jundiai,SP
13272,-22.94509412337182,-46.99793671529901,valinhos,SP
13206,-23.211714582578274,-46.8753760355472,jundiaí,SP
13273,-22.946686728177077,-46.9746763873937,valinhos,SP
13225,-23.221738357943583,-46.8463421029226,varzea paulista,SP
13257,-22.995677703232374,-46.857106243157794,itatiba,SP
13232,-23.20706431353269,-46.760735214610754,campo limpo paulista,SP
13214,-23.148804478137823,-46.92948882832884,jundiaí,SP
13295,-23.15915219401001,-47.05820782584106,itupeva,SP
13201,-23.192759454717024,-46.87833704570238,jundiai,SP
13278,-23.00828704369726,-47.00919837209965,valinhos,SP
13223,-23.214642313163168,-46.80396377210217,varzea paulista,SP
13252,-22.962507150351165,-46.79794228444784,itatiba,SP
13224,-23.2256361212416,-46.8352505773309,várzea paulista,SP
13220,-23.21556855333337,-46.8459750798889,várzea paulista,SP
13250,-23.005474434298936,-46.84112811740003,itatiba,SP
13347,-23.141554810215275,-47.23811647179686,indaiatuba,SP
13360,-23.0122137105142,-47.52203973160603,capivari,SP
13310,-23.27791979536116,-47.29777730942436,itu,SP
13380,-22.779754253242903,-47.295758177052605,nova odessa,SP
13346,-23.1144961851232,-47.22977576894223,indaiatuba,SP
13330,-23.089034640573622,-47.21441923786709,indaiatuba,SP
13304,-23.277113936724533,-47.27658838802001,itu,SP
13315,-23.299821440186975,-47.13776212614689,cabreuva,SP
13339,-23.09232014212125,-47.19741214338984,indaiatuba,SP
13322,-23.194155763010308,-47.26601382366275,salto,SP
13327,-23.175880576172972,-47.31592004954123,salto,SP
13324,-23.20591698084141,-47.307845865803,salto,SP
13301,-23.25803550268717,-47.29417635508712,itu,SP
13320,-23.198860047870664,-47.29334560811024,salto,SP
13305,-23.28289182896337,-47.25198334700922,itu,SP
13311,-23.26608248211083,-47.31279244463039,itu,SP
13382,-22.802054627807152,-47.30784990256127,nova odessa,SP
13340,-23.10225337735851,-47.182096252041575,indaiatuba,SP
13321,-23.190243653067117,-47.291570633360266,salto,SP
13312,-23.25718023729017,-47.35604676504709,itu,SP
13375,-22.9294881423121,-47.56826980444118,mombuca,SP
13328,-23.184582414451015,-47.328649797768485,salto,SP
13468,-22.75357308071264,-47.3394119839509,americana,SP
13416,-22.715110444918835,-47.645625352213,piracicaba,SP
13450,-22.760477687572443,-47.41281121951772,santa bárbara d'oeste,SP
13419,-22.726257875353635,-47.63781138952056,piracicaba,SP
13453,-22.73579256527013,-47.41089508396748,santa barbara d'oeste,SP
13411,-22.671447720100478,-47.68291776300415,piracicaba,SP
13454,-22.744969047625496,-47.37914712056189,santa barbara d'oeste,SP
13467,-22.78001467637804,-47.3518002860981,americana,SP
13480,-22.564590914795996,-47.40315315223038,limeira,SP
13401,-22.75658158673322,-47.6511707514571,piracicaba,SP
13481,-22.599254430886607,-47.37980963550319,limeira,SP
13473,-22.72893170107914,-47.301322143632056,americana,SP
13403,-22.727374795169958,-47.67061025477531,piracicaba,SP
13409,-22.677209288360626,-47.71180937705575,piracicaba,SP
13484,-22.541719708891844,-47.427681190013296,limeira,SP
13418,-22.72880404359728,-47.63173831975289,piracicaba,SP
13405,-22.71683928585045,-47.65736585405934,piracicaba,SP
13420,-22.74098779744896,-47.60706025967849,piracicaba,SP
13471,-22.722145470713865,-47.33535052553523,americana,SP
13457,-22.768743804807222,-47.395682479228896,santa bárbara d'oeste,SP
13490,-22.47209221623169,-47.459789454545096,cordeiropolis,SP
13456,-22.75967282783305,-47.364736674563375,santa barbara d'oeste,SP
13460,-22.778060459662225,-47.28202389849666,nova odessa,SP
13483,-22.56835042131686,-47.44743947974489,limeira,SP
13495,-22.59026385142432,-47.51988929812747,iracemápolis,SP
13408,-22.67126597723474,-47.69675782988044,piracicaba,SP
13486,-22.568907864569766,-47.37619564683011,limeira,SP
13466,-22.752315072998982,-47.32371492368279,americana,SP
13478,-22.737278419931872,-47.31266995989381,americana,SP
13406,-22.68073272144369,-47.70099050140135,piracicaba,SP
13432,-22.676453803284016,-47.770112916082496,piracicaba,SP
13560,-22.01139055955482,-47.886487092764376,sao carlos,SP
13502,-22.4294776769289,-47.58848653828849,rio claro,SP
13505,-22.392256145058425,-47.55944968375016,rio claro,SP
13506,-22.41279106394308,-47.55498970959049,rio claro,SP
13569,-22.01401696225976,-47.87496317485142,sao carlos,SP
13504,-22.38438072912452,-47.586364840844695,rio claro,SP
13503,-22.404280214539902,-47.57843446971193,rio claro,SP
13570,-22.031991221156915,-47.87613457059884,sao carlos,SP
13565,-21.969376473950696,-47.89086773875321,sao carlos,SP
13566,-22.00055438718329,-47.88585695697964,sao carlos,SP
13575,-22.03342996672426,-47.91371971353119,sao carlos,SP
13568,-22.016967296150906,-47.85171546211552,sao carlos,SP
13501,-22.43774874385965,-47.5583294377924,rio claro,SP
13520,-22.5567717701264,-47.91123662245614,sao pedro,SP
13601,-22.363302142939556,-47.38673630322003,araras,SP
13631,-22.002685611188895,-47.42592206193028,pirassununga,SP
13660,-21.858555070695942,-47.48403458197557,porto ferreira,SP
13630,-22.00660589921609,-47.42763984666532,pirassununga,SP
13603,-22.357155798358097,-47.4052921218512,araras,SP
13611,-22.20297400925932,-47.38019840185567,leme,SP
13720,-21.592175195884263,-46.89389599036144,são josé do rio pardo,SP
13760,-21.472572344386293,-46.74795423526378,tapiratiba,SP
13715,-21.737799874375423,-46.96780519384342,itobi,SP
13820,-22.689712550377955,-46.98249303136359,jaguariuna,SP
13880,-21.83948265963376,-46.88952885213608,vargem grande do sul,SP
13844,-22.382941116125448,-46.94664125419024,mogi-guacu,SP
13843,-22.3970091627978,-46.94545202732525,mogi guaçu,SP
13800,-22.438121280598992,-46.973524736049406,mogi mirim,SP
13870,-21.97841480270819,-46.79561480625737,sao joao da boa vista,SP
13825,-22.61429565168213,-47.06761188787577,holambra,SP
13835,-22.338621,-47.17603125,conchal,SP
13874,-21.96762672836732,-46.787603701128894,sao joao da boa vista,SP
13806,-22.410052544109128,-46.97276509151268,mogi mirim,SP
13846,-22.33932197651208,-46.954460413369226,mogi guaçu,SP
13890,-21.936065315045536,-46.716360855959365,aguas da prata,SP
13908,-22.72282092806635,-46.84179829244856,amparo,SP
13960,-22.59496246184797,-46.521509282521215,socorro,SP
13950,-22.523688000000003,-46.64738025,lindoia,SP
13940,-22.47745636162787,-46.63246689302295,aguas de lindoia,SP
13905,-22.712172829880437,-46.78936475062037,amparo,SP
13920,-22.73824150585765,-46.8958585777586,pedreira,SP
13930,-22.596440207291085,-46.71196868822353,serra negra,SP
13974,-22.441689885911977,-46.8296843558603,itapira,SP
14075,-21.152969235356927,-47.77227625506376,ribeirao preto,SP
14020,-21.210104711049134,-47.80139005429387,ribeirao preto,SP
14050,-21.17121748495008,-47.81941847157649,ribeirao preto,SP
14095,-21.188764942887172,-47.76987064730896,ribeirao preto,SP
14085,-21.16850440882337,-47.79370519233655,ribeirao preto,SP
14021,-21.21227916180968,-47.78815176242136,ribeirao preto,SP
14096,-21.197994153181128,-47.779317275572765,ribeirao preto,SP
14090,-21.1774515925616,-47.79583295337295,ribeirao preto,SP
14094,-21.194323097917405,-47.74678872433223,ribeirão preto,SP
14055,-21.1575781634253,-47.81743621509692,ribeirao preto,SP
14079,-21.15613133316094,-47.74568764755373,ribeirao preto,SP
14091,-21.1894024299152,-47.79295570344507,ribeirao preto,SP
14031,-21.20034933166944,-47.83509389217496,ribeirao preto,SP
14070,-21.116471333054424,-47.79073400291418,ribeirao preto,SP
14071,-21.113868434125944,-47.79592700590096,ribeirao preto,SP
14092,-21.174925033585303,-47.7686162776848,ribeirao preto,SP
14166,-21.12954989370417,-47.97764683028446,sertaozinho,SP
14160,-21.13146388576363,-47.9959677574636,sertaozinho,SP
14177,-21.12270565823476,-48.0135887254543,sertaozinho,SP
14110,-21.185944576067463,-47.81498292186677,bonfim paulista,SP
14115,-21.49530743377723,-48.03684008452243,guatapará,SP
14120,-21.2389749988545,-47.97126109666656,dumont,SP
14230,-21.31363348956331,-47.56361877243968,serra azul,SP
14312,-20.916468353698388,-47.574216767527176,batatais,SP
14315,-20.90094932674236,-47.58906832178506,batatais,SP
14400,-20.53193450696372,-47.399446711253766,franca,SP
14407,-20.50234199999999,-47.4215895,franca,SP
14405,-20.506793628480604,-47.40773763671002,franca,SP
14403,-20.54822779974972,-47.395897060007975,franca,SP
14406,-20.531151999894856,-47.43366787318517,franca,SP
14401,-20.530671079410943,-47.39851931627846,franca,SP
14580,-20.43399042630061,-47.81416224047547,guara,SP
14610,-20.43102420974765,-48.01701483913844,ipua,SP
14600,-20.581177442701478,-47.858931261277824,sao joaquim da barra,SP
14640,-20.73906887829901,-48.06389922635336,morro agudo,SP
14680,-21.026562514440094,-47.78329414537015,jardinopolis,SP
14783,-20.57622133702129,-48.57792225353819,barretos,SP
14780,-20.55352180460502,-48.57715926810552,barretos,SP
14706,-20.944302152674616,-48.50429911235303,bebedouro,SP
14708,-20.92906365156043,-48.49522308128064,bebedouro,SP
14709,-20.928623885001464,-48.49299639722605,bebedouro,SP
14781,-20.5342210194687,-48.56356843130872,barretos,SP
14750,-21.010986295708047,-48.20869881125268,pitangueiras,SP
14801,-21.787360438801997,-48.19339828795659,araraquara,SP
14870,-21.253339982915808,-48.32841354256132,jaboticabal,SP
14802,-21.760806096824155,-48.17228519205648,araraquara,SP
14882,-21.250592999999995,-48.31762049999999,jaboticabal,SP
14811,-21.782297483207348,-48.14919211601936,araraquara,SP
14808,-21.812698026371937,-48.15183966694556,araraquara,SP
14800,-21.80811877629983,-48.17662302746847,araraquara,SP
14840,-21.36235769739203,-48.232975701561735,guariba,SP
14850,-21.36757068180344,-48.06270442872158,pradopolis,SP
14940,-21.7664768468313,-48.83154737836604,ibitinga,SP
14960,-21.46284342229134,-49.21918836311204,novo horizonte,SP
14910,-21.72886646318172,-48.68881488220222,tabatinga,SP
15041,-20.796222017784032,-49.42402036205527,sao jose do rio preto,SP
15015,-20.81842802837701,-49.39248776604019,sao jose do rio preto,SP
15025,-20.80243626346376,-49.39562406741489,sao jose do rio preto,SP
15085,-20.83841198142741,-49.38082796951136,sao jose do rio preto,SP
15053,-20.776666890782614,-49.36287357278835,sao jose do rio preto,SP
15076,-20.830232611066197,-49.35777544399851,sao jose do rio preto,SP
15046,-20.77693393507797,-49.38713234157808,sao jose do rio preto,SP
15014,-20.81734497064537,-49.38133679126948,sao jose do rio preto,SP
15062,-20.832391979671076,-49.33780073339066,sao jose do rio preto,SP
15081,-20.84380119949777,-49.36891118527178,são josé do rio preto,SP
15070,-20.8170171874536,-49.36425413438004,sao jose do rio preto,SP
15030,-20.79075839726487,-49.38146791931792,sao jose do rio preto,SP
15040,-20.799911489122422,-49.41898406325502,são josé do rio preto,SP
15086,-20.84877053899188,-49.38347792409516,sao jose do rio preto,SP
15130,-20.806068345905757,-49.50314249273567,mirassol,SP
15150,-20.7679005843988,-49.71138311138122,monte aprazível,SP
15170,-20.619786901756022,-49.64820320291271,tanabi,SP
15155,-20.889600826708687,-49.57165655226015,jaci,SP
15350,-20.68604093423175,-50.55347736946949,auriflama,SP
15501,-20.433488753848312,-49.97851439170862,votuporanga,SP
15502,-20.405604560394835,-49.99195266803888,votuporanga,SP
15600,-20.28599742780295,-50.26063395418952,fernandopolis,SP
15601,-20.29811259961654,-50.25331663457617,fernandopolis,SP
15685,-20.00472845531312,-50.36990917648097,ouroeste,SP
15603,-20.284016680741093,-50.24642128435183,fernandopolis,SP
15707,-20.24226074796197,-50.5585532898521,jales,SP
15704,-20.27939929861524,-50.5535315563023,jales,SP
15773,-20.38868099999999,-50.94843585982183,nova canaa paulista,SP
15810,-21.162702972351784,-48.97639517069088,catanduva,SP
15950,-21.24607941923738,-48.80412605259864,santa adelia,SP
16072,-21.204108401787465,-50.45286394468003,aracatuba,SP
16021,-21.22597638634657,-50.459834200386645,aracatuba,SP
16010,-21.21285039439666,-50.44858920843672,aracatuba,SP
16057,-21.167685565641403,-50.44867684041202,araçatuba,SP
16025,-21.211056293204475,-50.46139197317208,araçatuba,SP
16012,-21.21832154593456,-50.400362346932894,araçatuba,SP
16200,-21.301705697260985,-50.33198634467411,birigui,SP
16250,-21.557737960564367,-50.43903580013244,clementina,SP
16260,-21.35244293102535,-50.28482297686622,coroados,SP
16306,-21.412735682401664,-50.0932985636057,penapolis,SP
16370,-21.533430937082915,-49.85453805246805,promissao,SP
16301,-21.426570046543283,-50.06791761043272,penapolis,SP
16304,-21.442124375537592,-50.07351408965658,penapolis,SP
16403,-21.697048432542783,-49.746439248588445,lins,SP
16430,-21.619351760298564,-49.79754957760015,guaicara,SP
16450,-21.797908200846816,-49.93740098314191,getulina,SP
16900,-20.913260060505507,-51.37206780904842,andradina,SP
17014,-22.3312275,-49.07597849999999,bauru,SP
17047,-22.33259929227913,-49.0443811707606,bauru,SP
17013,-22.32408404244344,-49.05959852054356,bauru,SP
17020,-22.309153397714876,-49.06667943533956,bauru,SP
17012,-22.332425763517893,-49.060789754631074,bauru,SP
17018,-22.35973743184844,-49.05231525174554,bauru,SP
17026,-22.296469236850484,-49.03471065377948,bauru,SP
17032,-22.32817929115924,-49.02886625465973,bauru,SP
17051,-22.33137826421038,-49.096775499711526,bauru,SP
17016,-22.339989670003984,-49.0681097004153,bauru,SP
17065,-22.317322505668766,-49.11045345432344,bauru,SP
17064,-22.349206736746638,-49.04109341945789,bauru,SP
17160,-22.032324794455896,-48.90920500612332,arealva,SP
17190,-21.886804297120783,-49.221909036822886,reginopolis,SP
17209,-22.27568678711987,-48.542599749927895,jau,SP
17208,-22.280791095202737,-48.5521513301464,jaú,SP
17250,-22.087700920983718,-48.7476570587839,bariri,SP
17290,-22.50137476856727,-48.707334186318725,macatuba,SP
17210,-22.29164124459334,-48.54989181391441,jaú,SP
17206,-22.268158575592278,-48.56480100713664,jaú,SP
17340,-22.486085526661206,-48.547449669138985,barra bonita,SP
17380,-22.28333968942237,-48.11555789578162,brotas,SP
17300,-22.371028644611588,-48.38528974062769,dois corregos,SP
17320,-22.40983742501461,-48.45042421567509,mineiros do tiete,SP
17360,-22.437478077083373,-48.17275356636137,torrinha,SP
17400,-22.218988944556266,-49.64362334020589,garca,SP
17511,-22.181007751312865,-49.963543554532905,marilia,SP
17512,-22.154209249920417,-49.95162687408481,marilia,SP
17580,-22.105021567709144,-50.1738866856198,pompeia,SP
17514,-22.188742247875226,-49.93422578806241,marilia,SP
17526,-22.229997861121024,-49.971617848460646,marilia,SP
17602,-21.93532101918528,-50.49756182976886,tupa,SP
17690,-21.92576605362672,-50.74077415347185,bastos,SP
17603,-21.94846574205311,-50.50900527295919,tupa,SP
17605,-21.936588293449766,-50.52238400033537,tupa,SP
17604,-21.942739057367696,-50.52301704823943,tupa,SP
17700,-21.78761366528708,-50.87213184519997,osvaldo cruz,SP
17800,-21.68804676595129,-51.08242332977711,adamantina,SP
17900,-21.4988715,-51.53786099999999,dracena,SP
17980,-21.362307677836903,-51.86346633891845,panorama,SP
18044,-23.50986470167544,-47.484121269794414,sorocaba,SP
18070,-23.47779747737896,-47.48145219317328,sorocaba,SP
18035,-23.501058123111395,-47.46835501559965,sorocaba,SP
18078,-23.427220495412364,-47.46811611532685,sorocaba,SP
18074,-23.448281036643923,-47.48873627920402,sorocaba,SP
18072,-23.42932935268456,-47.50644636159242,sorocaba,SP
18040,-23.50436812822437,-47.46615628434992,sorocaba,SP
18086,-23.44975663113856,-47.440931855963925,sorocaba,SP
18013,-23.49327839993657,-47.4093955217843,sorocaba,SP
18090,-23.474158480273637,-47.4550642451937,sorocaba,SP
18030,-23.50590292645274,-47.46270406757463,sorocaba,SP
18055,-23.489741556206333,-47.509921178602326,sorocaba,SP
18025,-23.520480249006216,-47.44649732938174,sorocaba,SP
18053,-23.498115496249092,-47.51679150000001,sorocaba,SP
18052,-23.539013392723216,-47.49104229586244,sorocaba,SP
18045,-23.516280838190312,-47.476832039961934,sorocaba,SP
18081,-23.47288663304276,-47.44472630849193,sorocaba,SP
18095,-23.490452840257284,-47.45339333018629,sorocaba,SP
18015,-23.49636707533955,-47.43890030979464,sorocaba,SP
18048,-23.53401196947312,-47.46735238343239,sorocaba,SP
18016,-23.49902773488326,-47.42744498842495,sorocaba,SP
18057,-23.485249497922528,-47.50875151387845,sorocaba,SP
18010,-23.497758429915205,-47.45587542936695,sorocaba,SP
18061,-23.493304498470785,-47.48204226449884,sorocaba,SP
18056,-23.50407808465575,-47.50637508451152,sorocaba,SP
18021,-23.50616891395926,-47.43999487691152,sorocaba,SP
18185,-23.821237436073822,-47.71739093523898,pilar do sul,SP
18110,-23.540699932021333,-47.45842622799934,votorantim,SP
18190,-23.511645,-47.567511,aracoiaba da serra,SP
18130,-23.53626695697963,-47.13489184347044,sao roque,SP
18136,-23.56096330427244,-47.14802654049926,sao roque,SP
18115,-23.55641699169012,-47.4445312013676,votorantim,SP
18108,-23.496224877055745,-47.37041894685208,sorocaba,SP
18112,-23.5270462641308,-47.43206506260343,votorantim,SP
18132,-23.521078528228543,-47.138172429386366,sao roque,SP
18250,-23.37379496850616,-48.18632120576463,guareí,SP
18401,-23.975863693331,-48.87459952903885,itapeva,SP
18550,-23.279657630556585,-47.6618565754143,boituva,SP
18520,-23.17098515567461,-47.73847012348546,cerquilho,SP
18540,-23.213642809967485,-47.52204509959029,porto feliz,SP
18500,-23.03582473318652,-47.8363026594829,laranjal paulista,SP
18530,-23.112239657852275,-47.71121420729847,tiete,SP
18603,-22.88432509788077,-48.45934051463188,botucatu,SP
18608,-22.86981926481748,-48.45696374622915,botucatu,SP
18600,-22.888585037191984,-48.44275075867046,botucatu,SP
18604,-22.87815754731953,-48.42619898834323,botucatu,SP
18640,-23.087760940509984,-48.369335601835495,pardinho,SP
18685,-22.58508820351035,-48.8109752196649,lencois paulista,SP
18607,-22.885356846451742,-48.47764303000053,botucatu,SP
18760,-23.037596029379426,-49.163361189515406,cerqueira cesar,SP
18720,-23.385586077409,-48.71884722663808,paranapanema,SP
18730,-23.419413,-49.09844700000001,itai,SP
18702,-23.11054898834324,-48.900872263113854,avare,SP
18701,-23.105366606727763,-48.91147056680601,avare,SP
18800,-23.200603133077674,-49.38191047731838,piraju,SP
18950,-23.05035208242116,-49.62755542394423,ipaussu,SP
19025,-22.09785593377639,-51.40156940368525,presidente prudente,SP
19015,-22.123409374314768,-51.39556785188995,presidente prudente,SP
19023,-22.11545190136955,-51.39640853541775,presidente prudente,SP
19050,-22.13375624761404,-51.402435088564296,presidente prudente,SP
19020,-22.13651597360134,-51.396204302534905,presidente prudente,SP
19060,-22.12714089877284,-51.42017611679179,presidente prudente,SP
19063,-22.131826190859822,-51.450761316949546,presidente prudente,SP
19062,-22.13113754593455,-51.426417331669455,presidente prudente,SP
19042,-22.133927157857254,-51.36875322173029,presidente prudente,SP
19029,-22.07708974256958,-51.41548624933166,presidente prudente,SP
19200,-22.280965825980445,-51.49055492419442,pirapozinho,SP
19300,-22.002385790929264,-51.56036410767424,presidente bernardes,SP
19400,-21.881549344197197,-51.84621930031394,presidente venceslau,SP
19470,-21.77289607496572,-52.10945787915076,presidente epitacio,SP
19700,-22.430861482369068,-50.57420394458222,paraguacu paulista,SP
19780,-22.25666743852699,-50.69492739291294,quata,SP
19800,-22.66791333527613,-50.41920174522468,assis,SP
19814,-22.64961538190318,-50.406862966414685,assis,SP
19880,-22.752691244854063,-50.38967035867833,cândido mota,SP
19840,-22.612730029018135,-50.66536412319007,maracai,SP
19806,-22.657282312191057,-50.41657037194679,assis,SP
19820,-22.751694253550635,-50.5739497814992,taruma,SP
19803,-22.679653253935196,-50.44287891853987,assis,SP
19804,-22.66272240238052,-50.43776522959186,assis,SP
19830,-22.42925217631197,-50.20413759688468,echapora,SP
19906,-22.98945573088105,-49.87509247068391,ourinhos,SP
19911,-22.972046898695822,-49.87234234248948,ourinhos,SP
19913,-22.977260214265105,-49.8573142076,ourinhos,SP
20021,-22.90970975575626,-43.17132226977895,rio de janeiro,RJ
20051,-22.90216947322403,-43.18431801722535,rio de janeiro,RJ
20040,-22.906800000000004,-43.176623145421054,rio de janeiro,RJ
20031,-22.91064096725142,-43.17650983181368,rio de janeiro,RJ
20081,-22.8961084117468,-43.18164216911137,rio de janeiro,RJ
20060,-22.907300762421368,-43.18372964446876,rio de janeiro,RJ
20230,-22.908714883432378,-43.193807831813686,rio de janeiro,RJ
20270,-22.920104850395337,-43.22138202997862,rio de janeiro,RJ
20241,-22.932760211495157,-43.19785123743439,rio de janeiro,RJ
20261,-22.925732829755905,-43.22234726520112,rio de janeiro,RJ
20220,-22.90545140437997,-43.20561545490215,rio de janeiro,RJ
20210,-22.90580877517465,-43.19400895420968,rio de janeiro,RJ
20240,-22.917041999999995,-43.18825317816965,rio de janeiro,RJ
20251,-22.923409610046747,-43.20650332223439,rio de janeiro,RJ
20521,-22.92505850706913,-43.230232813203365,rio de janeiro,RJ
20560,-22.918809812943557,-43.26535370468581,rio de janeiro,RJ
20550,-22.923980497085807,-43.22589028129148,rio de janeiro,RJ
20510,-22.93264121120669,-43.23915878100303,rio de janeiro,RJ
20520,-22.92931946221692,-43.23596118471042,rio de janeiro,RJ
20540,-22.92173310574757,-43.25868934445138,rio de janeiro,RJ
20551,-22.915371368504037,-43.242996214902085,rio de janeiro,RJ
20511,-22.93348721120668,-43.24563886482204,rio de janeiro,RJ
20720,-22.907125456287147,-43.29187014002536,rio de janeiro,RJ
20785,-22.887998108806,-43.27113442743371,rio de janeiro,RJ
20770,-22.89844010101571,-43.28117498222639,rio de janeiro,RJ
20780,-22.88650136386977,-43.26883386620703,rio de janeiro,RJ
20760,-22.885768400141632,-43.28869921614064,rio de janeiro,RJ
20740,-22.89603520399333,-43.32157651027179,rio de janeiro,RJ
20751,-22.886944522072778,-43.30459252553521,rio de janeiro,RJ
20735,-22.89834913791924,-43.28603771175494,rio de janeiro,RJ
20725,-22.904585350539566,-43.27965950805009,rio de janeiro,RJ
20940,-22.898688716890845,-43.21711791782575,rio de janeiro,RJ
20930,-22.89002472433818,-43.23590644033692,rio de janeiro,RJ
21011,-22.824625169311496,-43.28779784416291,rio de janeiro,RJ
21021,-22.84545803220033,-43.26412144878531,rio de janeiro,RJ
21073,-22.848617611278385,-43.26966669595899,rio de janeiro,RJ
21044,-22.855739132704457,-43.24139402405136,rio de janeiro,RJ
21235,-22.83586646404876,-43.322162133504506,rio de janeiro,RJ
21210,-22.842290284753936,-43.29762071175495,rio de janeiro,RJ
21221,-22.84519497945644,-43.30289927961805,rio de janeiro,RJ
21215,-22.83452027918724,-43.30055459281813,rio de janeiro,RJ
21220,-22.85673089425243,-43.30517848917994,rio de janeiro,RJ
21360,-22.867576228980287,-43.3308889694731,rio de janeiro,RJ
21331,-22.868125238703804,-43.36551686343707,rio de janeiro,RJ
21321,-22.88688293782105,-43.365750051474464,rio de janeiro,RJ
21351,-22.868008239252077,-43.34458939618565,rio de janeiro,RJ
21381,-22.878476937821056,-43.31517005147447,rio de janeiro,RJ
21371,-22.84559560949849,-43.33790705190715,rio de janeiro,RJ
21311,-22.895820973916518,-43.322793102285125,rio de janeiro,RJ
21511,-22.835470582901703,-43.35969242165472,rio de janeiro,RJ
21545,-22.83891259127456,-43.34313234341075,rio de janeiro,RJ
21540,-22.85041727338564,-43.33748268108384,rio de janeiro,RJ
21635,-22.829193849010363,-43.408286706907525,rio de janeiro,RJ
21660,-22.842986588696125,-43.37442676618174,rio de janeiro,RJ
21750,-22.871499338334544,-43.41181417262971,rio de janeiro,RJ
21770,-22.887010089099142,-43.437039538432735,rio de janeiro,RJ
21740,-22.8864640049889,-43.37710932987132,rio de janeiro,RJ
21832,-22.88305112323195,-43.4889261110046,rio de janeiro,RJ
21843,-22.870511088460173,-43.49528824071454,rio de janeiro,RJ
21840,-22.87459850346245,-43.477731000000006,rio de janeiro,RJ
21815,-22.887035413266773,-43.46466267095627,rio de janeiro,RJ
21853,-22.86908832802572,-43.50623231028202,rio de janeiro,RJ
21825,-22.89211739578164,-43.47562901249349,rio de janeiro,RJ
21931,-22.805776179896323,-43.20393517954484,rio de janeiro,RJ
21921,-22.80845493533955,-43.18765927629982,rio de janeiro,RJ
21941,-22.86933515510882,-43.21992800026346,rio de janeiro,RJ
21930,-22.819789537579453,-43.177251135490046,rio de janeiro,RJ
21920,-22.79448670552253,-43.19901880099832,rio de janeiro,RJ
22081,-22.9860379483813,-43.19247513503371,rio de janeiro,RJ
22050,-22.97180239967678,-43.18744649443143,rio de janeiro,RJ
22040,-22.96700369193254,-43.18314576657629,rio de janeiro,RJ
22030,-22.968219049397007,-43.18823673772285,rio de janeiro,RJ
22051,-22.972496751601327,-43.18950774937962,rio de janeiro,RJ
22041,-22.968394910900845,-43.18999951289751,rio de janeiro,RJ
22010,-22.962079980841413,-43.1679761924808,rio de janeiro,RJ
22060,-22.973939675543917,-43.190175781579946,rio de janeiro,RJ
22011,-22.962511351924544,-43.17640771510184,rio de janeiro,RJ
22230,-22.93781597002137,-43.17619884430715,rio de janeiro,RJ
22250,-22.938518021928537,-43.17619539800332,rio de janeiro,RJ
22240,-22.93125598447676,-43.17881321481337,rio de janeiro,RJ
22290,-22.954859287264107,-43.18091709714924,rio de janeiro,RJ
22270,-22.95379584124873,-43.18465490536092,rio de janeiro,RJ
22245,-22.942045134994665,-43.192373725331656,rio de janeiro,RJ
22281,-22.957756281983983,-43.19249263780366,rio de janeiro,RJ
22291,-22.81859544240868,-43.27322500582838,rio de janeiro,RJ
22260,-22.94914024395528,-43.1890677882164,rio de janeiro,RJ
22451,-22.97823619758802,-43.2372780819727,rio de janeiro,RJ
22440,-22.987106811270102,-43.22749700083673,rio de janeiro,RJ
22471,-22.966645149316204,-43.20283415612552,rio de janeiro,RJ
22441,-22.9835768104334,-43.22072313001338,rio de janeiro,RJ
22470,-22.96555273382772,-43.2162783326504,rio de janeiro,RJ
22460,-22.96587724811021,-43.21897584321064,rio de janeiro,RJ
22620,-23.01333894087947,-43.30183519386577,rio de janeiro,RJ
22640,-23.00373619547281,-43.32184116956918,rio de janeiro,RJ
22631,-23.0043086872296,-43.32450783783356,rio de janeiro,RJ
22610,-22.99920563249489,-43.2722509879392,rio de janeiro,RJ
22630,-23.010698995411467,-43.33245982226944,rio de janeiro,RJ
22793,-23.00927096142304,-43.42940927644404,rio de janeiro,RJ
22775,-22.972956517889177,-43.39706327699233,rio de janeiro,RJ
22790,-23.01133469499096,-43.45025641534424,rio de janeiro,RJ
22783,-22.99280667740874,-43.44828652055829,rio de janeiro,RJ
22745,-22.936378144309987,-43.32533727849932,rio de janeiro,RJ
22735,-22.92013400805008,-43.36031889592586,rio de janeiro,RJ
22770,-22.93862838995325,-43.36065293880199,rio de janeiro,RJ
22753,-22.97938068457905,-43.3327651254376,rio de janeiro,RJ
22723,-22.915126647964037,-43.40987975082128,rio de janeiro,RJ
22785,-22.97552030068124,-43.48436102271125,rio de janeiro,RJ
22760,-22.94491421371684,-43.34638345749923,rio de janeiro,RJ
22710,-22.933084232038716,-43.36663107132555,rio de janeiro,RJ
22743,-22.933479697760923,-43.350149913122536,rio de janeiro,RJ
22733,-22.90805540699587,-43.365076570333606,rio de janeiro,RJ
23094,-22.87021479601226,-43.50911415119284,rio de janeiro,RJ
23066,-22.883500722206897,-43.62784933672958,rio de janeiro,RJ
23097,-22.851989999999997,-43.53704099999999,rio de janeiro,RJ
23092,-22.869434839575295,-43.55443024078128,rio de janeiro,RJ
23028,-22.979653543164588,-43.66396836773623,rio de janeiro,RJ
23047,-22.92744345406544,-43.5653325992267,rio de janeiro,RJ
23062,-22.906489452680457,-43.60277467929481,rio de janeiro,RJ
23013,-22.90160079739165,-43.54808307799064,rio de janeiro,RJ
23080,-22.900055909515867,-43.5630434682037,rio de janeiro,RJ
23017,-22.915539999999964,-43.54233999999997,rio de janeiro,RJ
23035,-22.94890612123084,-43.59927651548514,rio de janeiro,RJ
23056,-22.91676319900166,-43.61546420370485,rio de janeiro,RJ
23059,-22.91609268687132,-43.61169520062432,rio de janeiro,RJ
23081,-22.89414057340301,-43.56270255675458,rio de janeiro,RJ
23026,-22.99650433203871,-43.62572524077582,rio de janeiro,RJ
23093,-22.87987163281201,-43.53785563113858,rio de janeiro,RJ
23088,-22.88527356174625,-43.55370888481736,rio de janeiro,RJ
23550,-22.933875887039065,-43.68870134055625,rio de janeiro,RJ
23575,-22.8828599572681,-43.66376400776161,rio de janeiro,RJ
23585,-22.92801128978522,-43.64204907457884,rio de janeiro,RJ
23520,-22.932964791563265,-43.673679256592976,rio de janeiro,RJ
23535,-22.978162414103497,-43.693011958508826,rio de janeiro,RJ
23587,-22.924709159377265,-43.62735147659086,rio de janeiro,RJ
23894,-22.746307968387804,-43.69473581382141,seropedica,RJ
23810,-22.87358979081365,-43.77293188513139,itaguaí,RJ
23820,-22.869565234536577,-43.7919701082573,itaguai,RJ
23954,-23.01206559515735,-44.53981554333971,angra dos reis,RJ
24030,-22.883862923138043,-43.11562368659535,niterói,RJ
24020,-22.89428279372572,-43.12073703239408,niteroi,RJ
24027,-21.2189719026067,-41.87752350568823,niteroi,RJ
24120,-22.88248286955392,-43.0886607547753,niteroi,RJ
24111,-22.86319273688615,-43.09153065889549,niteroi,RJ
24130,-22.87983185270721,-43.08712552709545,niteroi,RJ
24220,-22.90581654870452,-43.106988856771984,niteroi,RJ
24230,-22.911270381614717,-43.10515133611283,niterói,RJ
24210,-22.901359568959617,-43.1241522171793,niteroi,RJ
24240,-22.896755634456788,-43.09981143435861,niteroi,RJ
24241,-22.90347156010148,-43.09538136456224,niteroi,RJ
24360,-22.92080861944341,-43.09368761944342,niteroi,RJ
24355,-22.939452538175548,-43.04198995476519,niteroi,RJ
24340,-22.929128181028045,-43.0144161973205,niteroi,RJ
24315,-22.892972503771126,-43.054212114815925,niteroi,RJ
24440,-22.82732701725956,-43.05044041062229,sao goncalo,RJ
24412,-22.840358603352243,-43.06698744933359,sao goncalo,RJ
24451,-22.827869999999997,-43.01969625000001,sao goncalo,RJ
24436,-22.82461973461561,-43.06100551172565,sao goncalo,RJ
24430,-22.82606973346271,-43.09243488435598,sao goncalo,RJ
24416,-22.84263449298823,-43.07412079219987,sao goncalo,RJ
24716,-22.79451691790931,-43.00826969494774,são gonçalo,RJ
24710,-22.826646152351035,-42.99987757664625,sao goncalo,RJ
24723,-22.835185713452816,-42.93224075052069,são gonçalo,RJ
24737,-22.830628775114185,-42.981006692644335,sao goncalo,RJ
24727,-22.788731205902764,-42.943115809557774,sao goncalo,RJ
24858,-22.77298526174036,-42.93348585291521,itaborai,RJ
24903,-22.90950109305715,-42.79833382248586,marica,RJ
24940,-22.94107807180112,-42.95860177906883,marica,RJ
24912,-22.90733509351059,-42.82510433851007,marica,RJ
25035,-22.76533474882392,-43.30808280493542,duque de caxias,RJ
25070,-22.78581289392769,-43.30804347053546,duque de caxias,RJ
25015,-22.7898225982794,-43.32827859671635,duque de caxias,RJ
25042,-22.74221648679724,-43.317178367738485,duque de caxias,RJ
25251,-22.653103179770355,-43.270073693010815,duque de caxias,RJ
25240,-22.65176256898586,-43.29910420484181,duque de caxias,RJ
25261,-22.63424849999999,-43.26238575,duque de caxias,RJ
25260,-22.644725818694308,-43.27880621146083,duque de caxias,RJ
25264,-22.648802582950537,-43.23530108331979,duque de caxias,RJ
25233,-22.70820170431696,-43.301263500000005,duque de caxias,RJ
25561,-22.77658387384398,-43.354144984238886,sao joao de meriti,RJ
25545,-22.781746615709963,-43.38653594434864,sao joao de meriti,RJ
25550,-22.76858130568497,-43.38321290201161,sao joao de meriti,RJ
25555,-22.775863110175877,-43.362487148492974,sao joao de meriti,RJ
25655,-22.52760750799953,-43.195055075889336,petrópolis,RJ
25620,-22.511952463273957,-43.1777121666574,petropolis,RJ
25645,-22.549033360244323,-43.210094724044055,petrópolis,RJ
25665,-22.50825234845136,-43.22226686118841,petrópolis,RJ
25720,-22.436244335022675,-43.14033841232948,petropolis,RJ
25730,-22.389386316926604,-43.131794488742194,petropolis,RJ
25804,-22.119462909796585,-43.212276368761366,tres rios,RJ
25803,-22.114931849301893,-43.20418377871129,tres rios,RJ
25957,-22.428725888669057,-42.97556752642736,teresopolis,RJ
25935,-22.610756596789887,-43.15974082935956,mage,RJ
25963,-22.416149820084957,-42.97702251227752,teresopolis,RJ
25976,-22.4152186200517,-42.96996546672412,teresopolis,RJ
25954,-22.43518776254457,-42.947545485310506,teresopolis,RJ
25943,-22.556989324584887,-42.99759158024225,guapimirim,RJ
25959,-22.45422000101887,-42.98223428751139,teresopolis,RJ
25949,-22.51127625103869,-42.96597520918777,guapimirim,RJ
26030,-22.73732040882712,-43.47296257764668,nova iguacu,RJ
26087,-22.71242123107117,-43.51886527337452,nova iguaçu,RJ
26041,-22.709328438971543,-43.461048749309306,nova iguacu,RJ
26015,-22.748203295194685,-43.44562537718087,nova iguaçu,RJ
26165,-22.735079682038137,-43.38748613936333,belford roxo,RJ
26173,-22.7327171059093,-43.36105022505727,belford roxo,RJ
26255,-22.761992463604912,-43.45087260605272,nova iguacu,RJ
26285,-22.75306877541351,-43.45655425604264,nova iguacu,RJ
26276,-22.745590369723462,-43.5079863030225,nova iguacu,RJ
26280,-22.74068277605409,-43.49238614577107,nova iguacu,RJ
26266,-22.76048156962122,-43.4962732391048,nova iguacu,RJ
26216,-22.7397645,-43.49706074999999,nova iguacu,RJ
26221,-22.763825251207155,-43.436790830412576,nova iguacu,RJ
26310,-22.71897183001308,-43.56245863918872,queimados,RJ
26379,-22.75207045168108,-43.57632171567059,queimados,RJ
26553,-22.78682963944107,-43.43064174409072,mesquita,RJ
26510,-22.815880447852667,-43.41899267551425,nilópolis,RJ
26515,-22.819200221972213,-43.4265001718308,nilopolis,RJ
26587,-22.80570702410461,-43.43308475188033,mesquita,RJ
26600,-22.609707785965465,-43.7136934532079,paracambi,RJ
26700,-22.525176465431056,-43.74058341826739,mendes,RJ
26980,-22.317290526360548,-43.40521798807556,avelar,RJ
27175,-22.609469999999945,-43.91234449999996,pirai,RJ
27145,-22.484639193439357,-43.81994786543312,barra do pirai,RJ
27274,-22.510187815768216,-44.12857570251714,volta redonda,RJ
27281,-22.4993604343586,-44.10694753358529,volta redonda,RJ
27250,-22.507471645017024,-44.06761499333491,volta redonda,RJ
27277,-22.498182754371285,-44.12361371579433,volta redonda,RJ
27260,-22.516415656610747,-44.1043008475131,volta redonda,RJ
27288,-22.46640407937563,-44.09632304440533,volta redonda,RJ
27345,-22.54303759117662,-44.17532044976627,barra mansa,RJ
27321,-22.523912739698662,-44.18623424719054,barra mansa,RJ
27420,-22.41113733661102,-44.26434988294333,quatis,RJ
27525,-22.47805071801601,-44.50608144601535,resende,RJ
27521,-22.46868075491955,-44.46342640674589,resende,RJ
27700,-22.418541912748985,-43.67993483814997,vassouras,RJ
27920,-22.409683946328137,-41.80872105441502,macaé,RJ
27930,-22.403381937186253,-41.80967113254423,macae,RJ
27925,-22.407093332993256,-41.84669910556226,macae,RJ
28085,-21.720139625582693,-41.31045343206544,campos dos goytacazes,RJ
28035,-21.753758653386228,-41.33389901937112,campos dos goytacazes,RJ
28020,-21.78080222519011,-41.30502259827724,campos dos goytacazes,RJ
28030,-21.759390492804982,-41.33723391477138,campos dos goytacazes,RJ
28053,-21.746686962011808,-41.353827401724025,campos dos goytacazes,RJ
28027,-21.76871886081084,-41.32590390282171,campos dos goytacazes,RJ
28051,-21.752686105920883,-41.342931617164176,campos dos goytacazes,RJ
28040,-21.92630352099997,-41.526771260999965,campos dos goytacazes,RJ
28148,-22.98536776591707,-44.30302379845107,tocos,RJ
28230,-21.4795193189133,-41.10923999356295,sao francisco de itabapoana,RJ
28300,-21.20851525964521,-41.87484723167247,itaperuna,RJ
28470,-21.53063424894017,-42.19299779303212,santo antonio de padua,RJ
28495,-21.62189489518194,-42.10129524956613,aperibe,RJ
28545,-21.98581086286466,-42.25432890187028,macuco,RJ
28540,-22.02458009174551,-42.36284244106788,cordeiro,RJ
28685,-22.55598517198416,-42.6907612914232,japuiba,RJ
28640,-21.931793494070657,-42.60935545143997,carmo,RJ
28635,-22.23589659345668,-42.51877495711116,nova friburgo,RJ
28605,-22.275728018449303,-42.534192608244,nova friburgo,RJ
28615,-22.31000521194919,-42.52023373510779,nova friburgo,RJ
28735,-22.10518695179813,-41.45979324090135,quissama,RJ
28770,-21.95976220264771,-42.01238047476166,santa maria madalena,RJ
28895,-22.50268855112206,-41.92488236917089,rio das ostras,RJ
28800,-22.7072351350913,-42.62882877464098,rio bonito,RJ
28893,-22.49321971715972,-41.91021028549174,rio das ostras,RJ
28880,-22.57649369393669,-41.98699034043617,barra de sao joao,RJ
28908,-22.918600080765664,-42.03848119319952,cabo frio,RJ
28930,-22.960371447400345,-42.025042964885486,arraial do cabo,RJ
28909,-22.899295443931194,-42.04634624285419,cabo frio,RJ
28941,-22.837704326139622,-42.09941559909131,sao pedro da aldeia,RJ
28905,-22.881855573704115,-42.02408274181585,cabo frio,RJ
28990,-22.91119567907111,-42.47940224673698,saquarema,RJ
28960,-22.83608374688867,-42.22525826231049,iguaba grande,RJ
28991,-22.90473760883384,-42.47313043760234,saquarema,RJ
28907,-22.87819893069184,-42.0153349507779,cabo frio,RJ
28995,-22.88289029498933,-42.46821016090328,saquarema,RJ
29055,-20.296512281724183,-40.29620870064644,vitoria,ES
29066,-20.274743159847777,-40.28413066414694,vitoria,ES
29090,-20.258271017529587,-40.26903411769548,vitoria,ES
29128,-20.50800917100857,-40.37334877994167,vila velha,ES
29167,-20.1808755,-40.26153600000001,serra,ES
29101,-20.33161263550869,-40.27958609200332,vila velha,ES
29160,-20.236316793236703,-40.27327897238731,serra,ES
29146,-20.33870191640221,-40.39126478706738,cariacica,ES
29102,-20.37616120906966,-40.30529402401848,vila velha,ES
29175,-20.125077554846843,-40.18867515952251,serra,ES
29156,-20.297536576315476,-40.40086853731229,cariacica,ES
29164,-20.21372452070291,-40.268236780212206,serra,ES
29141,-20.35462393914272,-40.36810938316989,cariacica,ES
29161,-20.234324999999945,-40.27391449999996,serra,ES
29104,-20.38385571872436,-40.322682629277,vila velha,ES
29150,-20.3241488189149,-40.37596652382395,cariacica,ES
29116,-20.339640108844748,-40.34020016455538,vila velha,ES
29151,-20.330130839827667,-40.36445953894291,cariacica,ES
29142,-20.360647716191004,-40.36954639525296,cariacica,ES
29168,-20.15493809541017,-40.25062881596327,serra,ES
29138,-20.371678009550088,-40.42010177575753,viana,ES
29260,-20.36457821981136,-40.65951846538821,domingos martins,ES
29216,-20.657012779234822,-40.494091387672256,guarapari,ES
29295,-20.522855653629467,-40.98712856025383,vargem alta,ES
29208,-20.73380896816513,-40.54490923388538,guarapari,ES
29313,-20.825998802613157,-41.13645175016037,cachoeiro de itapemirim,ES
29360,-20.6037876686058,-41.20250386339666,castelo,ES
29395,-20.23522317591383,-41.51097291118037,ibatiba,ES
29398,-20.34554285738148,-41.64174562247486,irupi,ES
29314,-20.832592499999997,-41.18073075000001,cachoeiro de itapemirim,ES
29450,-21.15709213056911,-41.56442773822537,apiaca,ES
29500,-20.75885563513341,-41.53546035543065,alegre,ES
29600,-20.072234826974277,-41.13260705353448,afonso claudio,ES
29703,-19.528550536262948,-40.63635035492862,colatina,ES
29960,-18.58768807008904,-39.7350716811178,conceicao da barra,ES
29900,-19.404003708258912,-40.06159959748777,linhares,ES
29980,-18.414545287640298,-40.21490923272721,pinheiros,ES
29930,-18.71612614379366,-39.85372735218946,sao mateus,ES
29985,-18.323749867353527,-40.40506777298805,sao joao do sobrado,ES
30180,-19.926141851520523,-43.93684827200066,belo horizonte,MG
30140,-19.93647134886613,-43.92639691534425,belo horizonte,MG
30170,-19.92449229586244,-43.947039608806,belo horizonte,MG
30130,-19.938406212043407,-43.93702206884405,belo horizonte,MG
30190,-19.921126734952896,-43.94119674937962,belo horizonte,MG
30160,-19.921360484044065,-43.93920564986445,belo horizonte,MG
30111,-19.91624655709342,-43.93623364096637,belo horizonte,MG
30220,-19.942447820416717,-43.91448426755726,belo horizonte,MG
30295,-19.91222323130401,-43.87804546638037,belo horizonte,MG
30270,-19.92468463835193,-43.90432264946042,belo horizonte,MG
30330,-19.941373330284467,-43.93759243297362,belo horizonte,MG
30320,-19.95954610294896,-43.93549305303234,belo horizonte,MG
30380,-19.950113421576656,-43.95583838718328,belo horizonte,MG
30315,-19.95455748237063,-43.93409969455826,belo horizonte,MG
30441,-19.935201059120523,-43.9567957307693,belo horizonte,MG
30431,-19.946082656673784,-43.96674583291018,belo horizonte,MG
30494,-19.95661690748416,-43.968436347881045,belo horizonte,MG
30492,-19.96962458174156,-43.9679218713716,belo horizonte,MG
30550,-19.93977,-43.97883525,belo horizonte,MG
30575,-19.97007559893824,-43.97959527560735,belo horizonte,MG
30580,-19.95806146849216,-43.98571701122408,belo horizonte,MG
30622,-19.98729548014893,-43.98983533291021,belo horizonte,MG
30626,-20.00554148626576,-44.01389665445209,belo horizonte,MG
30668,-20.009132643632054,-44.029839965173935,belo horizonte,MG
30770,-19.911644308904183,-43.97292042423106,belo horizonte,MG
30710,-19.913521316406,-43.95735564265109,belo horizonte,MG
30750,-19.89328670774424,-43.97195292532757,belo horizonte,MG
30865,-19.918383328611025,-44.02052053981771,belo horizonte,MG
30840,-19.891079580904844,-43.99423022788376,belo horizonte,MG
30882,-19.885567704137557,-44.00816196779967,belo horizonte,MG
30810,-19.902939296150898,-43.988673262709824,belo horizonte,MG
31050,-19.900238441628133,-43.903489639426446,belo horizonte,MG
31030,-19.907108245080448,-43.91966546502971,belo horizonte,MG
31070,-19.887380574792505,-43.89661243917136,belo horizonte,MG
31060,-19.89411305190717,-43.909105945322864,belo horizonte,MG
31140,-19.892338512349244,-43.9326199797449,belo horizonte,MG
31170,-19.881438098245752,-43.91679121149515,belo horizonte,MG
31130,-19.885618959201334,-43.93859494364943,belo horizonte,MG
31150,-19.87553457706714,-43.94176194140331,belo horizonte,MG
31160,-19.8824409955566,-43.92902237968148,belo horizonte,MG
31275,-19.8566927082925,-43.9760083297362,belo horizonte,MG
31270,-19.8530362758958,-43.95277064446877,belo horizonte,MG
31210,-19.90714902346989,-43.95579553683124,belo horizonte,MG
31230,-19.90514649708581,-43.95631225047614,belo horizonte,MG
31260,-19.867166072180638,-43.93513434043602,belo horizonte,MG
31255,-19.878513898894187,-43.95694702879617,belo horizonte,MG
31330,-19.87964344047544,-44.003708868313176,belo horizonte,MG
31340,-19.85284231244068,-43.98751965994399,belo horizonte,MG
31365,-19.85564348987244,-44.010183594494826,belo horizonte,MG
31525,-19.821438953372944,-43.97517235261704,belo horizonte,MG
31530,-19.82037054203942,-43.98181463543774,belo horizonte,MG
31578,-19.80791248819901,-44.000379712735885,belo horizonte,MG
31573,-19.809042328611024,-43.99006964195861,belo horizonte,MG
31741,-19.8474651033948,-43.94897700565801,belo horizonte,MG
31748,-19.79768909694483,-43.93419895512006,belo horizonte,MG
31710,-19.843708202868147,-43.95899630890419,belo horizonte,MG
31814,-19.86128531082074,-43.92610114361865,belo horizonte,MG
31842,-19.840168078827364,-43.92329932223438,belo horizonte,MG
31910,-19.865544862340563,-43.92052843242536,belo horizonte,MG
32010,-19.940393531428462,-44.06063257014001,contagem,MG
32110,-19.88575709625392,-44.01809003760589,contagem,MG
32140,-19.893454436332657,-44.03400171616229,contagem,MG
32185,-19.849882697848685,-44.02029046658248,contagem,MG
32240,-19.973247970932068,-44.04300362581713,contagem,MG
32260,-19.95991559942468,-44.03863273842622,contagem,MG
32223,-19.961705515303528,-44.03523933054409,contagem,MG
32341,-19.934105134575645,-44.058949745074095,contagem,MG
32310,-19.944519773919623,-44.03388528779314,contagem,MG
32415,-20.018415861881373,-44.09108560538193,ibirite,MG
32400,-20.024982296605383,-44.055840985040376,ibirite,MG
32605,-19.933621491257423,-44.18191702039934,betim,MG
32677,-19.941877521944868,-44.11327370697121,betim,MG
32672,-19.92491906303673,-44.16694140448337,betim,MG
32604,-19.95866259017359,-44.19878943272789,betim,MG
32606,-19.945696526227707,-44.20447999417161,betim,MG
32673,-19.940290376074785,-44.16678999500834,betim,MG
32900,-20.07067041023543,-44.30038244083437,igarapé,MG
33080,-19.820014513528548,-43.83030225884891,santa luzia,MG
33125,-19.791047556323957,-43.93994054762264,santa luzia,MG
33350,-19.69687998667802,-43.95746358594992,sao jose da lapa,MG
33400,-19.5921849600698,-43.90098205233704,lagoa santa,MG
33600,-19.652292291953287,-44.056767929538886,pedro leopoldo,MG
33855,-19.756505870390644,-44.07255925714124,ribeirao das neves,MG
33805,-19.773020999999947,-44.08090549999997,ribeirao das neves,MG
33825,-19.78136498344216,-44.0673669708198,ribeirao das neves,MG
33913,-19.779029422913744,-44.0229254812176,ribeirao das neves,MG
33943,-19.805776157437,-44.01732103235708,ribeirao das neves,MG
34018,-20.104533521529728,-43.9305976747518,nova lima,MG
34006,-19.984916225972547,-43.94683283226102,nova lima,MG
34003,-19.987111307202653,-43.864415126814514,nova lima,MG
34012,-20.024391972702404,-43.82237654520721,nova lima,MG
34001,-19.989306206863183,-43.85077859693365,nova lima,MG
34400,-19.963194866658423,-43.81129630543794,raposos,MG
34800,-19.883520408537528,-43.66933297389486,caete,MG
35057,-18.84144909699821,-41.96259175851705,governador valadares,MG
35063,-18.831928260999973,-41.96619999999996,governador valadares,MG
35170,-19.50664329902649,-42.630873484496206,coronel fabriciano,MG
35164,-19.4609515387212,-42.525487901061766,ipatinga,MG
35162,-19.4780955431646,-42.55679483097696,ipatinga,MG
35160,-19.50523742384614,-42.57176378313765,ipatinga,MG
35198,-19.41090481717707,-42.41846537530112,ipaba,MG
35179,-19.45515459535982,-42.53231121006311,santana do paraiso,MG
35200,-19.49473402796823,-41.07024195222019,aimores,MG
35270,-18.661109292895866,-41.40601459012222,mendes pimentel,MG
35300,-19.79022694508355,-42.14210229958086,caratinga,MG
35350,-20.09954563846855,-42.449282552721314,raul soares,MG
35430,-20.415339248383304,-42.89153741877715,ponte nova,MG
35450,-20.25779584611288,-43.81183983084434,itabirito,MG
35400,-20.38523748903572,-43.50551302553521,ouro preto,MG
35460,-20.198222315762948,-44.00961734339785,brumadinho,MG
35411,-20.28905180518193,-43.47553634220103,antonio pereira,MG
35500,-20.146615317146374,-44.892591683425806,divinopolis,MG
35570,-20.474084262411907,-45.424321458052006,formiga,MG
35501,-20.15825132557966,-44.88243792415554,divinopolis,MG
35588,-20.2892027953416,-45.54189584918567,arcos,MG
35590,-20.022568491315106,-45.54469897672237,lagoa da prata,MG
35502,-20.147537126559413,-44.90712481034317,divinopolis,MG
35557,-20.18523031987543,-44.773348626815135,carmo do cajuru,MG
35530,-20.43773362250285,-44.75914024487753,claudio,MG
35680,-20.08212660423176,-44.5732983518722,itauna,MG
35603,-19.948863062600463,-45.1703970166306,araujos,MG
35690,-19.887875859874217,-44.43538917946817,florestal,MG
35700,-19.46361254830593,-44.24441403023008,sete lagoas,MG
35701,-19.447338587123927,-44.21712257170282,sete lagoas,MG
35790,-18.744756956577486,-44.45041862816433,curvelo,MG
35702,-19.42971029829401,-44.22506352397885,sete lagoas,MG
35920,-19.770824131113795,-43.02637346071022,nova era,MG
35900,-19.63165621067063,-43.212335433135365,itabira,MG
35902,-19.652556794982925,-43.20008435986347,itabira,MG
36010,-21.76282506633389,-43.34295644532287,juiz de fora,MG
36016,-21.772205528997677,-43.35345796280802,juiz de fora,MG
36050,-21.729309223700177,-43.34147826034389,juiz de fora,MG
36046,-21.73727210273418,-43.36175314903211,juiz de fora,MG
36087,-21.703103099082472,-43.43127757868314,juiz de fora,MG
36035,-21.74833169302905,-43.36528741993188,juiz de fora,MG
36081,-21.74494928504241,-43.380469534970274,juiz de fora,MG
36033,-21.785166523457747,-43.360415544405335,juiz de fora,MG
36157,-21.509210218328228,-43.32506142162322,piau,MG
36205,-21.216647501342187,-43.75240420003465,barbacena,MG
36235,-21.561865936488346,-43.91529005817311,santa rita do ibitipoca,MG
36230,-21.60267605103025,-43.75682549999999,bias fortes,MG
36307,-21.189491077809475,-44.326111473114615,sao joao del rei,MG
36400,-20.653541574550808,-43.79083732604181,conselheiro lafaiete,MG
36420,-20.532664687290943,-43.71623161225068,ouro branco,MG
36415,-20.50410692238407,-43.858586415220174,congonhas,MG
36570,-20.721937677884224,-42.86601159708953,vicosa,MG
36500,-21.12574332854103,-42.92260482854105,uba,MG
36502,-21.120087446232457,-42.91067895264525,uba,MG
36546,-20.987759797090742,-43.01519083011254,divinésia,MG
36640,-21.860432460895638,-43.00583140350152,mar de espanha,MG
36700,-21.526803364146524,-42.64106019317997,leopoldina,MG
36730,-21.661606230269783,-42.34394607533184,pirapetinga,MG
36780,-21.31561828851855,-42.867365350916536,astolfo dutra,MG
36884,-21.12842778573488,-42.37999506994058,muriae,MG
36900,-20.265441566422545,-42.044386189900685,manhuacu,MG
36930,-19.995880691249347,-42.05967924071428,simonesia,MG
37190,-21.37265818200068,-45.51500579722833,tres pontas,MG
37135,-21.420179371992425,-45.959964474046224,alfenas,MG
37120,-21.54470587015242,-45.73121311833969,paraguacu,MG
37165,-21.11244619821393,-45.83234349689595,campo do meio,MG
37175,-20.944705621834668,-45.82709818233235,ilicinea,MG
37200,-21.24898018734491,-44.99817928074323,lavras,MG
37470,-22.13123511319532,-45.056949145523085,são lourenço,MG
37410,-21.69216794221008,-45.25804903964345,tres coracoes,MG
37420,-21.854581550637352,-45.31129465341778,cambuquira,MG
37443,-21.956309999999995,-44.882378788136165,baependi,MG
37466,-22.276708065385453,-44.87393415721582,itamonte,MG
37496,-21.872877165105397,-45.789760233705394,turvolandia,MG
37502,-22.43106190186255,-45.45559685991584,itajuba,MG
37504,-22.42451926871875,-45.468141657836526,itajuba,MG
37500,-22.421567268526,-45.45439654895746,itajubá,MG
37553,-22.22180037123291,-45.928418933957126,pouso alegre,MG
37580,-22.42880507067007,-46.569550269431765,monte siao,MG
37540,-22.243203015748463,-45.71330344759827,santa rita do sapucai,MG
37550,-22.23423662262365,-45.935242048994425,pouso alegre,MG
37558,-22.26188292523682,-45.93266601660692,pouso alegre,MG
37555,-22.214435507540266,-45.912135658236,pouso alegre,MG
37570,-22.284424958581678,-46.37397062423884,ouro fino,MG
37564,-22.264093569966427,-46.15856420525942,borda da mata,MG
37590,-22.28444973167148,-46.613499420805184,jacutinga,MG
37589,-22.030606560486653,-45.83142509878336,silvianopolis,MG
37584,-22.15937587770692,-46.04402732344177,congonhal,MG
37600,-22.61840566392406,-46.05692385089537,cambui,MG
37640,-22.843339095273503,-46.320408988369685,extrema,MG
37655,-22.772937340302025,-46.22335095804688,itapeva,MG
37650,-22.758277649423835,-46.15427601386239,camanducaia,MG
37660,-22.551107403951946,-45.77715379701644,paraisopolis,MG
37701,-21.79104335195045,-46.56244368105504,pocos de caldas,MG
37750,-21.680839261430663,-45.923257870066,machado,MG
37705,-21.80620116472057,-46.53979191923391,pocos de caldas,MG
37795,-22.07406456966723,-46.5864399743845,andradas,MG
37757,-21.782664882148914,-45.966622292300464,poco fundo,MG
37800,-21.309842064487707,-46.7248749153552,guaxupé,MG
37901,-20.72937959864741,-46.59305737288995,passos,MG
37940,-20.871099247582563,-46.39264799098767,alpinopolis,MG
38082,-19.74407500582838,-47.90288184540368,uberaba,MG
38041,-19.7824995,-47.92378050000001,uberaba,MG
38051,-19.76568365621507,-47.88917987807443,uberaba,MG
38183,-19.5910731707997,-46.945463447657474,araxa,MG
38184,-19.60662568649961,-46.943755496310565,araxa,MG
38182,-19.612724470940563,-46.92442159204857,araxa,MG
38280,-19.72379754927861,-50.18472635169813,iturama,MG
38200,-20.02025438264054,-48.93543951469848,frutal,MG
38230,-20.28106922622964,-49.20926164154711,fronteira,MG
38301,-18.952110419717076,-49.45749467634344,ituiutaba,MG
38302,-18.966681191045687,-49.46005652699633,ituiutaba,MG
38400,-18.91595976602804,-48.278974174995646,uberlandia,MG
38401,-18.882476025535222,-48.2792850313636,uberlandia,MG
38440,-18.65223568071188,-48.19343213192182,araguari,MG
38411,-18.939794605603343,-48.28780246390452,uberlandia,MG
38410,-18.952782820705167,-48.22771100805008,uberlandia,MG
38408,-18.925348871775626,-48.24236513543774,uberlandia,MG
38413,-18.93162565851085,-48.3023197700476,uberlandia,MG
38412,-18.947539791563276,-48.29208537829649,uberlândia,MG
38402,-18.875795091869104,-48.27553126672053,uberlandia,MG
38480,-18.593283298780594,-48.706135928993646,tupaciguara,MG
38407,-18.915256718016018,-48.19413815875127,uberlandia,MG
38442,-18.643784093954583,-48.20804381879092,araguari,MG
38446,-18.661271127499028,-48.18276806455944,araguari,MG
38445,-18.63353062300692,-48.20056546000092,araguari,MG
38550,-18.47534184940673,-47.21120486285433,coromandel,MG
38570,-17.767613654159536,-47.09538818396859,guarda-mor,MG
38600,-17.211337793818256,-46.886436092783214,paracatu,MG
38660,-15.630952013404428,-46.423522051644674,buritis,MG
38625,-16.02717169960533,-47.091478437856885,cabeceira grande,MG
38680,-15.904068315827542,-46.09864010513806,arinos,MG
38700,-18.60497691187199,-46.52154885505743,patos de minas,MG
38701,-18.577525746082078,-46.52839637738491,patos de minas,MG
38900,-20.0077335,-45.9787545,bambui,MG
39100,-18.2339841777334,-43.59364621093363,diamantina,MG
39270,-17.34199668040074,-44.94194241063118,pirapora,MG
39390,-17.126574817685405,-43.81059822795839,bocaiuva,MG
39404,-16.682043505353082,-43.8286815604386,montes claros,MG
39401,-16.717108517212292,-43.8071416039463,montes claros,MG
39402,-16.736732832361938,-43.84157166279062,montes claros,MG
39527,-15.397710382069809,-42.86611890629582,mato verde,MG
39508,-15.347885906450689,-43.67019941886099,jaiba,MG
39690,-17.84600196564932,-42.074535098920734,malacacheta,MG
39740,-18.78496774943796,-42.944086961896645,guanhaes,MG
39802,-17.877614947753674,-41.50059971564279,teofilo otoni,MG
39900,-16.186824121841298,-40.69161218605689,almenara,MG
39990,-15.744199673094284,-41.46301308592789,aguas vermelhas,MG
40040,-12.979853212953032,-38.51357427720748,salvador,BA
40140,-13.001442317790987,-38.528011057735554,salvador,BA
40150,-12.99925127241065,-38.52343720664663,salvador,BA
40270,-12.968337245732986,-38.49201656444151,salvador,BA
40280,-12.987439953084486,-38.46781884277795,salvador,BA
40230,-12.989747825656687,-38.50687444617604,salvador,BA
40210,-13.002096221791207,-38.5113687092304,salvador,BA
40375,-12.948901448034867,-38.49097888500738,salvador,BA
40323,-12.960072125454408,-38.49810826519133,salvador,BA
40435,-12.927111466725682,-38.50093786040868,salvador,BA
41181,-12.948973826771525,-38.44396744212603,salvador,BA
41180,-12.956718377638367,-38.45490386219466,salvador,BA
41250,-12.936081256574193,-38.43500426506672,salvador,BA
41213,-12.929672913250002,-38.44511436823591,salvador,BA
41320,-12.900442499999992,-38.44023299999999,salvador,BA
41386,-12.913821459180404,-38.43418350243133,salvador,BA
41490,-12.899295938010422,-38.41756761729419,salvador,BA
41502,-12.898936693464096,-38.3597569814915,salvador,BA
41510,-12.913388098534217,-38.3535914984708,salvador,BA
41680,-12.951849983601576,-38.40262950983905,salvador,BA
41635,-12.918456851184184,-38.35272390509517,salvador,BA
41620,-12.936672000000002,-38.363399999999984,salvador,BA
41613,-12.95780165962436,-38.395063974245375,salvador,BA
41612,-12.946099557591308,-38.37794265375959,salvador,BA
41760,-12.993606649460428,-38.44499495337294,salvador,BA
41720,-12.973746698857436,-38.43905887177561,salvador,BA
41815,-12.995364688037398,-38.46204192783773,salvador,BA
41830,-13.00486273633788,-38.46539390896759,salvador,BA
41810,-12.99286035292836,-38.45139313957492,salvador,BA
41820,-12.98158709241737,-38.45526521634257,salvador,BA
42600,-12.738051063597291,-38.60252746856557,madre de deus,BA
42739,-12.890113973874652,-38.35113726109743,lauro de freitas,BA
42738,-12.895112589380958,-38.33895999999978,lauro de freitas,BA
42850,-12.612785254478522,-38.30880282506203,dias d'avila,BA
42804,-12.723178662794815,-38.33144803755876,camacari,BA
43700,-12.784545646663265,-38.39048596300195,simões filho,BA
44024,-12.244947317790988,-38.98031811740434,feira de santana,BA
44082,-12.263456068378396,-38.9293114047869,feira de santana,BA
44200,-12.548774551976832,-38.71258824955349,santo amaro,BA
44380,-12.655868277332464,-39.10044839031422,cruz das almas,BA
44571,-12.967481745660082,-39.26316308671777,santo antonio de jesus,BA
44550,-12.84610014352753,-39.0904320424556,são felipe,BA
44720,-11.433782960882912,-40.59994790874497,miguel calmon,BA
44713,-11.409215807412826,-40.11681996706936,quixabeira,BA
45028,-14.859266906639837,-40.817382610599694,vitoria da conquista,BA
45026,-14.8893525,-40.84248825000001,vitoria da conquista,BA
45120,-14.859441898306486,-40.5734482146653,barra do choca,BA
45590,-14.434504729883969,-39.902406459767946,dario meira,BA
45530,-14.274911470763398,-38.99703199903161,itacare,BA
45656,-14.820535612979878,-39.03132950572518,ilhéus,BA
45780,-15.650992904270495,-40.064109836401,itarantim,BA
45710,-15.119168211880428,-40.06723059750183,itororo,BA
45700,-15.257043246448555,-40.24755211052718,itapetinga,BA
45810,-16.44446967266491,-39.06166956260506,porto seguro,BA
45836,-17.03045192465799,-39.54123165657179,itamaraju,BA
45816,-16.48006288480821,-39.06740132856377,arraial d'ajuda,BA
45880,-15.414317002261669,-39.497913802834034,camacan,BA
45807,-16.28592112697296,-39.02270440270471,santa cruz cabralia,BA
45930,-18.07497921030804,-39.54390851092875,mucuri,BA
46430,-14.224788977578138,-42.77686614606025,guanambi,BA
46400,-14.066621759983953,-42.49104721619407,caetité,BA
47850,-12.08678562555841,-45.79992414323213,luis eduardo magalhaes,BA
47806,-12.152841337963048,-44.99066031483059,barreiras,BA
47813,-12.169859806853127,-44.988369250768905,barreiras,BA
47950,-12.234753551058445,-44.41808211184115,cristopolis,BA
48080,-12.131446680472528,-38.43135914903751,alagoinhas,BA
48110,-12.35400013354152,-38.380318336228605,catu,BA
48410,-10.594433179978497,-38.38074697963245,cicero dantas,BA
48480,-11.507882283558226,-38.15397459433077,crisopolis,BA
48630,-8.848935603581472,-38.768004449583984,rodelas,BA
48601,-9.405860466685551,-38.21906311985151,paulo afonso,BA
48602,-9.40277511689584,-38.21976438394056,paulo afonso,BA
48790,-10.960619571867698,-38.78738239695715,tucano,BA
48840,-10.668966503041071,-39.50042207887252,cansancao,BA
48850,-10.68728140496204,-39.85994475032581,itiuba,BA
48895,-11.462450913070407,-39.52558511603,sao domingos,BA
48930,-8.807690107708549,-39.675046980346586,curaçá,BA
49030,-10.970164794304576,-37.061643830745815,aracaju,SE
49050,-10.927157352800547,-37.06307868960052,aracaju,SE
49020,-10.931468792688452,-37.05537365765475,aracaju,SE
49090,-10.890598504039366,-37.09138541395927,aracaju,SE
49055,-10.91144883576364,-37.05969723828957,aracaju,SE
49490,-10.71619120666806,-38.16969037202442,poco verde,SE
50610,-8.05633821472036,-34.90578601080431,recife,PE
50721,-8.046099932281132,-34.92918518082404,recife,PE
50761,-8.067201485429052,-34.92588476894224,recife,PE
50771,-8.089194059120523,-34.92564794532288,recife,PE
50741,-8.048129348765498,-34.954768873333656,recife,PE
50780,-8.094041099082478,-34.93892629698763,recife,PE
50810,-8.032302911189309,-34.954410332217705,recife,PE
50910,-8.080459627531882,-34.93856877047144,recife,PE
51020,-8.109659996393315,-34.89334721273588,recife,PE
51021,-8.124466128224375,-34.896920107276785,recife,PE
51011,-8.097784915917195,-34.887951951485775,recife,PE
51230,-8.11796411422037,-34.942421754574,recife,PE
51250,-8.138173275583135,-34.9322264583223,recife,PE
53110,-8.028732446852084,-34.86715478143571,olinda,PE
53240,-8.006796953179887,-34.85447344331129,olinda,PE
53220,-8.014732471910285,-34.87193288165744,olinda,PE
53437,-7.930176473795966,-34.826440694351234,paulista,PE
54080,-8.110529968636387,-35.01942476643208,jaboatao dos guararapes,PE
54310,-8.157546902154344,-34.92237220323166,jaboatao dos guararapes,PE
54440,-8.224262582231376,-34.93262400191681,jaboatao dos guararapes,PE
54520,-8.286858523457754,-35.02236507285474,cabo de santo agostinho,PE
54753,-8.011133014715186,-34.967871440186975,camaragibe,PE
54705,-8.003074097409037,-35.020456108661755,sao lourenco da mata,PE
55036,-8.276826510675813,-36.000013583819026,caruaru,PE
55170,-8.151652952943909,-36.36954681604157,brejo da madre de deus,PE
55296,-8.892888006125926,-36.48858119678388,garanhuns,PE
55330,-9.171474107786908,-36.68549070545152,bom conselho,PE
55385,-8.658607499999995,-36.318078,lajedo,PE
55540,-8.677580187145876,-35.58735900260141,palmares,PE
55644,-8.208423317991008,-35.56779396710883,gravata,PE
55750,-7.843463901327343,-35.761015798604696,surubim,PE
55814,-7.845083036047171,-35.25775907209436,carpina,PE
55940,-7.587235298393872,-35.09767428315629,condado,PE
56180,-8.512087572996801,-39.30738516529125,cabrobo,PE
56250,-7.756134708582977,-40.2708052522259,trindade,PE
56304,-9.39083242853022,-40.50556809146507,petrolina,PE
56328,-9.400220802682254,-40.49010877826116,petrolina,PE
56306,-9.390824550637753,-40.51182054662704,petrolina,PE
56330,-9.377889517889177,-40.49594016180967,petrolina,PE
56395,-8.995694202421916,-40.26914082439451,lagoa grande,PE
56310,-9.393825091042816,-40.47229872818703,petrolina,PE
56308,-9.394855973628053,-40.517578168330544,petrolina,PE
56460,-8.97445277384061,-38.21986668988561,petrolandia,PE
56780,-7.599095527886835,-37.53589447599233,tabira,PE
57035,-9.656441569634511,-35.71199490093108,maceio,AL
57030,-9.66563067554392,-35.718308303768296,maceio,AL
57051,-9.65107100329769,-35.731439969310806,maceio,AL
57017,-9.640899000000005,-35.74474649999999,maceio,AL
57074,-9.551496583126546,-35.74667422938432,maceio,AL
57200,-10.290662999999991,-36.583199999999984,penedo,AL
57305,-9.749041409132976,-36.66865851711054,arapiraca,AL
57607,-9.413894146861326,-36.6400317146707,palmeira dos indios,AL
58037,-7.09075180297714,-34.83692990306102,joao pessoa,PB
58038,-7.101960317242725,-34.84236014348782,joão pessoa,PB
58085,-7.141041890645741,-34.88702164793122,joao pessoa,PB
58078,-7.180554059120531,-34.88242913849615,joao pessoa,PB
58069,-7.200730181887968,-34.88520522800217,joão pessoa,PB
58432,-7.232781142391293,-35.91307189203071,santa cecilia de umbuzeiro,PB
58407,-7.223608617819773,-35.87588797757268,campina grande,PB
58421,-7.265494933473603,-35.92276050212974,campina grande,PB
58600,-6.873733280094592,-36.91189865386837,santa luzia,PB
58704,-7.01885408301656,-37.28096338237764,patos,PB
58840,-6.767805037736034,-37.80071882007359,pombal,PB
58880,-6.3798659151622745,-37.82503164805101,brejo dos santos,PB
58900,-6.895225938871665,-38.56192119638417,cajazeiras,PB
59067,-5.8589472881008176,-35.24596161172017,natal,RN
59086,-5.87077334110451,-35.20888722814357,natal,RN
59090,-5.885825448237058,-35.17532698765074,natal,RN
59054,-5.810642387044395,-35.21847412749212,natal,RN
59069,-5.8450761509896445,-35.2423493336027,natal,RN
59077,-5.84026560421836,-35.20826026672055,natal,RN
59151,-5.882257292719153,-35.2040340366164,parnamirim,RN
59125,-5.750386648075452,-35.24546581626178,natal,RN
59200,-6.231369044510069,-36.0208031553571,santa cruz,RN
59965,-6.399482171298861,-38.01853582557377,alexandria,RN
60050,-3.74823015617247,-38.524955034010006,fortaleza,CE
60165,-3.7254671692561754,-38.49806677238976,fortaleza,CE
60192,-3.7426544213168538,-38.48417765306712,fortaleza,CE
60175,-3.723440428156569,-38.47693909661432,fortaleza,CE
60190,-3.750499353377695,-38.474946043861365,fortaleza,CE
60320,-3.727902784537524,-38.560445470261314,fortaleza,CE
60335,-3.713471095804672,-38.55807566583006,fortaleza,CE
60510,-3.760066708201816,-38.57890979810727,fortaleza,CE
60763,-3.8169543789999807,-38.592254999999966,fortaleza,CE
60712,-3.804035508639272,-38.56550167352259,fortaleza,CE
60741,-3.780360995008341,-38.54431954524207,fortaleza,CE
60811,-3.7723706516872326,-38.50259139127932,fortaleza,CE
60866,-3.832767738500968,-38.51599711109338,fortaleza,CE
61645,-3.757594499999996,-38.61652499999998,caucaia,CE
61631,-3.695141558869452,-38.600180527886735,caucaia,CE
61814,-3.8888089029999264,-38.60311288599996,pacatuba,CE
61933,-3.869721516489664,-38.588532856129326,maracanaú,CE
61932,-3.8541886300200434,-38.58477618380895,maracanau,CE
62030,-3.668229235718116,-40.37281407181986,sobral,CE
62022,-3.686661555260325,-40.3638842516532,sobral,CE
62380,-4.166813756806272,-40.75206516990775,guaraciaba do norte,CE
62360,-3.920747424136267,-40.888623260686686,ibiapina,CE
62400,-2.906605966187089,-40.84265447432061,camocim,CE
62430,-3.119716880540989,-40.83047988798006,granja,CE
62595,-2.92365110618486,-40.175865560453445,cruz,CE
62598,-2.795139681135044,-40.51783866646798,jijoca de jericoacoara,CE
62685,-3.4383981695425083,-39.1501076532146,paraipaba,CE
62670,-3.609668999999947,-38.96661049999997,sao goncalo do amarante,CE
62790,-4.225690029422056,-38.729118769792855,redencao,CE
62700,-4.35771145747809,-39.31491288210802,caninde,CE
62800,-4.562180013655128,-37.76662475281954,aracati,CE
62910,-4.748310000000004,-37.96256215414699,palhano,CE
63010,-7.201908,-39.320293500000005,juazeiro do norte,CE
63011,-7.198938075795342,-39.31943129384031,juazeiro do norte,CE
63122,-7.2286001834224765,-39.4009111930953,crato,CE
63125,-7.236980312203903,-39.39516068035979,crato,CE
63300,-6.755386742362436,-38.96694518611535,lavras da mangabeira,CE
63515,-6.252816380707373,-39.19933766893757,quixelô,CE
63520,-6.2472834287083066,-38.91596633550679,oros,CE
63765,-4.942095128939913,-40.53839853792978,sucesso,CE
64016,-5.098783663015884,-42.7970712687556,teresina,PI
64078,-5.102923114687079,-42.76012111901045,teresina,PI
64002,-5.077309047100612,-42.811760520500144,teresina,PI
64015,-5.103532783926277,-42.7888201744011,teresina,PI
64077,-5.106539178646557,-42.77271992985119,teresina,PI
64290,-5.046021758936793,-42.44861075624933,altos,PI
64260,-4.266378331490602,-41.77837489461923,piripiri,PI
64280,-4.827952238567884,-42.1610348778886,campo maior,PI
64330,-5.502728385672942,-41.32488129445539,sao miguel do tapuio,PI
64340,-5.3218992707087605,-41.5517296208376,castelo do piaui,PI
64800,-6.765049042930655,-43.02825025138064,floriano,PI
64803,-6.764355784737281,-43.00822533104744,floriano,PI
65062,-2.5186853294477487,-44.24251930613423,sao luis,MA
65072,-2.546079233971952,-44.3089863702464,são luís,MA
65071,-2.5221512411853046,-44.25581447515726,sao luis,MA
65058,-2.572329289004968,-44.19951421099502,sao luis,MA
65066,-2.5070346576439486,-44.21214992867017,sao luis,MA
65067,-2.4863595238302167,-44.2333616871893,sao luis,MA
65043,-2.5643920988495608,-44.26473253641824,sao luis,MA
65059,-2.5591982905823234,-44.22961430169082,sao luis,MA
65306,-3.666512348758456,-45.391343153265375,santa inês,MA
65470,-4.039362604204154,-44.46361486507078,sao mateus do maranhao,MA
65500,-3.741395770192256,-43.36664989629181,chapadinha,MA
65510,-3.632300980197133,-43.113998235147854,mata roma,MA
65530,-3.2098431041612465,-43.40731801986636,urbano santos,MA
65640,-5.684905394543333,-43.11414486203611,parnarama,MA
65740,-4.751404235220042,-44.93839063876921,pocao de pedras,MA
65700,-4.24012275790623,-44.786714105913,bacabal,MA
65790,-5.573837987577579,-44.38433463702893,sao domingos do maranhao,MA
65800,-7.511492507642972,-46.04703653821487,balsas,MA
65911,-5.521374746990354,-47.49423698074503,imperatriz,MA
65950,-5.508554017485669,-45.23964287233554,barra do corda,MA
66065,-1.473505376074785,-48.46997985443469,belem,PA
66055,-1.4490947274224149,-48.484601999451726,belem,PA
66040,-1.455169760979064,-48.48183489231919,belem,PA
66023,-1.4653900588320616,-48.49932165791454,belem,PA
66080,-1.4219309958450534,-48.46648868235325,belem,PA
66087,-1.4224300521669595,-48.46335636193654,belem,PA
66113,-1.4294941285128355,-48.48516739935964,belem,PA
66615,-1.398302853453761,-48.45359410502642,belem,PA
66635,-1.356206424661545,-48.45374911705526,belem,PA
66914,-1.353804369698152,-48.43681520053087,belem,PA
67030,-1.3530243841636622,-48.37987589266907,ananindeua,PA
67113,-1.3771538267361845,-48.42040092554289,ananindeua,PA
67200,-1.3614698897066804,-48.34930091963961,marituba,PA
68193,-7.036262964535041,-55.41026891876317,novo progresso,PA
68138,-3.8680705441363914,-54.215231563619774,placas,PA
68552,-8.037943887491886,-50.03656537931162,redencao,PA
68665,-1.9327136441806896,-47.04766159899538,garrafao do norte,PA
68633,-4.29672359708408,-47.56233693998556,dom eliseu,PA
68658,-2.1349964183884347,-47.55940238929005,aurora do para,PA
68682,-2.4193141198841253,-48.24922433763184,quatro bocas,PA
68750,-0.7380879143105327,-47.85696127183356,curuca,PA
69037,-3.0759726414735384,-60.0860595364418,manaus,AM
69018,-2.973389492942136,-60.00682927953094,manaus,AM
69025,-3.118810547319532,-60.02913966180968,manaus,AM
69054,-3.0708780036066834,-60.00674409409081,manaus,AM
69303,2.803298771665072,-60.67586684273407,boa vista,RR
69919,-9.95131749999996,-67.85151076599993,rio branco,AC
69908,-10.013767311448731,-67.78332046811606,rio branco,AC
70235,-15.812658217593002,-47.89365639297883,brasília,DF
70297,-15.832939715385043,-47.91601122220336,brasília,DF
70258,-15.823475166778234,-47.90297761682508,brasilia,DF
70299,-15.838757184446514,-47.92076003881197,brasilia,DF
70254,-15.820762857161284,-47.90108655955913,brasilia,DF
70337,-15.806380500000005,-47.8958085,brasilia,DF
70351,-15.810784561964333,-47.90562191264542,brasilia,DF
70340,-15.79809176117956,-47.8935500981107,brasilia,DF
70383,-15.826540500000002,-47.92094325000001,brasilia,DF
70361,-15.8184427159618,-47.91715259227622,brasilia,DF
70673,-15.806524500000004,-47.93582925,brasilia,DF
70648,-15.788943473358437,-47.93638791061641,brasilia,DF
70655,-15.793045641539404,-47.9390598071763,cruzeiro,DF
70680,-15.78404999999995,-47.91689999999997,brasília,DF
70740,-15.769799999999991,-47.89016774999999,brasilia,DF
70767,-15.746057999999998,-47.894445,brasilia,DF
70745,-15.769515161022476,-47.88705793226968,brasilia,DF
70737,-15.773458610046749,-47.88547446779968,brasilia,DF
70800,-15.75579960312184,-47.865931631571264,brasilia,DF
70856,-15.761172953338969,-47.878636368437625,brasilia,DF
70842,-15.77595393284163,-47.87861266420813,brasilia,DF
71015,-15.825499262113878,-47.98823901541496,brasília,DF
71070,-15.84494561197996,-47.98527498130505,brasilia,DF
71060,-15.833616409836765,-47.98332641244141,brasilia,DF
71215,-15.81777,-47.95696124999999,brasília,DF
71200,-15.805754999999998,-47.96828099999999,brasilia,DF
71692,-15.906619276539498,-47.776985409783606,brasilia,DF
71691,-15.906466093180695,-47.77423989072256,brasilia,DF
71880,-15.903720314886394,-48.0418118655531,brasilia,DF
71929,-15.83961825701954,-48.037775007437,brasilia,DF
71936,-15.841450954140925,-48.024025688112914,brasilia,DF
71937,-15.838387228836044,-48.01147928126522,brasilia,DF
71907,-15.832475819308588,-48.01033388194513,brasilia,DF
71925,-15.842882222788113,-48.023477609091415,brasília,DF
71906,-15.830932016803072,-48.0110489635657,brasilia,DF
72016,-15.837492023626664,-48.06334858565047,brasilia,DF
72015,-15.840667480274698,-48.051942900348365,brasília,DF
72025,-15.860897819196252,-48.04271941277336,brasília,DF
72007,-15.75329499999998,-48.04162999999997,brasília,DF
72145,-15.808625940558905,-48.09307854487662,brasilia,DF
72135,-15.812449473573292,-48.07349588375061,brasilia,DF
72220,-15.838528302842304,-48.110470859171926,ceilandia,DF
72233,-15.84773403146559,-48.11320617572606,ceilandia,DF
72312,-15.884372942145603,-48.076475145384855,samambaia,DF
72323,-15.880175850969112,-48.11775609087277,brasilia,DF
72450,-16.008511777961637,-48.05001692124417,brasilia,DF
72460,-16.02294658397918,-48.05071815778448,brasilia,DF
72630,-15.910909497181192,-48.059098731078,brasilia,DF
72735,-15.664849890577589,-48.19369272261167,brasília,DF
72810,-16.25091275587183,-47.95781462520741,luziania,GO
72801,-16.256510999999996,-47.96285546547072,luziania,GO
72878,-16.054549899999927,-47.97426549999994,valparaiso de goias,GO
72872,-16.087331092411024,-47.98809526771883,valparaiso de goias,GO
72862,-16.103506759492763,-48.08927105622765,novo gama,GO
73080,-15.628575585570688,-47.82818183221465,brasilia,DF
73105,-15.654091048625505,-47.86089188525851,brasilia,DF
73252,-15.687127618933868,-47.8263635190533,brasilia,DF
73270,-15.793031232298508,-47.84911632722603,brasilia,DF
73250,-15.57796552252159,-48.00730195946881,brasilia,DF
73360,-15.62299518535027,-47.65010744842545,brasilia,DF
73780,-14.980008322372788,-47.77846316061065,agua fria de goias,GO
73752,-15.454584999999952,-47.60120021499995,planaltina,GO
73813,-15.556702086040726,-47.334031019706856,formosa,GO
73890,-14.611790999999949,-46.808881999999954,flores de goias,GO
73900,-14.078271318010032,-46.35957202767279,posse,GO
74115,-16.684447684218387,-49.26611966674832,goiania,GO
74160,-16.696446874943895,-49.26452440440847,goiania,GO
74150,-16.69233053490511,-49.26801564804068,goiania,GO
74230,-16.711414860017403,-49.26711541248844,goiania,GO
74275,-16.714629409915183,-49.28125918781387,goiânia,GO
74250,-16.721556097981267,-49.28659459030166,goiânia,GO
74370,-16.727890500000004,-49.34988899999999,goiania,GO
74360,-16.735404279543758,-49.31493989611095,goiania,GO
74366,-16.715153857534975,-49.32516023026103,goiania,GO
74333,-16.7130367660346,-49.30127628290576,goiania,GO
74343,-16.73600057496822,-49.3025740827112,goiania,GO
74355,-16.774395987487942,-49.35625534901799,goiania,GO
74323,-16.69955774566663,-49.31646534449651,goiânia,GO
74485,-16.688730793830423,-49.33414637399583,goiania,GO
74473,-16.620597679766842,-49.31555469124452,goiania,GO
74477,-16.589197378883632,-49.37550517746181,goiania,GO
74550,-16.64535074864296,-49.290287092233314,goiania,GO
74645,-16.671296999999946,-49.23724849999997,goiania,GO
74610,-16.672306722859993,-49.24261182139876,goiânia,GO
74620,-16.66460157672196,-49.22295154031332,goiânia,GO
74884,-16.72204111672155,-49.18413937967532,goiania,GO
74805,-16.686493697053447,-49.24509963142649,goiania,GO
74930,-16.77015400112626,-49.34004189470734,aparecida de goiania,GO
74905,-16.743197999999946,-49.26037399999996,aparecida de goiania,GO
74975,-16.837912698028973,-49.24989205426351,aparecida de goiania,GO
75064,-16.3327550678405,-48.92035002041453,anapolis,GO
75106,-16.35896592547895,-48.94378041308836,anapolis,GO
75190,-16.623727111274967,-48.74197178681737,leopoldo de bulhoes,GO
75400,-16.33868934903781,-49.51475360384877,inhumas,GO
75524,-18.434155471964782,-49.210318783564354,itumbiara,GO
75560,-18.488681517312365,-49.47626897168086,cachoeira dourada,GO
75533,-18.400124929994416,-49.27964903733632,itumbiara,GO
75690,-17.73809306838113,-48.61592058436871,caldas novas,GO
75640,-17.303533209194768,-49.02125605030914,piracanjuba,GO
75780,-17.721846775831402,-48.1599787292141,ipameri,GO
75803,-17.899550776007825,-51.73890223841525,jataí,GO
75805,-17.876500006057867,-51.71943343997603,jatai,GO
75830,-17.545195576304636,-52.53858860410263,mineiros,GO
75804,-17.88031341331951,-51.73485654024823,jatai,GO
75940,-17.33854075449391,-49.935325100759925,edeia,GO
75905,-17.79614927833109,-50.91541016574972,rio verde,GO
75904,-17.773877231325535,-50.90511465031727,rio verde,GO
76100,-16.525054498657912,-50.3654766726809,sao luis de montes belos,GO
76105,-16.585863482898127,-50.30843734273628,firminopolis,GO
76230,-16.43982015293452,-51.809444085486106,piranhas,GO
76330,-15.746782747145032,-49.33373045721407,jaragua,GO
76550,-13.455341522938244,-49.144700706302814,porangatu,GO
76600,-15.941419739351268,-50.14285866371175,goias,GO
76801,-8.75306699999999,-63.90846,porto velho,RO
76890,-10.445071058772832,-62.47033504399883,jaru,RO
76812,-8.782796007707294,-63.845103578708766,porto velho,RO
76811,-8.807874956719097,-63.86838211337736,porto velho,RO
76940,-11.712917567901876,-61.775307472194704,rolim de moura,RO
76958,-11.726854003053392,-62.326068505717735,nova brasilandia d'oeste,RO
76908,-10.882510303598329,-61.92569214064854,ji-parana,RO
76980,-12.746557845117692,-60.145102048037096,vilhena,RO
77021,-10.210535003227529,-48.32590171355561,palmas,TO
77300,-11.627906717256852,-46.82146777001999,dianopolis,TO
77305,-12.215797939258335,-47.29364504987223,conceição do tocantins,TO
77360,-12.617158795204771,-47.87913877310236,parana,TO
77403,-11.72334022559505,-49.08583363427194,gurupi,TO
77500,-10.718468400245484,-48.40892080773838,porto nacional,TO
78020,-15.60297857178555,-56.10296014321507,cuiaba,MT
78048,-15.576436208832234,-56.08583213465215,cuiaba,MT
78043,-15.584669512986082,-56.10089206079052,cuiaba,MT
78025,-15.604560150803394,-56.11655137080604,cuiaba,MT
78099,-15.633093711827843,-55.9556383783604,cuiabá,MT
78195,-15.126563999999943,-55.58292349999997,chapada dos guimarães,MT
78115,-15.630736612778891,-56.10919862888316,varzea grande,MT
78250,-15.228087212204525,-59.3368078603097,pontes e lacerda,MT
78300,-14.626259297036649,-57.49943277213334,tangara da serra,MT
78380,-14.72790787334216,-57.04496580365321,denise,MT
78550,-11.874170563327857,-55.498995315239725,sinop,MT
78552,-11.829317247041294,-55.49644289081176,sinop,MT
78640,-13.55856770863092,-52.26752495815682,canarana,MT
78652,-10.645695310957183,-51.5682033250314,confresa,MT
78716,-16.438354742714523,-54.6439153411045,rondonopolis,MT
78705,-16.459042904113158,-54.656015716617055,rondonopolis,MT
78850,-15.572155522371638,-54.305904302386686,primavera do leste,MT
78830,-15.812079109113665,-54.922725734434536,dom aquino,MT
79002,-20.45701824063706,-54.60285131989711,campo grande,MS
79060,-20.522992498503932,-54.58910569730416,campo grande,MS
79020,-20.45741496364473,-54.59501939260764,campo grande,MS
79075,-20.54543913240797,-54.6465186201743,campo grande,MS
79070,-20.513026655837063,-54.61051356425641,campo grande,MS
79096,-20.51785256943139,-54.684589066558,campo grande,MS
79036,-20.445312274887744,-54.56891802541947,campo grande,MS
79150,-21.617147476604096,-55.17180102202648,maracaju,MS
79112,-20.43693938714196,-54.6579132805616,campo grande,MS
79103,-20.442607762709827,-54.67455451650418,campo grande,MS
79290,-21.12717351623222,-56.487507603013,bonito,MS
79200,-20.482308076210572,-55.79218937991555,aquidauana,MS
79415,-17.577454114756065,-54.75176406686125,sonora,MS
79400,-18.498574618152823,-54.751548779899416,coxim,MS
79540,-19.11358227631166,-51.73572123667424,cassilandia,MS
79550,-18.5308593453196,-53.13055155354618,costa rica,MS
79500,-19.664797258045176,-51.19225174760413,paranaiba,MS
79610,-20.808868063026495,-51.694900127693735,tres lagoas,MS
79780,-21.717182442785404,-52.42237346425372,bataguassu,MS
79833,-22.22034086651761,-54.77424650711413,dourados,MS
79904,-22.52284115993474,-55.711830616350696,ponta pora,MS
80010,-25.43548786011886,-49.270213781291496,curitiba,PR
80035,-25.40283336663972,-49.24723070413756,curitiba,PR
80030,-25.41420518595992,-49.259492785590666,curitiba,PR
80020,-25.425497629753597,-49.26880418595993,curitiba,PR
80050,-25.439106561486454,-49.23689875714125,curitiba,PR
80045,-25.42552957617298,-49.254479518177625,curitiba,PR
80040,-25.41810890007532,-49.2549331354036,curitiba,PR
80240,-25.453155877315545,-49.2850395992267,curitiba,PR
80230,-25.44041155231119,-49.27281542157665,curitiba,PR
80250,-25.4389681470945,-49.27448441188181,curitiba,PR
80215,-25.44384908076061,-49.25520561183576,curitiba,PR
80220,-25.45005712155927,-49.2606739118818,curitiba,PR
80320,-25.45871651095423,-49.30218888165614,curitiba,PR
80310,-25.464029318048183,-49.30472794690424,curitiba,PR
80330,-25.472734941716197,-49.30563836747645,curitiba,PR
80430,-25.43328294393789,-49.28042347446478,curitiba,PR
80420,-25.434899979456432,-49.28320625116862,curitiba,PR
80510,-25.416444206215026,-49.28185035596391,curitiba,PR
80620,-25.45385542382702,-49.286168717179294,curitiba,PR
80610,-25.46921399278664,-49.29393514695028,curitiba,PR
80730,-25.4335612739339,-49.29695352080336,curitiba,PR
80740,-25.44145496502972,-49.31273063488947,curitiba,PR
81050,-25.49503825145709,-49.29960146295223,curitiba,PR
81020,-25.491606559524563,-49.28283748666978,curitiba,PR
81070,-25.48015350874257,-49.29687243020366,curitiba,PR
81130,-25.51123247821568,-49.30311141618097,curitiba,PR
81280,-25.434992398266637,-49.35249508144927,curitiba,PR
81210,-25.4439745033258,-49.32947681717858,curitiba,PR
81240,-25.473152975849757,-49.3401535732588,curitiba,PR
81200,-25.4400884207686,-49.34526604939701,curitiba,PR
81260,-25.474502573234364,-49.35249257828181,curitiba,PR
81315,-25.510172573691484,-49.32300242824175,curitiba,PR
81330,-25.48613423452021,-49.3348400471753,curitiba,PR
81350,-25.508669747227305,-49.33026677895873,curitiba,PR
81490,-25.58719360032323,-49.32331092576026,curitiba,PR
81450,-25.498147452680467,-49.34864249999998,curitiba,PR
81570,-25.481998582838084,-49.23384196904042,curitiba,PR
81520,-25.459127696635733,-49.23715637356463,curitiba,PR
81610,-25.47823502865101,-49.2487200844524,curitiba,PR
81650,-25.496876096024057,-49.232400160424696,curitiba,PR
81630,-25.484788854838737,-49.25536574672524,curitiba,PR
81770,-25.5347523805182,-49.236641559813016,curitiba,PR
81720,-25.52418339439665,-49.2531228753823,curitiba,PR
81710,-25.4985654229174,-49.2677192917704,curitiba,PR
81810,-25.50714419618402,-49.27207460483913,curitiba,PR
81825,-25.526084940879464,-49.27440966694559,curitiba,PR
81880,-25.539430693865768,-49.2886326382077,curitiba,PR
81930,-25.56660371995524,-49.28299262236466,curitiba,PR
81910,-25.53334346710718,-49.26949584595194,curitiba,PR
82300,-25.413908553147916,-49.34702339687815,curitiba,PR
82320,-25.40444171696837,-49.34025084016421,curitiba,PR
82400,-25.393345281980704,-49.35098627800838,curitiba,PR
82515,-25.401775500000003,-49.22824049999999,curitiba,PR
82560,-25.398981180227207,-49.24692992975385,curitiba,PR
82600,-25.39156863558196,-49.213520460038055,curitiba,PR
82620,-25.3790622139032,-49.22700417208608,curitiba,PR
82640,-25.383237045242065,-49.23195552997861,curitiba,PR
82810,-25.43585833749783,-49.22158276824976,curitiba,PR
82840,-25.4046727705902,-49.19971258303454,curitiba,PR
82820,-25.424755962259752,-49.2010723395753,curitiba,PR
82800,-25.43880303497028,-49.22994083568014,curitiba,PR
82930,-25.455338193173286,-49.21312031640601,curitiba,PR
83010,-25.533552342489493,-49.18726902068778,sao jose dos pinhais,PR
83045,-25.50558541220332,-49.18988673051925,sao jose dos pinhais,PR
83020,-25.550486998908475,-49.18996687114555,sao jose dos pinhais,PR
83065,-25.50752580959667,-49.16454300054825,sao jose dos pinhais,PR
83070,-25.516321166801344,-49.12281815098963,sao jose dos pinhais,PR
83260,-25.758995329617274,-48.508339282916765,matinhos,PR
83255,-25.621204126016725,-48.42208269355905,pontal do parana,PR
83209,-25.547635663426608,-48.52779305562683,paranagua,PR
83325,-25.422248161753803,-49.17481523920898,pinhais,PR
83324,-25.428798209273445,-49.19005993003079,pinhais,PR
83331,-25.44690031975288,-49.16096874271452,pinhais,PR
83323,-25.440714449910494,-49.188443906024766,pinhais,PR
83321,-25.44450819623171,-49.17725474672523,pinhais,PR
83370,-25.43428873156633,-48.71656095355144,antonina,PR
83409,-25.371132577664817,-49.18125077989034,colombo,PR
83408,-25.371298736141743,-49.18823376385825,colombo,PR
83402,-25.34347077721826,-49.227809047574894,colombo,PR
83535,-25.372162488430515,-49.35319575578474,campo magro,PR
83605,-25.446647385196982,-49.55563586004068,campo largo,PR
83750,-25.775721800206885,-49.72398059937935,lapa,PR
83880,-26.08644812451248,-49.78075054841446,rio negro,PR
83830,-25.665981910215244,-49.32886111300174,fazenda rio grande,PR
83800,-25.77404958940785,-49.32914580930774,mandirituba,PR
83860,-26.09951042219324,-49.43039517089023,pien,PR
84015,-25.074043009435066,-50.15132717124473,ponta grossa,PR
84040,-25.11074915875126,-50.16128768235323,ponta grossa,PR
84172,-24.794234999999997,-49.99697099999999,castro,PR
84196,-23.702852723394397,-46.401558774842776,colonia castrolanda,PR
84261,-24.325839812534188,-50.620755625778536,telemaco borba,PR
84350,-24.21479006332944,-50.93493112717941,ortigueira,PR
84345,-24.247862548261367,-50.24561447987722,ventania,PR
84660,-26.41825719344005,-51.3163760544167,general carneiro,PR
84925,-23.788481333229072,-50.06095793185343,pinhalao,PR
85045,-25.35863541191045,-51.48439888213432,guarapuava,PR
85200,-24.75751269190114,-51.76142521085123,pitanga,PR
85340,-25.49325683267302,-52.52537824900953,rio bonito do iguacu,PR
85420,-24.78917348429311,-53.2958634842931,corbelia,PR
85465,-25.428031566796456,-52.8418471317496,espigao alto do iguacu,PR
85555,-26.48257236390896,-51.9929615275,palmas,PR
85501,-26.23309163375265,-52.67355012674504,pato branco,PR
85570,-25.833485153761792,-52.73114333335846,são joão,PR
85509,-26.24369336048591,-52.69758377302932,pato branco,PR
85603,-26.003670174999968,-53.23275043899997,francisco beltrao,PR
85605,-26.077204237725507,-53.04127445014873,francisco beltrao,PR
85650,-25.787216999999945,-53.43283249999996,santa izabel do oeste,PR
85790,-25.47603,-53.61668325,capitao leonidas marques,PR
85780,-25.445289813645804,-53.40647333423502,boa vista da aparecida,PR
85807,-24.9409988170985,-53.4931867821282,cascavel,PR
85818,-24.96867905661036,-53.42122688063376,cascavel,PR
85819,-24.98699978821639,-53.450685208725176,cascavel,PR
85812,-24.950870359714838,-53.45032742855887,cascavel,PR
85801,-24.961400882504734,-53.45816618100577,cascavel,PR
85863,-25.52742965797669,-54.57570382833004,foz do iguacu,PR
85875,-25.43158405315624,-54.402330873588255,santa terezinha de itaipu,PR
85810,-24.94812606272721,-53.45992279514128,cascavel,PR
85892,-24.854103580770524,-54.33630561913154,santa helena,PR
85802,-24.966371460470743,-53.46488320191585,cascavel,PR
85950,-24.2874063973452,-53.83883336666032,palotina,PR
85903,-24.71858536767589,-53.76181706327768,toledo,PR
85910,-24.75300694197659,-53.72502305170717,toledo,PR
85901,-24.73858251608397,-53.73620901608396,toledo,PR
85904,-24.709844492474502,-53.75003279931422,toledo,PR
86056,-23.31839640244674,-51.22474556148647,londrina,PR
86015,-23.32090779750426,-51.15760695247892,londrina,PR
86047,-23.35069393173468,-51.16308555117244,londrina,PR
86010,-23.32532644463037,-51.15843393839796,londrina,PR
86037,-23.316208922273155,-51.11121320098855,londrina,PR
86050,-23.331043778111702,-51.17743350000001,londrina,PR
86060,-23.309902583386343,-51.172848272548926,londrina,PR
86073,-23.280367482796247,-51.188884291727966,londrina,PR
86081,-23.263893735839535,-51.18150870269487,londrina,PR
86084,-23.25795336554321,-51.15321467790985,londrina,PR
86030,-23.294709000000005,-51.11458875,londrina,PR
86360,-23.123801224965774,-50.37285801357385,bandeirantes,PR
86385,-23.11527383783278,-50.17926898432253,barra do jacare,PR
86460,-23.30101085357984,-50.31528949823455,abatia,PR
86605,-23.32155055487895,-51.363541933513794,rolandia,PR
86600,-23.31259824896755,-51.36894941889966,rolandia,PR
86706,-23.420739085916825,-51.41460369847018,arapongas,PR
86702,-23.387311444268136,-51.44520034138108,arapongas,PR
86813,-23.579294110388933,-51.43262509645364,apucarana,PR
86800,-23.552512530494816,-51.46349357996916,apucarana,PR
86804,-23.540448877849485,-51.45277360323112,apucarana,PR
86840,-23.99732810820379,-51.31358474739845,faxinal,PR
86820,-23.66246075422907,-51.36170643202616,california,PR
86900,-23.606669525990736,-51.64366204983979,jandaia do sul,PR
86975,-23.50634532242993,-51.696090205659,mandaguari,PR
86960,-24.02810801846768,-52.00953010663331,barbosa ferraz,PR
87025,-23.377396999935016,-51.93100618003307,maringa,PR
87020,-23.40870190356673,-51.94097450684423,maringa,PR
87083,-23.38219409935399,-51.95529780691714,maringa,PR
87047,-23.41000679702781,-51.88262571961486,maringa,PR
87030,-23.41848622413047,-51.92625934548862,maringa,PR
87050,-23.437975269077903,-51.91385959802448,maringa,PR
87005,-23.435118221374,-51.92885489694695,maringa,PR
87040,-23.41382198370398,-51.90777440824636,maringa,PR
87043,-23.40545272144952,-51.89969510559497,maringa,PR
87023,-23.38785238112001,-51.94226366643197,maringa,PR
87015,-23.42880633856904,-51.97183135000928,maringa,PR
87065,-23.396179945356447,-51.925220060790366,maringá,PR
87045,-23.42831529103202,-51.89302878219085,maringa,PR
87035,-23.386583094415077,-51.905343129948655,maringa,PR
87111,-23.45643088849288,-51.86636940192774,sarandi,PR
87114,-23.431481257369107,-51.85490851643521,sarandi,PR
87120,-23.613754451404706,-52.07833684989032,floresta,PR
87185,-23.313596694739694,-52.30406621904029,florai,PR
87230,-23.62208737103585,-52.46578937273949,jussara,PR
87340,-24.304112999999997,-52.533738,mambore,PR
87303,-24.03529260389033,-52.37957021179355,campo mourao,PR
87504,-23.748416432474365,-53.29690112215509,umuarama,PR
87502,-23.757178599774967,-53.29107393545511,umuarama,PR
87709,-23.07397705129355,-52.44313832837248,paranavai,PR
87900,-22.931426544866625,-53.13375928731349,loanda,PR
88034,-27.57865911904912,-48.50709600207745,florianopolis,SC
88036,-27.590329257833734,-48.52015089439666,florianopolis,SC
88015,-27.59186031447276,-48.54902548765073,florianópolis,SC
88070,-27.58657286234056,-48.578813680679794,florianopolis,SC
88058,-27.44750424718865,-48.39733340340489,florianopolis,SC
88063,-27.68775442656832,-48.48827427364544,florianópolis,SC
88095,-27.582279610883464,-48.58985233291018,florianopolis,SC
88020,-27.59598577448037,-48.54618547457063,florianópolis,SC
88040,-27.609381931838456,-48.52161978907573,florianopolis,SC
88054,-27.42864592363426,-48.45905918284473,florianopolis,SC
88085,-27.60731306466045,-48.59058002775691,florianopolis,SC
88037,-27.60066334139297,-48.51412134485542,florianopolis,SC
88050,-27.541774322739933,-48.524876521904254,florianopolis,SC
88113,-27.562633674958704,-48.63782800645296,sao jose,SC
88110,-27.576619500608015,-48.61693708192752,sao jose,SC
88132,-27.64301988374891,-48.6725565749633,palhoca,SC
88117,-27.586488478573195,-48.610576008298985,sao jose,SC
88130,-27.666286906608608,-48.65481338508792,palhoca,SC
88111,-27.568918660944803,-48.6332460149761,sao jose,SC
88115,-27.543786658615705,-48.62567962615467,sao jose,SC
88106,-27.61033695403959,-48.64766592069694,são josé,SC
88137,-27.623801411846078,-48.67428578001718,palhoça,SC
88160,-27.49432999699404,-48.66242401404204,biguacu,SC
88215,-27.14294161449014,-48.50728684609616,bombinhas,SC
88200,-27.24191068154528,-48.61743425899997,tijucas,SC
88301,-26.91626999999994,-48.65245999999996,itajaí,SC
88309,-26.895499920863333,-48.687951531134914,itajai,SC
88311,-26.87764172364386,-48.70544081597868,itajai,SC
88350,-27.12100682014913,-48.94116396455869,brusque,SC
88330,-26.999696999999948,-48.63513949999995,balneario camboriu,SC
88303,-26.912428672061186,-48.6773810666573,itajai,SC
88370,-26.88690680838387,-48.66214683641898,navegantes,SC
88390,-26.70909855991671,-48.69369179611,barra velha,SC
88371,-26.878955021651237,-48.68433308448546,navegantes,SC
88316,-26.94530777195044,-48.71846720655428,itajai,SC
88359,-27.14105704919435,-48.96146112936535,brusque,SC
88495,-28.03172040884407,-48.62388672140172,garopaba,SC
88475,-27.909599359484886,-49.13261919315861,anitapolis,SC
88504,-27.82214624923539,-50.34177358422306,lages,SC
88501,-27.81568867055225,-50.33589889924407,lages,SC
88503,-27.83050585567545,-50.32859813849615,lages,SC
88508,-27.807024551762936,-50.31439284387447,lages,SC
88600,-28.291582383859733,-49.933255822992784,sao joaquim,SC
88704,-28.46951928224586,-48.99324969252177,tubarao,SC
88780,-28.190231258277556,-48.66460352500113,imbituba,SC
88750,-28.27354928978744,-49.16896410025293,braco do norte,SC
88730,-28.327530882623098,-49.18050954005345,sao ludgero,SC
88715,-28.621531461000867,-49.023995719014565,jaguaruna,SC
88802,-28.680422038680614,-49.36995209892042,criciuma,SC
88815,-28.692374718228557,-49.34024683242198,criciuma,SC
88850,-28.748325046839994,-49.483182534145975,forquilhinha,SC
88840,-28.526461585008278,-49.32174954817925,urussanga,SC
88813,-28.680001204874007,-49.345926043307074,criciúma,SC
88817,-28.67404615602646,-49.409246451214905,criciúma,SC
88915,-28.86100263994921,-49.446676367068925,maracana,SC
89031,-26.882803470063276,-49.10761309562108,blumenau,SC
89037,-26.91225753204585,-49.11088518056733,blumenau,SC
89023,-26.953576281983977,-49.08280584277794,blumenau,SC
89040,-26.920205271548127,-49.123727309614914,blumenau,SC
89041,-26.91141069525076,-49.11143612738765,blumenau,SC
89030,-26.89920664224707,-49.08352347071387,blumenau,SC
89046,-26.92271706469511,-49.14820561360983,blumenau,SC
89082,-26.895813293115783,-49.24766995646648,indaial,SC
89160,-27.20981137280685,-49.63292048422235,rio do sul,SC
89198,-26.942585142640656,-50.13865875819567,rio do campo,SC
89163,-27.20163932194593,-49.65371045031453,rio do sul,SC
89128,-26.229442939484237,-49.4052167110414,luiz alves,SC
89120,-26.83365489702238,-49.26170944102369,timbo,SC
89115,-26.723201007518394,-48.93223082369532,luiz alves,SC
89190,-27.11748865001931,-50.01200135402357,taio,SC
89295,-26.261841794823777,-49.5235885039339,rio negrinho,SC
89228,-26.287890550358416,-48.778370341304736,joinville,SC
89222,-26.272013820675983,-48.85081272303685,joinville,SC
89240,-26.245495127938263,-48.634314956564246,sao francisco do sul,SC
89256,-26.487035474897464,-49.071400994171626,jaragua do sul,SC
89224,-26.270134671231133,-48.80876106346335,joinville,SC
89203,-26.302574503750908,-48.85193236372555,joinville,SC
89202,-26.313496554532893,-48.84862528282071,joinville,SC
89251,-26.491731442148883,-49.07562289508913,jaragua do sul,SC
89237,-26.29225819900166,-48.91274413780365,joinville,SC
89215,-26.3367734454671,-48.906451424923546,joinville,SC
89225,-26.25351566740153,-48.80168204279203,joinville,SC
89218,-26.270855620639093,-48.86166604614817,joinville,SC
89259,-26.49816628796401,-49.08619647149698,jaragua do sul,SC
89270,-26.47119165563505,-48.99874721931727,guaramirim,SC
89211,-26.33702051096427,-48.85493475437127,joinville,SC
89248,-26.02136726871851,-48.851805442616914,garuva,SC
89254,-26.46850294670808,-49.109883098307336,jaragua do sul,SC
89204,-26.283149245628717,-48.85128463059032,joinville,SC
89217,-26.285093458703344,-48.87010250956512,joinville,SC
89201,-26.297897521784314,-48.84623041326677,joinville,SC
89214,-26.330548143460163,-48.88090174304856,joinville,SC
89289,-26.247030877437457,-49.4588742703789,sao bento do sul,SC
89300,-26.11990678126073,-49.803153488260165,mafra,SC
89460,-26.16862248406491,-50.392861528512256,canoinhas,SC
89500,-26.77759782919396,-51.0266006692904,cacador,SC
89560,-27.00086872288371,-51.14532022116548,videira,SC
89520,-27.288614821408185,-50.57696646191445,curitibanos,SC
89620,-27.403062004188214,-51.22967409631809,campos novos,SC
89680,-27.026112244734502,-51.90328283969753,irani,SC
89694,-26.849580675078037,-52.256987290082144,faxinal dos guedes,SC
89600,-27.16882094342798,-51.51882419291629,joacaba,SC
89610,-27.17195603801515,-51.49352558295913,herval d'oeste,SC
89701,-27.211807695727405,-52.0209908478637,concordia,SC
89711,-27.22952772658081,-51.99198463955511,concordia,SC
89765,-27.252211025507226,-52.49891484693896,paial,SC
89825,-26.960877587195213,-52.53025152561406,xaxim,SC
89805,-27.083665168898516,-52.612186909071255,chapeco,SC
89820,-26.87062454886829,-52.40448790429404,xanxere,SC
89899,-26.98109912694612,-53.53465037151178,ipora do oeste,SC
89809,-27.09823746094856,-52.66935995046094,chapecó,SC
89828,-26.857914551758288,-52.56659110262859,lajeado grande,SC
89900,-26.7286991677439,-53.51449582910278,sao miguel do oeste,SC
89990,-26.352589411593332,-52.85306467361068,sao lourenco do oeste,SC
90010,-30.03215040714993,-51.2325516998384,porto alegre,RS
90050,-30.036636963096477,-51.22367993104038,porto alegre,RS
90150,-30.05684742270184,-51.22278129782434,porto alegre,RS
90230,-30.00731246906908,-51.19422244408211,porto alegre,RS
90470,-30.02967049428719,-51.181592520687786,porto alegre,RS
90460,-30.04210197584976,-51.18305187425711,porto alegre,RS
90440,-30.018945290034058,-51.19805308050081,porto alegre,RS
90480,-30.02159907383571,-51.178723476398005,porto alegre,RS
90420,-30.03173353621104,-51.20999096863639,porto alegre,RS
90550,-30.020227009435057,-51.195131052859445,porto alegre,RS
90540,-30.0207634565756,-51.18892235636796,porto alegre,RS
90640,-30.063072457672124,-51.20322268985506,porto alegre,RS
90690,-30.043289074383967,-51.18007007118131,porto alegre,RS
90670,-30.04623721344161,-51.18559141220381,porto alegre,RS
90820,-30.09460140714993,-51.22713380016161,porto alegre,RS
90880,-30.06173537552653,-51.216658276848094,porto alegre,RS
90840,-30.08265056608161,-51.22237970599537,porto alegre,RS
90850,-30.06838880309298,-51.22319513873832,porto alegre,RS
91110,-30.003887356656406,-51.13607729058233,porto alegre,RS
91150,-30.00191787642484,-51.12065583605986,porto alegre,RS
91130,-30.01125892229781,-51.131081597841714,porto alegre,RS
91215,-30.02792349708581,-51.141100794189015,porto alegre,RS
91260,-30.0373750279428,-51.10576615986805,porto alegre,RS
91280,-30.04513453566277,-51.09709286179231,porto alegre,RS
91330,-30.02870741909516,-51.16881473134623,porto alegre,RS
91360,-30.0222114410237,-51.15161116293486,porto alegre,RS
91370,-30.018188622470177,-51.14962402449404,porto alegre,RS
91430,-30.052386519109746,-51.14631362022254,porto alegre,RS
91410,-30.050167734952897,-51.17127491243006,porto alegre,RS
91550,-30.077021487809752,-51.1313949910142,porto alegre,RS
91520,-30.0671587507646,-51.1688040863292,porto alegre,RS
91540,-30.08286804902226,-51.13043961349074,porto alegre,RS
91751,-30.12782206628604,-51.22261917680643,porto alegre,RS
91787,-30.155818294217656,-51.18248335983039,porto alegre,RS
91920,-30.110020899532547,-51.23162798932419,porto alegre,RS
91910,-30.099819425212,-51.234831738963614,porto alegre,RS
92020,-29.91005335319802,-51.169226719006566,canoas,RS
92030,-29.914668849530724,-51.14844143722624,canoas,RS
92200,-29.942863836805337,-51.17746565589438,canoas,RS
92310,-29.915258224808355,-51.18616902904408,canoas,RS
92330,-29.905850536211037,-51.21874199125742,canoas,RS
92425,-29.8803711689455,-51.155818596111246,canoas,RS
92500,-30.11082611949453,-51.36376683789562,guaiba,RS
93010,-29.764677078798385,-51.15238582550074,sao leopoldo,RS
93032,-29.77065486733257,-51.13215300635966,sao leopoldo,RS
93280,-29.85099586021264,-51.14763031444107,esteio,RS
93270,-29.843090570257583,-51.18132555183935,esteio,RS
93220,-29.83400066105778,-51.15660258374496,sapucaia do sul,RS
93334,-29.699426612548717,-51.14372106653372,novo hamburgo,RS
93344,-29.676297206103012,-51.15850882038814,novo hamburgo,RS
93425,-29.71840516884322,-51.11541301407027,novo hamburgo,RS
93540,-29.68362502337961,-51.10112265149159,novo hamburgo,RS
93542,-29.6881809883103,-51.0915608374261,novo hamburgo,RS
93608,-29.66684200084112,-51.15445514217226,estancia velha,RS
94185,-29.94434666833055,-50.97062188813559,gravatai,RS
94120,-29.9129934343586,-51.04388179294825,gravatai,RS
94380,-29.883542190572587,-50.77657774777542,glorinha,RS
94410,-30.08061351221984,-51.0272582031978,viamao,RS
94451,-30.15946930410813,-50.832839089335735,viamao,RS
94435,-30.08207652276208,-51.035804214096224,viamao,RS
94500,-30.06565935728178,-51.1109404409334,viamão,RS
94852,-30.004788494713157,-51.05249422841804,alvorada,RS
94820,-29.997056471063942,-51.08329485192022,alvorada,RS
94935,-29.94145639030968,-51.1005061362448,cachoeirinha,RS
94910,-29.95355420966261,-51.103414237425575,cachoeirinha,RS
94930,-29.91836557306762,-51.10041765990425,cachoeirinha,RS
95072,-29.173493709674137,-51.15643225763195,caxias do sul,RS
95080,-29.18731198431491,-51.17689049812128,caxias do sul,RS
95020,-29.16957635052199,-51.164852512339095,caxias do sul,RS
95076,-29.17682210847989,-51.15690685509721,caxias do sul,RS
95034,-29.15431985306487,-51.18599374251306,caxias do sul,RS
95088,-29.193359085518043,-51.162024291842336,caxias do sul,RS
95084,-29.173247442319,-51.1670813773732,caxias do sul,RS
95045,-29.12782096078328,-51.16655636274146,caxias do sul,RS
95012,-29.16624369279465,-51.209531752064,caxias do sul,RS
95047,-29.123703751343527,-51.18499659404691,caxias do sul,RS
95185,-29.291861569560297,-51.51138872368569,carlos barbosa,RS
95170,-29.891348178542295,-50.27310902841568,farroupilha,RS
95112,-29.165805491392764,-51.22259602757247,caxias do sul,RS
95200,-28.517094,-50.92322625,vacaria,RS
95270,-29.03399624689176,-51.1917479847557,flores da cunha,RS
95250,-28.848240941404573,-51.27329015376859,antonio prado,RS
95240,-28.81655038417184,-51.28458123987485,ipe,RS
95255,-28.79485822242105,-51.09429466225263,campestre da serra,RS
95360,-28.599674794891307,-51.78893967854048,parai,RS
95595,-30.17105570679884,-50.201594169231335,cidreira,RS
95590,-30.00253608355953,-50.14516704987192,tramandai,RS
95560,-29.333594390939208,-49.73818879957859,torres,RS
95520,-29.887280851051504,-50.26939661479174,osorio,RS
95625,-29.965246172122555,-50.11768106939471,imbe,RS
95690,-29.65510565471189,-50.577744262161566,rolante,RS
95650,-29.546857298676724,-50.77553403340213,igrejinha,RS
95600,-29.648827519014347,-50.78100277488619,taquara,RS
95700,-29.16904841329661,-51.52189899460921,bento goncalves,RS
95780,-29.67034898140752,-51.46146829327502,montenegro,RS
95702,-29.190008917676018,-51.50806143040303,bento goncalves,RS
95703,-29.16026705184501,-51.50783498069227,bento gonçalves,RS
95705,-29.159003201842477,-51.49977005197258,bento goncalves,RS
95800,-29.616140787882497,-52.17587557262544,venancio aires,RS
95840,-29.93588901027001,-51.72117279377729,triunfo,RS
95900,-29.45957919035882,-51.96768363129545,lajeado,RS
95920,-29.30263901903529,-52.42872858803613,boqueirao do leao,RS
95950,-29.213982763542123,-52.031601326294464,nova brescia,RS
96080,-31.744230956979628,-52.32876086398534,pelotas,RS
96081,-31.735528166253083,-52.31964031112587,pelotas,RS
96095,-31.735485725716536,-52.21494118918343,pelotas,RS
96230,-33.525600570674555,-53.366420074758125,santa vitoria do palmar,RS
96211,-32.04232063459594,-52.12953397213267,rio grande,RS
96200,-32.032076778660375,-52.103793550113096,rio grande,RS
96201,-32.03094717184131,-52.08162508196311,rio grande,RS
96418,-31.328497375345503,-54.06035599565912,bage,RS
96460,-31.328237885510863,-53.97989163710521,hulha negra,RS
96402,-31.326536600772723,-54.11837385390225,bagé,RS
96610,-30.54561578245658,-52.52784059067559,encruzilhada do sul,RS
96810,-29.720993053788824,-52.4277166004204,santa cruz do sul,RS
96820,-29.704781007155663,-52.42944384718152,santa cruz do sul,RS
96900,-29.41729980418472,-53.0164225530434,sobradinho,RS
97030,-29.700413412718515,-53.846744201915854,santa maria,RS
97015,-29.689198816146927,-53.8064289212743,santa maria,RS
97105,-29.711717453854856,-53.716523831178186,santa maria,RS
97250,-29.467945512743945,-53.46422836860997,nova palma,RS
97400,-29.623796979621133,-54.17869278211308,sao pedro do sul,RS
97503,-29.775123954116783,-57.09109952167133,uruguaiana,RS
97574,-30.89801321009646,-55.53031539786274,santana do livramento,RS
97670,-28.64811643932405,-56.01059894796059,sao borja,RS
97800,-28.41239104550744,-54.96008333012874,sao luiz gonzaga,RS
98005,-28.644997714736004,-53.60101202888114,cruz alta,RS
98170,-29.08040922561531,-53.833264724682046,tupancireta,RS
98280,-28.295275344382283,-53.49959283295684,panambi,RS
98300,-27.890224444772645,-53.30591654790965,palmeira das missoes,RS
98700,-28.389227656496743,-53.92967622327969,ijui,RS
98750,-28.238124447645266,-53.769646170631695,ajuricaba,RS
98870,-28.02821551115596,-54.35087038660696,girua,RS
98803,-28.281003423550747,-54.258283178397335,santo ângelo,RS
98900,-27.855757535796112,-54.44738121480089,santa rosa,RS
99074,-28.26983588040974,-52.39984769135617,passo fundo,RS
99050,-28.240763676781484,-52.380996013740216,passo fundo,RS
99062,-28.284206765499057,-52.383798137288096,passo fundo,RS
99020,-28.25025416550504,-52.41247883497071,passo fundo,RS
99250,-28.707950159505703,-51.93015348071435,serafina correa,RS
99500,-28.28944621405989,-52.79412331824494,carazinho,RS
99560,-27.943647471553252,-52.924767349144965,sarandi,RS
99700,-27.63476848098565,-52.28029411864509,erechim,RS
99701,-27.629151734056546,-52.248574632425616,erechim,RS
99730,-27.729372911015968,-52.537491045681705,jacutinga,RS
99870,-27.772125357679496,-51.59681239628196,sao jose do ouro,RS
99950,-28.071152747663124,-52.01215595312689,tapejara,RS
99990,-28.329717970441585,-51.76961468543976,muliterno,RS
