review_id,order_id,review_score,review_comment_title,review_comment_message,review_creation_date,review_answer_timestamp
77ed4f94b3638d1f0b0a2dd781c11a8c,5f8772295e1adb4e4832c988d6b631b6,5,,,2018-04-10 00:00:00,2018-04-12 10:28:20
cb2fc3e5711b5ae85e0491ee18af63ed,34e6d418f368f8079ae152bc178bc66a,3,,"Produto bom, porém o que veio para mim não condiz com a foto do anúncio.",2018-01-31 00:00:00,2018-01-31 23:29:21
ba3e82857e13ba647e843f5a4ade76c1,ebcb12dc163784a4dad2cddb8feb64aa,4,,,2018-06-26 00:00:00,2018-06-26 19:47:07
57e994485c2ebd293e4fa9cd62e5bb96,201691efe89d4d71f36e5ea279a8759a,3,,"Comprei dois lustres pendentes, com a parceira targaryen e só me enviaram um lustre. Abri reclamação, mas ainda não recebi resposta. Aguardo solução por parte de Lojas lannister.",2018-03-14 00:00:00,2018-03-16 20:26:10
c01eaa86159b994afb4c5eb920993ebc,16e38caa92e342c7780f68832f832d4d,5,,,2018-05-25 00:00:00,2018-05-25 03:45:28
4ab6671319156f978e972e2ac2c48ad8,897fab0704eda65c69520010b02a3fee,4,,,2018-05-19 00:00:00,2018-05-21 12:29:51
f5eb912253261b8bb2dc5b1a1f4e2f0e,dccf99a9f12d7217cd20878c985d55ac,4,,,2017-12-19 00:00:00,2017-12-20 02:19:54
5442f4e36faa9fd2ed031c645a9d9acf,043f43899c67438005004d160d18f55c,5,,,2018-06-20 00:00:00,2018-06-22 21:53:48
b543affbc59262ffd186c14471b19293,604d751f2a7e1dbdc206eec36e4bcb81,5,,,2017-11-25 00:00:00,2017-11-25 18:16:18
91283389ca8846dd242990c799a85f5e,b70e6b353379423761497f0d95376da2,5,,super recomendo o produto que é muito bom!,2017-08-17 00:00:00,2017-11-05 15:18:55
35fabb1fcea11c86ba6dbe8280d8d0de,31c2a4ddeb6a9db03922009a2dfcb254,3,,,2017-11-04 00:00:00,2017-11-05 01:28:10
fa82e03e20dd362ebe83572fc81398c7,52ef81c49a349b1162a7bd4a8c2034e4,4,,Gostei ,2017-05-03 00:00:00,2017-05-04 11:50:29
7e6becdbaed9bd20e60602d1f8c2b4f9,acf6e912a8db79e50ddd2fe14628e89c,1,,,2018-08-15 00:00:00,2018-08-15 21:08:00
6d5cbd66b8b52a035e44276fdda28797,60ddc3cf31819e316702f9ede42e26c7,5,,"entrega rápida, produto conforme esperado",2017-04-20 00:00:00,2017-04-21 10:54:36
0e5149ccee3f7414ba4d17c13f051259,fc9a5afd96050ceb0d9f12a4f8c5d9f0,1,,,2018-08-10 00:00:00,2018-08-12 21:45:01
77ac6288ca3e09284cb264d6b0b4d7a2,0ad0006728103ff08cda112f7940bcd1,5,,só poderia entregar mais rápido fim de ano ,2017-12-29 00:00:00,2017-12-29 22:23:00
63f31d7ca2f26a15d6dc7acae2effaaf,e4dd475ba157a8f4d4dd4f0b8e7c92b3,4,,,2017-09-19 00:00:00,2017-09-20 13:23:03
94d950a41403f4a115ab713488ddb3cd,dcd9b00fff62919c208f9e424f8b2c13,5,,"Produto perfeito, chegou antes do prazo!",2018-01-30 00:00:00,2018-02-01 21:40:37
a825b4cf675d670ee0b914688f751e0e,55e5ec213742bae19f2e36685d3aa5e9,5,,,2018-03-04 00:00:00,2018-03-05 00:52:31
560effdc2aaba0ed5d37ed8a98cc6af2,3ef6bcdda6193f8657168ba7e8b3e948,1,,"Recebi outra boneca, quero devolver e não consigo contato! Jamais compraria novamente dessa loja! ",2017-12-07 00:00:00,2017-12-11 23:48:29
e384c4fe94ea5a6f3663cee2481e29b8,ee0a25ec12376692fee5a7d0613f466e,3,,,2017-05-30 00:00:00,2017-05-31 00:59:12
30f2619843ddd4a19bbcb306669d2bf0,5bb8d2fbca419676d395687e28f5263b,5,Muito Bom,Só imaginei que fosse maior a boneca. Mais é legal ,2018-07-24 00:00:00,2018-07-26 22:37:06
4d59d6249215713bfda42353af53f255,4ab8b7a8e23908984157974ae4ad6436,4,Produto entregue,Produto bom e entregue antes do previsto.,2018-06-02 00:00:00,2018-06-04 19:53:33
e417e6865995952bb2c2369de0c5737b,063de687a6d9389fb6f6934d19d447f8,5,,,2018-07-10 00:00:00,2018-07-13 20:26:39
d1706e7fbde9d6d95f5a3f4f72cfed6b,2b8964f15c12ac5df6946804df101d82,4,,,2018-07-12 00:00:00,2018-07-19 11:23:11
3beac5d450c96b321a8e8b71394ececb,e58ed0440e44bc5b5e5cba33106e3f66,5,,Produto chegou rapidamente e conforme o anunciado.,2018-01-11 00:00:00,2018-01-12 20:51:06
1b0193dec8f270afea83302dc238f7e6,b26281af4e5c3a50b10887f626ee883f,1,Entrega Parcial.,Efetuei a compra e pagamento de duas unidades e recebi apenas uma unidade. Aguardando tratativa.,2018-05-05 00:00:00,2018-05-08 11:19:49
48453a13017656bf867e2c2ff88672d8,e6be529ac8d87744b406d4e03a8fe2be,5,,,2018-04-05 00:00:00,2018-04-05 20:50:50
b7d03880a3ed8bf093567e511703378d,f01954cab76ef5d938d291d2f1d201e5,1,,"Não foi entregue, a primeira vez que acontece isso.",2017-05-18 00:00:00,2017-05-18 23:27:28
2dd17197d2b15c3bd0163a718705844f,6eeedb3e16d8072305be02562c253602,5,,,2017-04-10 00:00:00,2017-04-10 22:44:12
4c0f1bafc8726f10261a3858445102c0,df14bdc601f10bff4d2757a9710be81f,5,,,2018-05-15 00:00:00,2018-05-15 20:29:46
6aabdfa02c0f8e0fe882c312863a3be5,cc378c27f87ead12f2c154eb5fde22d2,3,,,2017-08-10 00:00:00,2017-08-13 03:10:43
acedfbfb8b4d555c64ac50f469a077b1,8b2a3c0228399148a783f5ed8c1ce83b,5,,Parabéns ,2018-01-31 00:00:00,2018-01-31 22:25:03
dda0c4b086e775233a80b0e3c119e8db,a6891e28ce17d3ec9391ae48c5a321d1,5,,,2017-09-07 00:00:00,2017-09-08 17:19:25
af38d42b6d29ac203b6dff3e1cc7bd68,a8aa2cd070eeac7e4368cae3d8222e2b,5,,,2017-05-17 00:00:00,2017-05-18 12:23:21
c05541493df4a00ecf66076ce9607aab,7c1336779536fdd545a35df012e0ed5e,5,muito bom,,2018-07-24 00:00:00,2018-07-25 16:07:16
b8a2743d253ba5187a567d4434c84399,7729bd24067381622a58a0231d77fe2d,3,,"Motor ótimo, só não vem as cremalheiras junto!",2017-04-05 00:00:00,2017-04-06 11:41:11
ac041a317017c894baf0ee835d3c3644,e7d112a19f81eb693360bd433f03625f,5,,,2018-05-24 00:00:00,2018-05-28 13:40:40
2dd58c1795a60f1348580de19585b111,89035fb6f9ed1693ad716ef81c18cdb2,4,,legal. tudo certo. entrega rapida,2017-10-14 00:00:00,2017-10-17 15:54:46
c9d99455198b29f3ab48668a0236bd82,2cb2f557ab7119a8f1e9e00b7bf75547,5,,,2018-05-12 00:00:00,2018-05-14 14:59:57
f47eee9d6c0133adfcf75824e3edc5ea,69df6146503dba833ea2ae56237acd97,1,,"O PRODUTO É BOM, MAS QUASE 2 MESES PARA RECEBER !!!!",2018-03-20 00:00:00,2018-03-22 16:57:56
ff669e25464a56198854a4737c826a00,5cafde3fdf1a583c0a5d7fdc7b526ad1,3,Bom acabamento,Não instalei ainda,2018-07-12 00:00:00,2018-07-12 21:58:19
27764bf5e94477f2a9f5fe75abb661ac,b948b354fbf88e12e43fc0877623eef9,5,,,2018-06-26 00:00:00,2018-06-26 22:01:25
c45ae2cc19fa8d1ba41e539a48f7da5a,28f079a1f1568fda3a17841d6fe48390,4,BOA LOJA ,"BOA LOJA, CUMPRIU TUDO O QUE ESTAVA NO ANUNCIO! A ENTREGA FOI SUPER-RÁPIDO!",2018-06-24 00:00:00,2018-06-24 21:56:07
e511d5364f55ed89de3a924f840c9b8f,383ba1470e3ace2021f232303b6d4097,5,,"Ótima entrega, rápida e objetiva",2018-04-19 00:00:00,2018-04-21 21:48:39
0a5d09b8756d5e3b6effecb5986e394d,9682a979182968d8d0b1a356f8bb330e,5,,,2017-06-17 00:00:00,2017-06-17 23:14:59
9268d31a6d7eef8d53e04771f1e265b8,d80b2f94bd1ae8c94f10c5084b1ee36a,5,,Entrega super rápida! Produto de acordo com as características descritas no site! Excelente!,2017-08-16 00:00:00,2017-08-16 22:09:15
e2491f28bd9cea29d94282c7db301593,a88803b061dbc43656aa2d377b834e4a,3,RECOMENDO,,2018-05-03 00:00:00,2018-05-03 20:23:34
642be66d80f7dc6f5947f84daf557d4b,22df89b611e2a03b4957043cf949e51f,5,,,2018-08-28 00:00:00,2018-08-28 13:07:10
8b966e3d0515ad0d17b1f925a70f890c,261e71d2349c713eafa9f3df5972b95d,5,,Excelente.,2018-01-31 00:00:00,2018-02-02 22:37:57
d28e1eb3775ed44c9bd007dd301c7bae,a014ab9c0e9c112b791293dc9ec38320,3,Capa veio na cor errada,"Comprei a capa de cor preta, porém recebi em 23/07/2018 na cor branca, gostaria de trocar, visto que o produto veio na cor errada.",2018-07-24 00:00:00,2018-07-24 19:09:01
0cd0db486b98d5fa0d77f79ec4027c5e,d74cdf7dea16668a34d57964004f0e94,5,Gostei muito do produto ,,2018-06-26 00:00:00,2018-06-27 14:07:10
81a57c09af35f9736f760b6ae16af118,167d05678f810589a854d30460ae62f0,1,,"Demora, produto nao entregue!",2018-03-07 00:00:00,2018-03-07 15:26:21
9fb40911b4fd46e3892da8fdc7dbe5c0,a4521fa62b4f3bbe260aecf4dbc78935,4,,recomendo,2017-11-03 00:00:00,2017-11-06 21:31:59
e8995c053d3db2d9c07407efe7de52dd,aa04ef5214580b06b10e2a378300db44,5,,,2017-02-08 00:00:00,2017-02-11 12:37:36
2583de5c6e9a468230d34d84b7e6a773,0c3190b4838c596fd1d6cd74e0436120,3,,,2018-03-07 00:00:00,2018-03-07 20:42:56
7e1c9aed5a984e713d373ec31c756f44,fe60bad9c284d296c50b267f32a70da8,5,,,2018-06-23 00:00:00,2018-06-24 23:24:21
047e5de635c9597e36880b047a43284d,e8fba7de8823194ccf9c1f2d52123bee,4,,"Não dei nota 5 pq não veio na mesma embalagem. Veio embalagem branca proibido pra venda, mas por outro lado o preço estava bom",2018-08-21 00:00:00,2018-08-23 21:48:26
5c23f55fe5295590c8e0928be201e15c,7193174cc8337ec716bf7bef671ff759,5,Ótimo produto,,2018-06-27 00:00:00,2018-06-28 16:11:15
4ae27b71d52f5e00dfd42d7a2e555077,1452442fe3e8cc6d3a1a8d8fc92dc019,5,super recomendo,"muito bom produto e chegou perfeito
",2018-05-01 00:00:00,2018-05-07 03:16:27
8405ac15950641d7378ab0f2bac5e592,d5d0829757e3f168a603b3c272d96fff,5,,"Gostei muito do meu produto só acho que
os panos poderiam ser maiores, mais está
Tudo certo....super recomendo este sitie,
entrega muito antes do prazo...com certeza irei comprar outras vezes.
",2018-03-16 00:00:00,2018-03-17 11:54:55
3bc286fe30d0f8c338d715b55ac2deb5,6c4b00d2f2c7cbac0902dd6367da9f97,5,,Ainda não abri a embalagem porque vou dar de presente. Mas recebi antes mesmo do prazo.,2017-07-12 00:00:00,2017-07-13 19:13:19
d53d6d8819cf34d405434432c234a0b4,42f364e1317053c36378cc534b19ab6e,4,,Material de boa qualidade e bonito..Só achei que fosse maior!!! ,2017-07-13 00:00:00,2017-07-14 02:18:02
182ef9e197469987085e5e9f7c60efc4,7c927a3dfb1af7e87c6a262fc4b0a8fd,5,super recomendo,produto bom gostei muito!,2018-07-25 00:00:00,2018-07-27 17:20:04
f1aefb9b3293cdea695d8dcb63c2f842,b811c8ca07716586e80c0bc4f2a6e39f,5,,,2018-05-02 00:00:00,2018-05-04 09:26:15
a53bd8ba9c9634b500a0085714b18bc5,9a7c4a07a4b1d502cdba82f5b60123ab,5,,Recomendo a compra!,2018-02-15 00:00:00,2018-02-18 13:41:30
1e972e14bb9d496fef92eddd3dce4cef,b2ac7b0754b724547abf07a172a45bf4,2,Não chegou ,Eu pedi dois kit e só chegou apenas um o outro não chegou ,2018-08-16 00:00:00,2018-08-16 12:47:29
442073e0e9c6cbdd830262e6e4d9e811,a84c6f3ee879e72955a3fcaa2dc55771,1,,"Não foi entregue a chupeta, veio apenas o Esterilizador a Vapor para Microondas - Philips Avent.",2017-04-28 00:00:00,2017-05-01 12:44:11
97a1e24c2ae1fa7f655f817c0010cf8b,08f5487befe25744feabb3203a4dc09b,1,,"Indo para 2 meses da compra e até agora nada do produto. Simplesmente péssimo, não recomendo. ",2018-04-04 00:00:00,2018-04-04 12:35:14
b07a1d28faa5607efb6fa3d365a84ef1,f85406a2bb15eead2488ba5e488dbaa9,4,,,2018-07-31 00:00:00,2018-07-31 21:04:25
ee4e8f9fd8213819903417595a9f9c04,b07abc8b9acaf00e79b4657419f469f3,1,,"Quando fui comprar o produto, dizia que havia em estoque.
Quando comprei, o produto ficou pendente pq não havia mais no estoque. Porém foi descontado do meu cartão.",2017-03-30 00:00:00,2017-04-03 21:23:30
5697ff38c1fe9b443920d3f190dcde39,fda140e135ccab872e95fb03e76ba27a,5,,,2017-10-12 00:00:00,2017-10-12 17:43:14
381e5a0339dc771f17afe88250d4dfda,d5cdc053cdfd98fad4a2330ff501852e,4,,,2017-05-17 00:00:00,2017-05-22 10:02:31
5e44def479b54cdc01f62c2c4e574ac7,4162db4ff964981d38bc20ff6818d268,5,,,2017-06-28 00:00:00,2017-06-29 12:09:32
94151614bd1d3cf4b35c8683231d893f,e19a8635d806af6ae2d20b3de998b0c8,5,,"Entregas corretas. Antes do prazo estimado 
Melhor preço da internet.
Amo comprar com as lannister,tanto no site quanto as lojas fisicas. Sempre tem promoções..
Muito obrigada muito satisfeita .",2017-10-07 00:00:00,2017-10-07 21:46:54
7cadd69d6e914b75d130c1dd0caf0d79,615774e695ab140dcb5e1c0aeb15b9cc,4,,,2018-03-17 00:00:00,2018-03-19 11:24:06
bab6ad2691b15902e1517c8a274fe578,07294ed0ece67bb004a4813c77dfc3e3,5,,,2018-07-26 00:00:00,2018-07-27 17:33:52
3a6d1695936c903928637a5dfecb725b,0d6b94a6fbdff968503c0aa3e7bffdbf,4,,o problema foi com os Correios que continua com um serviço vergonhoso.,2017-08-29 00:00:00,2017-08-31 11:46:47
9cdced96fd462423008deb7c988629ab,9fbb5a7911ef83cac2881f1bbdaf7812,5,,"Chegou rápidinho e em perfeito estado. Recomendo
",2017-04-19 00:00:00,2017-04-23 22:33:01
6d9f34480d47d5ce03ef8e04f32c94ac,75b7d764765f4cf3a5f03e7f3f35319f,5,,,2018-02-02 00:00:00,2018-02-02 22:04:52
98eb570576145a526903ffef8ab09930,6c27984bddb654e222cd1b9a238d2e74,5,,,2018-06-05 00:00:00,2018-06-05 19:45:18
c9c81bbd0338c7fa5e2d9ae81c11b866,45060534aef780077c10103b60fe71c4,3,,,2018-07-11 00:00:00,2018-07-12 10:41:44
847c7f9e7a29c12bb66c6fc305fc6df8,8ebe945989d8e36075f1a141e40968c7,5,Excelente produto,"Excelente produto. Recomendo.

",2018-08-08 00:00:00,2018-08-08 20:53:27
f2c6642b7493752f6b4698dfb29218e3,794651af98ca9412aa91961e14c0a796,2,,,2017-06-11 00:00:00,2017-06-12 12:06:19
2202268b4d7bb8d133ffc1eb22dd1967,2282f08c7a3e5bc3e7b84bb444d6e1e6,5,,,2018-04-27 00:00:00,2018-05-01 19:52:47
29ba17202dda5a62dce3b281588b7931,981f5cf29634672b36363c9ca9d4c3a4,4,,Produto ótimo ,2017-07-15 00:00:00,2017-07-17 13:29:26
fad452a4b3021f612f6fac665b70f153,c7b0be5584c50efa8a9d95d3eecbece3,5,,,2017-03-21 00:00:00,2017-03-21 21:04:39
bfed2e1c78028675ccb4a4dfbb8d5335,fe492b94021fc809f9fd371ca4162c51,1,,,2017-09-01 00:00:00,2017-09-02 12:11:22
bbd0df69372237dd854b2c63562e69f9,cb2acc8f1def3d443b4716cdc8188102,4,,,2017-12-02 00:00:00,2017-12-03 15:50:01
ecbd41e49d63d6df356d8b5f50b18d02,241c2b89490a7f6f12808716cd51c45c,3,,Mais ou menos não gostei,2017-12-14 00:00:00,2017-12-14 22:20:25
801b9adf8fa02950a0bcca24df99f4c1,ef30a80a52425b419de68e25624a8a9e,5,,,2017-12-14 00:00:00,2017-12-15 09:04:59
f00ca078422e9228c68c0a27a6b515c7,ae375d6b88c37582455ff3a2b83462d4,1,1,ruin,2018-06-09 00:00:00,2018-06-10 22:57:19
e9a415465463fb3ab6e0fe7eb151c7ae,8d1c5a867cd01e45e5fc57dddd896f00,2,,comprei 2 panelas veio apenas uma,2017-07-27 00:00:00,2017-07-28 14:16:16
dcfb74ab8c173dac259294d70bb39143,078c9d6d720f254fc10c5a162169197f,4,,,2018-06-08 00:00:00,2018-06-08 15:46:26
30724723fb571c9fb33890d60dd20241,b352b37732770128092c01c05cb2d8f7,5,,,2018-03-08 00:00:00,2018-03-10 19:48:51
3af8148a09b008f63ecbcbe702fc04f1,63dd1232853b91debb2470c70da85dca,4,,Frete caro,2017-08-26 00:00:00,2017-08-27 18:39:12
b81b6fd1169f65bd6eb77802ae8c30fd,f31cf521d461f5b8b5b1456a0448495e,1,,"Comprei dois pneus, paguei dois pneus, pedido efetuado e pago de dois pneus. Recebi em casa nota fiscal referente aos dois pneus, mas só um pneu dentro da embalagem.
Aguardo posicionamento à respeito",2017-06-08 00:00:00,2017-06-08 11:35:02
ad708d825f12cfd6a0cc347ba5262ae0,cfcd1b446010715bb44c1babfe225e6e,5,,Recomendo a todos que comprarem ,2017-04-12 00:00:00,2017-04-12 17:07:37
1241d6377156a46c2fd60131f9e1e262,849e77f9701faf689705a0eb09003764,3,,"produto muito ruim, moldagem fraca !!!!",2017-12-14 00:00:00,2018-01-08 17:48:27
e33d0fc332145abd8ecfb689e095ec97,e31f08a6838e8fe22d5850d237cdb1e7,5,super recomendo,mto bom super recomendo,2018-07-31 00:00:00,2018-07-31 23:55:26
51febd69535454f1d6ecf6a189648947,8726f6a81f4ae5a390e7e638a31e9a21,4,,,2018-06-27 00:00:00,2018-06-28 01:14:18
55f32b238c2aa1ddb73646ed0db46ff7,4d1520659b160e48900f017af350bfb1,5,,,2018-05-15 00:00:00,2018-05-21 10:41:05
06b41ca46ea26f76fd8a0eb94db45d4a,2f609f51e21add184869268ce7e16048,5,,"Recebi meu produto antes da data prevista,super recomendo esta loja.",2018-03-16 00:00:00,2018-03-16 23:53:00
021f2a15daad6d58a00422d72649bb25,b80ad2b6c5b351d9e15b84a8008a7d87,5,Bom loja,,2018-08-18 00:00:00,2018-08-18 21:53:41
e6b1d54707b710b0f0f3b3819f94b8fa,908c02868bb2a9b847e64b23139137e5,5,,,2018-06-27 00:00:00,2018-06-29 20:24:01
63fdf84481d7d818f505ebd0b73eed52,ec34ce0f06a9a35ebf0f0496d595bc84,1,,não recebi a mercadoria ainda. ,2018-03-31 00:00:00,2018-04-02 00:09:58
4886f3f54bf9adb34a5b244acd36e47b,044bcd01474ba715e7cb11d5a70ccf0e,5,,,2018-04-08 00:00:00,2018-04-09 03:12:06
ca61d33ce36b998cf6bfc38f48859425,76ae7f8d0104f4808d4a93f4b81661d7,3,,,2018-02-15 00:00:00,2018-02-15 19:40:47
4bedd975d93b4a2af65ba61e8b0935d0,fd86c80924b4be8fb7f58c4ecc680dae,1,,,2018-03-17 00:00:00,2018-03-26 02:12:14
108f9566f87b526f6101f1049613f988,59d7a8119bf89c6444ae76a6cf2f9479,5,,,2018-08-30 00:00:00,2018-09-03 18:16:14
7312244806651234199206c84f565453,4cdf8813fc5f4c3d74041453f606868c,1,,Comprei são faz tempo e nada estou indiguinado paguei 279 e cadê meu aparelho,2017-10-25 00:00:00,2017-10-25 09:03:05
1ae4c8e3bfb1ecf291da5ce6e3f0c708,5add03213ad417aab3988852ea890572,4,,,2017-09-12 00:00:00,2017-09-13 14:43:58
c4651c892d941ed7a422649798f51744,b0b55c59d28b64d3b611cb034eb9f1e6,3,,,2017-09-13 00:00:00,2017-09-15 16:56:30
21881853688dd9e9a5eff42d80386420,0ca1bac7f133e0eced641bff853f52ea,5,,,2017-11-08 00:00:00,2017-11-09 08:59:33
51a49de7b5f571d119a16c2fead72622,9c984f2c226fb999a439fcc64c73caa2,4,,,2018-08-18 00:00:00,2018-08-21 10:10:13
15ece44d8f1fc8f2cd03941048ac9245,9d8eb4197962f028d0a0f9caa37f0402,3,,,2017-02-17 00:00:00,2017-02-20 01:29:50
b6be0347bcd0d86b1d4507bf8f032450,91c7af31bbff981f2530987c8d5d5ae2,1,,"E a segunda vez que pago frete é mandam eu ir retirar nos correios ,eo frete serve p quê?",2017-10-07 00:00:00,2017-10-09 17:36:00
94a9a9634ac072b24a0e15f3c5487bab,223cd404de0ec7eabc319bed69fa1079,5,,Chegou rápido!,2017-07-01 00:00:00,2017-07-02 00:01:09
7a03404f98bb59dc4c1719da32935b88,39a70e9e9b729b11dee34ac12478597f,3,,Achei o produto razoável.,2017-08-23 00:00:00,2017-08-23 23:32:32
24a2e43aeb8c54ab5b8722beb3986751,7c97900442dd98ddd06bab55a03c8564,5,Recomendo,,2018-06-29 00:00:00,2018-07-02 12:23:58
53e58368e68f4e4816c966505e1680ae,8628cf35f313fe2e46a2168f21860031,5,,,2017-12-13 00:00:00,2017-12-14 12:19:10
7e34eb6050632ab17bad79b5ec6089bf,4d31272d8cb07c4ab84562c8ae2e0fdb,5,,,2017-07-26 00:00:00,2017-07-28 07:12:47
55a98b74161e04d3a72e6a4e7d0a3b89,ac78dbdaa55c30dbfb7eea9beaf31b81,5,,,2018-06-26 00:00:00,2018-06-26 22:08:43
8008af1bec10980dff892950b03c48ca,8f6a8c5dbe911618a3e81e7fa7914114,4,,"Produto entregue corretamente, embrulhado em plástico bolha dentro de uma caixa de papelão. ",2017-12-27 00:00:00,2018-01-03 21:29:21
d0c49f65e1779e5e34c54f4e29683f13,e1d88321521ac026d9bc246154ee558a,5,,,2018-05-23 00:00:00,2018-05-23 22:47:36
3583854f4648d968e1fb9128c453d7a4,a6476259927be2539b760baec362ce92,4,,,2017-12-20 00:00:00,2017-12-20 20:05:03
3dbdbf3447574c41afc967fa47f37a35,d5fbeedc85190ba88580d6f82d1d5ed3,5,,Otimo,2017-05-17 00:00:00,2017-05-18 01:35:16
aa15ec6c6db19aa1f7bd303ebb117adc,a48091d43904feab22b133cf47e96816,5,,,2017-07-27 00:00:00,2017-07-28 11:24:56
81f706cbe8018ce168abb80a08aae714,f7d0eb24b92b2024fc86a38400664675,4,,,2017-10-25 00:00:00,2017-10-25 21:36:42
1499de0b00d2fde6dd0cbebf49833e89,062bddc5be851fec2b59598cc33498cd,1,Produto errado,"Recebi o produto mais veio errado, ainda não recebi nenhum contato da empresa!",2018-05-16 00:00:00,2018-05-17 00:51:45
a193e8ab376725be9359279757ec055e,bb95c9f509ff2da87b6015a0d9046f0f,5,Ótimo,"Tudo perfeito amei o produto exatamente o que eu precisava.
A loja também várias vezes que compro sempre no prazo certo e produtos bem embalados e excelente preço.",2018-05-15 00:00:00,2018-05-15 22:33:57
948745b689abfe1e67032129e6b480e6,8dbd319d233611ca45b64cc56eac5e34,1,,"Estou muito chateada pois comprei um produto(kit de Pincéis) e veio um outro produto(Bare Lifts).
Enviei um e-mail no mesmo dia que chegou (22/03/2017) e até agora não obtive resposta.",2017-06-23 00:00:00,2017-06-24 22:01:47
07f2357e36a8e6a6c70f4e4d6515aff4,8f2b0c41d21837f8c6d4682867c66ffb,4,,Produto muito bom!!!,2017-06-28 00:00:00,2017-07-01 01:08:31
b6517873f6f94096dd470517be872976,e9df66519c360c741bedc488149685e9,1,,,2018-04-08 00:00:00,2018-04-09 11:19:16
f185293a826a87acdcd55d361877023d,5270a6da2c326132afd3b3c0a186a795,3,,Muito fino....mas bom...,2018-02-20 00:00:00,2018-02-23 03:25:37
fa9715b09fd369c3aa58fa72c676bf3c,e7834b339f0ee60fd64151e9ca2c6376,1,,"Comprei duas capinhas e duas películas, mas foi entregue somente uma capinha.",2017-06-17 00:00:00,2017-06-19 03:57:51
3c232757ecedff78dbfec06efdefa232,62a5349df8243987456fdd17fbe3b823,4,,Comprei pela primeira vez e fiquei satisfeito,2018-03-17 00:00:00,2018-03-18 15:49:43
13ee50a8cbe26a2f7910061998109d5d,987e9593668be10f799158973ca6fb87,4,,,2018-03-16 00:00:00,2018-03-26 13:12:53
366c49792bd65b11d01460acf203cba6,9cf7337281a128f4f29a2f476c733601,5,,Ótimo 100% confiável,2018-01-16 00:00:00,2018-02-06 15:04:30
b6243732e263bbe110ba2d80d518fe04,d04eab35da4dc8a5fbab6771c0a8b517,2,,,2017-03-28 00:00:00,2017-03-30 21:47:10
b928be3a9fb638f4eea31d7da9ba30e5,410cfb42b9a36728a695fe883df04ebf,5,ÓTIMO ATENDIMENTO.,,2018-06-29 00:00:00,2018-07-03 20:15:26
c754f7d842c3e3b7c71e5308b96075d8,04f92792b1960e9302825742e0751a5c,5,recomendo,"Muito bom a entrega e estava dentro do prazo. Alias foi entregue antes, sem nenhum defeito.",2018-06-02 00:00:00,2018-06-03 22:34:36
ef35d48c4148ea048eeefc615df5de6f,4c05288ce87fd35acbaa04fec7070339,3,,Muito bom.,2017-12-20 00:00:00,2017-12-27 21:55:17
7e3ccbbcbb0291cd475e0a81a7fb9b1c,abd7d619de0d42df3a64707190c05bb6,5,,,2018-08-04 00:00:00,2018-08-05 11:35:37
76ad8ad91a198b40970747632afbdc65,18d0a01d343f9a3789e7ae38fc92f907,5,Ótimo muito satisfeito.,,2018-07-21 00:00:00,2018-07-24 12:35:12
2a0eacb8d46cba576552cd2a09d834b8,4e8ddb71f9d7cc7452a7005c2a459212,1,,"Produto não é original como anunciado,e sim compatível,já pedi a devolução.",2018-04-19 00:00:00,2018-04-20 08:55:09
f91978f4a01c8e97897adb8f282833c5,53e4f7240aa13df65778901b7e368c5b,1,,O produto veio com defeito ! ,2017-06-29 00:00:00,2017-07-02 12:01:01
d9a6ef93f26f1942dcd7bad95efc88b2,a8b4bb89dc728493ed20fe78acdefd9a,5,Eu recomendo.,,2018-06-15 00:00:00,2018-06-16 15:19:29
b5ad099a2595e932a8d3c45625372d90,a59fb8ccaa86ed1735609ef562f2c6e7,5,,,2017-12-07 00:00:00,2017-12-08 21:28:27
19f6520280be69addd20b91e1f457a7e,d00e79f339bb76a1b6dbcc8cb41934e7,5,,,2018-06-19 00:00:00,2018-06-20 08:18:11
65902199be4a1abc97ad5f062b1e6845,ae6bb3767e72eb4b280e50c3d46ed9ba,5,,,2018-08-04 00:00:00,2018-08-06 17:26:42
dd68eed4e64ac68b255a9140f2ec7db0,be6619cf0f41dbf6491aafc3b5a0d638,5,,,2017-11-25 00:00:00,2017-11-25 12:07:35
117bf62e13e6cc324c966688cb367ce4,f086e4c6f1e932ae9d9cfe398889d148,5,,,2018-04-01 00:00:00,2018-04-02 06:50:37
39a70024b60e4ab7a195ef1c1acd5051,67796eabcf10419c4abd84d49a3ecd59,3,,,2017-03-09 00:00:00,2017-03-10 08:30:27
5db0428467517d8eea2a259d187c8edc,9048f1cdb0bbc082cc3bdd315f052bf3,5,Otimo,Recomendo a loja e os produtos são de ótima qualidade ,2018-05-03 00:00:00,2018-05-05 11:31:25
fda6a0513db7c1a3b798b259ef73f29d,ec34503555e993a9e7e2272b563d416c,5,,,2018-08-16 00:00:00,2018-08-19 00:27:19
7c1ed09efc1b29f8f93add04d312381c,896b228e1623e6b8f20f2b3782750d48,1,Não funciona ,"O mini scanner não esta funcionando, preciso fazer a troca do produto",2018-08-01 00:00:00,2018-08-01 19:12:15
574c9608a61eb6df1541bc0c68daf5ad,d3a2d71aecfd58b0ddd6b9d7b56ed55d,5,,,2017-08-10 00:00:00,2017-08-13 02:09:09
1b4bab27425a3cfafaa7f6b83e9e4450,b3206cf64b7cd1480a6c6f9912b20666,2,,Estou super satisfeita....super recomendo,2017-09-20 00:00:00,2017-09-21 11:23:49
320784679f1e88d2ca6d1674cce49b50,06c6a92df74580db95364b36aeb8f5b9,4,,"Pedido chegou no prazo, produto de acordo com o anunciado.",2017-05-27 00:00:00,2017-05-30 21:19:18
459488bd95ac30914032cc51df183618,56173a7cc04c8e7350ec2fc647c912cf,5,,,2018-04-07 00:00:00,2018-04-07 21:08:19
dcb5a99ac081043da014276823f67c51,09a0d7c2cc6f652acd3537e7a91c7000,1,,"No anúncio dizia ""Marca--- Canon"" e eu recebi um produto ""Similar"" ""compatível"". Se eu quisesse um produto falsificado/pirata compraria na minha cidade por 10 reais, não precisaria recorrer à internet",2017-05-20 00:00:00,2017-06-05 18:40:59
a3e0542f82940c2dde4c1baa576a8155,5b663e8f6d7d1dd5c03c9fb203cb50ff,5,,,2018-07-26 00:00:00,2018-07-26 11:19:44
32846e905851c460f8572acfdf292d76,d7a1546121d90a9aaae7a851291d2ac6,5,,Entrega feita antes do prazo,2017-11-25 00:00:00,2017-11-29 00:51:05
048f2c1863ecb829fa1743118faa3bc3,0a56861d762ee1f82f5cdc2de2b1f71a,5,otimoo,veioo muito rapido.. e é exelente .. qualidade muito booa .. ,2018-06-30 00:00:00,2018-07-02 18:09:28
71daf5177c871249607bc0fdb2fe879e,0f33fb71f898568a0193fcbc892cf511,5,,,2017-09-14 00:00:00,2017-09-20 01:25:23
1301b2850906ff638d3b9d5f7a19ec96,4e49c4d84e4e416dfa56e61889b7113d,5,,,2018-03-30 00:00:00,2018-04-02 10:01:25
817ac770159ec269110a12f553d70628,bcf5665129063675d2d1006d95d3c813,4,,"O produto foi roubado do veículo dos correios. O vendedor reenviou um novo produto.Ainda não recebi, por isso estou avaliando a atitude da loja em me contactar e apresentar uma solução.",2017-03-03 00:00:00,2017-03-03 10:05:04
5fdd5af10817834c78c8de1436ddd8a9,4e0091a0a84b39634a3ecc33bdc49d09,5,,,2017-12-13 00:00:00,2017-12-13 23:04:23
3c0fd139e8b2f40355d7b9253e12c721,ea48f52bfae7e6ed254f9e8d052875b9,5,,Adorei!!,2017-04-04 00:00:00,2017-04-05 11:47:24
00340557e47d90c6c5ba1dc739de566c,f82a2055f59b4ccf07be7a6e9d52debd,5,,Gostei demais. Bem em conta e foi entregue super rápido. Com certeza recomendo. ,2017-10-08 00:00:00,2017-10-10 02:03:18
f346435cf91d5abff8d8865e18240503,25d7504420f738317dcbb29f7e565976,5,,,2018-04-24 00:00:00,2018-04-25 10:57:37
06d59a33d8c50ca9f7e3fff4f7b2a0dc,b9d1db9d3e9608b2d37f962aaef45e03,5,,,2018-05-08 00:00:00,2018-05-08 16:00:05
8d568e3ace01c46a244946ae33ab648c,181ba9a81073ea2d653d9a7338f4cf98,3,Entrega rápida,Envio rápido porém não foi entregue o produto que estava na descrição. Foi entregue o novo whey isolate definition.,2018-05-15 00:00:00,2018-05-15 18:34:33
a56c8418684ea56582a59f53df8122dd,5f4942fc3a59f2e62ae534f981105954,5,,,2018-03-08 00:00:00,2018-03-09 23:16:52
e6405cfaf702182cacd26755e41dc40b,0c7f78afde3e635c59eef76c3f1a5ea5,5,,,2018-03-28 00:00:00,2018-03-28 23:48:22
7bf8cbaa4a77a3dec3e1a56741d94389,34fd3e758f03c7fe6169308d0fa11582,5,ótimo ,,2018-08-14 00:00:00,2018-08-15 14:15:04
a10cda210b8d5c189d0de6a400cb0e54,cca4026695c4b2f280bc099e58601c71,5,,"GOSTEI DE COMPRAR O PRODUTO É BOM VEIO NO PRAZO.
",2018-03-13 00:00:00,2018-03-16 10:09:07
22d926cae8331cc6e1b2091cd8db9a68,3b1c5a036e0412d8c9dda3d6df67782a,4,,,2017-03-22 00:00:00,2017-03-23 13:12:58
f548e12b9ca5b06b0f0949a0e9270871,4ee25083ee6cc047adea4955dce72c6d,5,,,2018-04-24 00:00:00,2018-04-26 23:58:11
6849f7723dc9e2decae40cd28a27f031,fd117d65267f58ad33d914a3cc317543,5,,"perfeito porque é bem feito e com matéria prima de primeira, adoreu",2018-03-24 00:00:00,2018-03-24 20:36:06
5c43964c63907c03148da5d46ca50c9a,a8011c5b1b6536063a53c05cabf56bb0,1,,,2018-01-25 00:00:00,2018-01-28 11:25:56
212a87af442f07f315eb8937c986ef92,b5da536992b01709ece25ec74fbd0ebc,5,,"Sem problemas na execução do pedido, satisfação. ",2018-02-08 00:00:00,2018-02-11 19:13:46
79994d95024b6e294eb6ac15ecdcbe74,bd34db34f886a82d2f7e9214b6fd01e0,5,,"Ainda não instalei o produto, mas farei o mesmo na próxima semana",2018-01-24 00:00:00,2018-01-26 22:31:51
6793075d99f06d9d168e24e0d92822b7,843be4a0dcdb9716de7652d53af4acab,1,,,2017-08-12 00:00:00,2017-08-14 03:27:57
ffe4b0eb9c831fb681f3606b8a2d4510,de1404a068c6c8c909897886a314bad7,5,,"Produto chegou bem embalado, e atendeu minhas expectativas.
Super recomendo!!
Parabéns Equipe baratheon.",2016-10-27 00:00:00,2016-10-30 00:27:55
d2f7e1b41c522850ce98f80305107c34,8fe67bda0dbc9ae5101d62f494f74e1d,5,,,2018-04-11 00:00:00,2018-04-13 17:53:06
8760b5561e1fad37d6f95b4eef160459,546c8958ff67b28473cf140ec32a5a91,1,,,2017-12-21 00:00:00,2017-12-22 15:35:22
385c965d16309a69095fa140007d4125,8906cb0ae3ccbd4613940de05579b218,5,,,2018-02-22 00:00:00,2018-02-24 04:12:31
dcdb1466cd4a6dab362982ecaa6849ac,615138ca15a2a7fe3059d1fd8ac364e5,4,,Muito bom,2017-11-29 00:00:00,2017-12-01 12:32:50
d9222c99cd2559ac05a5c64e710f4f92,a201a3d5774c7b81c6a50dad1be5f488,5,,,2017-07-19 00:00:00,2017-07-19 21:40:07
fd6697399b769a80a15db5d6b2f34a60,91c4a93764c64f05b6548ef057e6d3e5,4,,,2018-08-29 00:00:00,2018-08-30 19:44:00
a7dd9f04c8d3dbeb7c8687daafa006f1,ef161f48adcaeede5920308df1c280b6,1,,obrigado,2018-03-13 00:00:00,2018-03-15 19:29:19
41e3459f55b302caeecc3c100eda791a,80000ae9d118d79953522e35cce34f13,4,,,2017-03-09 00:00:00,2017-03-13 11:09:09
b93fd94319287ea3932e92b9f6225199,6be90258d0695edd089b1165c0925902,4,,.........,2017-12-30 00:00:00,2017-12-30 13:29:13
d7b9e9e361b04a1893f73db335042e35,f05ef3ecdb7796d93e204c0a7ab76759,5,,,2018-06-07 00:00:00,2018-06-09 23:11:53
d1a7751316193fa90405e4c961547be2,712c3c76ddb4bc5fc94f6643096cb289,5,,"Correspondeu a minha expectativa, embalagem, bilhetinho escrito à mão carinhosamente. Perfeito 😉
",2017-12-15 00:00:00,2017-12-15 20:31:08
60616e2c3ce6b18250554d682c339a93,62a4fdf762d5c41efd4bb2418f236e9f,5,,,2018-07-05 00:00:00,2018-07-08 00:29:15
466b440bc1e0ca38fe67cfbd53ed3c56,42c8c432478c96a21d6b78c5350ccd28,4,,,2018-08-07 00:00:00,2018-08-08 22:58:02
a8b63e1292141b8158d2f87355b15686,e0043b9e113bdc5f84b14893d62e00ac,5,,,2017-12-01 00:00:00,2017-12-04 00:13:56
b8cee4f2fd6165e9d850b25be4c7a7f0,c52d58426aab3759ad2cf6fcb69e4add,4,,"Recebi com a caixa já rasgada, mas estava tudo certo, obrigado!",2017-08-22 00:00:00,2017-08-22 23:41:53
840b5b3e721b62bffddd1fb843f2a9cb,19230cac8f45f89fc992b4048422b72e,4,,,2018-03-07 00:00:00,2018-03-09 11:16:51
898c87fc7abf4353b4c82e98fae8c449,ca7296a83aa279afb28c2388a4f48891,1,,Quero meu dinheiro de volta ,2018-03-09 00:00:00,2018-03-09 09:22:42
6943b547823c4f9cc7eb7ffc9c41fb35,076f1fe978468db6b826f40f714da65f,4,,,2018-06-12 00:00:00,2018-07-01 01:23:38
cdce7922e171b11c299dd39998dbcbae,95c9b6a458336c5de68ca8d1ba553078,1,,"Pelo que parece o produto foi extraviado pelos correios / carga roubada , e simplesmente não tenho nenhuma explicação ou retorno da empresa. Já tentei contato com as lannister e protocolo.",2018-03-16 00:00:00,2018-03-16 17:20:19
0d75b37580942d4a2aa611ba76f76b8f,cd16e890b276ec7a7e2e93ba379339e1,5,,,2018-04-17 00:00:00,2018-04-19 01:03:52
3ab794c31a69c4dd9defa0595803faa3,8b3bda465a61f930742d256916d1d7d9,1,,,2018-03-31 00:00:00,2018-03-31 10:00:55
9ffa8f9f84cb959dda1089b869e7d1e4,eaa10b1bfc8e98b22d99dc4e96ef6a83,5,,,2017-12-06 00:00:00,2017-12-08 19:18:58
0a0c72ed700c4154c9d9a9f2773c5f2a,b469d27d92d32ac0ddb615a295f2e9c4,4,Para o bebê,"Meu bebê ainda não nasceu, mas o produto parece muito bom. Vem com um manual de como amarrar, deixando bem fácil entendimento.",2018-06-08 00:00:00,2018-06-11 11:07:53
6620eca7ec497a7c019c1b38aee71cfe,bfadb548852a3f28f3beba2245ccd552,4,Show de bola ,"
Minha esposa gostou fica muito legal obrigado.",2018-05-23 00:00:00,2018-05-24 23:57:57
69df2d7ff1218bdf32978e6f6fc4f32c,4ca7011605c977cd69c1e1706625e98b,4,,,2018-04-04 00:00:00,2018-04-05 01:12:33
6ce434883ab672c5f6e019058e012a43,e06ff711ddcab05c3651a9b1bb003950,4,,,2017-03-16 00:00:00,2017-03-16 11:58:31
153393ceddce98f4492128cfc5252d49,ec07555943e04d757937a8bea3a75ed7,3,,"O produto que veio não vale o que paguei, mau acabado e irregular.",2017-11-28 00:00:00,2017-12-01 13:47:50
e253b755ab4e38930312e2bd7cec1805,ce8502b200546c12a54e51a65f313f34,5,,,2017-04-08 00:00:00,2017-04-10 11:00:56
3cda46ccd7010d5be20f36f02ab42207,baaaa6a46bf8f53d113193a6a23efbd4,5,,"Rápida entrega! 
Com certeza comprarei nesta loja novamente. ",2017-12-27 00:00:00,2017-12-28 02:50:52
fd264f22fcf0f7e65d3be132cdf441da,38b80ac02e3ce34b306483fc57a33bc5,1,,,2017-03-21 00:00:00,2017-03-22 03:02:26
3aa12a842315c38fe80754cb16e30bff,b1bb317f7d7fdeefca25499d3e62cb48,4,,"NÃO ERA EXATAMENTE O QUE EU QUERIA, MAS SERVIU",2017-04-05 00:00:00,2018-04-07 16:21:56
84ae25c6042428f63483d6a4a69d1796,7b9f5e24a87d548effb470329e3705ea,3,,,2017-07-12 00:00:00,2017-07-15 01:02:47
a013b1984eb586c597633b8a48c7e332,2c203f4297ffa221e33a90171c24249d,5,,"Otimo produto, chegou antes do esperado.",2018-02-08 00:00:00,2018-02-09 02:16:06
bcf0b4fdf5851615e2c56b8e30736ce5,479374e6d18c89bd20eb4c80cc291fc6,5,,,2018-06-23 00:00:00,2018-06-26 00:09:27
0422149304ab53d020dde96d2ef94c33,c0567ba9f6736e00d05c404aac7c9430,5,,,2018-07-11 00:00:00,2018-07-14 10:41:49
2efacc274da6860e7e1c4265c5491cb4,42d23fff3eee93c6c3b0ac65d3ca1e93,4,,,2018-07-06 00:00:00,2018-07-08 15:18:31
954f5cd113cd5b0d23fed2cd1a848564,5075b9e252eb0b3f1350f282c94a82b0,1,,"O produto veio errado não tive nenhum respaldo para troca ou devolução do dinheiro, infelizmente terei que entrar com uma ação judicial para resolver o meu problema ",2017-12-13 00:00:00,2017-12-21 22:07:54
315ba0b0107f81b4bba5059c266c926d,31c97425f34d48507d57e56e0ec2986b,5,,,2017-09-17 00:00:00,2017-09-19 16:37:25
976bb499880eb3830b527dfa58758c94,a49bb03badf724e5180699f77387a444,1,,Comprei um produto que esteva anunciando uma coisa e o produto não corresponde ao anúncio,2017-05-26 00:00:00,2017-05-29 11:31:52
762e6d4663840a72a62ab42c517610cd,ee43c2648eadad1558b2e3130b736c7c,5,,"Fui surpreendida com a agilidade na entrega, lannister a melhor, quanto ao produto, design muito bonito e funcionamento ótimo, valeu a pena comprar.",2017-12-08 00:00:00,2017-12-10 22:51:17
a671b93348a5dac5e08e292d8423b666,6acf90c38bdd8b8c40950b821624787e,5,,LOJA NOTA 10,2017-08-03 00:00:00,2017-08-07 16:11:05
3afaf18d4ddd28fdb1c9cb4d665ad9fd,906fa2ba215b24e3888dc3f8c0950f78,5,,Mercadoria chegou com 20 dias de antecedência da prazo previsto,2017-07-26 00:00:00,2017-07-26 19:25:16
f331dd1543d366942d1e9e13b35f0dd5,151137bf7ab537c1a2da6bba1368d87d,4,,,2017-09-19 00:00:00,2017-09-22 10:29:28
43e74c7149e82dc720a4e96cb8c78b28,53a24a678d0e83d0d3c718528aa0aece,5,,Recomendo!,2018-04-25 00:00:00,2018-04-26 04:21:33
cc41f3fb112d4dd181bcda6e481fa895,5b7aed674843fc9b20d1c4cef543a761,3,,,2018-05-19 00:00:00,2018-05-21 18:59:31
36578ceec2a51f6fa5c7951afea394c2,db9f2956d5aa9406afedc858c51c2f5f,4,,,2018-04-04 00:00:00,2018-04-07 08:16:43
a43b23d52c7e60692b1bcbca0ae12c8c,82905f4b411a687464762216db4424b2,1,,"não esta sendo eficiente, me deram um prazo de entrega e ate agora nada ",2017-12-16 00:00:00,2017-12-16 10:25:26
07a4c0fd1d3bc16284492825bdd62bff,7b78cc6982a3e84c736e54249ed7612c,5,Elogio,Entrega bem antes do prazo. Produto de excelente qualidade. Recomendo o produto e a loja. ,2018-08-05 00:00:00,2018-08-07 20:28:54
c93f4a434012b47c7f007d4566d53cc7,535c025843acd3d8c280a3b32f77a1f9,5,,,2018-05-18 00:00:00,2018-05-20 23:25:01
74806a928583ab603d6fab15f846b00f,295bbf539c1fe97db23dffa5e84387ad,5,,,2018-02-16 00:00:00,2018-02-19 16:25:46
2dd7d1c68ae82d39f3696e20cb9c1a3e,2c6e3395e4f4716fc4d23742912ff80d,1,,ta demorando a entrega nao resebi minha compra ainda,2018-03-24 00:00:00,2018-03-24 04:48:02
f81360e59ba74ed312880ccd23bf5a75,bc5089284951e16d020460e18de85fad,5,,,2018-03-28 00:00:00,2018-03-29 02:58:51
1a3ad833a72fe2d0e4c4ee07cba05395,356108ac93685d12f65fe827e25bb138,4,,,2017-12-27 00:00:00,2017-12-28 12:40:41
8136540db17d0c363b6ba4200ae06096,ca3a17e05aaef4739aa16cc63be8a117,4,,"Recebi o produto antes do prazo previsto, e tudo em ordem, porém, após 5 min. de utilização, o massageador parou de funcionar... já solicitei o cancelamento da compra e estou aguardando a retirada.",2017-08-05 00:00:00,2017-08-07 13:20:44
c5b6b6ac8a0f5a75b16ab4bdef1fec3f,d8c441318d48082352e8592142db807c,1,,"Ainda não recebi o produto, além de ser um prazo mega extenso, não cumpriram com o combinado!

E aii???",2018-03-14 00:00:00,2018-03-14 11:39:53
b1a7e6bea48ebd760453f2975eb5c5af,06aa0aa8c22027ebb953d501c4238512,4,,"Produto um pouco fino, mas o pelo é de qualidade ",2018-04-28 00:00:00,2018-04-28 21:44:32
ecbfcb456359c851e1364e1ffc96a2fb,12d8f84b2205c7654fdf6768718d243d,1,Horrível,"Produto falsificado com sinais nítidos de pirataria. Além disso vem vazio, sem tinta...Pode isso Arnaldo?",2018-07-11 00:00:00,2018-07-12 11:36:20
923169a6f4d919aa195de10658ae11c8,e030f5da42afc3b5b81b24d7c4d1bcb0,5,,,2018-01-04 00:00:00,2018-01-06 19:23:32
09d4d315506103ba301225a0f38c2999,27d59d6c52a0d2dbb8e2ea86ff71f962,5,Bom,"Tudo veio nos conformes, obrigado!",2018-06-19 00:00:00,2018-06-22 21:25:34
de7266f6e2df603b6d2733b60cbe2ce3,11921adcbd013757ba6f287c03929bb4,5,,,2018-05-11 00:00:00,2018-05-12 23:17:18
f63c4341c967b3a69fb2f31e12c2b171,31ca199ff8e0748b9d065f1bfa90450b,5,,,2017-08-13 00:00:00,2017-08-14 15:25:47
5395e388be6105b6a76ddcce4557356f,6390d8596b48fe36ecbd508af3770dec,4,,,2017-12-06 00:00:00,2017-12-08 11:27:16
b588636a93a2236b329dcf25301ce4e4,57a382ec5b2ec69093d3bdc7de3ec927,3,,"O produto foi recebido corretamente, dentro do prazo mas achei curioso o produto ter vindo sem manual. Restaram dúvidas se realmente é original. Fico no aguardo do contato da empresa.",2017-06-09 00:00:00,2017-06-09 20:05:50
28304ac6f3673ac20d1013fd01742f77,5b74abebfd5bc1d137d7ade71c5cfd36,5,Muito bom ,Muito profissional a entrega. Perfeito! Ainda teriam 3 dias para entregar e já está na mão. Minha filha é quem agradece. ,2018-08-29 00:00:00,2018-08-30 02:09:31
55710f013a1467565dfced549f761936,b374364a416f6bd7a376e466e60415a5,5,,,2017-03-15 00:00:00,2017-03-16 12:31:37
fdd66d5025ff7bedbda59f70c52efb80,8ecf44036c8ef6743d6bc46fb6d40af4,5,,,2017-07-29 00:00:00,2017-07-31 20:25:15
e060d683fbec3059d25a57b7648cff9d,3a73a24fa6a0d8ffd462fb4bb62e66fc,5,,,2017-12-28 00:00:00,2017-12-29 09:53:04
83e700c660ba0e436915af8026f2df14,bb31e0bc46d4bf098ba2bea9092a59f1,5,,,2018-08-11 00:00:00,2018-08-12 01:41:30
f3cf12ddcb8a5af76829998375f6ea82,7a5ff6680378afabf6b6a1e75bff8b8c,5,,,2017-10-20 00:00:00,2017-10-23 10:31:34
bc8737fe88d7e77e5e7746c5ad074378,1f0e3e7a13d98443333a705e4ea42148,3,,,2018-08-31 00:00:00,2018-08-31 09:54:51
2a764109f72587a5e89da3f8aba55e27,d98222e2d133bcdcb2352eb1161ddd30,5,,otimo,2017-11-30 00:00:00,2017-11-30 13:01:40
429ead0d8a254dff6f01ade32794c07d,f40d3749a6d621bb95be74a8ce79e06f,5,,"produto original de qualidade, lindo, chego muito antes do previsto, transporte seguro, uma das melhores compra on line que já fiz, obrigado.",2017-02-22 00:00:00,2017-02-23 12:41:31
e9e8c064fb1da39c68faa533157a1f54,5d08d050576ab268270b7c0956c6f162,5,,Muito bom,2017-12-23 00:00:00,2017-12-25 22:25:27
122b32ac58c98ffe19a6de910bfe2326,e0e1cc569a1f7a8ddb27bf2c4168e479,1,,"O fone nao recarrega, nao segura carga..",2017-12-23 00:00:00,2017-12-25 18:58:33
7759ffa553d5a22db18dc55cd248e9e0,f8046b5049a674585e048bb954e3b494,5,,,2018-08-29 00:00:00,2018-08-31 01:51:19
9847ce63174143bf3a1ae38bfce940fb,b07d2a68cc3e97e707eb42d213983c66,5,,,2018-08-16 00:00:00,2018-08-16 14:59:37
9a5884147bbb7bad43c9e391fa4893d3,d5cae76a3a1157f7947579bf8ae13f18,5,,Sempre é bom comprar nas lannister,2017-06-03 00:00:00,2017-06-03 23:15:39
edada860584e48a4ad8a29699c2d4609,92f4f749aa508d58dee50d9ccdb6c9dd,5,,,2018-07-25 00:00:00,2018-07-26 01:59:37
254678842ac8b22cf557b91105b760e7,46c820acb13d40759d9cf3941fb7a47d,5,,,2017-12-13 00:00:00,2017-12-16 14:08:40
ec380f062c8ff0e10dfc8aa066fdcc39,b1600c1915c18f85050002d08b6274a3,5,,,2018-05-23 00:00:00,2018-05-24 03:14:44
fdb31dbd29c2c793dc133113f1743e70,65c681e03f100e0ef15a100838d6b357,4,,"Produto entregue antes do prazo, satisfeito.",2018-03-29 00:00:00,2018-03-31 21:06:02
b2581d50fff8870963c44f5e2946a83b,719b6b76d11e7e6f6e8113bbd4565b84,5,,,2018-03-10 00:00:00,2018-03-11 05:18:26
0f772e13999a23c70b6cf05852119ad4,32733fc014b67ef70fa6039dd8c6ba82,5,,,2017-09-26 00:00:00,2017-09-28 21:56:30
4a4dbc511d64564b81992388d7852e43,a967b2911a10315ea9e93191515fad0c,5,,,2018-01-27 00:00:00,2018-01-28 00:43:35
8c0e3fd9c27dcf11eba21f1b15ebff99,b6b7ebd3ab897684bb22eaf084f8f299,3,,,2017-12-30 00:00:00,2018-01-02 19:33:00
82513976c91d4d49dca2db5ab48208ee,094f7614f77e85fb05c77ecb164afdc3,1,,Não chegou,2018-03-21 00:00:00,2018-03-21 16:46:04
5d321e1c68400d4872b61c4671861a0e,36252698cf1f3b91960c60cb2524ae78,5,,,2018-06-19 00:00:00,2018-06-21 21:26:05
e1ef39282109325421c239d8fda09bb5,e11780f33e850a77d1b3c2fa13ed5d4b,5,,,2018-05-15 00:00:00,2018-05-16 10:30:36
3ab16d26ec1a3bbdf9e26d69060aa2cb,0c50644a967084c645a3bfdf0cc47545,3,,,2017-03-03 00:00:00,2017-03-06 11:34:35
0cf3d0dcf60f1282037903c8ae002558,c566fd2719c6f9e102a841c474cb490c,5,,"Não tenho como dizer o quanto estou satisfeita com o produto entrega e atendimento. 
Amei!!",2017-12-27 00:00:00,2018-01-04 15:57:29
eedf5c3734d25b6bf5fa41d0b67bd4e9,7fd6cd7e778c71e9b3721599948c104c,5,,,2017-05-17 00:00:00,2017-05-20 17:14:51
905e790fca6664728a8f9edcc8d6f38d,61fa8d2ee24cc80feecf24ec94c68e8f,3,,não me foi informado que produto viria desmontado,2017-05-16 00:00:00,2017-05-17 13:30:02
84316b2e816897c60ad4d44090563841,3c31676dda1c2731a56d31f4157f72b4,5,,,2017-07-15 00:00:00,2017-07-17 11:17:13
b0846e798e7d1ee0485f77020b5c242f,23fd789ce06f3c54f212b3b9d358579f,1,,,2018-03-24 00:00:00,2018-03-24 15:24:53
935e8f8854b178239034cef1f3a1d457,e7d3f9457c859cd5b63a25a4c2afb2e0,4,,,2018-02-11 00:00:00,2018-02-11 12:36:22
8a99d0aa42e8fabf3b4a8c90dee8bf03,737a2768fd261ef8391251a0ccbf150a,1,,E estao demorando seculos para fazer o extorno. Nunca mais vou comprar pela stark e seus parciros.,2017-07-15 00:00:00,2017-07-16 12:31:55
a5f9af7675f8a2bdc90699cc3e5b85a7,60d0d7f6e4119e9a4630876994978c2b,5,,,2018-08-02 00:00:00,2018-08-07 12:02:57
d3b00044fdbffe0f428860ee360e42ed,3dc2e037b872ca03f5b91028710abae5,4,,,2018-06-23 00:00:00,2018-06-25 12:28:51
b2fc2fac36fdef519925b2f55a95d8e4,85841af0d94e5d0cd3a9c0e42e565b74,5,,,2016-10-18 00:00:00,2016-12-06 20:48:13
dbbc65f2516ab879972fc29a544e2f7b,b5b411510c27795418ac5808a30054e0,1,,Eu só recebi um lustre e comprei dois anota veio dois e só recebi um ,2017-10-07 00:00:00,2017-10-08 13:02:19
59fdec16e647e8d47b2573a33f6293bc,ccb211459abb148401c4f7c596524cae,5,,,2018-08-21 00:00:00,2018-08-21 21:18:28
1b138ab908f4492fb05988f80f5cc908,56286095ef8730771df8d223978236ed,5,BOM,RECOMENDO,2018-04-28 00:00:00,2018-04-30 17:37:15
7f592b57c7cdf4d771713da1e7137415,8b761bca5ade41b47694b0225c668b75,5,,.,2017-08-15 00:00:00,2017-08-18 12:58:47
10d955ac4afa65707c47c2ad5f98cb61,bc1b81dde530e5b064a559906643fcff,4,,,2018-01-26 00:00:00,2018-01-26 22:12:06
6996e4ed06e237f64c125d1769c5b676,9c9036dccc18ec72597a1abafc18d3b4,5,,,2017-08-15 00:00:00,2017-08-15 23:44:37
c63e9a3e71cf42f0ea0fed908b6c170e,378035ea5017f82d47a885f52fff9be1,5,,,2017-05-18 00:00:00,2017-05-19 08:43:06
6da036905bd1d6513f0c9bfac88c0673,1f11f0ab2b0ec59d0ec45f7f810a04f8,1,,"Nunca tive problemas com stark.com, mas infelizmente dessa vez errou mesmo. Pedi uma mangueira de entrada de água e recebi uma mangueira de saída. ",2017-06-29 00:00:00,2017-07-02 02:33:41
d77f6dcd64a51cc98282fb5430787b3b,c8c002c98c3b0b4d4136b84f76f635a8,5,,,2018-02-09 00:00:00,2018-02-16 23:04:56
ab0305b0a23b66f211c7892f3c29f7a0,bd6ab28252f15e7c57f212a725aa1c37,5,,,2018-05-17 00:00:00,2018-05-21 14:10:25
c09a15559c31dcc9c73516d87ababfc0,048f3e9b77a965f84a501a7f29076128,4,,,2017-08-03 00:00:00,2017-08-08 00:04:18
b78cf024a558fc79ec348093d1efaa40,c15a3ce7617aeffb3bfed1f6340d66e7,4,,,2018-04-15 00:00:00,2018-04-17 17:26:47
0090df4745ad9291c59dce29d4277f6f,cf8152b6a51ad306ad09a2d253c8133c,5,Ótimo,"Gastei muito

",2018-08-25 00:00:00,2018-08-25 22:40:44
50ba911fc4cffe1b3f14ccf9efa2e45c,a059bf220c121cd3d48e82b036e831d0,3,,,2018-05-15 00:00:00,2018-05-20 12:17:06
1278c8af9a442c6b48b8b5c42ec88aa3,6e4064c4b1df562463ea9a75839db134,2,Entrega dentro do prazo .,"Quanto a entrega , tudo bem . Mas o perfume não gostei , muito fraco. Fragrância muito diferente das opiniões que li na internet . ",2018-06-14 00:00:00,2018-06-15 22:57:24
261eb4993e5795886f2cff2a1ef0e863,e2df710c10b3d255c51ae1fb11bfcd11,3,,Comprei 3 itens... recebi apenas 2... e a loja não responde meus contatos...,2017-11-14 00:00:00,2017-11-15 11:46:48
92490fc7dfcfd1df3965634767cffc3f,22caa724849d26dec4cd73ffc70bc133,5,Otimo,O produto veio exatamente como no anúncio gostei muito obrigada,2018-06-29 00:00:00,2018-06-29 17:56:30
c483f354423e6f30cbf70b43d4a73e58,5bc2a7b8f0817443a86b69461e742cc9,5,,,2018-01-13 00:00:00,2018-01-16 00:57:42
95a7b37ec12d1e7150cbec496b20b824,7edc3ed94401904fd169923dd2ba3ecb,5,,,2018-02-21 00:00:00,2018-02-23 23:42:28
b8414b59e6c9d6f14b639fe0a1ffa0ad,baa57a887ab6469f6e65bf75ce80b768,5,,,2018-06-26 00:00:00,2018-06-27 04:01:13
585697c282057e802ea17f89aa5c0c8e,f9ba4a7646e78ee867081f9a098c3290,5,,,2018-08-31 00:00:00,2018-09-03 12:39:52
ec9b3df87325e1294a5fffe96d9dce80,c20880befd228c3983ddefda4f2549db,5,,Nota 10,2017-05-24 00:00:00,2017-05-25 09:33:52
1418ef14468ed01c02bd0d1c6cb01bbe,af099467911b979b79b3a49231876086,5,,,2018-03-19 00:00:00,2018-03-21 17:08:41
1e08694a453c3e8732d7080e4181083f,8616d2e4f9d29d0a08571be7ccf0acc3,2,,,2018-05-18 00:00:00,2018-05-21 15:20:31
4aa02a94e645b6605fcfa460d288db35,1e73ecf14966e33e06e79c339fb3f7cd,5,,,2018-06-09 00:00:00,2018-06-15 02:09:47
deae485423c1e591423331734e5450b3,d367a93b215e8828942054fc3799c834,5,,,2017-05-25 00:00:00,2017-05-25 19:09:19
78254ead0e4c27f2b7849553e0fc654d,4f2dc4a949823819bfc75b784fb32686,5,,,2018-07-05 00:00:00,2018-07-06 01:05:26
6a0aefb12d8dde4f7c09566db0fbfc53,2804400973412de4efdaf1399281199c,4,,Muito satisfeita com a compra.,2017-11-24 00:00:00,2017-11-27 11:51:08
ad5c2e1e5b1a446ba6d436a429a8810a,ba8ffe0231b633e2aa5526e2a070b3d3,5,,,2017-08-15 00:00:00,2017-08-15 23:30:33
41199598f23363067968afb07c3605b9,ebe3541c37938be5fe324645a702d4d4,5,,,2018-01-19 00:00:00,2018-02-03 16:48:10
c58d5d6e32746e4fcf8d1cac3c8c6b22,9c77966338b7a4afae520a5723c937a3,3,,,2017-08-15 00:00:00,2017-08-15 20:39:54
6be662e5ff78f2dafc2b2fce09dcd104,1527028c6f0d2ca7a42e5337dc2762e5,5,Caixa transportada parc c,,2018-05-17 00:00:00,2018-05-20 23:59:47
100458c810a341d2b19eb3a0fad4966d,6cf30e050336c50f368c34da13c9e6a2,5,,"A entrega foi feita antes do prazo e tudo corretinho, além de que amei a bolsa!",2017-06-13 00:00:00,2017-06-16 15:13:16
c897aa099f2a55c79288c83745ba4dde,413648037e02e5c759e67071c61b2fcf,5,,,2018-08-14 00:00:00,2018-08-18 15:54:38
765b6e0a637db3001057d55889597410,da225376046ab771e41a24f84f53f536,5,,,2017-04-20 00:00:00,2017-04-21 15:14:47
944c974daf0d13eaa4396ee7831d2f4d,55b2cadb9946209a0283fd636ddc6676,5,,,2018-01-05 00:00:00,2018-01-05 23:34:10
81e2123949233960beb8a1a5f769091d,aa253701e17f4db9147a15539bcacfd2,5,,,2018-05-19 00:00:00,2018-05-20 18:27:18
d54c22813114b24bc7dd4949835d0506,5e08f8357b3660485f47d00381feaa6f,5,,MUITO BOM ,2017-07-22 00:00:00,2017-07-24 12:56:08
fd4ade0e4851bf98c2efe5422fd49f1d,99ea7908cd1e043462057874b180e3fe,4,,"Entrega rápida, produto bem embalado.",2017-08-11 00:00:00,2017-08-12 14:01:08
17713a0cff36e6350796f788e4ba9334,5bc78a286b07fd8ad2198daf226ec008,4,,,2017-09-09 00:00:00,2017-09-10 04:32:33
f7e05b7f66b6cd80c2b8f0495313332e,fbd5d366a19445bc01b83fb9055b6422,5,,Produto bom. Minha esposa adorou. Entrega super rápida. Parabéns baratheon.,2018-01-04 00:00:00,2018-01-05 11:13:37
82134852f0533ba4b347c1630c9ff2a9,6c90fc612a10cf8c7c74570e1db07aa0,5,,,2018-04-12 00:00:00,2018-04-12 22:23:09
a19605c444de5c9a76ec4347b51c0237,60243a953c19e3606e7757264ea2ad3e,1,,"Não Gostei da qualidade do produto, muito fino as peças das toalhas, pessima qualidade.",2017-07-19 00:00:00,2017-07-20 10:36:39
3d6ea11ad8574185494a2293d432d91c,aba17b8bf8ad8249a87ff4c21a5569b9,5,,Ótima compra e produto!,2018-01-19 00:00:00,2018-01-20 15:06:32
dcf06eb44f54643f8ca4308d6595b0ac,56aa3b6b2c30314ee80914fea9543573,5,,,2018-08-11 00:00:00,2018-08-12 04:58:47
c0aed5ffccea9130163ea8ba457e06ea,53c7592439c12d02630c4f0da48614bc,5,,,2017-12-27 00:00:00,2017-12-28 14:00:39
4e942839744c8bda7713c6bc7e8d56ad,c0e1586eda89047d683b2bc7d902037c,5,,,2017-12-19 00:00:00,2017-12-20 10:34:35
bef93a63cb8fd8c391aca4af64a91995,ba16a6de753feb4dc0a6716cc3ddf951,5,,,2018-03-09 00:00:00,2018-03-09 18:44:38
a4a794239fef567117150ee987ad6973,ba8ebbd4a50913dea058ff7695922d95,5,,,2018-06-05 00:00:00,2018-06-08 11:07:58
89e908e6312c6d25e7133ddc195fa460,9aa70c8fac4649c143933fedf26730f3,1,,,2017-11-09 00:00:00,2017-11-18 00:46:43
422d6120dd528cf1bc3457bbb55f342d,f26fa27bb0f1337c570d70e32fc2e413,1,Recebi meu produto com a.,Olá boa noite recibi meu produto com à cor errada. Por esse motivo não recomendo à Loja.. ,2018-07-25 00:00:00,2018-07-26 03:22:46
f23e77b96f875900da3463c46d2e76bb,019536ad39a0dea8bb75c00359a0386b,5,,,2017-09-26 00:00:00,2017-09-27 16:18:50
bf4f1b59c31fd3f50ec7ea70fa6a20ce,7f9230d9db6715e755cc320e1a6b2436,4,,,2018-05-10 00:00:00,2018-05-13 00:52:27
e724235f5a18f0357070082834685a42,78018da6cd678e170c59e759cfb4d754,5,,meu produto so não esta nas minhas mãos por erro meu,2017-05-21 00:00:00,2017-05-21 13:42:16
e725b931286dffb6e551e20b56b49c1f,b7775ddf9a56a4bbabff3e2e84c08b07,5,,Produto de otima qualidade e o melhor chegou muito antes do prazo. Satisfeitissima.,2017-11-08 00:00:00,2017-11-08 14:58:31
f8e68532c20535c97b4fc427297a364c,e4c01d7732af07fff2a3e083d93f0581,4,,,2018-04-04 00:00:00,2018-04-05 17:18:11
87bf7ea0b6a55642abc6b4dae8364d16,fe78b46c19e9737d82d7dc5d7ea6ee77,5,,"uma otima loja, o atemdimemto e otimo, a entrega e rapida, gostei muito de comprar com voces, ja recomendei para os meus amigos e familiares.
",2017-08-02 00:00:00,2017-08-04 12:30:16
9dc570f9207a301eaa610e73dc14c632,841f22552ef7bc21e205df35283025c4,4,,,2018-06-27 00:00:00,2018-06-29 15:14:55
afa641e84c205132c9951a3276aa8c81,1fb42df5f777c1b9bf5790d888e15075,5,,Produto entregue conforme informado e entrega feita antes do prazo dado. Parabéns!,2018-07-03 00:00:00,2018-07-06 00:32:22
355cd79ed76a9e5d557af1b793770c0b,0a03f10c3075f5566e5cdbef7c487e14,5,,,2018-01-27 00:00:00,2018-01-28 10:30:56
b2bf1f007b213286fba78caad8afdb03,fd4c1cc6d742f00dee7633f6a72cbe60,3,,Só chegou às coloração o carrinho auxiliar não veio ,2018-04-21 00:00:00,2018-04-21 23:00:09
1cb9f4343412b6fa9f2259151ccafbaa,19cfcf45fc399af9d3e9d1d98638997b,4,,,2017-12-29 00:00:00,2018-02-09 12:19:51
784d98e013d570979949d5928d5389fe,644fa2355020340eaa627c83e17eee27,5,,,2017-11-29 00:00:00,2017-11-29 03:07:40
6c3a11edfe66e4dc656d278ade638010,4a15263dd8da51ee9b6c6ed9fa843ee9,1,,,2018-06-10 00:00:00,2018-06-11 13:26:12
bf34baa5a3e643966eaa5e96c035cc30,b90228d9050d13c266a67be0e92ccd00,5,muito bom,exelente som e realmente bem reforçado o cabo,2018-08-08 00:00:00,2018-08-08 19:18:06
875b7cabf2ae04376a5cd5105073824f,fb244f5888763d8429a89b3438d70295,5,,Melhor que eu esperava! Veio com garrafa e recipiente para biscoito lindos! E ainda com adesivo ! Adorei ,2018-03-18 00:00:00,2018-03-21 13:24:29
b1846fdadd4459366850268e6c965a8b,4b4d5464625e478996dffcd761c4b9a2,5,,"Produto veio perfeito, muito bem embalado e muito antes do prazo estipulado. Estou muito satisfeita.",2018-01-12 00:00:00,2018-01-15 10:28:30
911e0a4bdd134135e28090dbb578148e,c45686ed86426af3f7be41420b6020ea,4,,,2018-05-19 00:00:00,2018-05-20 19:04:47
fb97bb4781d62c0fc0c24c0d95f84710,64d7ed1c4e843c97738d861140943a73,5,,,2017-11-22 00:00:00,2017-11-23 10:10:39
1bc69c42c41fbbd350a1cf7c5a2d72a9,40ebc9d21ae5f5d7dfd398f87e63f455,5,,,2018-03-18 00:00:00,2018-03-18 12:30:50
d6bf917f19cd51622bf95a1e686a779e,7a7d2c889e27d93b2005462a8788e168,1,,,2016-11-01 00:00:00,2016-11-03 02:12:04
a2bc71ef4b23be657885b39fab2a614f,ef4d010c07e5ac58d6b9b8f0210df881,5,,amei.,2017-07-20 00:00:00,2017-07-21 13:19:16
0be5543f11c12fad24d1384805619ba4,761504d99664606c4c83458bc89144a2,5,"Otimo,eu recomendo","O produto chegou certinho bem embalado ,lacrado e chegou bem antes do prazo combinado ,fiquei muito satisfeita com minha compra eu recomendo as lojas lannister .",2018-07-13 00:00:00,2018-07-16 04:13:49
90123a2dfaa2c74f5d934a3b321c3388,d8e63c9990a74e7e6a7f16ad81251a3c,5,Excelente ,,2018-08-31 00:00:00,2018-09-02 23:43:12
3d18ad27e6f92dd17ca293515e0dda40,f8bebca5df46ac3fa480fef8376fb24b,3,,,2018-02-28 00:00:00,2018-03-02 01:24:38
3dc5ce70656f1280000a83463de421d4,e631d7417c16066c831e8f2599673235,5,,,2018-01-26 00:00:00,2018-01-27 20:54:06
8515aaa5511e7d00b9b1ee9ece3853f1,845af102c87e1c1bbcb900956ca08e90,3,,,2017-07-27 00:00:00,2017-07-28 01:59:15
68ad4a27b22c0f9c70e0fd3e5909f255,cecccaa359491439461332bbb0dad3d5,5,,Muito bom o produto. ,2018-03-29 00:00:00,2018-03-30 22:28:44
0921984587f5daa5e4f014efd9a8a84d,b28a856ec450375c2c61dfb94250fbb0,5,,,2018-08-09 00:00:00,2018-08-09 17:41:08
8aaad5ff507eee9be18faac07f3ff9ab,3cd99cd38f3f27164941ce0ade8d2a5f,1,,"O produto o qual comprei apresentava um conteúdo de 250gr, e o que veio 125gr. Propaganda enganosa e me sinto desrespeitada como consumidora",2018-02-24 00:00:00,2018-02-27 13:18:15
45b2ed2edcd0290b079318d568578f04,2d30bcdaaf18c2598140aa6f7f230216,4,xx,xx,2018-06-14 00:00:00,2018-06-18 11:31:28
e8236fe7b6e1bdd513a500de361e2b87,8272b63d03f5f79c56e9e4120aec44ef,1,,Eu estou tentando cancelar faz tempo devido o valor do frete muito abusivo ,2017-07-30 00:00:00,2017-07-30 14:19:07
01528dc9b84cc50724478e566abdcd97,6d76568d08aee5f1128bd0fb92071349,4,,,2018-04-20 00:00:00,2018-04-21 11:19:07
0f4f8572b6c7ce470ce836f14e6ef329,58bb1a30c2cb9520d5de66b39ed7cc0e,5,,,2018-05-04 00:00:00,2018-05-04 22:02:47
e82fbeb09cc32cf310ddbf004b374c25,499db357fa1bac9b96c44bd42dd17718,5,,,2017-08-15 00:00:00,2017-08-16 01:32:59
6c0d7942894d92a1df692bc8d6e14e5f,82a6ea37c0c3ed2f6fe3a6029adbc589,5,,,2018-03-30 00:00:00,2018-03-31 16:24:00
b180254808ffca72b7c6cd6ecceabbe7,96dd4c9c90277943c551ab185303685e,5,,,2017-08-26 00:00:00,2017-08-27 00:19:15
d931df1bc548c2a626750df977155a75,fb469bc8a14b598d891a004c34546078,1,,"Comprei um controle remoto de um modelo específico e me enviaram um ""controle universal"" que não funciona no meu aparelho... Não recomendo...",2017-12-09 00:00:00,2017-12-11 18:56:30
62c39358bc63b71da444a1debfe0b6ff,73287734c7b95e805d54a35d062627f2,4,,,2018-03-22 00:00:00,2018-03-26 12:42:39
3f5055f44bd31845ba2ae04a428be0c7,0b6626697a43f34edff9135fdd0a564c,5,,,2018-02-16 00:00:00,2018-02-19 11:19:49
3631de76d542ab4f49e0e1d58907e7cd,ef22b86bfc7dd92a0221c7870bd18089,5,,otimo cabides vieram todos certos,2018-01-24 00:00:00,2018-01-25 22:53:05
b74aa99b0d6924acff8f474c1d280940,59bef859ee544206d66d43cd4a50fac9,1,,Não recebido,2018-04-13 00:00:00,2018-04-13 16:19:12
16b7679c7d0ac80fd95c9320d9e3380e,b7dc42271c71663ceed71350d60a5559,5,,,2017-07-26 00:00:00,2017-07-27 11:26:44
249201ab1bb9354c9e290f30bd64b808,1415b17c0425330751b1b6770dc5db23,4,,"PEDIDO ENTREGUE ANTES DO ESPERADO, RECOMENDO.",2018-04-25 00:00:00,2018-04-25 17:44:56
4ad80d94b5c3039ac12f8eb521006bc6,f719f5e18ea61d821edd4a1c8d191b05,5,,,2018-08-21 00:00:00,2018-08-26 21:37:34
9515e1e3f2f053f11f261ed1a16fad26,171b2216b2d1b1f42bc9481f06dfaa40,5,,,2018-08-18 00:00:00,2018-08-21 15:29:21
7dc5abf653546758d9215f0f9aa2df16,a6d7ec86cdee674d7af1adaf72f05cb3,3,,,2017-09-26 00:00:00,2017-09-26 23:24:08
95c108a46e2445aab872ff5251a6fbb2,3acbf8d525d03b71546282c532a3dc6b,5,,ÓTIMO,2018-01-25 00:00:00,2018-01-29 10:49:18
4583ddb3607b88e55614a926dc3ec1cd,083ade26303c53b4aa1c779b67d44485,5,,LEGAL,2018-06-16 00:00:00,2018-06-16 19:49:04
65427c6f16460ec95ce585302d8a1e99,19aeea45917083f03541b7d11afc8e2b,5,Muito bom,,2018-06-23 00:00:00,2018-06-26 00:22:41
106f6115568c5201fc3906a1d420b441,dc66d02aa72baeed7ea19e8d5bf9531c,5,Excelente,O produto chegou bem antes do esperado e conforme as características descritas,2018-06-28 00:00:00,2018-06-30 16:07:26
ae07315189904bd10f6776210f30baf7,3ff488af63223ea08fce4e9db03a82dd,4,,,2017-03-10 00:00:00,2017-03-10 19:39:29
57a3d04566ab1f6729141cc45161ba50,f75517cfb973c21eab8559a870263794,5,,"Estou muito satisfeita com a lannister e com o meu produto.... meu tapete simples e bonito, obrigada!",2017-07-12 00:00:00,2017-07-13 10:13:21
6702287cb2d5186d21b63e1bdc5f8985,7e41af71933a120d6d0fcf9249f19a85,5,Muito bom vendedor,Recomendo a todos que fazem compra pela internet,2018-08-25 00:00:00,2018-08-27 16:39:36
f6e13b426261eff4cee491469e3e960c,8a601ac58a66e7a37b56294b81c2b373,4,,,2017-06-30 00:00:00,2017-07-03 11:45:05
0b5be2fd8f547fae7f6d88573c0b7356,2e233dded5d8af5e2baa5c1fca89a6c6,5,,Gostei e o atendimento ,2017-12-22 00:00:00,2017-12-23 13:47:57
f6f95b35081235721b8e9129051ce0f3,6bb214f60f0b2331b730f74f70dc322f,1,,,2017-05-16 00:00:00,2017-05-18 00:29:04
c2453c07e08099ec40b5cea23fe89462,9de18154654e59d76a22157b8e439add,5,,,2018-08-01 00:00:00,2018-08-02 00:15:26
9f2d41929815ed9877f3da6897fd1bfa,c6be81e3c1e9e15e5893e19d7ce49647,1,,"Primeiro me ligaram que não tinha a cor que escolhi no site. Posteriormente, recebo um mouse com fio (sendo que comprei sem fio) e não é um mouse gamer (conforme consta no anúncio). Péssimo produto.",2017-02-03 00:00:00,2017-02-04 11:15:15
02c16afd687582bb74294ae64d43963e,d152d9b39cef5941978b389e5ffee780,5,,,2018-07-05 00:00:00,2018-07-08 03:35:11
06a3c317914170820d8fa2e3cd5a9fd0,fd22bd0610424ec9e62c1d98288b51e9,3,,,2017-03-25 00:00:00,2017-03-26 19:47:53
7f8cf15f7529ff055bbe69bdd8c140eb,43bf8ef114cb9b805735d15447abbc94,4,Super recomendo ,Ótimo produto! Atendeu as minhas expectativas! Os tamanhos excelentes! Gostei da vedação! ,2018-06-15 00:00:00,2018-06-16 12:11:37
abdd0b459bce550d240c56b5cfca71cb,1486436c20fbfcb9dbce0d90820b86a1,3,,"Recebi os produtos corretamente como gostaria,so fiquei desapontada com a película de vidro ela veio com defeito a parte da cola ficou toda no plástico e nao na película ",2018-08-16 00:00:00,2018-08-17 10:53:08
7427dd5d74aa98d44325eda930abbfbd,2ab274c9a5e207ca4445d7c6ab29e46a,5,Boa,Fude JF jgjguvjjbujch,2018-06-01 00:00:00,2018-06-01 04:12:37
858dbf0ee87944cbce9708cfb0c2b259,489d87d975c0d954b27ca5482aef1e91,5,,Recebi como prometido,2018-03-27 00:00:00,2018-03-27 20:49:16
4d37507a52d8107b461a55392fe918c6,afc164a698c08de061cc7173650121fa,4,,,2018-03-06 00:00:00,2018-03-12 14:56:42
c2901c066e9e11b83096d434df7970f4,75729cd39e546ea4083ab7f3859bb745,5,,,2017-02-21 00:00:00,2017-02-22 00:45:57
3a43887cfdbd2466b894c709c408c036,34d9e89f7b783901742e22fdbd182a59,4,,,2018-05-18 00:00:00,2018-05-21 11:41:02
aecdab794ff320fc1e9af5fa38063181,80f206a25c4f2cfb8f12febcb3c3baba,5,,Boa,2018-07-25 00:00:00,2018-07-27 09:17:35
2b28254788221c5d51a10f2f302e1159,a2ec8ff90a5ffced9e2d1853bf3cf609,5,,,2018-01-05 00:00:00,2018-01-05 19:20:47
a70ca9907b60c925869bd5619370c582,f340f140ae72544b6df944a32ccba7c0,5,,,2017-08-19 00:00:00,2017-08-21 23:59:54
35475e932772a7835d9263e8171913de,8e9358bf838db65d965ffe0913252ac8,1,Decepcionado ,"Eu comprei o produto, a qualidade dele não é a oque esperei, o valor na nota fiscal veio diferente do preço anunciado, tentei entrar em contato com vocês 5 vezes, para devolver o produto e vocês nada.",2018-05-19 00:00:00,2018-05-20 20:43:17
1e6d4c8f20a4ff9e58a72cde81eed6ed,fb520e46696d1669a96549c252ed177d,2,,"Extrema demora na entrega. Aliás, nunca tive uma compra que houvesse tanta demora. Peço ajuda do baratheon para resolver esta entrega. 
Grato ",2017-03-24 00:00:00,2017-03-24 12:45:56
4c44b3ea43eb596f262e75d472fecef4,a4058b92f127efc4a6eaa3d11d0b1432,5,Otimo,Chegou antes do prazo . Estou satisfeita com o produto,2018-08-09 00:00:00,2018-08-10 02:16:47
092f3d4531ae22f25f6b37e07dc0265c,c1efdd2d9175b13e263d77e6ff0803ff,5,,"Produto conforme descrito, entrega muito rápida.",2017-10-20 00:00:00,2017-10-21 13:51:44
e17c6cedc648448a977e5626a2a9d068,b62490833ad4da4f0f696c9358737651,4,,"Muito bom o produto, só acredito que como defesa não é eficaz. Mas vale a pena ter.",2017-11-09 00:00:00,2017-11-16 23:07:20
b0e2831ef40a26224341cd7bb2191497,444ebbf5602b5acdad22e0b4a9951bda,1,,Recebi o produto correto porém é muito fraco e começou a rachar já na montagem.,2017-12-10 00:00:00,2017-12-11 11:17:29
2d42213ba7e168b249383b108c2f6262,dcd9141cf681c0a831e8988b32156d3c,4,Bom para ter,,2018-06-09 00:00:00,2018-06-11 23:01:21
65bba882c7fde06344940705e9f2434b,312f43273284b7ab987d5bc4d880d5ef,5,,,2018-07-10 00:00:00,2018-07-10 20:59:28
0a86c29eb6116bdcfceaed4172ca08d3,9d42a1c81eb3b04c83752029d1bb93fe,5,,,2017-11-23 00:00:00,2017-11-28 19:03:19
d41a0deaeca68df5d3335dad5acfdd2c,b7cf59f6158a9fd83ee0c75e95c65af0,5,,,2018-02-28 00:00:00,2018-03-01 19:49:26
71c88b8207a5c6518a57b92af2b9fc7c,68be1c52f0c662cedbe21ca137ca77fe,5,,,2018-02-17 00:00:00,2018-02-17 22:03:15
453cbd5278fdb3b95154a21cb7ab0064,1a122ca21948df08789d7d88094ff11f,5,,,2018-01-22 00:00:00,2018-01-24 23:27:38
709c355db86cad2a5bd2554c370033ac,bb953a084ab406da9e19dfdc06df0245,5,muito boa,"Tudo aconteceu de forma favorável, desde o início, até a entrega!",2018-08-14 00:00:00,2018-08-15 00:32:40
f94acb982e362a100f5ac1539a257095,626389ec53cbe508339cbc2ad3a4787b,3,Cuidado com a voltagem ,O anúncio não diz nada sobre ser 220V. Me lasquei!,2018-05-16 00:00:00,2018-05-20 16:00:21
8e5c5edcb3ffc10e5491380ba23b4f88,0cc7bb57999d251da473822051388086,5,,,2018-08-16 00:00:00,2018-08-18 22:33:49
21ef37d23158c42c80a61d018fb5cfb3,5fa4923e35eb4c0d471dc44378b1215c,5,,Produto excelente!,2018-01-16 00:00:00,2018-01-17 10:25:33
12c41b4dac4b9b6ba48834fb3b683763,5dc6b1dfab4fc8303ea318faec36a73e,5,,"Produto exatamente igual ao anúncio, porém levou quase 30 dias após a compra para receber.",2018-03-15 00:00:00,2018-03-16 14:44:09
b74836fc42f499d2a95b16d560e88534,0ad01dd05d74bc7891d57312627ec33b,5,,gostei do tempo de entrega,2017-11-21 00:00:00,2017-11-24 17:03:37
3e05276f791fe1bb6856e3d2123a864e,ceca30e6de65f20adb181e92932941a3,5,,,2018-04-12 00:00:00,2018-04-12 23:32:08
2eb4d550055a77d928b0f381b5e690d8,cdd2f841bc21ca6e8cb60fe51a640bd4,5,,,2017-12-27 00:00:00,2018-01-02 12:17:39
c45e70d0030f0c62f1af224918e7be36,aa12a07df2b43bc0d2e8ebebd7271879,1,,,2018-04-26 00:00:00,2018-05-06 21:31:26
d472b41862b2deb16b726c329388387f,35484f2865463bc3be59efbdc0b218a1,5,,,2017-10-09 00:00:00,2017-10-23 23:21:41
4e58994a5fac8d55a82471641d34433c,67fc16d6dc881afa68e40df4c30d510a,5,,Entrega e produto ótimo.,2018-04-25 00:00:00,2018-04-25 22:59:46
3660aa21e05278ba51b046f20548fb96,84c6aab1664b33eb5607e118dc4bced8,5,Tudo certo ;),,2018-04-26 00:00:00,2018-04-29 02:13:55
35bd753bc196d9b857c048d1468bab2f,558731462aceb9588378c7c19194d2db,4,,,2018-05-19 00:00:00,2018-05-21 19:47:24
bc9b3289b5b11c1e858b143220f519cc,e0aa66d7588bc46f68bf32d34ab6562d,2,não recomendo,"recebi os dois de cor errados, já enviei de volta há uma semana, e não tive mais notícias.",2018-05-08 00:00:00,2018-05-17 15:51:08
7f8e9e4244bb5b094ef2d74be6b22f5d,bca8bef56cc32e6f9374350f671f7229,3,Entrega muito rápida,"Não usei o produto ainda, mas pareceu um pouco frágil.",2018-05-10 00:00:00,2018-05-11 01:23:09
61013209a52d1a9b7125fdcc14a0c81d,dc952dba5b4ae9cc2ea0eb4757f0cdd0,5,,,2018-08-17 00:00:00,2018-08-17 17:35:20
2a1890c83ed3df1ecc4a57f3f4677b9b,9202a540dd3900ebeb2ff790e949a54e,5,,,2018-01-24 00:00:00,2018-01-24 22:30:18
b1fd5bb8d85b5a49f90a0097b3029cd7,3eb08a4c95b522bed075ec059ad858ab,1,,Não gostei por que me mandaram a cor errada,2018-08-18 00:00:00,2018-08-18 18:19:42
acb9ae7d2e088256ffcf0e9daac130c8,491d0f75b13fe6ae121d0deb9a410a51,5,,FÁCIL USO,2017-06-30 00:00:00,2017-07-03 12:16:27
6f1105a113623d8a2f18f6b46e1cf363,cbb54b440099b6c4994d1109f3968b97,5,,,2018-06-22 00:00:00,2018-06-22 18:29:24
a53a5c10b38ad612cf6952c6fea469ec,ec84e555ec0c06ea52e4cd6051f68802,4,,,2017-08-25 00:00:00,2017-08-26 21:01:56
3066e65b1383c7269fed2996c16ac214,9292a5004e4adeb999700abae47eb13b,4,,,2018-06-12 00:00:00,2018-06-12 23:13:24
1628256411d534bc6f0134338241b6d5,e4abb8fe0937a88e04513430b69d268e,5,,,2017-03-07 00:00:00,2017-03-10 19:47:22
fe0ce9ba6230141498ebb12e4a346232,43831dba8cf4791c11ab2d6febf989e4,5,,"1) veio faltando uma das borrachinhas que ficam embaixo da base.
2)posso girar o timer sentido anti horário para desligar antes, caso o alimento fique pronto em menos tempo do que coloquei? ",2018-01-24 00:00:00,2018-01-25 18:22:20
841cec494d4e0386d1c2bfe4cb3317c4,c6c17394464f987209982d3f1423f068,5,,,2018-06-15 00:00:00,2018-06-15 14:31:08
a4fd284edac734b7703bafe1afa9573a,64c3463da17e1c9262d302b03a81fb0b,3,ok,ok,2018-05-10 00:00:00,2018-05-14 22:53:30
b72351b9ab0ee50f754afeaa904552d6,b0df751c10c284b15748836ecd9b3475,5,,,2018-03-06 00:00:00,2018-03-07 00:25:24
bc02a8d3edafa817016e07179680d09d,0b95f3147f8a038de06187063d90008e,4,,,2017-10-25 00:00:00,2017-10-25 23:12:32
1a0185d9e9c25830d5ca6289665cb48b,d24ea7235cbfd0959d74ed0ce8d59c5e,5,,,2017-07-05 00:00:00,2017-07-05 19:29:56
a7f238f01b2e5590cbe7212022692012,cd24256f456d55df11e3049017c86d05,5,,Compro sempre e recomendo baratheon ,2017-11-24 00:00:00,2017-11-27 20:05:09
a876e6a49b68abe6e2400967178b5a76,abf6c7f874686f41f606c83a8e8d2a9f,4,,,2018-06-12 00:00:00,2018-06-12 19:05:36
f527c4274b72b693aefc8a8ca23a8c87,88435e218393c56a56752fd58b13270f,5,,,2018-04-10 00:00:00,2018-04-11 14:17:03
18501b24f156a96fd2357110fdf11275,4642b5eb7edc14a4a0dd2c2eb7b68e14,3,,,2017-09-15 00:00:00,2017-09-18 18:39:14
8c3a4d5390b2ccf084b413054dbaa3a0,b4c9708f4e37c6ac87564ef1f0efa7f3,2,,Recomendaria se não tivesse pressa para receber o produto no quesito entrega esta perdendo feio para concorrência uma loja desse porte se enrrolar tanto p fazer uma entrega tem q agilizar essa parte.,2018-01-13 00:00:00,2018-01-15 18:13:39
807c48479940fb341dc6a5585dd2e8f7,ba714b832c8a26b8b6ce921e0ecbc886,5,muito bom,muito bom,2018-05-19 00:00:00,2018-05-21 01:55:09
d8697b1efc93843999ae12298b7a703f,c263f74f0ce9f6d9e0f4608a22a67dfd,5,,,2018-05-16 00:00:00,2018-05-16 19:41:16
7afbad655b63c0a49c1d739280b591b8,540544251975ba4515aebe0ac8525067,1,,"Comprei 2 cartuchos

Recebi apenas 1 cartucho",2017-07-01 00:00:00,2017-07-04 14:08:57
176a0304e7b25b72d4419cf8f7f08552,4fa373aa126aea437de1bdab7e3f4179,5,,"Recebi o produto correto, antes do prazo previsto",2017-08-23 00:00:00,2017-08-24 12:55:02
6fc8e903a5759d6808ca315f70d8d810,3937af5e68a191867e6224cd78fc2cd1,5,,,2018-05-18 00:00:00,2018-05-20 21:56:06
4e6e4fdbc34f24b21f2b66025ee7af71,4dd4745f66dc08de8b825edf6155ce4b,4,SIM,satisfeita,2018-04-24 00:00:00,2018-04-27 11:18:07
63c761f149aefca945305229a59ba3fc,07440dff5293ea24c5fac25a473c2eef,1,Ruim,Sempre comprei nas lannister é essa foi a primeira vez q comprei e não recebi a mercadoria,2018-04-28 00:00:00,2018-04-28 13:04:56
a0b9aaeb26a59eccd4c5f626a7b057e5,20e001ef9eed26db199b0b95f59512f9,5,,,2017-10-11 00:00:00,2017-10-13 20:44:20
186b702b3817fd5cc00b201b11764d63,88407c8c6e12493ff6e845df39540112,4,,muitro bom o produto chegou dentro do prazo.,2017-08-26 00:00:00,2017-08-28 20:10:38
cc0e65e5c7ae90bf004b356706d16171,77474f59024d12a846fb80577dd24ee4,5,,,2017-04-28 00:00:00,2017-04-30 07:39:01
23314b5c8e308c5567aa91fc6e501623,6c5df19e668b79ccf854d8fd72a105ae,1,,,2018-06-09 00:00:00,2018-06-09 10:43:39
7b760f62a37998b2055ebb80bfae2290,253c8653b64a17c18b729399e14c42cb,4,,,2017-08-05 00:00:00,2017-08-17 14:02:19
6b9a600f1bb824da4ca38f65baf42526,736e1922ae60d0d6a89247b851902527,1,Entrega incompleta,"Comprei 04 unidades, e foram entregues apenas 02 pacotes com 01 unidade cada. Ainda não sei se serão entregues as outras 02 unidades faltantes.
De qualquer forma, a entrega deve ser de uma única vez.",2018-07-27 00:00:00,2018-07-28 02:36:10
7bb977a30c58ac862a3f7b42160d1133,0ea322b0cc5c5a359a4b83e2cae08390,5,,"Loja excelente, recomendo.",2017-04-28 00:00:00,2017-04-29 06:47:21
d7639d5b66a70dff05bedd9aafd85f34,d2dd22a82e41003562f87ca88e02b0b9,5,,,2017-06-25 00:00:00,2017-06-27 12:34:23
c437b6cb79213b855c7ea470268527b6,34e52c9f5c9ec68a599473a73c06a782,5,,,2018-03-09 00:00:00,2018-03-12 18:19:10
e8637e3d5fec0f06b3045e077f7dd07a,5600c1fabd9c27cf4dc4a3aaf57a8e29,4,,,2018-03-30 00:00:00,2018-03-31 01:49:47
0cc11f3df6a8b77a75f285a87b06fc25,611f544f53c61bfeee1a6923ea8555a9,4,,,2018-01-13 00:00:00,2018-01-14 11:39:06
414cc8ca39e40446a1a9642f07bb6a48,ceea3b56a13c40b2f0186e69472ac7cf,5,,Muito grata pelo cuidado e carinho para comigo gostaria de dizer que vcs são 🔝🔝🔝🔝em atendimento ao consumidor feliz 2018 a todos das lojas lannister 😘😘,2017-12-19 00:00:00,2017-12-20 11:42:15
ee3a793a4d1cbe5ec9fde5103044bf3d,e2430bc2e4a68e6e61809fdbe4c15f0e,5,,,2018-01-30 00:00:00,2018-01-31 02:44:26
03c3b4002499bf92c6d5832643ad648a,87ca2f8dc91bf074b1b0e441341b2a53,4,,exatamente o que comprei,2017-07-01 00:00:00,2017-07-02 01:11:30
08440fd8828757e93d0acffbc9b9c837,8a8bd4a338e17ace44431e99a2add1d2,5,,,2018-05-30 00:00:00,2018-05-31 00:35:32
ac8a77989bd67cd4b86c303560c07cbf,60902f64bb98d5d9911ee0c48ad5008b,4,,Ter algum apoio sobre a instalação do produto.,2018-04-12 00:00:00,2018-04-13 13:07:45
f635c06908bbc6d705901b612eafd6e3,60d33f204669abf0795294143b54d6b4,5,,,2017-04-18 00:00:00,2017-04-19 11:05:37
9ad9a94e45eab23372bd635109015beb,c908311ac45b5f0fa0a2a362fdf6b233,3,,,2018-04-24 00:00:00,2018-04-27 12:24:40
d6be05d20d16fbf40d7ca95538a68584,fb11e3f2905ee0f75ef24f40def76252,5,,,2017-03-23 00:00:00,2017-03-23 21:09:05
39dd415b1d623f684dcb00d8cd1ced84,6f2849e42b2d61384f499ab4bc2a5206,5,,chegou antes do prazo e ótimo produto.,2018-04-06 00:00:00,2018-04-06 11:12:20
2b0c7e87f8508baf2554b303422281cf,4b1130720b31500948a942732f0befc1,5,,Recomendo,2017-10-25 00:00:00,2017-10-25 15:04:10
74d6bc672b004198865391a31521b75b,4f85d5b9b7d5cdc7e7f6ceb64aa47f5b,5,,,2017-08-26 00:00:00,2017-08-29 01:00:45
8ed7d7f54affd28604e20ea19d3318f8,bb102364b6a29f9f8683f21e5825595a,5,,Perfeito ,2018-01-24 00:00:00,2018-01-24 18:58:03
90d44b00e32087cb9eb4b5badd90c912,37c8cbbb816470ceb8a3026653cf3d3c,5,,,2018-03-29 00:00:00,2018-04-04 11:18:45
9dc50077272395ec4c7dcf0ff89be4fa,4fe2e8b329e56a00aba9b0136b46f00f,5,,Super Recomendo..Um encanto :-),2017-01-21 00:00:00,2017-01-23 09:57:30
b9fe388b8883fcff4f70fc436a4bef5e,57db58fa887c4205f3bf01211de5cceb,5,Muito bem,excelente,2018-07-21 00:00:00,2018-07-23 20:52:28
560ed6f56c40989ba9bdcc039ec78284,ca8371fd938708a12fe7ddb1d5d7d14f,5,,,2018-03-07 00:00:00,2018-03-08 02:39:25
4ab1fc819818ce80666f214d780acd2e,b292a6edad2285c61d34667a9fdc7f23,1,,"Eu fiz o pedido de 2 bisnaga, é só chegou uma unidade. Gostaria de receber meu pedido por completo as duas unidade que solicitei e paguei. ",2017-12-15 00:00:00,2017-12-15 10:09:13
5ad8102a42cdec3fe1833700aee79ef7,3d00fba40b3bbf3283c4f21e9129d855,4,,A entrega demorou demais.,2018-06-07 00:00:00,2018-06-07 23:02:05
e0a87616e7061599d5807873c93e068a,81756fe1903a10b2a5fbb3d843382cf0,4,,,2018-03-09 00:00:00,2018-03-09 22:16:52
b1fee23fdd40c3ffc6265bea4645d384,68e8ce771060f901302ac23924bd1400,5,,,2018-01-10 00:00:00,2018-01-13 08:11:37
183694bcd82211baa33378e5c8404c51,4de51073bc1cd11e85fb03f29508b308,5,,"Parabéns pelo serviço, chegou no prazo e estou satisfeito com o produto.",2018-08-25 00:00:00,2018-08-25 20:48:47
1367ea678b9f18ce3cfac94bc31101ca,1ed0a0954b445954a0117c4aaf449e28,1,,"Estou tentando contato há mto tempo e sendo altamente ignorarada, pois assim que o produto chegou e percebi que não era o que eu queria solicitei imediatamente a troca por outro produto ou a devolução",2017-12-10 00:00:00,2018-01-17 13:46:01
1beb542e12be99601ae98b99b17bebcf,4ab2f2ac4c50d1a98dab6d9541a633ee,2,Regular.,Mercadoria demorou muito para chegar! E recebi com avarias.,2018-05-19 00:00:00,2018-05-20 23:19:00
15cd7b3f6cde59e26ad7f7ca25e66ce3,b4c45d4cc2a2e24e10d4e20bae928819,5,,,2018-03-17 00:00:00,2018-03-17 21:50:10
b359210a7edfa6fe5b8a71dc4b8aa614,e5454c2facaa42d8fcf1a1c5ab585666,4,,"adorei a capa, recomendo, muito bonita, so gostaria que a capa fosse toda revestida por dentro, para maior proteção do violão.",2018-04-07 00:00:00,2018-04-14 00:12:29
729cd3fc494e99426ea54aa181c4b011,c0364ee18a0b18e6da5e7754cf4f4e8a,5,,ok,2018-02-27 00:00:00,2018-02-28 16:05:49
509d46601d4939c6b4e063d289c968a2,6a924969e49789ee7b332cdc7677c35f,5,,"Da compra ate a entrega, tudodebom ! ",2018-01-16 00:00:00,2018-01-19 02:11:59
a5e50067f0644a8dec40ef96c8eb7a81,9d57e7a9c3dae94772187f73e97d9854,5,,,2017-02-03 00:00:00,2017-02-04 23:32:17
6d177f1084456509f46fdbc9e5d014ee,40f27de71845c6aebc742107208b5c2b,4,,,2017-10-19 00:00:00,2017-12-21 22:19:00
1bb2ed2053331b349c6551c6277fa9d2,86200deb58eb0b29e666114e87e76302,3,,Pedido entregue no tempo certo ,2017-12-15 00:00:00,2017-12-18 20:37:41
090dce504275a753282264a99094632d,35b93dcd988cc9e90dd933769bb196c4,5,,,2018-05-04 00:00:00,2018-05-08 14:38:50
6ad941318a24d346b4c86b1926187a02,d183fc49f91a7ab7a5450ffc7057a6ff,5,,,2017-12-13 00:00:00,2017-12-16 00:48:53
c931a4fceda6009a7773b093e69316f5,7a2ea112b017a44fc1ba0eb88979f3f9,4,,,2017-12-05 00:00:00,2017-12-07 19:35:27
e9f2d994e3ccece1b52ee51c7e7e431d,c6404ad1d7ca9a20609c6a3179e06293,4,,,2018-04-03 00:00:00,2018-04-03 21:29:37
82e124f68c09d3617ed0136837511c56,bb903af0ad020f23de12114a1c74a2aa,5,,,2017-05-23 00:00:00,2017-05-24 01:26:03
19ef9cbedeeaa92a1251bd30a4bd97d5,9ffb318d17153de8c18c817b99338e0a,5,,,2018-08-24 00:00:00,2018-08-25 16:43:07
8cbfa30d0c75a80485fabd82c59aedfc,fddbb434bce33723969c0d1950649dbd,5,EXCELENTE,"RECEBI MUITO RÁPIDO ANTES DO PRAZO, OTIMO QUALIDADE ADOREII",2018-04-27 00:00:00,2018-04-27 21:59:32
781dc788283c0508ddea46ac582845c8,fd4a2838bede5695c44824f56cd274f2,5,,,2018-08-01 00:00:00,2018-08-04 07:48:46
d3cd5c34490f96738253d23575a80323,c9ff04aa260f20f8b69d7a6dce2327c7,5,,Parabéns pelo desempenho ,2018-04-09 00:00:00,2018-04-09 23:07:42
443fb044ca5f287b04747fb17799dbc1,3ee6f1a94cd7b1aa622553fd94a3aaf3,4,,Excelente!,2017-09-01 00:00:00,2017-09-04 14:03:42
622371260848fe8e888b3c0bc395fcaa,bc14e28998f2436b7a9adbaad226703a,3,,,2017-06-01 00:00:00,2017-06-02 11:15:11
1982a4812e447dc010bd19a701ee03ba,55bde651a2c412e983a9ace2f3e05c5d,4,,,2018-08-16 00:00:00,2018-08-16 23:12:04
14ee1990f37cc7df9c78618992d52cc2,cb740e05716c376f1e99f0509fad75c7,5,,,2018-06-26 00:00:00,2018-06-26 20:00:47
29aeeca2ed21aedc552cc21421eeb983,06b2c7035561ef12b16045ef4bf459e2,5,,,2017-07-13 00:00:00,2017-07-18 00:24:04
685dab4a7b9cd0ab69feb3f5ace78be9,52d5bd7c9cfb54cf72f3c9ac55bbb0dc,5,Excelente,"Estou satisfeito com o Produto, Chegou bem antes do Prazo e um produto perfeito.estao de parabéns.. recomendo o site e o vendedor 👊??👏👏👏👏👏👏👏👏👏👏👏👏👏👏👏👏👏👏👏👏👏👏👏👏👏👏👏👏👏👏👏👏👏",2018-06-27 00:00:00,2018-06-28 01:57:25
319310ea9763b189597ccbc1fa941306,5c51684e9930d09a7f209a96c71064ef,4,Muito bom,,2018-05-05 00:00:00,2018-05-06 01:45:38
f552e7ae201891f34b7d7d1b489d8874,91ad6a8d591e94d9e1ca998185243e2d,5,,,2018-01-06 00:00:00,2018-01-07 11:31:09
e40d31071ee19ab9da13743560d0ac74,a5504f1984f84201ce8630f9b7df369d,3,Meu recebi o produto,,2018-06-09 00:00:00,2018-06-09 13:32:23
e8afdc4a3cf737e6b1f01951f946604a,859a1faf872d345b39b31e3c9e044325,5,,"PENDENTE LINDO! TA DE PARABÈNS AS lannister POR VENDER UM PRODUTO COM O PREÇO JUSTO E DE UMA BOA QUALIDADE , SIMPLESMENTE AMEI FICOU LINDO NA MINHA SALA.
",2017-08-04 00:00:00,2017-08-05 05:12:20
2f9045be3462168f6dcfbff27ec9606f,73314e79b29b8857a78a32853790a9d0,5,,,2017-09-09 00:00:00,2017-09-15 13:32:51
8423cd6688d8213a5388229f9231a845,4fb826a738895055159e95010e189c69,5,,,2017-09-20 00:00:00,2017-09-21 18:19:47
2dd68f48f345ada7d29aae0d1191388f,74d0cc035ccffc33de7a0ef8c429a931,5,,,2017-06-21 00:00:00,2017-06-22 18:31:43
acaff599f2bbb6b8995368bab93b6a38,7e4d4a50dc999bcf59d2e055db0f4b37,5,,,2018-01-20 00:00:00,2018-01-22 15:55:42
78b5632e82277e36fa8a76f9c92697f9,bff91283b9a8721d0491825a37e59d89,5,,,2018-03-25 00:00:00,2018-03-29 12:05:49
4d42cb3d8149bc3027eec26834c85ef7,43070b94b6d741a764e8e1ba4a2ea91d,3,Avaliando se recomendaria,"A cadeira é confortável, mas tem acabamento incompatível com o preço: peças tortas, rebarbas e manchas. Embalagem frágil: chegou se desfazendo a ponto de cair peças da portaria até o apto. Sem manual.",2018-06-05 00:00:00,2018-06-06 00:34:52
1a274373ba56f308a9c45e3d2bce3697,f7198d6fd9c02f8d7f7646b213376ddf,1,,"Comprei há um mês atrás e nunca chegou, não existe canal de comunicação eficiente e até pra reclamar q não chegou tive q esperar quase uma semana",2018-03-22 00:00:00,2018-03-24 10:25:25
a89a2a822fa6d983128e5ca229633882,5ad066b6e468fcd60b0d871bfa99112a,5,,"Produto excelente.
Entregue antes da data prevista. 
Adorei. Obrigada. ",2018-02-06 00:00:00,2018-02-06 18:23:08
7125b45f4ba2711b5d68a11883154602,80258201cda75aff559a9cc15eb0da49,2,,"Podia melhorar, por que eu tive que buscar nos correios e eu queria receber em casa",2017-09-16 00:00:00,2017-09-18 20:16:48
c6db60129f5aec7c29056321781e5e16,0fcb1b4cfdb2f127f9ae4d732352dfc7,5,,,2018-03-22 00:00:00,2018-03-22 23:28:47
b0f884a4752b38f8d5af5b50f8d9f8fd,d3220f2771d590e93736b9078ab008ce,5,,,2017-12-16 00:00:00,2017-12-18 19:52:01
34a4ed16d292cc88440047ee8ba1bac7,156164b0c009c68c766b1ce1213cee18,5,,,2017-08-22 00:00:00,2017-08-22 20:08:43
0c7932c55debb2f4063bcc6c533a87e0,2939b6d48c2488e276205bc547c56aac,5,,,2018-01-12 00:00:00,2018-01-13 10:13:10
243a83f3c6ff16829eb05142935f7a50,314639bc2e41647756681b0f2afdb306,5,,,2017-06-15 00:00:00,2017-06-16 23:57:47
f4977ca1d40e60932532e9c5e381348a,4fb59cc4950521f470473ef761b30d7e,5,,,2017-09-27 00:00:00,2017-09-27 23:26:06
a3b2bb735bae4d08807789e03808e597,4f0a2c058df62bfe77f0e0e1e1ca66eb,3,,,2018-03-06 00:00:00,2018-03-09 01:38:38
e6c8f2ab517ef19dd0a02a771fecc827,008a40c2b8b21893e04945ce58854b55,1,,Esperando o produto para avaliar ,2018-05-09 00:00:00,2018-05-09 21:20:32
8ab87c4e09b7c1f1f8ea576a84513604,57490284e3524fb4b1c4112fa966cbde,5,ok,,2018-07-11 00:00:00,2018-07-12 01:34:35
63c4b179c0f64e4c6b1d708d914f80c5,b76cebb0a09007c35a19e98b178acd63,5,,Gostei do produto e da loja ..,2017-12-28 00:00:00,2017-12-29 01:25:51
eaf604fe09097d4bf853ffd8a08d3062,b3424a1c4c3af064d3472b285180bed0,4,,,2017-09-26 00:00:00,2017-10-02 17:05:48
a5901ae35a2bda66326ed8345d111c2c,99221769ebf04d97afe0f08894b75586,4,,,2018-03-25 00:00:00,2018-03-27 21:32:19
d10337f51846119d9392183674e8e800,fcfe2d5e04958fe97ad8a49d23e12441,4,,,2017-06-14 00:00:00,2017-06-15 00:02:10
981bbdffc26bca6360e20fbabd31d369,3ebcfe0e628a860eb240b63084495439,5,,,2018-07-21 00:00:00,2018-07-24 15:24:51
be81a52a15486ba7f00d21d21f9b105c,95f9d289eb0d1034066dbe1638e696f7,4,,,2017-06-24 00:00:00,2017-06-26 10:15:36
d064c2d08b9c84bf45ba917282412ab3,7cbb15d12a1bb13fde596f305857b22e,5,,,2018-04-06 00:00:00,2018-04-08 15:32:02
6028c5b557d83ae5012c64908383ff9f,67b50899f52995848c427e361e10dde3,1,,,2018-06-28 00:00:00,2018-06-28 17:00:58
904e9af903a877e2492e349a9f78d4fe,f4371828f48e2b5080d079e60138f149,4,,,2018-03-13 00:00:00,2018-03-13 22:48:32
04aeff351d909f2699e9b9ec6d6b5abc,18914d929964317dc0a002fcbbd70d06,4,,,2018-04-15 00:00:00,2018-04-17 18:43:26
23069688b535e676934c6b3d17a524ef,e494c29003c61332fdf1340bba650cd3,1,,"Bom recebi um suporte, mas foi com uma ventosa pra colocar no vidro, e o que eu comprei foi pro encosto do banco. Porém não tenho interesse na troca. Ja comprei outro. Obrigada. ",2017-11-24 00:00:00,2017-11-27 14:03:09
2de5305133a19a4398d903b2d4201077,ecc72b676b14179b5bd30e446043c1d2,5,,,2017-11-18 00:00:00,2017-11-20 09:11:36
c36489e3bd5558dfcf7f3f70e2940813,cf08f889cfc7f4e20d52cf7c6828eeee,3,Produto diferente do anun,"Efetuei a compra de um relógio Cássio, de acordo com a descrição do produto e a foto, porem o relógio que chegou é completamente diferente do que eu efetuei a compra. Achei falta de respeito comigo.",2018-07-31 00:00:00,2018-07-31 18:37:39
e7fe983abe23c4a31196a9f48576e1da,9c957591bcb898e6250cde437b938d95,4,,,2018-07-28 00:00:00,2018-07-29 17:19:06
946fdceecfbb436cd39e777856f094a2,706296e2ab240216ffef853d1095d04f,4,,,2017-09-05 00:00:00,2017-09-06 17:07:28
40e402e0ddd86420d528d0e1573d0730,4682ccc1cc6188dda05e841ad72bc5e8,5,,,2017-12-22 00:00:00,2017-12-23 00:00:16
823b36bd7fc55197a41a23dcb2b84b53,7f6945b2c635db3bce1cfb585ba82d33,5,,,2018-08-03 00:00:00,2018-08-06 14:48:06
7968fb23803c69d0dbb64ddc0e6637ea,6fd39a1adde54d0a5e6fe5ddc6c8784a,5,,"Chegou antes do prazo,igual o da foto adorei.",2018-04-20 00:00:00,2018-04-23 03:38:43
bb077fdc7191a25eeac3c7f43bc8f66f,5446ddcc7951680ce606991e1d953e6d,4,,,2017-08-04 00:00:00,2017-08-05 14:06:34
174c8bf60fc5bb9b7a3bd179caeec173,e4b6df3eb118302bd304c9d02ca19afd,5,,,2017-10-21 00:00:00,2017-10-24 13:23:06
8d652c40dddb2f5bdf08c784e99c55ed,e6bed0846d5d268bf1ebcf66eab19a42,1,,É a primeira vez que há atraso nos meus pedidos. ,2018-04-07 00:00:00,2018-04-07 16:13:59
7d4c8a423e2c9b9a064d4b24f104b188,c96bb2323dfac3672b0a52e5add6b1f8,5,,,2018-03-27 00:00:00,2018-03-29 20:58:01
5cbbadc7a498b4c9dcfe49b1b2a5b63c,ec83ca33654b7762ca475188a2152211,5,,,2018-02-21 00:00:00,2018-02-22 01:19:49
99eadc591a8891e0ec5b79ac8a476f93,366446679f4ddbffb2d8934f1abef1f8,5,,recebi no prazo e recomendo muito bom ,2018-05-01 00:00:00,2018-05-06 20:02:33
ba6e4e2b6a543d1c4912158244448375,3d4bfa3de7e617f61d1ee3c87e95b204,5,,,2018-06-14 00:00:00,2018-06-17 14:10:24
329e25b21f481e37944d51ece2d3ddef,51c064ec2d79d398b30db3f8e1de8ec8,5,,,2017-05-11 00:00:00,2017-05-16 22:06:19
800c34623a5ebde9e05050e94f5669da,07e5349fe32847b4bc266836cda0705c,5,,,2017-12-05 00:00:00,2017-12-06 01:22:49
dbcd48d3ff3e8bc81c542ba3e20049cf,f6089c47bab18faae3d90c64cfb08481,5,,,2017-02-10 00:00:00,2017-02-14 15:03:41
c3764b809d0bab66d91b1709c3bf3f4e,f1a82d00303b9e9a5863f0eb32ed07ac,3,,Veio com defeito desfiada ,2017-06-27 00:00:00,2017-06-28 01:18:14
ad41656664888758b1c9c92c142130a5,22a1a580ac153c5e2f469d27ad6a4e3d,1,,"O produto não veio na cor Escolhida fiquei desepisionado,não sei o que fazer.
",2018-04-24 00:00:00,2018-04-25 01:13:47
fe2b57c56eb4d1d5062c6c066bfc14f3,f6806cb575dffe2dd24873502bc0b413,1,,Os cartuchos não funcionaram na minha impressora HP3050.,2018-07-06 00:00:00,2018-07-09 00:39:24
a7d0d2c8377d53a0c239ec7d3943d21d,a9ad04772c6cf0d63efb9444ea80bbaa,1,,"A caixa do relógio que comprei se desintegrou na minha mão ao abri-la.
Enviei por correio hoje para a loja fazer a troca.",2017-11-09 00:00:00,2017-11-10 02:03:21
06601f008499836fa272eddf1a8ca538,b48959225675859f01913fbd8cb4abe6,5,,,2018-08-16 00:00:00,2018-08-17 12:43:10
39e78ea170eb0702249c8d41db072d50,4e2684a10a34219d0106d1623609652c,5,,,2017-05-23 00:00:00,2017-05-26 22:14:49
82326ce52c9ce63243866db3603f88d1,e72ba1ec61415d0cfa8ddfce38a35887,4,,,2017-11-18 00:00:00,2017-11-19 00:14:31
f72cb5a49cf65547bcf2889d2285270d,0124e0c5bfae1979838a91e47df53f14,4,,,2018-02-16 00:00:00,2018-02-16 22:30:23
db9f44cc10b49820e16aa3941bf8f8ad,e204c9b2f4c4eda05420bea7f4b7ac03,4,,,2017-07-12 00:00:00,2017-07-14 19:25:12
43e516325ff1fb1cfe991e1c7a48e1a3,aa2a0609fab50d659ead956ec8f69de1,5,,,2018-01-24 00:00:00,2018-01-25 00:41:05
d54724ab5b9665127785f8883a2169ab,84d1f58195cae334b50f9088b38b3495,5,,,2017-05-12 00:00:00,2017-05-15 10:51:54
6e74e5f2a1e45e98ea8f8a876b146576,a260362d840e55aa9895f1012776a329,3,,Recebi e o produto dentro do esperado ,2018-01-19 00:00:00,2018-01-20 10:30:57
2d3485ecac0ad3c53a2d67d2cbec757a,9a3f1cdf5909e7ed3b0566e9ee3f1618,5,,,2017-11-17 00:00:00,2017-11-17 20:06:45
d446963b93e5283d0035376a38c1630a,73a1b2c642b36dc0c5930e4b654ce46f,3,,,2017-08-30 00:00:00,2017-08-31 13:55:41
95d9b32ceb14e27ec00467d1792b457e,c23296e1255abac91cb3a637f4f084e3,1,,O produto veio com dimensões erradas e avariado.,2017-05-17 00:00:00,2017-05-20 17:57:24
e972c3a87ad714fabcc435709531f05d,95d1a834e8bb4b9a9d0135c658fa9fd9,4,,,2018-04-06 00:00:00,2018-04-07 11:48:11
f9f3684248f9d0e8353ec77dbb60ced1,33c1911ef3652a03c6cb098b9399b1d3,5,,,2018-07-10 00:00:00,2018-07-13 00:05:47
3bdf54aab6fde663450c39b2cac03c69,af85e6e8c9f67f653b51429df7839001,1,,Empresa sem credibilidade.,2018-04-08 00:00:00,2018-04-08 14:40:40
36d9a708859425cf2ede9d3e3e587540,59e965eb9a8f7f341a003466fbe14229,5,,,2018-01-12 00:00:00,2018-01-15 10:13:15
4bd9e4744bded7a2390fabf2eab110ac,4cf6bc9c5e6ff30151bfb6f92f791b28,4,,,2017-07-13 00:00:00,2017-07-13 23:25:43
7abc10a0439b693f09219701b177d109,37d24e9a88068283d102aebd4f765133,5,,,2017-01-27 00:00:00,2017-01-28 13:47:11
f7a9b9f0a244643ac81801b252839411,ebac8364f6f97c06df19ad674a12b359,5,,,2018-08-30 00:00:00,2018-08-31 06:34:14
a33a10e6e0327f88f2211985e96f1b76,639144fceedec20fa804e47bd91dcf31,4,,"Achei o acabamento do ilhós muito tuim e só é cromado em uma das faces.
",2017-10-11 00:00:00,2017-10-11 22:23:14
3cdbfeef6d4013a2570916f8675fd6dc,977eb5dc580cec4f90911b1ccac0ff3e,1,,Recebi o produto usado. ,2018-02-16 00:00:00,2018-02-19 02:01:12
fa8036621e96223d03b9fb0e1f3df59f,6ba0e32fd89cab6e014baa58ddb82a6b,1,,COMPREI DOIS SUPORTE E RECEBI APENAS 1.,2017-06-13 00:00:00,2017-06-19 11:29:54
37a3db57c38a89888e816054444d60be,099b01b8cc6b861aa593247b2f7e0b7b,5,,,2017-06-09 00:00:00,2017-06-12 12:21:38
baec09a1cd3009be59b26eb23e33867c,b8f4980c2ec178504101b730e4e49918,5,,Recebi o produto muito antes do programado,2018-07-14 00:00:00,2018-07-16 15:52:30
0b85533916886ec08bc515ba160ce0c4,00f1bb0af030935db1745ee28367ea26,1,,,2018-08-19 00:00:00,2018-08-21 17:47:23
451fa10b85477480a95049a73d15abe9,2c62dbd00c329b2e3310383124183d37,3,,"São bonitas, o único problema que são muito finas. Deveria ser melhor ",2017-12-29 00:00:00,2017-12-29 20:14:24
8f036fc586e78d021d9261d335ea58b6,03572de4ee0598b00c48f6de965fcf78,5,Muito bom,,2018-08-05 00:00:00,2018-08-05 22:03:33
dec34e85d1cc8f63e132f6bfe7734114,a9b40a5190a294e3d8f733c1caf32934,5,,,2018-03-06 00:00:00,2018-03-07 13:30:06
677202f6511e3f180ad8d7ab1f06f76c,b64b31be08d0151c4115537cbef3dc06,5,,,2017-03-23 00:00:00,2017-07-21 20:27:43
55287bd68df56239e1d78a54cfc11405,a0b1ffd30c671f95ed8065ce07d10470,5,,Ótimo produto. Veio tudo certinho antes do prazo de entrega. A bolsa tem ótimo acabamento. Superou minhas expectativas.,2018-04-25 00:00:00,2018-04-26 03:43:28
989b3bb8eda22c1a26ff318e0ed0e853,351c9272da4d3af9d74d3b30ee84cdde,1,,"Comprei um quite de tesouras fio navalha, mas não recebi o modelo que foi escolhido pelo site",2018-03-01 00:00:00,2018-03-02 22:33:10
a0994c6df725cc013eac024e53ccbbd8,7af014956ed06246005b5e0740fd891c,5,,,2017-11-10 00:00:00,2017-11-12 10:25:05
6514f3f18f90c2749f88fd0b24d25e20,f8b96fd393ba501c08394f9f84e8f077,5,,"Muito satisfeita, o produto é lindo. Recomendo!",2018-03-03 00:00:00,2018-03-06 11:41:34
0f514e75e16e937fda3c5076f28b0e34,37f6cceb272b1ae10ed4bd8cc0d4a98a,5,,,2018-08-11 00:00:00,2018-08-14 14:09:32
b02e3d09c45d296380a721fef404e9e9,42fa07019d8252444a920c348dc8b011,5,,,2017-07-22 00:00:00,2017-07-24 19:27:20
4dcde4b93dab1bcae46adc07b9b5d2c7,3fbba2a364f0072dbf76ad244e734258,4,,O produto não é tão portátil quanto anunciado.,2018-01-25 00:00:00,2018-01-26 01:55:21
f2ad919561f63f38ecd0823629d9cce6,af5d413777456d2f4998309c81c2f387,5,,Ótimo vendedor! Recomendo a todos!,2017-11-25 00:00:00,2017-11-26 01:02:58
61a597b070ac07d623109c987e117db7,0733aab1e972ab531705cf45a1e77281,5,Recomendo,Tudo ocorreu conforme programado.,2018-05-04 00:00:00,2018-05-04 21:26:13
7652a9854c1534f516bdc17387cb4503,5e5fed142a552be6d6f1e04a800446d6,1,,,2018-03-15 00:00:00,2018-03-16 03:08:59
8ebaaf7c29a4ede69b956558aa65af75,3f7aea4e3cecef996bd62713fbf8712b,5,,,2018-02-15 00:00:00,2018-02-16 15:28:57
fc7a21f34879e2297314afe7fdfee954,a9850cfaa6a85bd626e548413454f108,2,,,2017-12-28 00:00:00,2017-12-28 10:22:49
8cc3c42fc9ccef9c27f0c5cadcc11fe4,5e2c1da37a5a687a068bce41d8b56904,4,,Bom,2017-08-23 00:00:00,2017-08-23 23:35:40
8b424645905cc609366a1efab5feab8b,4759dc5cd30f8e283de04872dd5446cd,4,,,2018-06-21 00:00:00,2018-06-21 16:36:20
93884793680c0c7bebe41d2085f8433c,441bda02c27a285cfa9ebeaeb9954e4a,5,,,2018-04-22 00:00:00,2018-04-22 20:17:48
d901fb5462f929424c57cdbfcf0d30d6,732b59a6f2d05d4b23beade8d0a16a0d,4,,,2017-11-10 00:00:00,2017-11-13 11:02:16
a072203a5df2e2392c074c1a3e579b5e,c756513ece003700723bfa5e6f8abc65,5,,,2018-03-20 00:00:00,2018-03-21 11:46:02
91771029ef1e20041fc2dfc2859c8b07,f51cb113ad5e21bc6d8082bc824fb25e,5,,,2017-02-14 00:00:00,2017-02-15 16:51:26
e6d1402e19473c7b0602326547968b9e,c2ca2bb17ed706c909f7011c18b1ba98,3,,,2017-10-31 00:00:00,2017-10-31 16:00:33
cd25657520069786f4085c0f12813cdc,e02d1acde68fc554aee0e2913c3179d0,4,,Satisfatório todo o processo de compras e entrega do produto.,2017-12-01 00:00:00,2017-12-02 00:40:24
432bfbe2e02ea1fd74db89abbc308593,ea37b313540105af4a2ad79718d80d97,5,,,2018-01-14 00:00:00,2018-01-15 19:22:24
7bf1f5ffc604eebac16cb1535f9ca847,c60a44d6c46309c86882ffce00a0b412,1,,Não recebi,2017-03-16 00:00:00,2017-03-16 13:37:26
e8f59219bb9a231e6deb6e99bcf63754,2d9ea2efa410b1efd6bbd47d126819b6,5,,,2018-03-01 00:00:00,2018-03-08 17:10:19
e97fdef7e58f375eb165568a750cbc4b,1b0ca0c3b2421d7ffde52594b571c020,5,,,2017-12-30 00:00:00,2018-01-02 15:22:47
abf19a4a580492f45c5a65741c565e57,503d1a98081c7307e6e875ba8af189e6,1,em dúvida,"Aguardo o desfecho do caso, para avaliações",2018-05-30 00:00:00,2018-06-01 03:53:06
21a557d5c3031f18c1875cc69d1a17b3,86ba74562effd10bf32402978095963c,5,,"Produtos entregues em tempo hábil e conforme o anunciado.
Obrigada",2017-09-16 00:00:00,2017-09-18 17:51:00
ef0351ca715812159f7f5dc8528d9027,2bf01051ff9e5195111fd7ffaf865240,5,Tudo certo ,Tudo certo ,2018-07-29 00:00:00,2018-08-01 01:10:24
5cf866fceb1461e72e336f8f355e977e,89fda551a6bc59c3a9d868a580cc6ca6,5,,,2018-03-07 00:00:00,2018-03-07 12:24:46
dc890f3ee0a48cfbd74e531808d70dc5,e0e83bdc2be394626d0f9177dcde0889,1,,Anunciam um produto de uma marca entregam de outra inclusive não me deram uma resposta sobre o outro produto que comprei trata-se de uma fonte para Xbox 360 no anúncio original chegou um similar e ai?,2018-04-12 00:00:00,2018-04-13 00:13:38
d6bdcf45e23775ab2a216424fba98c32,1e9a53e194e98b64434abc52aeedae1e,5,,.,2017-02-21 00:00:00,2017-02-21 17:16:35
0958c4f37968fdb5eaa59a896bfce175,7e3819fed570609ef642c2e18f198d10,5,Otimo,Estão de parabéns,2018-04-25 00:00:00,2018-04-26 19:54:27
16814e4d2e1cb7da90f927f41cb1bb77,99f10393ec3328b3b416a154afd5d714,5,,,2017-08-05 00:00:00,2017-08-07 19:26:10
8f30e2ed887e3e934713937f37e3d9e9,6f8ef1903034bc19ff5a5c51dbcec604,5,,Recebi antes da data prevista.produto tudo em ordem,2018-03-30 00:00:00,2018-03-30 22:05:21
2d6b427fcb20cad43b113779a955866a,694bcde1f9a49ffeba5da89982f7b9ae,5,"Como sempre, muito bom.",,2018-08-28 00:00:00,2018-08-29 15:32:31
22f2dc08ae8dae6f84dcf5b4afa1788e,6a78b3062a561085f98b76a5a0eea516,5,,,2018-08-03 00:00:00,2018-08-03 21:49:08
1b046fe377ecb3ebe4269fc6489c7e4c,0cdea1c34ce2e9ca670b2e6df1d6c207,1,,,2018-04-05 00:00:00,2018-04-07 11:25:44
9a55e25487ed36136b7f5b5c4058ef3a,0bcb914e60bb0de6160699483722bc0d,4,,,2018-05-22 00:00:00,2018-05-23 08:30:08
6872ce72df50a117ba2fbdf0a1eb9310,55bd3d21d10786b863b8537b32bc3899,5,,,2018-08-08 00:00:00,2018-08-09 00:05:48
878290d717e21a4fe393f6594551e170,ef2d13d781a97ea071e0ad0236e35f49,5,,,2017-04-06 00:00:00,2017-04-07 00:56:18
a9c4371e5a7a938f944f39f68620358f,7deb5565bced95f67ceac6f5dc57d4f4,5,,,2018-01-30 00:00:00,2018-01-30 21:09:08
97d73030eb57403db1f1708d072647b9,8382255ca7fdc3ec278ab4c83aef9122,3,,Foi entregue com atraso mas do correio não dá loja,2018-01-19 00:00:00,2018-01-19 23:00:50
00ac318012171fd4531b64991ab3a4bb,e70405e60d48ff7771de55e6b39a09da,5,,,2017-11-04 00:00:00,2017-11-08 11:41:30
74d7e5cf768291de181c44b6731f2426,0f6ce0bef7443fbfd5076ab3abfceaa2,4,,,2018-07-08 00:00:00,2018-07-08 22:54:34
688cbd12d6c521ab52a6439f25f6ce67,08202fbf5047a2f85a0983ac291a69fb,5,,,2017-04-12 00:00:00,2017-04-18 14:02:43
0a2157168b60711364eae5c42873ab89,72c81a6a9dcf354f87393c361caa13ce,5,Produto de boa qualidade,"E muito bom poder confiar em uma loja virtual produto de boa qualidade e muito rápido a entrega ,ótimo trabalho!",2018-07-25 00:00:00,2018-07-27 22:26:50
bb4dd4d6ab24778dcc344d50acdf5507,d7ebe26f7b9c7600c40edd2b0edc7afc,4,,Foi entregue antes do prazo. Só não gostei da qualidade da capinha do celular. ,2017-06-07 00:00:00,2017-06-08 11:01:13
b3789fe02b1fb9271999069ffbc80c8c,88821a1158691d3d5f4e35004aeb2aee,3,Jeane Jesus da Silva ,"Eu gostei muito do produto e estou satisfeita,muito obrigado.
",2018-07-12 00:00:00,2018-08-23 19:53:02
4461cca0ba4e345a1d505f198e1fd8dc,b4d6bee8b34f0daf1309fc764051cce5,4,,"Mercadoria entregue no prazo. Há uma pequena diferença na cor.Lojista esclareceu dúvidas pelo whatszap. Ponto negativo: mais de um item do mesmo pedido entregue separadamente, onerando custos de frete",2018-04-21 00:00:00,2018-04-24 11:41:07
dd91a7d0eeaada08927f2e0d894cd8fc,3671c63de5b229f79f8ada4644a3d995,5,,,2018-02-25 00:00:00,2018-02-25 22:24:12
708257f90c1aacb06d2a8dd49560f5f3,4abf80e2c1c93771ac91d806e4e51c91,5,,"Compra muito segura e foi entregue antes do prazo de entrega!
Parabéns a todos!",2018-05-05 00:00:00,2018-05-05 21:21:41
6ef9fe271a4d510a342d32ea8a5492a3,85f2d1d18951198c1beca750c4df59b1,4,,Muito bom ,2017-12-17 00:00:00,2017-12-18 09:29:57
cb804e64a838d3de2e7221e655564dd6,b9f5ca0dd8ac07db0b02705dc2be4d21,1,Péssimo,Fui enganado. ficou faltando um produto e me entregaram como se tivesse o pedido completo. Compro na lannister..com há muitos anos e nunca tive este tipo de problema antes,2018-05-05 00:00:00,2018-05-08 15:14:57
6e81ea700eb9917f922a03ad6e2538e1,4a7bd485a7782360556161a38c725e5b,5,,,2018-06-16 00:00:00,2018-06-18 20:35:04
74818bfe63efcf28bf371f9e26162bb5,26543fb8b34f4547bcbbd431f998ee76,1,,"Não posso opinar ,pois não recebi.",2017-11-30 00:00:00,2017-11-30 19:35:21
4795244d1f5ce48a127037c883008809,02680f764ca402aabbb86572ed2731ef,3,,acredito que poderia servir como uma tampa que levanta na frente e fica fixa no fundo.,2017-06-01 00:00:00,2017-06-04 00:04:05
4ebc2a805f936d2e6451207d574692e7,087c44ddc65697d4a3a2af9234c5a22b,5,,,2018-04-20 00:00:00,2018-04-22 17:14:52
bdbc978b58e158ed7e48d1b233ad91fa,d60af32e2107bccc3efe66e3faad59c6,3,,,2018-03-27 00:00:00,2018-04-01 21:58:59
e84e257b0071a6463a605826c0f8d3f0,e44411a5a41caaf23d52f1600d31d888,5,,,2018-04-10 00:00:00,2018-04-12 18:52:44
63bc958a29ce4306d4ccb83c7377dc40,8fad1f3654133d30218cd4b6fae827ee,4,,,2017-06-23 00:00:00,2017-06-24 12:39:00
4f98f802250f4eea97b8d7965b04e6a9,2f63fa144638f7ade6cb643585538161,5,,,2018-07-27 00:00:00,2018-07-28 01:23:27
1d6abf94d2391da28924340a04196687,f6679e9eb75edd0750101c5172d662a9,3,,,2018-01-23 00:00:00,2018-01-24 09:41:33
425247fdb1b3927c047f55beb440224d,a6ea59851ffee8cb73761179fc7bcb6c,5,,Tudo conforme o combinado ,2017-12-16 00:00:00,2017-12-19 01:06:20
45612d691b5e145a5217ccdc2868490a,de2c49d97356fa0fdc461064e86fe8f4,5,,sem comentarios,2017-12-01 00:00:00,2017-12-02 11:42:46
1ae15cde19871f4c2dde850ec686a494,1227f9af3b2ddb0b95060aab8e5b3dc7,5,Recomendo,"foi encachado perfeito, e já estou usando ele! ",2018-05-19 00:00:00,2018-05-23 20:56:16
d6171cf239b99ae50f1d73ad54fa68cc,b08e6e87102def921faf1a611d09031e,5,,Muito bom,2018-03-30 00:00:00,2018-03-31 02:27:39
f803f9a978c8eb47c196cff020eff52c,95de62498e177002f6ef1949e2e788ea,4,,,2018-02-17 00:00:00,2018-02-19 14:26:30
9ca115b548f8247894218b2a5d5bba31,63a7cdcbeb840292008964a3654b9745,5,,,2018-01-19 00:00:00,2018-01-25 01:22:05
4154570a6d20eccbbd753b1d605917ed,b00853fe8ddc3b34dd00f0054914241f,5,,,2018-02-11 00:00:00,2018-02-19 11:03:18
1629d21ef9e4f2d15c7d7f88b6d9bfe5,410ca45d84f47d06fba1e4476a10b392,5,,"Gostei do produto, a entrega foi rápida, ótimo!!",2017-04-06 00:00:00,2017-04-07 11:40:03
c48c71a629b1cc4ca4683a95374dd371,1f38d4b0b64e26e3aa96c3e8a4afe95e,1,,"Boa promoçao,compra feita.
Mais na hora de receber a mercadoria,so veio uma parte! Agora o que faço?
Quem vai resolver esse problema? Olha que eu confiava na targaryen.",2018-02-22 00:00:00,2018-02-23 15:39:30
94616f474f0cb32ea4bdbfc6fb0b0705,d00c0296f63ccdcf9062c425887095e6,5,Moedor de café ,Tudo normal. De acordo com o contratado. ,2018-08-08 00:00:00,2018-08-08 20:09:11
41488275b8fd909b109668932ab9f347,f6089c47bab18faae3d90c64cfb08481,5,,,2017-02-12 00:00:00,2017-02-14 15:04:36
cb0f80877ecbba8c8e880b762814784b,e2c9f858f7f4d4291add68fd7fcf8090,5,,,2017-11-10 00:00:00,2017-11-16 14:05:40
53e01ec64ab0e751da71418bf1c5656a,7bba6be8b33b014bb9523db5f992d070,5,,,2017-07-13 00:00:00,2017-07-14 01:29:55
937d7e17bb9f14d32e3f1b086c07289d,936979ce0687947765e88fe5fe1b741e,5,,,2018-07-05 00:00:00,2018-07-05 21:08:22
305eb85a3e229b476360f8e7915bfe91,6f6926816d7f45e2ce64ae33c9faf58e,4,,,2017-05-27 00:00:00,2017-05-29 10:56:01
12bf03d253a3253bc3e62b8eeb3c79e7,86430d523480a84b621ef0c347f56ff2,4,Muito bom,A entrega até foi antes do previsto..gostei muito,2018-08-09 00:00:00,2018-08-10 15:01:21
392a8f41e2cf7b72a90820aa9126fb6b,ecfb623451269ac76a1469faf66dad27,5,,,2017-12-01 00:00:00,2017-12-01 15:23:21
d8d62df160ece7f811c2fc6742b5948d,5cfc8b5d0db5dc5bc500d0fb6c986a53,5,,muito bom,2018-04-18 00:00:00,2018-04-20 18:32:32
b273435c4b748c9e94c58dccfcd93988,7905d74aefff427d164bf8a4b274fc9c,5,,Estou satisfeita e peço desculpa pelo transtorno pois o pedido foi entregue em dias diferente ,2017-06-07 00:00:00,2017-06-09 21:08:44
4b5a1282e5c037dd0591ac900d01e446,2d856083b0b7c9f8a7bd4f59986eafec,5,,,2018-08-21 00:00:00,2018-08-22 00:36:28
e864fa9665b2abab7fd5da6d20dbab5f,b86c4834a1f80bb5f808842b4624a2cc,1,,Pessiama loja e entrega que nao ocorreu ate hoje. Ja ultraoassado o prazo requerido.,2017-12-28 00:00:00,2017-12-28 16:34:43
94993f2eb60769cc47cc5e587edf1837,aa2ae4efd578f1c304128a899e4d1a17,5,,Ótima a sim que presizar compra vou comprar ,2017-06-23 00:00:00,2017-06-24 00:11:22
ec3405bc3869522ebf98a62ddbe2bb05,fe8568b0167c1e87d6f1dab1033c9278,5,,"Tudo trancscorreu tranquilamente.
Excelente serviço.",2018-04-11 00:00:00,2018-04-12 07:02:38
0283b62c5f5a6958d7be2f88b8c9ef6d,b26727a63ae58f7a0f901dd4f2653cd0,4,,,2017-05-28 00:00:00,2017-05-31 14:21:35
6ac63cc5bd4f1c93880bb060fea131f1,bbc3a95177ff0c8a012e117f4dcb06c8,2,,Compramos um kit com 2 produtos - tinta colorida e tinta preta para impressora. Recebemos apenas a tinta preta até o momento. ,2018-02-01 00:00:00,2018-02-02 11:00:38
9a12d390f69489abc436bc116bb6ed91,517edfde8ef25f2a7f7da80e82c77c27,3,,"O PRODUTO CHEGOU NO PRAZO, PORÉM, NO ÚLTIMO DIA DO PRAZO. DEMOROU MUITO, PODERIA SER MAIS RÁPIDO.",2018-01-24 00:00:00,2018-01-24 19:15:59
0e6b614dc355bb40a6aa18fc45c0c8d8,ce361366b38e58d923fe2e3cc60521f9,5,,,2017-09-10 00:00:00,2017-09-12 17:36:11
8b904d7a7dd42544fc4adc1a1acc6711,3deae78fe543fe7c561f18a237ad309e,5,,Produto OK e entrega super rápida,2017-11-26 00:00:00,2017-11-26 20:40:21
3322460564fc8f370b077b7e49d733ad,b75ec2d4ba9e40634c65c4b6be946b6c,4,,Veio super rapido excelente,2018-08-30 00:00:00,2018-08-30 23:16:48
c0a6f4e0007e1a3e8124656e0af33516,5ed946893f9d36c172fc9bbbf31fcf0d,2,,,2018-08-19 00:00:00,2018-08-19 04:54:01
6230bf623a6f34cfc2af7ad3de0e73cf,dd6871ac691db075bd6f8e6c70576648,1,,"Comprei um tapete de avião azul e entregaram um tapete de urso marrom.

Descrição do tapete comprado: Tapete Infantil Avião 98cm X 68cm Para Quarto De Pelúcia Azul Royal.

",2017-12-13 00:00:00,2017-12-14 11:05:10
08a1b9ab2c8ef32b5771b6f3f0ce3678,0ac372f92fbec55ca27ef4fa99a6a13a,5,,Farei novos pedidos;,2018-01-25 00:00:00,2018-01-25 21:44:46
19c9edab01c28aa7d60507c17da6d4df,5e764e58bf508a75846821d328714583,5,,,2018-04-10 00:00:00,2018-04-13 07:50:42
dadb368f1fdc539ad6381846141298f8,0eb7aec5fc39bddda0c24ee5cf824415,4,,,2018-04-18 00:00:00,2018-04-19 16:20:29
b6e92837a785c546fdd68aefed24016a,8bca89b4311c48e6e6a22acd5cebd242,5,,Entrega antes do prazo.Super satisfeita.,2017-04-06 00:00:00,2017-04-10 16:40:54
ebf3b50cb389856e76d475cd63538606,790174a33341ef5cb1534732bfcbce28,5,,,2018-01-25 00:00:00,2018-01-26 10:10:57
38e7ab914245e2f84080e349f5e6810d,5c7ffa6a8321eb05f96b3f941cf874e5,1,Produto diferente do que ,Comprei um modelo de relógio e acabei de receber outro produto ,2018-04-26 00:00:00,2018-04-28 21:16:01
f9db3fad8649b47d4de61f5dd0ecfae1,d8b5d1ea87d75046c7b453b1b128fcc3,4,,,2017-09-22 00:00:00,2017-09-23 13:56:52
2553e7a7c2962eb06cae26643d8f682d,65a9d3006386a380f4b594577a01cef0,5,,,2018-02-20 00:00:00,2018-02-23 13:08:33
0c8bc7442f893de7f8afcdc294df9d77,29e2ad0dc7d3e40270b43dae7133c30b,5,,"Recebir o produto perfeito e antes do prazo, super recomendo o produto e a loja.",2018-04-09 00:00:00,2018-04-09 21:46:01
72912f4807c953e4f2571393928ec3ab,7cb4dff15cb0bfae18db9857cf0455f4,1,Compra cancelada e reembo,"Tentativa de compra: 3x
Cancelada por n motivos. Já reembolsada. Por favor, esqueça que eu existo? Não quero mais receber e-mails ou ligações a respeito!",2018-04-29 00:00:00,2018-05-02 22:19:35
c78458b071eb2047bb76688409afbf5f,6eb9f3d505ab7a74d384c6b0acf7d57e,5,,,2017-05-24 00:00:00,2017-05-25 12:17:34
9c1ed18d2f71fd30052b8c7a184c9029,7944a40f993592120589ebe482ba7b1d,5,,tudo ok,2017-04-20 00:00:00,2017-04-20 22:13:26
a12b9283f0e0ac1583fabbb210c356e0,a539050b5ced5a45fbb22fa7a99f2043,5,,,2018-08-23 00:00:00,2018-08-23 17:52:20
d7138d969166e211f6028746a408eb6d,f34349c1787f5a47ace7555af961a47b,5,,,2018-01-25 00:00:00,2018-01-29 20:24:31
248ffdbce5c6e3b613a7e0be0fd9435a,dcc0ebfe0fa59c24fd859aacb8e1f2e9,5,,Eu recomendo lojas lannister,2018-03-27 00:00:00,2018-03-28 00:01:54
d2f938892a8fb04658f08d01fb402526,480295bd3b66aeb4f624e16dc17a7412,5,Excelente atendimento.,,2018-06-08 00:00:00,2018-06-08 19:35:53
3ada324ba54c6fb1dafa711225f86440,73f48f63d3e4f1a7e909c2261194aad2,5,,Entrega rápida e produto excelente. Continuarei comprando e recomendando.,2017-02-24 00:00:00,2017-02-25 16:01:53
43dc285f9ce66d3f419b0330e81d22a3,4fab84dd561f10bb9c98293f34d749fa,5,,muito bom,2018-07-12 00:00:00,2018-08-01 20:08:38
a0a6281a30b593cd96f6b1017fcd869f,f5f810c2e855e43855a29906c1cfcfde,5,,,2018-06-14 00:00:00,2018-06-15 19:41:03
c92d011a07956f0563a0ce2677100b29,a3a0cfe6661449e2d725b5b1ff658d84,5,,,2018-07-21 00:00:00,2018-07-25 19:23:40
013dd58e8ed6eab89c99c58e4e2ac0d5,70c50ba283cdd637ec95a4c0b0821a7b,3,,,2018-03-01 00:00:00,2018-03-02 07:46:22
5f0111829b047538ac5ecb8bf5a98844,3db52c1df4d52ab19d7e7365d647f6fc,5,,,2018-06-05 00:00:00,2018-06-06 00:29:26
7f5706d2874d2d64525f966524b90785,1ac605c3c8e2ee53279c7b0bd52c6aec,1,,,2018-03-30 00:00:00,2018-03-31 20:58:33
fd08dddfb9370841fef93f86da18a3d1,0707e2f91c707859b79e711d852150c8,2,,"Não recomendo a loja Vitrine dos importados, não tinha o produto que comprei, entraram em contato avisando pra mandar outro similar. Fiz outra compra direto no site da loja e aconteceu a mesma coisa.",2017-04-15 00:00:00,2017-04-17 14:50:10
96aed235a791b12edba9daadb3152e8e,1e48c52ecdb582b211ad22ae74ad2247,5,,,2017-09-05 00:00:00,2017-09-06 11:55:45
375288acfad43f1bdd54a92275875aa8,64cfbc6d10f3a5091889f0fab6233167,4,,"O produto foi entregue antes do esperado e a qualidade me surpreendeu. Só não avaliei como ótimo, pois a película de vidro veio com um pequeno defeito. ",2018-02-28 00:00:00,2018-02-28 13:05:19
b3d636d7fc8cbbc48a762ee1defa60a9,17697f8b42c55a20565782a3b9c1a595,4,,,2017-11-28 00:00:00,2017-11-28 18:18:16
4f91f8c136df80f3890b4b39f7f95cf7,76fa5b8de9baa31b68062dbb6e708dc8,5,,,2018-01-04 00:00:00,2018-01-08 14:41:02
fc9c2dcac6dcf8060a25f81d73cc7f08,f1c81a653dc5314b7aa62e06239f12c8,3,,,2017-05-11 00:00:00,2017-05-12 00:48:39
058bf7235b99d44cefc0359d3a2b325f,09fd9b0402ed675bbd1ee1e81171ac7c,5,Produto certo e rápido,Produto correto e entrega entregue em tempo ótimo,2018-08-30 00:00:00,2018-09-08 12:26:31
9c091ee5d51ce56add4515d8e05b5c0e,0b40648d6c533ac73822cb32caf5cfa3,5,,,2017-09-15 00:00:00,2017-09-18 18:45:37
2cf53d5c5c7d27d7138e227b1d45251c,1d28f6017289eba334290b00546ea432,3,,Sem opinião,2017-03-28 00:00:00,2017-03-29 10:53:39
da56285615c27552dc3018b97f62cef7,7e68991a1a850b61d2a20fd75f462397,5,,,2018-08-30 00:00:00,2018-08-31 03:01:22
daf5683ba626432f809d05c4373dfb60,6f518b2ff981751788c8e7dfe7dfbf90,4,,"Pincéis de ótima qualidade, ótimo design... sem falar que chagou antes do prazo. Liiidos :D",2017-09-30 00:00:00,2017-10-03 11:15:06
11ff059e1b0176b0630f65b813fff34a,d2cebfc5f806510626e7c16ef6413ae8,5,Perfeito ,Adorei e veio antes do prazo estipulado,2018-05-22 00:00:00,2018-05-23 01:54:25
c3fcd31f4c7eb9c0da328dbae2828fb5,1dfdbd592873be9e467a641589b7595e,5,,O produto chegou corretamente e dentro do prazo,2018-03-16 00:00:00,2018-03-17 17:23:24
adcb464f6fe9a1b6c0c2f952518fee3f,d6aac305add81d76183a41fa21e7a3e1,1,,"O anúncio mostrava um cartucho original HP 670 XL e recebi um cartucho genérico, num saco plástico. Nem marca tem. Liguei p/ as lannister que terceirizaram pro fornecedor. Estou indignado!",2017-06-29 00:00:00,2017-06-30 00:08:25
76e025728461df638fd0047be9044b35,2f53a7c846aa70472520bd18b081ebbb,3,,"O produto apresentado na foto não condiz com o produto entregue. O arco não é tão grande e o babado só fica virado para cima, não tem caimento e não tem acabamento em renda.",2017-09-21 00:00:00,2017-09-22 21:53:58
5dd2fa3d77b51e9892a24fe0f2a631e6,4db4d9eaf5fb240987ed4148caf900b9,5,,,2017-12-07 00:00:00,2017-12-08 12:39:25
05ca1babda6d602bf6ca2e0870c12da2,43ada20efaad1c2c55197dd39050267f,5,,Produto chegou perfeito.,2018-01-04 00:00:00,2018-01-12 09:45:09
eeb33ca623ebccf09b35d8ef2f9bf201,5c79fa2db9227db840a45f20c3ce4833,3,,,2017-09-09 00:00:00,2017-09-12 09:29:25
33dd60a4eab572eaab8cc5471ac412de,a1e393fb70c2916de4f93974682521a0,5,,Produto ótimo chegou super rápido amei,2017-04-07 00:00:00,2017-04-08 08:34:59
6cdfefe70cede79465f99d29f729a32c,486bce96008cea9cb14d0593189961da,4,,,2018-01-30 00:00:00,2018-02-14 00:36:55
ce626a61143d9de44041c1ecb6a53f62,1e05735291d8969fddb706f4fabe8725,5,,,2018-01-18 00:00:00,2018-01-18 21:05:18
0fb840cb14a4f4706265ecc90a3b1fed,1166ac5af4262300b61e079c496223c6,4,,,2018-08-23 00:00:00,2018-08-26 10:55:33
146414b06d9564755545de241ab1a3fe,0ce94e50ed7d28e7856f3d127990d17c,5,super recomendado,"A cadeira chegou bem embalada e antes do prazo. Recomendo as outros compradores
Vera",2018-08-10 00:00:00,2018-08-10 18:04:13
c3ed80d849e4473a17b5f3b694cd7995,e8f9288c671277ab525571871aef27cd,3,,,2017-12-30 00:00:00,2018-01-02 10:09:32
2704161b38a509b47a1c07067735a584,2ef02afb7f805f2864894d1477e29443,3,,,2017-11-27 00:00:00,2017-11-28 11:20:13
455d6db7f7a662b3f49cd0b02cc99bbb,70c9e0c247d9f1e785e3a31d2a333ec6,5,,,2018-06-02 00:00:00,2018-06-05 11:09:31
9d09a171bbdec8627fcc77c24419d3ef,51a6c901712ba9639464fa07a52b4fa2,5,Super recomendo,"Recebi meu produto bastante rápido, comprei em um dia e recebi no dia seguinte. Maravilha!!!!!!!",2018-07-28 00:00:00,2018-07-29 16:45:01
e68299160909f0ad28e82afb1c68b0e9,9418ab9676b7f5d9539c74b557c59284,1,,não recebi o produto !! pode ser problema do correio?,2018-04-20 00:00:00,2018-04-23 15:17:34
269fd22c4154f7760c9a22a9df8912f1,1d699c4fd2ee485c965116e9c3fae0b3,4,,,2017-08-29 00:00:00,2017-08-30 01:21:06
d78e06ac8c5c0abe9f0d0ec9e49bc772,e1cbc1e8c3204aaecc891d1392f7b4d7,5,,,2018-02-16 00:00:00,2018-02-19 11:33:06
d9936355aee6f0c1cdf7ea52f100fa86,0f1c3e42f560452d091c6906f9accb48,5,,,2018-04-14 00:00:00,2018-04-16 19:56:44
24e3fbbb51b2f161d9d4ff2686164557,6c6035b5c538935be5381cff46351355,4,,,2017-08-18 00:00:00,2017-09-03 12:59:22
abab2f19906fa487ca220cdfec6a4d0e,b9e3810153620449fc947aeb350f4d53,5,,,2018-06-19 00:00:00,2018-06-20 15:34:57
0ba9b45b0f41a09876e7726d03743846,8783894e49c4c084d21c71b16a5aa83c,2,,"Comprei uma luminária metálica, de mesa e recebi um abajur.
Estou aguardando instruções para efetuar a troca.",2017-05-20 00:00:00,2017-05-21 21:10:17
78b9efb8261b5e02ccf0006b685c9afc,23fb5e6768dd0cf8df7aaa74d80f8ec6,3,,,2017-12-27 00:00:00,2017-12-30 00:28:25
dc45227195dac10cd61fc8120854efa0,b4e2eb7f4325b44130052476646043c6,5,,,2017-06-23 00:00:00,2017-06-26 18:37:49
0192fd0440f0ba2d289d2157b0f8dabf,7e28a3542ea8306e42298ea3718222ee,5,,,2017-12-27 00:00:00,2017-12-27 18:38:42
df30669c392c69af125902688c2b6b64,1955e6384cd6fc6cb02799b1e458b2d7,5,Ótima compra,Ótima compra relógio mto lindo. ,2018-08-08 00:00:00,2018-08-22 01:40:10
0c2915e69ee09c18b9c15b8035bdc5ff,a4b276bd4a9eba543ec90cdf29a67308,4,,"Manta bonita e grande, exatamente como estava no site. Gostei!!!
",2017-06-20 00:00:00,2017-06-21 00:14:13
e996b5cad31a4c70d9b7df51b037f135,9c64b3536fb98572dd79bdaaab529f2f,4,,,2018-08-22 00:00:00,2018-08-24 18:16:52
2034e00af9f8e593165ee512ddb8dc6b,db98938fd988c1be7290b8fda2801afa,5,,,2018-05-17 00:00:00,2018-05-20 13:18:06
e3b17fe99a5aaaf98b8bb1cc7b45a32b,b5d3a4b81af25c152a2b6938ed054942,5,,,2018-05-03 00:00:00,2018-05-04 16:45:58
6559e05bd757ea1cecd207e35321ee73,60c293e54649a6dae7403487d4c21b2c,5,,,2018-04-10 00:00:00,2018-04-11 02:00:02
f28333526642856567ebb8504b060803,1853610c46a77ba436f5e06e16ec8302,4,,"Recebi o produto correto, porem veio quebrado na ponta.
Gostaria de ver como posso proceder?

",2017-12-09 00:00:00,2017-12-12 11:42:02
d59b5743413889b242a4fcb85aca3ca9,61598b90b927811b3b38013ec10b8e5d,5,,,2018-03-18 00:00:00,2018-03-24 13:45:55
baf28d820b60cdf226db46d297f9aeb4,e154274f8d5b5bcef8bb9f51a54b218a,5,,,2018-02-20 00:00:00,2018-02-22 14:28:03
75f91e575b47d638333669c942454309,4148591d51d8741aef65abefd186887b,4,,,2018-05-09 00:00:00,2018-05-09 23:26:50
78f97e5e30b6ddf3bfeae5d21ed2494f,44259226d73d340f929777553ecf199b,5,,,2018-04-18 00:00:00,2018-04-24 13:19:54
afe3b198e91ea2e74cbb14bf0ae1ff8d,347610961383f5990e1d0ce3fd0afa5a,5,,Adorei recomendo ,2018-08-19 00:00:00,2018-08-20 12:18:01
6eec3917009ac4500d80b0557ee92574,72dae7e56901083df5f2cb3dd2d4841f,5,,chegou rápido,2017-06-23 00:00:00,2017-06-23 19:22:46
f555e112c09ed12e3ed67fabc21b7840,4cea4082bde3d6f0846e8a5537f3eeb4,5,,,2017-12-14 00:00:00,2017-12-15 00:33:41
c6330ba4b1840ec01ad72c2202c2f145,6be09fd2c367b8fad5b25b1315c335bb,1,,"Um dia antes do prazo final para a entrega mandaram um e-mail avisando q o produto não iria ser entregue na data combinada, fora q deram um mês para entregar, outras lojas 7 dias após pgto já entregam",2017-12-22 00:00:00,2017-12-22 14:06:19
10e6b23d40ef1b4312de86337f6dd109,e21fd08d7e36f975120cb6392ee71ad7,5,,,2017-07-12 00:00:00,2017-07-12 23:23:01
05809c068ac8f403afb680d5dfe5867c,67a41e5f40c8ee15e8d00b64b363dfd0,1,Produto não entregue,"Realizei a compra e o pagamento, o prazo venceu e nada do produto ser entregue, na verdade não foi nem enviado ainda. Péssimo!",2018-08-01 00:00:00,2018-08-01 12:11:22
5e1239246178944986b563b4dd76a9e8,ff410c670cb5018a763d815c1368f405,1,,Meu produto nao foi entregue,2018-03-04 00:00:00,2018-03-05 13:54:36
1d7390931501ae7d6715f75aa1e2cc6d,265b23c0727e5d7a2a3e36f5aac03d67,5,,,2018-03-14 00:00:00,2018-03-14 07:26:55
99abdce1cf23d45762bd90872fcefdb5,7e460703dd3adb450213b20170a237f6,5,,,2018-03-09 00:00:00,2018-03-10 15:41:09
9da613c4e10c8c41fce3a808c1e24ac0,4d890e83adf9bc9532d53b2227e92c7b,4,,"Correu tudo bem, contudo o produto veio danificado. Vamos ver como a loja se saí agora. ",2018-02-28 00:00:00,2018-03-01 10:10:59
f36417fa8dba0747ae9d439e599f5b47,e912fe377f77944ec68b3650ead100bf,3,,"Ainda não consegui montar a cadeira, estou aguardando conseguir alguém para montar. Fora isso, está tudo certo, o produto chegou no prazo. ",2017-03-18 00:00:00,2017-03-20 00:11:05
6ee76a4f3dfa7c16f5b2e4c9a66134bc,c8426a2c3cc5c11e8aa0789c3238d4d9,5,,,2017-10-25 00:00:00,2017-10-25 20:20:59
6e055f7bdfedd98c233edb5798449916,9c044ffd93c708557b82ad51947070b6,5,Super recomendo ,"Amei o produto, chegou antes da data prevista para entrega, super amei, super recomendo ",2018-08-21 00:00:00,2018-08-21 14:21:53
47362ecf1f01733c13b5710b17eb4252,d33a24a5ea67f8f5a06b0a32e53f3acf,4,,"Produto chegou antes do prazo, mas na foto parece ser maior do que realmente é, mas gostei muito",2017-05-24 00:00:00,2017-05-25 13:53:35
cfdf4985d57615143f120e83431f493f,8747a928f786c8b31e0afb1b815886bc,4,,"o produto é otimo, lindo do jeito que esta na foto ,a unica questao que deve foi q o produto deu com entregue no site e, só chegou depois de 5 dias ..",2017-12-06 00:00:00,2017-12-12 18:46:29
921c65b97f1f69ddfe2a5cfac5a0a27e,7920e7d2f91a12543837febe80d5503a,4,,,2018-05-13 00:00:00,2018-05-13 14:31:26
a15ef3824b59cb62e2bb9be237533977,3f80947ce4ab2d28cede3db5c92e44d7,5,,,2018-05-10 00:00:00,2018-05-11 23:08:20
937f24345d608e72283e7b9461f53ab6,64cb5db87de3dcce6f274e1e690c32ab,5,,,2018-06-22 00:00:00,2018-06-22 23:01:26
7db67bbcec9659e7f0388540250d9e52,64e64a4dd77d71d6bc307f24af1e55ac,5,otimo,,2018-06-07 00:00:00,2018-06-08 14:21:54
e876e56612fa66ef20ce738e58b3c63f,574a92fb05e01159e32c2a4cba131e3e,5,RECOMENDO,"perfeito,tudo ok",2018-06-07 00:00:00,2018-06-07 23:58:28
22f807dc7304c2cb8ca8643f170ec2a4,c75eebf08446545f765d7cfc1ab89342,5,Lucileudo Firmino sousa ,,2018-07-05 00:00:00,2018-07-05 17:45:47
b72cc1e57cf129b660c80e0c7b5563d7,8d47ca771c5f1f48f545ecf4a7c85f82,4,,Perfeito ,2017-08-23 00:00:00,2017-08-26 22:44:27
39f59fcdcf501a404fea753997eb1a50,c1e8ab8d063eba72d530b57e5b05f919,1,,Chegou só a base do bebe conforto ,2018-03-24 00:00:00,2018-03-26 13:48:05
048eff7f562e1d70b62810ce9cac517c,534c32e4a4a598bf5fb7d99a2cfd0f62,1,,"Na descrição do produto, ele informa que é faixa adesiva para parede, porém quando chegou ele não é adesivo pedindo para procurar quem instale! ",2017-12-27 00:00:00,2017-12-27 18:17:45
268281f57f71e5a18c8d14626d75c815,3164a0591e7349349b8f57437a76133a,1,,"Recebi o pedido faltando 1 intem Colar Lol Kindred Os Caçadores Eternos League Of Legends Azu, gostaria que o problema fosse resolvido.",2017-12-02 00:00:00,2017-12-04 23:30:42
c98724c0c73bce13f258d72b41f30bfe,f12ff3c8b8e4945b4d0331a56df6ef85,4,,,2018-04-20 00:00:00,2018-04-24 12:24:48
4d3fe38b645651ce5af82d9cf17b4a76,2bfd14409ba8ba1153ce42b2abc44bb8,5,,foi entregue antes do prazo adorei,2018-01-06 00:00:00,2018-01-15 18:14:55
50c3ed575d98e790fe50ed0f0e2742df,32f0db75abd9599736ef815f021c684f,1,,Ainda estou aguardando a terceira unidade. Só vieram duas unidades amarradas por um barbante em embalagens individuais. Eu acho que deveriam entregar todos os produtos em uma única entrega.,2017-11-23 00:00:00,2017-11-24 01:39:38
e9d7a16fff554785db72649b9acd0f15,c3a3138b83444e2e6c24b0bdd327bd30,5,,,2017-12-20 00:00:00,2017-12-20 23:05:22
ee04cbcbbc327f0a7755a92c279594ed,77ff5083402e50189ad3477e7dfcbaad,4,,,2017-11-01 00:00:00,2017-11-02 23:41:11
bdce049a7322419600b8618b94a9744d,9409061640fce9127ff7a2ee181a54dd,5,,,2017-08-17 00:00:00,2017-08-20 00:03:23
3af0782ba60eca6ea604763c679570f7,a574693e67b5acd2879ac5d182122fee,5,,,2018-03-22 00:00:00,2018-03-25 09:49:39
996221576fabd8d2915c2bb697970b33,cf5d7dcf1c4473152f3cf16bb9e6584f,4,Satisfeita!,"Recomendo este parceiro. Entregue bem embalado e antes do prazo previsto. Só estranhei não vir com um ""panfleto ou manual"" ilustrativo com especificações/descrições do produto.",2018-07-01 00:00:00,2018-07-02 08:46:44
7bf33248d5b2bc70dadc16fe9fef08cb,8c0af913eb525b355c4997a2a4166696,4,,Entrega no prazo e o produto exatamente o que havia visualizado e comprado. Tudo cem por cento. Todas as caracteristicas divulgada do produto corresponderam. Muito bem embalado e fiquei 100% satisfeit,2018-01-24 00:00:00,2018-01-27 10:51:57
d7666e862add7756e5e92a4bd124e007,fd2b355e216e132b6c0f3f1b18828c95,5,,,2018-07-13 00:00:00,2018-07-13 20:56:25
c7572a6f6cb0c188c7c8a56349752521,6550f76a630f229b798ea19ef27694d9,5,,,2018-08-25 00:00:00,2018-08-28 10:50:56
91559a9c610b44fbc2680b8109bc3a91,a25b9ed9a3a53f53489c105482625129,1,Problema,"Infelizmente tive um problema com o aparelho,e o mesmo terá que ser feito troca.",2018-06-26 00:00:00,2018-06-26 19:31:00
865c1b4c584b5c88662251665f3a6fd6,c68cb1496648de6d9c8ee2e4475f8fc3,4,,,2018-05-03 00:00:00,2018-05-04 00:15:51
54da200ef88ac1a6145d3f3302065f67,b97ba3fb5b212d01ef75f4f4131c1207,5,,,2018-06-20 00:00:00,2018-06-21 01:23:50
afdb61488af1ab799f9a6a9287027a77,a96effa6b0ae730c1b6bbfb81a6164b4,5,,,2018-01-24 00:00:00,2018-02-01 18:26:25
f88f4fe96a5db7c80695ea79f552389a,9db0b5f3481614484592866ec7c902f3,5,,,2017-06-01 00:00:00,2017-06-02 02:55:54
8a33c1213d0cc5a81c5308498a184932,4667b0530b09d78c08bbbc0f8b6f899e,4,,,2017-07-01 00:00:00,2017-07-04 15:01:28
4127bec155e1e25383df7eca05813f18,2e61fdb90c06ee4a04c2ed31a1092574,5,,,2018-04-12 00:00:00,2018-04-12 19:15:40
6b9a0d8e8e32eab1ff96420b615c360e,de5a3a2e05f3b46629d00ae9b9422973,4,,,2018-02-02 00:00:00,2018-02-06 21:04:36
bc24e75d928351f9a2506bdf6d928a41,037e725440b59939735ae0aff888a015,5,,,2017-12-11 00:00:00,2017-12-11 21:18:12
918a3d8390d77cd59fd1fd68e4977948,dea87e82c0c86203867522c013b7743b,3,,gostei do produto.,2017-05-27 00:00:00,2017-05-28 14:29:25
9ec1024fe2521af490b6c8ecce5637c5,3f03a16ea2034e425f930d42cd315637,4,,,2018-04-26 00:00:00,2018-04-26 21:45:25
7553bab8633bce24398c75f9411661f5,07bebe0626c8053ad425381fe0882655,5,,"Não estalei ainda aparentemente é muito bonito, só vou poder dizer da qualidade quando for instalar,, por enquanto satisfeita .",2017-10-06 00:00:00,2017-10-09 00:54:20
d9351c5ce44f874144fbf26dcd0b968a,31f49b876b40d899bdb6c403b4d2b20b,5,,,2017-05-16 00:00:00,2017-12-19 14:02:57
657c6f1285562297918b9106b7627836,31eab59cdc8b996f70446d918f2f782e,4,,,2017-12-08 00:00:00,2017-12-11 10:15:33
4ac4c7a3e60f445e0fc2cce1f2ce69d3,65272dc3f6aee70b17f962df52f16f73,2,Recebi produto diferente ,"Comprei cartucho colorido e recebi preto, o site não funciona para solicitar troca, apenas para cancelamento, então cancelei. ",2018-08-22 00:00:00,2018-08-22 10:19:58
dda461b8b39b721c226cd05c0cacfcd4,b3ea3f6381d1b6d2683698960134fe13,5,,,2017-08-08 00:00:00,2017-08-09 13:17:21
0f8177d7d9fcec218b32193cc9ac38e4,0611e51b65ca1c2274c5a2463141dcb6,5,,,2017-10-21 00:00:00,2017-10-21 16:40:38
7aa4bba0269f715619c519443e61994a,3e50ccb3e4c2558e4235db553f8dc2b1,5,Top Show,Top Show,2018-06-15 00:00:00,2018-06-15 22:35:52
528c748e450d21aa04a8b39383074f8e,1550ad5373660bdeb5c52239b456396e,5,,,2017-07-21 00:00:00,2017-07-21 23:29:07
c7c843a11b6a2590f949b58350beef6a,34b426d7bae7fa280beff9a3cda190da,5,,,2018-06-30 00:00:00,2018-06-30 22:29:15
6096a6b17fa6f9bcfc6b4d0f669185c5,d80b473a1e39c2640618ae7d6e181f4d,5,,,2018-06-28 00:00:00,2018-07-03 12:41:05
70562beacfe9f1dabfaeb70d901ff348,957109fd6a6321b74f0d9cf8969aff76,5,,,2018-07-21 00:00:00,2018-07-23 22:44:10
aef55e3ea3de1357a396ae74c7b5c005,8b75cb6fd9531cacf7f2cb7dadf7467b,5,,,2018-03-08 00:00:00,2018-03-08 11:13:04
0249e083542be0c7999fed3441dbae0c,6b654c2dc2e7c610cb22c325fb723057,1,,,2018-07-15 00:00:00,2018-07-15 17:59:57
ef1954d1c4a81bb37a27316022587dcc,6f3e13f4ef62b348e815f6375cbdd675,5,,,2018-06-06 00:00:00,2018-06-06 23:15:20
db5983c4a35c2ba7e8cd16de004d9900,9d12e7d13379e3e2a600bfccb801604b,5,,,2017-09-23 00:00:00,2017-09-26 12:21:59
e3b8adb434aed4676a502c189b1111cf,6d07ebee9c7fa9c4749c7265c987bf0a,5,,,2017-06-03 00:00:00,2017-07-04 20:23:25
87c9ea22c50996a93b28a92d3669cceb,83b0d41b8098a854e66c33ac7d1e8dcf,1,,,2017-07-01 00:00:00,2017-07-02 15:39:21
7d6331a81d20e33708b33fb2efea7af1,6730796e2413628c3e327fbc24177a44,2,,eu so recebi 01 kit cobre leito queen Vitoria-floral tabaco/palha 7peças.Os correios so me entregou este.Falta a entrega da colcha cobre leito Requinte Super king percal 180 fios bege.ESTOU NO AGUARDO,2017-08-29 00:00:00,2017-09-01 01:41:31
71c3d3e07f636e04cb57bc14eab88437,9eaec2635ebf99416ead21c62ef53f67,4,,,2018-01-04 00:00:00,2018-01-06 01:36:51
ad14cfdcd44fded9b674b3e442ecaaa4,3431dbb0c64629bd76dc81b736c46e4d,4,,,2018-03-23 00:00:00,2018-03-26 14:41:23
6429d643c915c92d79e7cc6ac0997a0d,38ac62af1b354671501c9bbfc55bf187,1,,"Boa noie o produto foi entregue na cor errada , eu pedi na cor preto e veio branco . Lamentavel .",2018-03-07 00:00:00,2018-03-13 01:32:06
c261e4f5582ab216a23b5ea4c681131f,855a13de235eda92e5acdf19d0157b67,5,,OK,2017-07-18 00:00:00,2017-08-15 17:51:35
3e60d18a239551de48ca8a2ff9382db5,aa21334313579b3bf1d6e8a10de215af,4,,,2018-08-05 00:00:00,2018-08-05 22:53:28
11d9a387c371b595db81b81128c452e5,374d4811c6f3657ec62ffec582801ccd,5,Recomendo,Excelente compra e excelente produto,2018-08-15 00:00:00,2018-08-15 20:34:18
1d4265f4d6bce1553da5e8cb3557d5f9,deee3dcdb24a546fe11dbf20968395c8,5,,,2017-12-17 00:00:00,2017-12-20 01:12:37
06612663a9f70fe8fac1d6575cc02df6,73a12daa7a024fd6a3895ffcb1fc99cb,5,Tudo ok,A unica coisa que achei negativa é que o visor não tem iluminação.,2018-05-10 00:00:00,2018-05-11 01:07:44
8c58602f38be61fbf7d94640b4d044dc,8b90d2eeff994cb8c7f281e9888c340d,5,Recomendo sempre,Chegou rápido e o material muito bom de exelente qualidade,2018-05-22 00:00:00,2018-05-22 19:42:46
7834d53a22d0a4cca31ce9af275afdd7,8a3c2c90a94d0d385e338f5765a86292,2,,,2017-12-19 00:00:00,2017-12-19 14:35:56
47f9abdf9bff2e35b757a67e46569ddb,3ee6f1a94cd7b1aa622553fd94a3aaf3,1,,"Recebi somente o Toner da cor Ciano
- Toner HP 311A CE311A Cyan Original Serie 126a

O amarelo não recebi",2017-08-24 00:00:00,2017-08-25 13:24:05
8213d8e0dbcbc9edb8ca725575e6bf8f,d776b075b96169ae9e7c789eeb991435,1,,,2018-04-25 00:00:00,2018-04-25 19:26:32
9b17e39fcadd3432739e4423dd777c91,6b71838c4be9dce33810de87c333e365,3,,,2018-01-19 00:00:00,2018-01-20 00:51:51
d38c2458335ad219ac242af5c53a41b7,d95ca1fcb72812383e41e2eb7ca65dc2,2,,Eu comprei 4 rádios e so recebi 3. Estou esperando o restante.,2017-04-19 00:00:00,2017-04-22 09:51:23
c9aaeea201b5f1797c3d247225e68082,096b267153128e0d7f9e593bba803956,5,,,2017-06-30 00:00:00,2017-07-02 14:33:47
89371f741951263540925710d6a4b81c,c1559efbfbb38d83f6280b505bd3e0df,3,,,2018-07-14 00:00:00,2018-07-15 07:32:10
ee23f96c6ae0babfe97073e0d3e0251f,0c5c8063a673f3c44b6499053e534ccb,5,,"Entrega antes do prazo, continuarei a comprar.",2018-01-18 00:00:00,2018-01-18 21:48:43
de4803a4bcf15fee42a62009bbe0107d,8242b086009bdffe2eb081b77d4ca7de,5,,produto atende minhas espectativas,2017-11-24 00:00:00,2017-11-27 16:05:07
1a1a196fc83ebd14174d17095a5f7daa,7b8adf17d100cd7c851eff1f6496083a,4,,,2017-11-17 00:00:00,2017-11-20 11:03:22
76863ff12f6000e6217024f21bd0060e,5635c4d926a70f077059cfbc66700181,5,,,2017-05-24 00:00:00,2017-05-25 14:32:49
d3848f9253b9688cbd7796e4aca6be2a,4afb1fa9cc394c9f295d203fc7b9bf19,5,,,2018-05-23 00:00:00,2018-05-26 13:58:06
96e4a22436bf8610f829e512f1fc263f,278ffae8d541775ba53338a54ee391a3,5,,,2017-10-31 00:00:00,2017-11-05 12:00:57
e88c18871aa13fcf42a75950a764b68f,52a39a74e61ffa3d8ce5db4e780ee364,1,,,2018-03-21 00:00:00,2018-03-27 20:06:29
6c13278131dd3d88f1c445bb831e61b1,f26acc71de5cd391e3a2fc13a5820895,4,,,2018-02-01 00:00:00,2018-02-04 19:35:50
45850bf9f71ac7e30dcb424bf96f85fb,1cdbaaa0377025fdc1847dd3619f88db,3,,,2018-03-23 00:00:00,2018-03-23 04:03:54
71635d4d99ce3847d1b2d5b48592fe48,8f9b22316e1f46393055fe217699461a,4,,,2017-08-08 00:00:00,2017-08-09 00:20:35
3c836743694d6000f0468d33b5946bfc,199c544290f4c34265e9b01c137baecd,5,,,2018-07-28 00:00:00,2018-07-29 01:25:27
757bf893f3f15458de11786cdc0a6588,8f6d8ee78537f5977e5b70a12761403b,4,,"A atendente do baratheon, por telefone, nos informou durante a compra que o kit seria com 5 refis. ",2017-06-20 00:00:00,2017-06-22 16:05:36
e78bd8417898695a7587c35422c08ffd,0e31f844aae10fe7dc2369bc0340bf21,5,,,2017-10-24 00:00:00,2017-10-25 20:01:50
353eeb66fdc7dc9a9ca9fa38a705aa53,e670e635e13b902d8de6bdb5026d9a88,5,,Excelente.,2017-09-07 00:00:00,2017-09-08 12:11:21
b52c751c12d5c640bcf9fe43e86da969,d4e413e096efb5d9b209b28ac79c62b7,5,,,2018-07-15 00:00:00,2018-07-18 14:05:21
39a2d04f61b3905b4113b9f6ba538100,2721cdbb603d7ab34553d2e44a6f9ae0,2,,Porém produto de difícil instalação ,2017-07-25 00:00:00,2017-07-26 10:12:26
57aa6253e4b12d17cce2ed65795fc34f,5baeaa8bec54f12f0aa0ee4b4d285cf9,3,,Recebi antes do prazo previsto !!!!super recomendo ,2018-01-13 00:00:00,2018-01-16 20:07:39
62f4a1f0ed144d2cb182a4924a360264,377627ea55b004e8d55a2af17ba3c0e1,5,Entrega rapida,Entrega rápida como sempre,2018-05-23 00:00:00,2018-05-24 01:31:39
333c8710548ff5bf8a01be5cce1b25cd,2e4d78cc067d04eaaf791ecbfb2bc3ce,5,,,2018-04-18 00:00:00,2018-04-19 08:53:44
007f155f02008dd28da584c210767024,2f5112688e80d5d79344cac900d6bd0b,1,Produto divergente,"Recebi um produto divergente, como efeito a troca?",2018-07-28 00:00:00,2018-07-29 02:02:02
15c41d2fc03a051df0c2b6e47579360b,5a8f325f70adcaee7b80d649a1f28876,5,,,2018-03-29 00:00:00,2018-03-29 11:49:29
f43672285e45de76d4355a6847b980bc,aeb5c78d2d8968b2a53ac5d6a554cdb4,2,,A embalagem chegou toda danificada. Tanto embrulho quanto a caixa do produto.,2018-01-28 00:00:00,2018-01-28 18:19:45
ce50fe817db66b6b6d9de227ef067ae9,def90fc6c7d21d34a14af3d6e4d866b6,4,,,2018-04-19 00:00:00,2018-04-21 14:44:19
f72dae211b9d718b69f64005aee95ed7,e910cff0c2911f3ca876a47602557c45,4,,,2018-04-18 00:00:00,2018-04-18 15:50:09
ba699a2d05c7ab2c9eec7e3536a23631,0f9d568730bf125dbbfed4fc655ff91a,5,,Chegou muito rápido e tudo direitinho,2017-04-01 00:00:00,2017-04-03 12:11:29
3c36592f0bb6d1a784e481711bbbf275,bc877ab9e18f1ce0fda75eab87a0ca8a,5,,,2017-10-19 00:00:00,2017-10-21 19:39:38
7614d045d89db26bc4bee2b78b0ff498,5e741be1ef0b879586c4c85a9967b5f9,5,,,2017-09-14 00:00:00,2017-09-15 09:16:37
0a04b93d0bf35683eccc174afea817b8,ac64f79a33bfa575fc5a17e7926df3d5,3,,,2018-04-05 00:00:00,2018-04-06 12:50:14
99c54f8e8529296c167f940958386551,255cc1a34da986dba8ba04bc67dc4d03,4,,"adoro comprar nessa loja, só tem um problema, frete muito alto por esse motivo as vezes deixo de comprar pq o produto ficar muitooo carooooo.",2018-01-26 00:00:00,2018-02-14 16:26:46
cf51346899433cdd784faa769b712350,65b7f928b236039112ed2441d2237a11,5,,Tudo OK!,2017-06-23 00:00:00,2017-06-24 16:28:36
bd73724c46a994f746575027cb481726,e9376e0fd65f7e856a08d32426f523ef,5,,super super,2017-02-18 00:00:00,2017-02-19 12:27:54
13786bb5a3739025bb8eb40a24a0454e,7af48c3262020f1e61fed763bbe80920,5,,produto entregue no prazo. condiz com o anúncio.,2018-03-11 00:00:00,2018-03-12 20:57:52
9c067f0d95fe20dbf63b90c1811dbef4,a47209f5c19200ebf7bb28427db5fc1a,5,,,2018-05-03 00:00:00,2018-05-08 13:56:30
e33692a0b46269aea619051eaa980322,bf5a44a0843a026ecf32a63d882550f5,4,,,2017-03-09 00:00:00,2017-03-10 09:50:51
fed3e2adff643926618ee94bb2fc5610,b37fc42b9b16ca9e092edcf0c06bd1f5,1,,meu pedido nao foi entregue ligo pra vcs e nao consigop falar quero uma solução urgente ...vcs podem atender pelo menos o telefone na central de atendimento por favor,2017-11-26 00:00:00,2017-11-30 11:59:02
da3223ed43b366bc8471034b82d57d67,1f1d34c2ba3f3ae5f852175df49f079c,5,,,2018-06-07 00:00:00,2018-06-11 16:14:59
9cc1254bc80f82566cedffd87c1e5d3c,2d8a0bc4abbb7bbb3a420f2219f02f93,4,Bom,,2018-06-30 00:00:00,2018-07-02 22:04:31
1ad3860766b36ad12f7c761ef6426509,3a0ad73a22a4ca1af66f3f7ee5c6c3fd,3,,,2017-09-22 00:00:00,2017-09-22 09:22:51
9dff99d52a76b18415da6ef3046ee69a,80b5b891e5c825112137c3ee080e5db6,5,Lindo,O produto é lindo e chegou no prazo ,2018-08-05 00:00:00,2018-08-06 00:59:38
4e98f51633291ccd222aa9fac9b16bd2,f15ee2f37da0500e278ec213c201edf3,5,,,2018-08-04 00:00:00,2018-08-05 11:24:29
68160ba199e9b65869c10aca2d695704,117f055ca23c0229d5cef27ba164f90d,2,,Caro e de péssima qualidade.,2017-12-16 00:00:00,2017-12-17 19:13:13
46073589d908da60e6701a72e8fb2158,1cc4e549e16c732db4d9228fce789407,5,,"apesar da confusão com a entrega, produto foi entregue. Agradeço",2018-03-27 00:00:00,2018-03-28 11:55:39
7163f55659a8ec53bbfdf57ebe9296e3,ed7cabc96de8c36774b894e98aa73dc2,5,,,2017-03-25 00:00:00,2017-03-28 14:31:40
33c138e6557d66469706a0a05782ae64,227881fdf69e55ab7906b7a818dd5e39,5,Ótimo loja recomendo ,"Olá, a loja me entregou o fone em um tempo muito rápido dentro de 6 dias, ótimo fone lindo acabamento super satisfeito com a compra e com a loja ",2018-07-04 00:00:00,2018-07-04 22:10:10
dd395a6ce843662b8761eb46e402532c,678563117c6bcedcb0f9d98e8f3faf23,5,,,2017-05-21 00:00:00,2017-05-21 22:57:23
6bfaddd6ea8157c5ce0f23d052b6c26a,6c8accd4cab9d1cccad9d791492d53b2,5,,Fácil de montar e muito confortável ,2018-04-07 00:00:00,2018-04-08 11:25:05
a1b32d5b405e8a5b4aff7b1faa9e8f81,5b649740381032adc79831802d8d221a,3,,,2017-11-14 00:00:00,2017-11-16 19:53:16
30b4f4080c1d7b6acab48af763c32633,51bba23b6fd5b430636450f273aadd8a,5,,,2017-10-31 00:00:00,2017-10-31 18:12:47
b1e28c1a9954dbc52cdc292d868d8713,f3d2fb271269ba8f728d079575258095,5,,Bom relogio!,2018-03-13 00:00:00,2018-03-14 01:32:05
8491ce2c5508d3c11802dcd5324ffa5c,ed7020a10eed1ef7a4895ad933baa211,3,,,2017-04-21 00:00:00,2017-04-24 22:24:00
036b3880b7f0b2d0f0d88246ef03a67b,c09dc7da8af0513857f422dcf06a46ae,5,Ótimo ,Produto de excelente qualidade ,2018-06-05 00:00:00,2018-06-05 23:27:11
747b8e904c4bc3dbd3281242caedd9b9,a9c7a298f4d31996b9a505ec79fcbae9,5,Excelente ,Fiquei muito satisfeito com o trabalho realizado pela empresa. ,2018-07-25 00:00:00,2018-07-26 01:29:46
46bafba3877fce82d2daf3c296e8f22e,93d8685fec4218f06bf202723dc1da52,1,,"NAO RECEBI O PRODUTO E NEM O DINHEIRO DE VOLTA.
PRECISO DE UMA SOLUÇÃO URGENTE SE NÃO TEREI QUE IR AO PROCON",2017-03-25 00:00:00,2017-06-27 11:52:54
d258ac7c1fdbd97dfe3e78520f105a01,818996ea247803ddc123789f2bd6046b,5,,,2018-08-30 00:00:00,2018-08-31 02:15:00
45166fd675ed78120b1498e4d7c2f333,db7b454406f5f1f11a4aeb0ee58f473b,5,,,2017-11-04 00:00:00,2017-11-05 13:53:01
f3301c53c51e67b86d004b4ad93630be,cc20f1526c8c9725da26e2563d40260e,5,,,2017-10-26 00:00:00,2017-10-27 11:35:27
7f12b7e4c1e60eeb5f9f694012c4c72b,faf132fb35b3b3b533a67efbd6e7c02d,5,,Ótima loja para compra online pois fazem a entrega bem rápida,2017-05-06 00:00:00,2017-05-07 23:01:39
e106dff3733b500d52410eb1f80c8ab6,93634466f99307a62d5d4d34689562b8,5,,,2018-02-10 00:00:00,2018-02-11 11:52:36
6550ef93804c261574b514478c4aac32,178f859d222729f650b08c3c8417f9bb,4,,Só podia manda os 2 em um volume só ,2018-05-12 00:00:00,2018-05-14 21:44:53
2d72651997c76976fecbcd2b11ec729e,49c9dc330935365ca454ba89a8a20efb,1,,"Eu comprei 2 produtos, vocês cancelaram 1 sem me avisar",2018-03-29 00:00:00,2018-03-31 07:36:39
ffa6d9b869cd8cda10248211aa435cd0,2475c5c954f98701b93b7ceb0f5bb669,5,,"PRODUTO DE BOA QUALIDADE, E ENTREGA DENTRO DO PRAZO",2017-07-26 00:00:00,2017-07-27 10:27:36
cca3f967c62e434fada184e8858e4ba5,290673dd0e92d677725fdb80ce26d46f,5,,,2017-12-14 00:00:00,2017-12-14 08:46:33
41dcc72903556238ab2edc592bb6b760,ad7e012867d486bee881d0a10df0399c,5,,,2017-10-28 00:00:00,2017-10-29 10:54:56
7cf7943b1dc96cc50a99099d13a6fb56,3335f13449d5b75804a0a49611cf11a4,5,,,2017-12-22 00:00:00,2017-12-26 13:58:41
1fde1f8a119a79371832a05103c04af4,24016340d5156f96d37500c78a7fe591,1,,,2017-09-01 00:00:00,2017-09-04 11:09:13
adf3009b1733169a19ef45af0015c2ac,2ac00a6a0a00ee7f8e2b235f8e361006,4,,,2018-01-18 00:00:00,2018-01-21 00:34:19
e66b608036fa5f61b7511cdddda47eb3,b899a41fdae17968d357d705b073a5ce,5,,,2018-08-15 00:00:00,2018-08-15 16:03:25
23e142c750d75fcf082a1148ee349249,21ccfd8ee777c40d2407604c5ddd2db1,5,,,2017-02-22 00:00:00,2017-02-23 13:03:58
7b14322986900a25f9214243a79e74bf,5d0d28b0a5db80fe44a0ac53bdb979dc,5,,,2018-05-19 00:00:00,2018-05-21 19:18:07
d3da51f8af3df9e05a6270b4d1082d8b,69aca49c98f05af05bec6fa1f87a3059,5,Muito bom,,2018-07-26 00:00:00,2018-07-26 20:44:55
bf74814b45e5cdbc6e5f6f83a48d1140,8a2d731a57d62d23bbf9556f80343140,5,,,2017-06-23 00:00:00,2017-06-30 15:39:21
1ab1ced34b7b40041397c3e88641fcd2,94a4d00bea6790d3c810c6b2f56b4d65,4,,,2018-01-23 00:00:00,2018-01-23 22:22:08
ec43768e3d2cb4c9d3d9e6709a4f9200,c4a4340f8f35d5289ea5eb4dd44815f4,1,,Eu comprei 2 produtos: uma máscara do Hulk e uma mochila do Hulk. Somente a máscara foi entregue. Gostaria de saber como proceder.,2017-11-05 00:00:00,2017-11-07 19:14:04
4f409ca64556e8223d883ca79f4e96fb,a1e339ab5b57754551c63176e6d98528,3,,,2018-04-21 00:00:00,2018-04-26 11:25:46
37bbec2b94f95226296e53e2ea1d2b25,bb6b0cda2ad6b1af261188c55a57550d,4,,,2018-01-25 00:00:00,2018-01-25 22:19:54
8b8f495d30fca09fdc8312e96de1bc47,616fa7d4871b87832197b2a137a115d2,2,,,2018-08-23 00:00:00,2018-08-23 23:14:33
f4cc3067cb5ae76978801c0fce5cd0da,a52e6fa2d7c6ecaf73ff5f7f10438339,3,,"Satisfeito OK
",2017-02-09 00:00:00,2017-02-10 05:43:23
465348b4bd71ad561168125ddb9084cd,c751f7b0f44fcb8bd374ef518ad5c466,1,,Comprei 2 e chegou 1 ,2018-04-14 00:00:00,2018-04-15 03:40:07
f3c06103fc78f68b9d275a40a0929961,71ffbe37a2e7ac438c81adb916832bba,5,,Entrega correta e antes do prazo acertado.,2017-12-30 00:00:00,2017-12-30 21:31:53
c522c1c7f704cb0e202fcbba1a5627de,3b1bf20520476dc7b150dd52f521e525,4,,,2017-06-03 00:00:00,2017-06-04 10:21:43
d7b8701c531bc6335853022d5ad9a444,8d3c15519d40227c3bcca13bb5bbf6d2,2,,,2017-10-19 00:00:00,2017-10-22 02:17:21
3f93f4f7f09c312dce86e2fb8a4d4430,815ba48fd172b6a71f09180c118a31ca,1,,,2017-10-12 00:00:00,2017-10-14 03:44:41
36eebeef293f303691496054db3ed9cb,056a1317ffaefaa2dff2d9ecb54fc7bc,5,, Comunico que recebi o produto que haviam cancelado pois o que realmente comprei seguindo os passos da entrega chegou no dia anterior.. Quero saber qual procedimento para devolução .,2018-03-09 00:00:00,2018-03-09 20:47:23
0ab9f8d513826d887982fe09ac2b0d98,35774167bb17537229f8ffb6e662981c,4,,,2018-03-10 00:00:00,2018-03-12 02:00:04
132cc357f406988496738a702bd8a54a,b1d045cd447d2961b72e0d67c18f5d94,5,,"Rápido na entrega parabéns 
",2017-06-27 00:00:00,2017-06-27 23:07:15
ddedbf1ea24a91649e29fa3e08b465cb,95edd52b3452d4069b0fbc8056f01daa,5,,,2018-05-08 00:00:00,2018-05-11 14:58:07
fbebc415e84389af676cf76365b496f9,a8b7b51948bf9deabad95734d8470c5f,4,,,2018-01-24 00:00:00,2018-01-26 15:10:46
9ff9a085f5d28792d60666273956a308,6dc5773abc829c019c8912d3993bc2c9,5,,EXCELENTE,2017-03-22 00:00:00,2017-03-22 17:26:21
4b966d7d1873ef87048235525170f495,020f04b3da1d597b9a00b825762299ba,5,,Recebido antes do prazo e em perfeitas condições. ,2018-07-14 00:00:00,2018-07-14 22:13:34
efa7accefa49029eeafc91dae73f1b0e,bf6e868e898464ab301f89d753979d4d,1,,PAGUEI UM PRODUTO QUE VALIA TRÊS VEZES O QUE ME ENTREGARAM. FIQUEI SUPER IRRITADA E INSATISFEITA. NÃO RECORRI DEVIDO A MÃO DE OBRA QUE ME DARIA A DEVOLUÇÃO.,2017-06-21 00:00:00,2017-06-24 19:27:08
8cdb6f6bba9935d87999cf56ef10fce6,cca0fdbe32d86d386a95c02433412640,5,,,2018-07-15 00:00:00,2018-07-18 18:24:43
f9624eceba9f65e01d0815bd8acda764,fbbd2baf2d839f10d73c99b4642ce46b,5,,,2018-04-13 00:00:00,2018-04-14 01:14:32
ae5eea2abe1f60b66c4bfa492e7f8830,f1f053637dd55791fa3a8ae1df1f3605,5,Excelente.,,2018-07-28 00:00:00,2018-07-28 19:24:59
4f74dff7e54d4b818f558cba8083fe5e,243312dbb316253ab77bb0140d94803c,4,,,2018-03-22 00:00:00,2018-03-23 10:10:21
05d36c82485f13f4ce404310c08e7d5b,121c96617b2e0acee04016a0f37c1c7b,5,,,2017-07-14 00:00:00,2017-07-16 23:08:13
27393f848c82723e8e9128bc9751d492,aef19c7ffbe816963b54aa3bd8777f1b,5,super recomendo,muita boa loja,2018-05-09 00:00:00,2018-05-10 16:30:44
8a116b2b95e12333041e8761a3023ba6,0739104e30e20de6c0956c0889a9b9dc,5,Otimo. ,Fiquei muito satisfeita. ,2018-08-28 00:00:00,2018-08-28 20:07:12
04aefae104ad7362ef405928063cd7c2,64d02f4ae7e52cc423b0b8790e8760d3,5,,serviço prestado dentro do esperado. obrigado,2018-04-18 00:00:00,2018-04-18 16:16:11
5120ad7c8c9bc7ccb09aecb0eb138f92,c0c7bd9b0f4864ea4d1e2671ce38bff8,5,,,2018-03-07 00:00:00,2018-03-07 18:03:15
ccb2494d4812d530e17c64f6f1528d19,dfb95a7031f9abf6495bc955837c3125,5,,,2017-03-11 00:00:00,2017-03-11 09:49:50
4e0bc5ef2f7d8b9559299cd809cfa79b,6362a7fa249232a216ff4ed1cec9f7b3,5,,O produto chegou antes do prazo e vem embalado. Recomendo.,2018-02-16 00:00:00,2018-02-18 19:41:29
3bad073f99142dd5ddf52db8e08089ca,61792c6272346d7f4b7c5b1747df7b1a,5,,,2017-04-12 00:00:00,2017-04-12 12:23:52
26711193aa72ae67abdfeb25e54d19fe,cacc1fb58a377d93574c303d6c901986,5,,"Muito bom, a capa cabe perfeitamente e o material é de boa qualidade, recomendo ",2017-11-25 00:00:00,2017-11-26 00:52:37
df40fa92b61bc641eec28061fdec8ffe,9023f19129c14dadfacec1394f255de9,1,,"O produto não é de boa qualidade.
Estou arrependida em ter adquirido toalhas tão ruins. Estou acostumada com buddemeyer.
Nao recomendo as toalhas citadas.",2017-09-05 00:00:00,2017-09-06 00:41:10
689523b86c7b3b2522f3ab33f5467936,cab8cba54a55cc19762e10bf029dae6d,2,serviço mediano,"Produto chegou rápido, mas me parece que estava mal guardado por está com manchas e sujo. (me parece que estava no estoque faz tempo).",2018-06-15 00:00:00,2018-06-17 21:58:29
d794fe81215b204852d6aae5c3d656b6,ef18166b5f1dfc60d75435c548674981,5,,,2018-08-04 00:00:00,2018-08-04 22:54:25
534d28ecf44d4c5332c53b1a35f95560,b2b86f50f1d5ec8763fc9fc6894ac6c4,5,,,2018-08-04 00:00:00,2018-08-05 13:44:32
ff7c636a6e8718f7ad8b2ad355b03ab3,4dbf5de576e0e8d18ad0932e1ed8e89d,1,Entrega Incompleta,Eu comprei 2 perfumes e veio apenas um! Quero o estorno do meu dinheiro!,2018-06-19 00:00:00,2018-06-20 01:20:26
999f9404597fd9e08675fee9d88a914b,6fec4ed02a4de8f4e7e064591aa2c5eb,4,,,2017-11-08 00:00:00,2017-11-09 09:59:52
96391609f318c12eb3ddee7128283935,cf307f492c4cc991cceb55f6c2a2370f,5,,,2018-03-01 00:00:00,2018-03-02 01:25:07
a3efe771011b4f0e7c237aee9c66d582,354fc19d43cbb0ad997bd631a02fd169,5,,,2018-07-24 00:00:00,2018-07-25 10:52:50
a698c98df553ff7ded228b60020d4f02,480000ff61d2f961973107967439a4af,5,,,2017-09-13 00:00:00,2017-09-20 00:16:33
433748d52f27f527278750d4d2120e16,784a38e6df598963bf1d5e1b633eca5c,5,,bom produto,2018-01-09 00:00:00,2018-01-09 23:48:13
5b4150966396baad290d665a401083b4,4256024f988c6c35dce119ea6c84e1d4,5,,,2018-04-03 00:00:00,2018-04-04 11:39:59
bbacc59156369b04f3dccad63bdead27,4eeecb9e657525024b9b538730c5f974,5,,,2018-06-29 00:00:00,2018-07-01 22:00:08
d348fd36e8169bd651e218a6bf40334c,1b27565cc48efbd53ada61fe61bb9c2a,3,,"Gostei do produto, mas a entrega pelo correio é ruim. Deveria ter entregadores próprios ",2017-09-29 00:00:00,2017-10-02 02:54:57
396881fb277fb08b50a871bf804a0650,1445aacacc53a181a1bcf5bfb9520377,5,,Muito bom chegou antes da data prevista ,2017-12-20 00:00:00,2017-12-21 02:47:17
44e413e08988468ddf832b186e3c76b2,2f6e1ce2926b6a1f5f9ea11d94b58cb0,5,,"A loja é muito boa, nunca tive problema, só agora comprei um produto é recebi outro parecido mais acho que vão resolver o meu problema, pelo a competência que aloja tem.
",2017-06-21 00:00:00,2017-06-24 00:14:31
c275c768967a90b4ef54ec434dc291af,2b9319f90cac6853394132c982ff27bf,5,,"Muito bom, muito confortável para dormir.",2018-02-09 00:00:00,2018-02-09 20:10:38
bab406eb1ff6860f55c3281b1f9bbfe0,5e70bcf826ffb41fbf68e94ba929635e,1,,A lannister precisa melhorar a qualidade da entrega,2017-06-04 00:00:00,2017-06-04 09:25:18
e561b0e39d2c9f333daec23cc868ca85,0be5691eb4c245d190a1e194494f754d,4,,,2017-09-12 00:00:00,2017-09-13 12:41:01
2f88c869f609a53c5ad594e27874f6b0,2fcae632b06e40088d1800fc1cfc3e69,5,,,2018-02-24 00:00:00,2018-02-24 21:28:55
0691098ae25d667e52e0ca600bcd4ed3,588c0e3b460d83b9cd8a270edc0f4da0,1,,Não recebi ,2017-12-08 00:00:00,2017-12-08 10:48:56
297b12bb5ef822923c6b027ed632df71,93ee5063c90357efe9aaeabb20badbf6,5,,"Produto entregue muito antes do prazo, perfeito recomendo a todos , sempre comprei nas lannister. Com sempre chegou antes do prazo",2017-08-29 00:00:00,2017-08-30 00:58:04
fd65d0641ff35f23ac550c7de72430a8,153d12e2d5e7765786be73cb3900a442,2,desapontada,"Estava muito ansiosa pelo produto. Expectativa alta, mas quando chegou, o produto não era como esperava. Ai tudo bem, mas o pior eh q as travas das alças não fixavam, e sempre escorregava. ",2018-05-23 00:00:00,2018-06-19 03:28:16
73bedd3ee6355c16e28ac83690f8720a,0149c597dcc0963d7315f904495b631c,4,,,2018-05-01 00:00:00,2018-05-02 04:45:04
6b4bc64e35c10c15884f35e8f7dcd570,c7af2f59ff42f4410a1739111dbea489,5,,Nota 10,2017-07-05 00:00:00,2017-07-07 21:37:23
b011936503e9f06b93518be2bb0df11d,829c29b2306beafb02c306ffba041e8d,5,,adorei pano muito bom,2017-12-09 00:00:00,2017-12-13 02:27:39
767a37f4c6cb10ec613a816278ac5a72,98200dd99e0bfe78c2d1378ad05fe51c,4,,,2018-02-24 00:00:00,2018-02-27 18:45:21
d8fef77aaee861398225921646f8aa99,77080c3a1b97bb0908c2dc6c3941c1a6,5,,produto dentro do que esperava alem da entrega ter chegado antes do prezo previsto.,2018-05-03 00:00:00,2018-05-03 19:16:03
ea0c4643277ebbd9d998570fa21cdb14,061eb3fa9ee22a8dc3c90060e5a637c9,3,,,2018-06-13 00:00:00,2018-06-14 00:25:45
6edf601be2902254f6a7c7f751487508,6d0ef3c8cc6b6399e18942b77559dceb,1,Produto incompleto,"Não entendi, o pedido foi de três unidades, e veio apenas uma. Gostaria de uma explicação, ou o dinheiro de volta. Ainda recomento a loja porque foi a primeira vez que isso aconteceu. Obrigado.",2018-06-16 00:00:00,2018-06-18 12:15:44
1799158afa542eef7cbce4835d411c36,dd65c324819cce121f105ad9d9afa866,4,,,2017-04-28 00:00:00,2017-04-29 07:37:17
7e2e77b2cf5fc166509ca60f7b12ca6f,334fcd4953d5e5b64f124a0ba7ecb317,2,,Só recebi os 2 ventiladores. Não recebi pendente meia lua. ,2017-12-20 00:00:00,2017-12-22 18:31:59
4c0ea404ec0ddf308924425cf919ba4d,366cd70c12d03e78401252dea8e27bf4,5,,,2017-06-22 00:00:00,2017-06-22 23:14:41
78c247ddb8e67671ebc2e880aa9220b2,deaa5978bbef127b0a9c68e6a7f4c1e3,4,,,2017-12-02 00:00:00,2017-12-16 19:32:30
5d4948ef8c79d53713fa0bbc971e37bf,3dd1232f9ae258b596e0189d82e2a222,5,,,2018-06-07 00:00:00,2018-06-07 18:28:31
8ee966d431ef96f17778f52479a1d064,c4c8026516207b8ad1e841c44bd630d5,4,Super recomendo,,2018-05-13 00:00:00,2018-05-15 14:52:39
35492b7690b94d9e76b50ba6f149e73c,ac17f36b9ec35c47dc44e96558d33dc7,5,,,2018-07-12 00:00:00,2018-07-12 12:25:26
e1614b36db617b585351900afc4ed465,2094b975f1178cef2cf51c4e73ff0e94,5,,,2017-10-25 00:00:00,2017-10-25 19:53:33
8c39917848f87bb7030c7e13d2155560,b1b5b604a5e207c764779ffb50527018,5,,,2017-11-15 00:00:00,2017-11-15 15:42:45
28182c99b81b100f16cd62b8ea523641,b431ef5386c1579fc784586883d7ac91,4,,,2017-07-15 00:00:00,2017-07-17 11:02:14
1d16ad9ccbd20530e095a19c88adad61,d9d4008eda3f55c6d4fff91cff923793,5,,,2017-12-21 00:00:00,2017-12-21 23:25:54
c4436dc8a784aa324d3dfc777eecc146,c6c8efeaf2205f11be796833a750f49e,5,,,2017-10-28 00:00:00,2017-10-29 20:38:43
c38339c3ae50ee587659bc4f74daccd2,bdf4423bf60eac03b6786ebd0e507cc1,5,,,2017-02-16 00:00:00,2017-02-20 10:34:48
aa33370ee7351c75d083c2dcdfbf5434,687827c3a3bcdf03c6956d9bbe263ed5,2,Não exatamente o que eu e,Não é um espelho,2018-06-02 00:00:00,2018-06-03 02:56:51
c34d2b5f826741e1e973a1ad9e6f41b4,81161411335afb1d9c6dfd1b42a63eb3,5,,,2018-07-05 00:00:00,2018-07-07 18:35:35
68597d7993fa1b907787a4fa20cdad25,ab7bbcf90a1c2d1b7cf184cc23e18af8,5,,recomendo,2017-12-03 00:00:00,2017-12-08 21:17:26
14cfc4d79eaec70c0660ef88b08cfc0f,e2ee779edcba1ef236bcfe0260dfa5d5,4,,Boa,2018-02-16 00:00:00,2018-02-20 22:16:02
d8ecc9db61d4d619dd03a0f061ce398b,d9107994bd1bf31404591bce06a547f8,4,,Satisfeita! Produto entregue dentro do prazo.,2018-02-15 00:00:00,2018-02-17 00:33:43
1c5aac5e323c40c909ccc298e92e7dc0,c0452c14e00c9d8c3f5f30c189382329,5,,,2018-06-27 00:00:00,2018-06-27 18:22:02
fd0e6c141e3e72b108a282747cfdb671,ed6104a0027e6a269ce0269f21c67f0c,4,,"Pensei q os produtos q pedi fossem com mais qualidades,mais tdo bem.
Tomarei mais cuidado se resolver voltar a comprar.
Obrigado.",2017-08-05 00:00:00,2017-08-06 02:26:54
4ad91181d6ae3a26d1cbf009c0f2662e,3208081336d844f7752b1e939dd1bbac,5,,Bonita peça de decoração. Comprarei mais.,2018-03-07 00:00:00,2018-03-08 02:40:37
211c272c6a51d3665c197bd367d8c6e4,958da7d574d07d1acbcf0c5c0f5ea9b6,5,,"Chegou em perfeitas condições, antes da data de entrega",2018-04-24 00:00:00,2018-04-24 16:57:11
d9149c744874a658481cbbede49319b3,d3b59b9a0767514f777439a668f564b8,4,,,2017-02-25 00:00:00,2017-03-04 22:34:14
3e2f218213b3fd2314e075c28e77de2c,196750f3a540bf20f0d449337221bd1f,5,,,2017-10-19 00:00:00,2017-10-19 15:46:29
7c78bea0dda525250424e0381b7b89e1,d2bde0599318c433d8e3420c8f65427b,5,,,2017-12-06 00:00:00,2017-12-08 19:14:40
ec4bc1c784c3b797002126dd4d276752,6a978028a892efba783a6f3be848c512,5,,"O produto realmente funciona, a cachorrada calou a boca geral...",2018-02-15 00:00:00,2018-02-15 22:32:35
2d8b83f5db81a54ef475d8d7aa78204b,1973095f2596945f9dcc773608d8cad2,5,,super recomendo ,2017-02-14 00:00:00,2017-02-14 22:53:55
7f4dfbcc9e538656a01b31728abfb68b,7a0eb0a897a19d67575a24798ba26fc5,4,,É de confiança pode comprar que os vendedores são top,2017-03-16 00:00:00,2017-03-16 11:18:21
71c6501d8022ef2eb00d43bba9c05f62,d274c6fec283184db0a84729351bf6cc,3,Samsung x MXT,"Comprei um controle remoto Samsung, e assim veio na nota, e recebi um da marca MXT. Como está funcionando vou ficar com ele. Espero que eu não tenha problemas.",2018-05-23 00:00:00,2018-05-25 20:52:51
2a5597c76a14e97280b061a2737d2b6d,d4807c19de2116d311ed3abe6ee42d8a,5,,"Entrega antes do prazo marcado!
Muito satisfeito.",2017-11-02 00:00:00,2017-11-04 23:27:05
eec5196aa1c31f158a23cce8ec674a1c,97f1dd40b5bea6a7e3cf78fd83a28cb1,5,super recomendo,,2018-08-31 00:00:00,2018-09-01 11:26:47
bc2e81c42cffc5d3481fb8be92a9b38c,0bc16cf0c58995bbc893af2e151534d0,5,,mt bom,2018-06-14 00:00:00,2018-06-20 19:50:44
bd28fa19d6d21090fa1fa1b72bf59ea5,837d0f47af4d0d6a1e3fc98603bd48ec,5,,,2018-02-28 00:00:00,2018-03-02 09:24:21
079520a538bb29d42a427bcdbdfa61f7,46c99067d2014deb825b963f5acc76da,5,,,2018-04-24 00:00:00,2018-04-24 17:14:55
33cdf25fd93c873588e0444fc0be41fa,2459150b1b6791d5e62fc0752dcf6b91,5,,,2017-07-22 00:00:00,2017-07-24 17:17:37
f289c25e9f09c952fac807679dff1419,f989d3ba2acbcf3d6168a67eef142f3e,1,Ruim,Não entregaram não tive reembolso ,2018-08-02 00:00:00,2018-08-02 09:25:43
a43e7e282ffc6b029ab3bb0ebf8faf38,8490980aaf59839a601c4184474b9220,3,,Recebi um produto diferente do que estava no site há entrei em contato espero que a troca seja rápida.,2017-11-04 00:00:00,2017-11-06 17:21:08
4aa134d0442be7af50140912163a759d,c0ad22fb83f1019e8abbdf1d38ffe6aa,4,,Ótimo produto ,2017-10-28 00:00:00,2017-10-28 23:24:16
e94a6cb45600f314dd0c5b47d49bc66e,6ede6615bc35ab422df675c8a25de420,1,O produto veio diferente ,O produto veio com o rótulo colado e não impresso igual o original.,2018-06-28 00:00:00,2018-07-01 10:50:54
9f0f180dc82fe034f2c8824bdaba508d,fbc12089bbd03e3a825625899c8c8f92,5,Produto bom,"No anúncio informa ser uma toalha de veludo, mas na real tem textura de uma toalha de banho de baixa qualidade, porém ela atende para a jogatina do poker; poderia ser melhor para o preço que é cobrado",2018-05-22 00:00:00,2018-05-22 19:54:59
a2bd2059f5ca614166f27fe9c7617df5,1dc15f1603f062d0d4b587b55dea3006,1,,não entregaram a mercadoria completa,2018-01-05 00:00:00,2018-01-09 15:16:49
6361f6deecd16dbcdeda44353fb7db10,990c6c497b9bf2f36f61e2e51eb007a6,5,,"Produto chegou mais de uma semana antes da data de previsão de entrega.
Obrigada! ",2017-05-11 00:00:00,2017-05-12 12:24:10
1c58012478db1b4e51983aafce63d5d4,60b4528b577937165a412ba177de3606,5,,Chegou antes do previsto.,2018-07-25 00:00:00,2018-07-25 19:18:20
56b56f7a77a128281677bc5966b1de36,fea5a631859ef3c5c4a7ee9ff36096a8,4,,,2017-11-05 00:00:00,2017-11-06 01:36:50
373c30fff42789f853ba4e74f6a11ff8,a430c3923f187d00e67e7fef037109d3,5,,Mochila de.ótima qualidade..infelizmente aquele antigo problema...pago o frete e mesmo assim tenho que buscar minhas encomendas no correios...gerando mais custos..,2018-01-08 00:00:00,2018-01-08 19:00:11
45581b2bcbe169266347ca54a0a71438,7321b3d6dabc180e041d57f60a5b838c,5,,,2017-08-02 00:00:00,2017-11-18 21:29:44
d86ddf415ebdf9224751293dc90a7936,0d6fee6350875c4d645f6490e7f3ee5b,5,,,2018-03-15 00:00:00,2018-03-18 15:35:17
995f6fb553e6a1f9c0230d4f1546bc96,2df5ebb637dfe6f39497c081655a0275,4,,Eu só acho que poderia levar menos tempo foram quase 20 dias para os produtos chegarem.,2018-02-24 00:00:00,2018-02-26 14:26:41
c64d5f179886d4447f32c2d5baac8537,9aab0bd41ca1b740b564ea50fd2440ed,5,,,2017-11-30 00:00:00,2017-12-06 20:00:46
809adaa6b576c9c90522e992bba42881,a4d5fcb131fab3ac106ae40ac7042833,5,,,2017-10-08 00:00:00,2017-10-08 20:15:22
6c82b0784375cef646a084444b46a302,e59dbfb7d81fd513f1ffa941fe849c57,5,,,2017-12-23 00:00:00,2018-01-04 10:04:16
3ff139f4da87ba9b3ccc354b0cea150d,688777dd259c99e7554f3901ff653a54,1,Produto Falso,"Tintas falsas, embalagens deslavadas... estou correndo atras do prejuízo!!",2018-07-11 00:00:00,2018-07-11 20:47:47
c204a642e10f5e14b3455059600aa8e4,04f6cdae6a85ade2864cd5fc811fb9ba,5,Ótimo,-,2018-05-16 00:00:00,2018-05-17 11:14:51
85b5a2e7111babaa32368f2baeb8277a,ea1857c97012fbeb3b4babd5892ebc7a,5,,"Recebi antes do prazo.
Muito bom o produto.",2017-06-10 00:00:00,2017-06-10 23:22:23
cbc036cc8c3edc20daf02f781a5f7a39,6f6785dde266434130a2aa8af06a52b7,5,Super Índico,10,2018-06-17 00:00:00,2018-06-18 12:04:19
64180c2c7916ed488bcb592f0f4b4921,c7e1e46af92704b1c2e1924de96e7479,2,Sem recomendação,Está faltando receber um produto: Pulseira Masculina de Couro Caveira Couro Legítimo + Pedra Preto 20 ,2018-05-23 00:00:00,2018-05-24 10:50:11
1801df42546f925e809e05ffb6fe12fc,ddc7e0a6253bc5f668507296a8d17c85,5,,Muito bonita. Estilo redondo muito decorativo.,2017-06-10 00:00:00,2017-06-11 00:27:48
67b93ddea9cff7769a44b88b2add09b8,01e7138289b75d9624b04dfe12379c1d,5,,Vendedor honesto podem confiar continuem assim,2018-02-21 00:00:00,2018-02-21 21:30:06
b46de840aa3e64946c61e20451703871,5fa643060454c5e14a75113a3800b787,5,Otimo,Perfeito entrega e o prazo.,2018-08-21 00:00:00,2018-08-23 17:41:33
d713868ddf0caa07c458c122914de67c,882c447d8edd3d32db6a03ff2fc74f8f,5,Ótimo!,"Além ver excelente qualidade, tudo ocorreu perfeitamente!",2018-05-17 00:00:00,2018-05-20 14:01:45
e1a78e4d2fd524e1fb3a1a5efba75e2a,8218c35b370a39df1a636efeee72a6b7,4,,,2018-03-03 00:00:00,2018-03-04 03:25:18
155c99f0703377354b54c263d54576db,8252e59e05b6732810b98460f67571a0,5,,,2018-05-11 00:00:00,2018-05-12 01:04:22
6b2b5bbeb5fd7dac241f6aec1b522a11,8890828f16facb8b8a9c48194daccb85,5,,,2017-07-08 00:00:00,2017-07-10 23:02:24
3f85a26bccdb16e93404977e4458f4f8,dcfe9b5776f30f14bdb7c5505d269c08,5,Gostei,Foi entregue rápido e gostei do produto!,2018-08-14 00:00:00,2018-08-14 22:45:33
59ac8d108c6cc9ce9511cdc824628bbe,cd472c4843f0157551fb2c99b21d3786,1,,,2018-04-11 00:00:00,2018-04-13 10:04:41
3927c91b496971f5f373877ca2861b1a,e2e9a4fe163a44a86fe306af8a9e2bcf,1,,"Paguei pelo frete como sempre e deixaram num correio muito mas muito longe da minha casa, não terem deixado em minha casa nem foi o problema, mas poderiam muito bem deixar em um correio mais proximo!",2018-02-17 00:00:00,2018-02-19 03:53:17
c79eed73ecc3e8905d22c2baaf49e047,38c08fbad68f49682733a8d83e997aa6,1,,"Recebi o relógio e adorei,mas ele veio com defeito.Ponteiro quebrado😡",2017-10-11 00:00:00,2017-10-12 06:48:24
3d6b2b2d8d339e517bfee304b99a9f01,b0b5cb8bc442bc5599f4bf65dfc67cf8,4,,,2017-04-13 00:00:00,2017-04-17 12:42:17
71a997c2d69f1387885eafe3dcdc4ab9,b7a9713d1c8b02fbefa580bd0edc2756,5,,Melhor loja para se comprar. Produtos em perfeitas condições e chega antes do prazo.,2018-05-19 00:00:00,2018-05-20 16:23:26
6eb6e9daacece449b0286c05215ee809,d2816e182d8750e410a4288b16a9ecd6,3,Cobrança Errada,O produto foi comprado em 6x no cartão e foi cobrado em apenas uma vez. ,2018-05-18 00:00:00,2018-05-20 22:44:06
3e7ea179d774845996f77ea3dd90e436,d3514b69ed01da5883fcaaabfe29453b,5,,,2018-02-25 00:00:00,2018-02-25 17:40:54
dd7261fbe7428a02f1cb1dadcfc065e3,69563539a33f6dbf50c8e280e4e8a88b,5,,,2017-06-20 00:00:00,2017-06-21 13:21:09
ba4830e47c062d40eb304e6075e29180,078012a290408a687e5802ac7ad6c0aa,5,,,2017-05-26 00:00:00,2017-06-02 14:20:03
a20332ca3e9807d11885ddb3bbd94c3b,7e09cc861487709e81e6c729d2635208,5,,,2017-12-23 00:00:00,2017-12-27 13:44:06
ec631e163f9b436499fd8fcda6ea3b03,93fba8d92f02aebd0882af7cb81bfcb8,5,,,2017-12-20 00:00:00,2017-12-21 02:47:14
a95b6d1908c4eee56f04fdee1c133122,db7a9e1d2cbac54cc7ead44f1ae8535c,3,,O volume e muito baixo,2018-02-21 00:00:00,2018-02-23 23:24:50
efe4db4a64964a561663b60196747b1a,1184c1bbcfb488132ee2bca2c07cd743,5,Top,Ótima qualidade ,2018-08-22 00:00:00,2018-08-23 12:37:10
79a4f071a4e4b4ddd560cbb94ba1b462,480eaa4ce1cc7cf344ad094e326f373c,5,,chegou dentro do prazo e bem embalado,2018-03-24 00:00:00,2018-03-25 02:40:01
831d8edbcb59808cf68cbbf2dacea6ab,36b99cb18912a8b79b8b49685d71503a,3,,,2018-05-22 00:00:00,2018-05-22 22:26:09
3137d3cac215132bc4816044bac3ee23,b9b3a57801f2cb36617b727e256b4089,5,,"Produto muito bom chegou antés do prazo
",2017-02-16 00:00:00,2017-02-17 09:05:41
86aa61eac5ce4f9ed69447a4dfaf9f10,28037715728a348c84215e5db015de7e,5,,,2017-10-10 00:00:00,2017-10-11 10:46:07
eed0b2ef7c9ec41088331b6ea20f7a28,86cd00e7c37e87a8a2204f3e3266e85b,5,,,2018-04-07 00:00:00,2018-04-08 11:29:16
598c90923dc623eb685f9fdc548e29ec,2bc1eac46ee8d6fad3f7369668f1bdf0,3,,A mercadoria foi roubada nos correios. Estou aguardando reposição. ,2018-08-23 00:00:00,2018-08-23 15:05:46
d8732caa7beebda551d1c12dfaff687c,a823e340670fb72aaeea0c7aa697212a,5,,,2017-11-05 00:00:00,2017-11-05 02:38:01
573be74b08af8c55393534eeac1b4341,229d2824e311bf2592b6b7ce32af04a8,5,,,2018-05-11 00:00:00,2018-05-12 00:11:08
ce20f87c609d9c042e3752759afb5c16,b1526a2bd67c99a417bbd10df7904bb0,5,,Recebi o produto dentro do prazo em otimas condições produto de ótima qualidade ,2018-04-12 00:00:00,2018-04-13 00:07:50
4503b46c0d76b396b43d131bb515f726,c37cb17f3802e061e745a83732cb1503,5,super recomendo,produto muito útil,2018-05-09 00:00:00,2018-05-10 09:29:32
37c4adf1d68fe425f2d9476d800b8ff0,f8d1bd3e890e8a6792efb7acfc9a4853,4,,,2018-07-13 00:00:00,2018-07-13 21:41:22
18f7753cc18c4c77f19e0af4fc3081c0,094dbecbb0ab054a620f21c04e82df03,1,,Não recebi o produto,2017-10-29 00:00:00,2017-10-31 16:46:28
f76daa93dd80d170731001b394da6a85,f7a282c5fe8addefb48793a1a8c2ea83,4,,"Entregaram o pedido em duas etapas, ou seja, deu a impressão que veio incompleto no primeiro momento, falando do produto é de excelente qualidade, fiquei satisfeito.",2017-07-26 00:00:00,2017-07-26 23:50:01
014814de24b3fa4f75ce23fd434b6461,43b29d0de4927fa24f56341687c9e06e,4,,Entrega dentro do prazo. ,2017-05-16 00:00:00,2017-05-19 01:16:13
360f66e64afcaa007aa1bbe31a307195,fb114a7255e9d0f59416a80b564638d4,5,,"Ótimo produto, entregaram antes do prazo. Recomendo.",2017-05-19 00:00:00,2017-05-20 14:40:46
e9d95aa28b7065d29955d9ddeed961aa,a45087c16cf11897252052baabb332c0,5,,,2017-09-12 00:00:00,2017-09-13 11:00:23
cdb88d66710b4e48217bb972f56a5695,078f6e79012194cd9eb77b10f6753d77,5,,,2018-08-10 00:00:00,2018-08-11 19:20:36
523bb7730c8bc3c9f0aa26ee8a4a871b,8866ae65c875985acc6fd5772fa8e4a9,5,,"Gostei muito de ter comprado com vcs, não me causou nenhum tipo de problemas.",2017-12-13 00:00:00,2017-12-14 18:05:20
cfd5b0b5d059b75348a07307819275cc,360ea8da05d9705bd651981c6cfc9a22,5,,,2017-12-01 00:00:00,2017-12-02 17:02:43
1e27395df5a529dbb3ed267e849f5af4,362cd36939c1c4638bad780d01b3fd68,5,,,2018-07-03 00:00:00,2018-07-04 02:39:52
84d2532d87a40b5ec0de55c7f8d783f7,47e8f8fc6c6d0bdeb784394a599459a3,3,,,2017-06-10 00:00:00,2017-06-10 23:30:55
6fa94f43d6e889a6e0930c7cb6f54c28,67b777d7aeb1fefbc4e88626f76955dd,5,,,2017-08-22 00:00:00,2017-08-22 20:21:23
4d9b28142490b51c4ad6cb9e260f1604,a1b804216bd2104b89826d9c884a06aa,5,,,2017-12-20 00:00:00,2017-12-22 23:29:04
ad3702a8c0d152e32a455eea257dff97,ff3753fe031ab5314a80e05249ecc275,5,,,2017-05-16 00:00:00,2017-05-17 11:28:36
4cce9dcda9a1d82e455c773d152a195f,e9bc7c86be84f95e01a59c247ddf6208,5,,,2018-06-22 00:00:00,2018-06-22 22:49:23
2d1dcd393c620a989e1f05454cabcd68,317c2c773295f70b67e5511ccd55f81c,3,,,2017-08-10 00:00:00,2017-08-10 19:43:26
bc009efb69f9f9262ef5bc3fa19b7799,8b9842ff7795d2b3af1e7221299fe6f8,3,recomendo ,ótimo,2018-05-05 00:00:00,2018-05-07 13:08:24
a3c2e1c4b4888111614928742cb70263,6dcb51857ca646a4809ea67184d43e46,5,,,2018-04-12 00:00:00,2018-04-12 23:34:33
24e9d0479424c21f1f6e57a48b3664fd,d52ec59371d4477349b3a26e9607dc2c,5,,,2018-05-11 00:00:00,2018-05-14 11:16:55
7d9b01bd9b552658945a37f30f0822ce,ac28921ef185c0a4f81b4fbbdf4d645e,4,,,2017-12-06 00:00:00,2017-12-12 17:01:09
0e5f81f0cdee69fe28aeac6379bfba8d,69d7a6c47dc11a476f79514694809c60,4,,,2017-03-31 00:00:00,2017-05-12 23:44:22
302343bcb3aabee22918a9875eaf0a18,97e91e3d9575f0a13e6c2f6a8c0bfd7b,4,,,2018-01-13 00:00:00,2018-01-13 20:29:56
2acdb4c18e05c0fb1eb4a1e18a01cdd8,8d7e1e66103b85e9ab12cb65dafdf0e3,2,,COMPREI A TAMPA PARA O COOKTOP CONSUL E EM NENHUM MOMENTO DIZIA QUE NÃO TINHA O PRODUTO. NO DEPOIS A PRIMEIRA PARCELA PAGA É QUE FIQUEI SABENDO DA NOVIDADE.,2017-05-06 00:00:00,2017-05-11 02:13:55
302763ba1fe9ef648aa8944669625f5a,719bb3a1ecca0dc38551f11cd181cca6,5,,,2018-01-26 00:00:00,2018-02-20 00:37:56
f43ae7961d461a53c64e7f4e59ed480a,853927b32b0ebc007ece729a314338cd,5,,Satisfeita! Tudo conforme o esperado.,2018-02-22 00:00:00,2018-02-22 19:56:28
9bbbffe1cda5b416da32c2ccc609a669,ad6dfba4eac734dc19375323e0bd3abc,3,,,2017-05-09 00:00:00,2017-05-10 08:43:52
c622d68408a501ef203443ddbd92bc63,38934582b8eedc324fe26767c76fb63f,4,,,2018-07-27 00:00:00,2018-07-30 12:58:36
1911c8764d8b12701f247bbf4bbed8a7,18ad70ae2189f1e18a644ab94300c46f,5,,,2018-02-11 00:00:00,2018-02-14 18:36:38
409dd9867e7e03059d6217ba85204aaa,d55d5f2d92f548bd9928f3edef443395,4,Super rápido,Boa qualidade,2018-08-18 00:00:00,2018-08-20 11:02:41
722ee1510e3c4c0e80f9d7abe2bffa8d,e6e3ea418f0f343e88a3dc62eaf24699,5,,O produto atendeu todas as minhas expectativas! ,2018-03-17 00:00:00,2018-03-22 23:37:41
264d27a6347e2139639c1638ccf50035,aa0bc25a48a3d53cc009df13ed116b23,4,,,2018-03-30 00:00:00,2018-03-30 22:02:02
3a08fb17dfa2db6ca96dbd7e76117a6b,5b5ca75222f3aeb5ae3b27547d4d8792,5,,muito bom..,2017-03-28 00:00:00,2017-03-29 10:09:52
4a9210c48ce90e869db6fcb5248a2952,4f7a513a13ed6efd9b603b1590b9ae1d,5,super recomendo,,2018-07-27 00:00:00,2018-07-28 13:35:12
6340b67bf631bce0ea39fe76c2c810be,c8035c255b0c345f46e7ed85cbaf1a79,5,,,2018-08-17 00:00:00,2018-08-18 11:53:43
517f1a5d2ca40d00cabd9b9534006d7c,74c142641fc482d8aeb7e31805a9aa2b,5,,,2018-07-22 00:00:00,2018-07-24 17:45:18
e551999cc91eda7dcb2b50e29947b04c,c9af5ac1e116ade464741593ef70e986,5,Ótima,Ótima ,2018-06-19 00:00:00,2018-06-21 00:26:33
96311cd3e99b9cb0f4733eaf3401ec13,3ef3c976c86d9ea7e4758728a87732f0,3,,,2017-03-31 00:00:00,2017-04-02 21:07:47
aadfe5933df006b51ffd3e86044ebbbf,6b751a27edaaa33537b2e893d7fd18ce,5,,,2018-02-21 00:00:00,2018-02-21 21:57:56
fe2b23ad0ceab842bfd6243e89401290,b574f97b093ad4bc022f420344327e12,1,,"não estou entendendo porque meu pedido ainda não chegou, sempre comprei pela internet e isso nunca aconteceu ",2018-03-25 00:00:00,2018-03-25 12:32:33
d2685d708ee3a49340a50dd2184deadc,1c4b283e95602be28c975207016558f1,2,,PRODUTO NAO ESTA CORRETO,2018-08-08 00:00:00,2018-08-09 11:35:22
82692de22b794e495a8c4224201f3776,fd98db0c60caa964759465417876e390,4,,,2018-07-03 00:00:00,2018-07-03 15:12:14
c373f24c47cfa56cc6c1621b1eb266d8,4fd47db0e1bb9f59384ff16f8d533f80,3,,,2018-04-12 00:00:00,2018-04-13 12:49:42
4b97554ca40a7f9c5151800110cedf09,cfcef16acd7d85fcc9bc9bae5166f845,4,,,2018-02-03 00:00:00,2018-02-05 00:26:14
29f61e62df3743b3386ade3b772bbd97,edc9fcd5f5ab3aa69901aa991026ee0c,5,,,2017-06-15 00:00:00,2017-06-17 23:26:22
0b4e781eb80776c8327618e765681c3f,6248b0a9b547366913fb67922a7a2b77,4,,,2017-02-07 00:00:00,2017-02-07 20:38:34
b91445282466b6ca4470cc8c329bdba8,6a4b06a2b62d1f2c69cf1f7a4eae074a,5,,,2018-04-19 00:00:00,2018-04-19 21:56:31
d7f746483bf90eed743a08ae4230916e,a61bafa3b59313a79ecd7be1ca2a2477,5,,,2018-04-06 00:00:00,2018-04-06 20:30:58
fb8a2b6c740c5a722c6539b13a6825e9,6699d7eb202a80ad0dd024134fe5ed60,5,,,2018-01-25 00:00:00,2018-01-26 02:56:15
03258b14c2ecc44b247909babca3f102,d244f2083d5bb47133c5b240a8f6013d,3,,,2017-06-21 00:00:00,2017-06-24 00:33:45
d5342560231bfee82a5e0e83a731c22e,8c81595257edb72a9b20d995eaae0319,5,,,2017-06-14 00:00:00,2017-06-17 22:59:59
65ed9f6e90d11c833a04d9961e951e54,8bbc0e9b5ac010d6a9b8d76570cd20c4,4,,,2018-03-07 00:00:00,2018-03-20 20:06:04
20e5848d320dce689d0eb11fcb0ef341,7c363fbfb4e41c26246ea6097cd275bf,5,,,2018-05-31 00:00:00,2018-05-31 14:31:59
1fa91563e11a3d1a10e7bbb68399d365,01235dc626dcf13283207ba7f36a959a,5,,,2018-08-07 00:00:00,2018-08-07 18:19:23
29e3a5e9d8a4fb17fc4d582e1890b101,378e4ea286514bf3ca1356670c708ac2,5,,,2018-07-11 00:00:00,2018-07-11 23:54:58
61e41976b2efe4d2d06e39957ee85412,51879b7474407f56048b6c36cc3e263c,5,,,2018-08-10 00:00:00,2018-08-10 06:22:30
3fc36c49d9f29fd130b9c82b20e6db8d,bdce854b86e3fe8851225cb4d17f0776,5,Nota 1000 ,Entrega super rápida adoreiiii ,2018-05-09 00:00:00,2018-05-10 10:34:27
380708690a16bc8157cd3663af6e1736,9e86f2750fb63739aa63c24a716815ab,5,,Ótima loja para se comprar,2017-11-16 00:00:00,2017-11-16 22:49:57
c3abb439a872a59c015ae43cf572908d,f48a1909651bdf6645b2cc6fa8e8ea1d,1,,,2018-03-28 00:00:00,2018-03-28 19:08:54
bb70ad97e9ed193d7fa82d14d66c87c0,4b7bf1f7eb492ad33680ba2cb4c4ba56,2,,"boa tarde só me foi entregue um relógio falta o de perola que não entregaram, gostaria de saber quando vão entregar o outro.",2017-09-09 00:00:00,2017-09-14 17:55:56
ba60f590f69dc8f2569aae20544dfa85,699b7692e65138e6874b4c6f42202974,5,,"Produto de qualidade e fidelidade, além de rápida entrega. Recomendo. ",2018-03-22 00:00:00,2018-03-23 00:58:03
2b1d7881e28aba7647944ef20f2be6e0,7b1c9d44d6e6a5fa56cc9d084f9e1698,4,,"Produto chegou, adorei, porém a entrega poderia ser mais célere. Quando estava comprando, dizia um prazo na tradicional, quando encerrei a compra, o prazo se estendeu.",2017-10-12 00:00:00,2017-10-12 15:53:31
84648d76bfedb6d21355d0567b2d19a6,1f18d6138f5af59adb5a379ea575d555,4,,,2018-06-13 00:00:00,2018-06-13 20:25:32
aa933c5f3018a5aff87d5807616da0ec,6cc8ee95fa041110dc49df7e0a2e85b1,3,,Produto muito frágil ,2017-08-29 00:00:00,2017-08-30 00:55:49
3bf314ee0150ba633115f8cb2adb09c2,ea9a48e8b350731ae78378381394a086,1,,Não comprarei mais mesa loja.,2018-03-17 00:00:00,2018-03-18 01:43:57
58f9d5ec18e668bee42663e9e800b86f,7f922477f06db4ab69f6f173f439088e,4,Muito bom!!,"Entrega rápida, produto de boa qualidade.",2018-06-16 00:00:00,2018-06-20 02:34:59
81c28f5c07a9eebd91c35a21306fbcfe,ccacf38d836bb451f51a555780ea425c,5,,,2018-02-03 00:00:00,2018-02-06 15:55:09
fbfabef73347ce5a5dad0642bea00558,dab991912deff0b6f34c2ac665fd566f,5,,,2017-07-06 00:00:00,2017-07-06 22:19:25
2d429ce01053c817a12c0c4429931166,0965b209e76b9ac20f7dc673c735ade3,3,,,2018-03-08 00:00:00,2018-03-09 01:08:39
9912b4aced1e39fb06471abd3a729f6d,09324a6d203673f8d0b62bd726f25a87,5,,Linda foi o tamanho que eu desejei...,2018-01-04 00:00:00,2018-01-04 23:34:09
587c24daa3ed645b3da6379069834741,29985fe387407ff7f6904b294fb89028,3,,,2017-03-04 00:00:00,2017-03-05 19:45:44
75b61b66c319d40ee664922d5b023dc7,5e434db83bb70a40ee87ceafd1164700,5,,,2018-06-13 00:00:00,2018-06-14 11:12:24
b556d50a332264879cd04f5a267efc48,00b47ee856118583dbec7d1f9b18d847,4,,,2018-04-10 00:00:00,2018-04-11 15:53:20
571c7393be84ebb3ee54a4428e4e571a,dfa1e5a290276c05629e2d4180ce6aff,5,,Entrega rápida. Muito bom,2017-03-18 00:00:00,2017-03-20 13:11:45
b51731f02e742a7706c7ff6f0ab99fa0,24bfe29693d0dbabd5e08b3b3bf1064c,4,,,2017-05-30 00:00:00,2017-05-31 00:59:42
a4f7d83889d00e7642c347994d80dbed,18f3d3d3d8f47205c56d03799039c61a,5,,,2018-02-16 00:00:00,2018-02-17 00:28:56
f87434f2508ba62cd51319033ccd8c70,8092da256aefda13b330290d2ca86521,5,Entrega ok,Entregue bem antes da data!! ,2018-08-30 00:00:00,2018-08-30 16:54:57
491c4c344e480ee66381f8af0bdeacff,692fd4925e0a7e3c946566b4626f0f75,5,,,2018-06-19 00:00:00,2018-06-19 23:25:52
45a86b05719c7c375b497c83a9837741,7e50d85d90ed82feaf9011470ce9e36e,1,Produto com defeito ,"Recebi o produto com defeito, com marcas de uso e o carregamento precisou de mais de 2 horas para atingir 40% de carga ",2018-06-23 00:00:00,2018-06-23 23:33:44
051bf0391c661ce3c04d96f9a56dc04f,51f15a10614267de8d770ec0ec09febd,5,,,2017-09-22 00:00:00,2017-09-25 12:55:58
e6d997a9eefec8b38ace473c14e35c11,e5cba854ed90614d4334d4c5fa4fcbcf,5,,"entrega rapida, antes do prazo",2017-08-24 00:00:00,2017-08-25 19:02:26
456c0262972154db887e3414cf2a79ba,7a255b67322e2c359d3ed389b9f4695c,4,,,2018-05-26 00:00:00,2018-05-29 16:50:42
ab41d5c85e463b4b6680c64d14bdb48b,e592e00712df4f05bd73ad01993c0251,5,,,2018-05-08 00:00:00,2018-05-11 19:32:19
fec12ed5ca0ae429dc59ab2ed442347f,ed8a6e0832d4fbbd240110423cd1b707,5,,,2017-12-15 00:00:00,2017-12-27 01:11:59
148ada3b61456c2bcb1161f70d349a5b,1cf471f71a04b68d1cda071b51d7e391,5,,,2018-08-01 00:00:00,2018-08-03 21:15:01
af52387d887ec644f7caf4302308638a,6ee745e53a6ca0336b04b022ac01ac73,4,,Cortina bem simples.,2017-10-12 00:00:00,2017-10-15 01:32:30
a6ec8a4aa4c492d71508fd22f726a784,c82430e4a84f03b67cc2a82fecd873f0,4,,,2017-11-22 00:00:00,2017-11-28 16:32:28
8a3c5e89aafa0c3489d6715b75535aa3,aacae4c4d40057cea2f361c684f21c59,4,,,2018-01-09 00:00:00,2018-01-12 14:37:43
cc6af48c753f077232a8126d06a5f679,afd1ca4a245a9a04d0f8d5dc1ccb7ed3,5,,,2018-04-24 00:00:00,2018-04-25 22:43:25
a0d00f05ef7bb48ac2447aaa7d7a5a43,23858bdc4cab9cf5b5de163b1f12ea71,2,,O produto ainda não chegou!,2017-02-24 00:00:00,2017-02-27 15:10:32
bb967c8f6d0190722a2293375fbc5cac,5cb1ebf7fc3436167b8c37a78ceed6a1,4,,"O produto foi entregue no prazo estipulado no ato da compra, porém, eu acho que 20 dias é muito tempo para a distancia entre o RIO DE JANEIRO e São José dos Campos",2018-02-08 00:00:00,2018-02-12 16:10:12
00b90674df5acad6d8881e411b95b37f,a67f04f0a3022835f86664a0070fe36e,5,,,2017-07-27 00:00:00,2017-07-31 16:57:48
9300113ec58eba429a53e6a0f6ad552f,b8e17df0f313ac216d29c0683a83b992,2,,produto muito frágil. Não vale o valor pago.,2017-12-27 00:00:00,2017-12-28 18:12:02
550878ee097315d0a294566beeae5bc2,fdab24bf4e3d761c7072e39c69308da3,4,,Já comprei vários itens no site é sempre chegam antes do prazo e sem defeito ,2017-05-17 00:00:00,2017-05-18 01:16:11
b7153884528afb440677f8cd203dd9dd,81672c21ff06fb612df0660ff7d9ae06,5,,,2018-06-14 00:00:00,2018-06-17 00:26:29
4a87bcda031a59d3309affa727480cc0,bcaa7f7240deb32b0410ee6cc085d9b4,4,,,2018-08-15 00:00:00,2018-08-16 10:20:27
458bb5b72705aa589cd5cb3aa43b0dca,8cf61a0f8eed49e1728caab2510e796d,5,,,2017-10-21 00:00:00,2017-10-21 20:53:02
1dbe272d8884775c73d0d164bd1ff844,6a0a8bfbbe700284feb0845d95e0867f,1,,,2017-12-13 00:00:00,2017-12-19 22:50:36
e6ac16e46670515369ec6cce613ca3f4,d7ebfa9a59497087b6f2383f00689fcf,5,,,2017-11-15 00:00:00,2017-11-16 13:39:02
1d6451c16e2dc8f9d296c9b972951733,809366b3993149432934a82e6e5b71d9,3,,Só que o produto veio com um nome o qual não estava ciente.,2018-02-08 00:00:00,2018-02-09 00:56:51
ffada8164196a957f3f045a64795cc2c,a664490883c0131d7eca5cfbe6794aa0,5,,,2017-03-22 00:00:00,2017-03-23 11:25:34
d010ca0990cbdae4ae77277ec6da8779,37b9ae736e1038316332953137270003,4,,,2018-02-06 00:00:00,2018-02-06 14:11:12
9b7f186bdb84e90acc8ac7af8a67016c,17421d31a07ce8e9c61fe6b1adecfdaf,2,,produto chegou no prazo porem veio quebrado,2017-08-05 00:00:00,2017-08-07 12:26:40
2eea5aa136d10c1258a6ac304cc235e8,7430885c75f59ac3b7526e69a5a21e98,5,,Produto atendeu minha expectativa é chegou bem rápido.,2018-02-28 00:00:00,2018-03-03 10:46:02
e060e112a9ccab86b841207449587e2c,71400888e53ed1698734799716d213f8,5,,entrega ate antes do prazo muito bom,2017-09-20 00:00:00,2017-09-21 23:53:27
d60d0d61516eb8d723c91c340a1a5a4f,558266bfba11bf9a23f7634ee0657f43,4,,,2018-08-17 00:00:00,2018-08-18 01:15:18
c2d4c743f59da4387c683f290290395f,2d3dbe1773426d039d73770335867829,4,,bom,2017-09-26 00:00:00,2017-09-28 18:25:18
0b06fd97dc4597335da253f8817d65ae,9b63264625032f8a1814eca453114f33,5,,Agradeço foi bem recebido e rápido parabéns adorei o produto é muito boa gostei. ,2017-05-27 00:00:00,2017-05-29 15:55:50
267800acab32d0237fe6e896ff6fbd15,9d578363f05f0a4f13c35ca532f88192,1,,,2018-03-18 00:00:00,2018-03-19 10:20:40
718b968d6be4cab5fed4b383891627e5,6813f213a0d422a84a0e231bffc5fda8,3,,,2017-12-05 00:00:00,2017-12-05 20:16:44
8eba4f40fde16edb160237f9d68a4176,4cddfa3db1f20697139ba4a46c4fd399,4,,,2017-08-18 00:00:00,2017-08-20 19:24:55
9bda37a2ab6d11edfaeedf0de9409ab8,a4cadd13645cb16e2e4252ee2e39dd80,5,,,2018-01-30 00:00:00,2018-01-31 20:40:30
e1c31b6aa2c3dc1408525ccadad9f4a3,7be91eab3dac2edd89fc7f519e1649f5,5,,,2018-06-30 00:00:00,2018-07-24 18:37:41
a26b3349b3f062aa89fe6e0aa8f51f7a,9b53b66ca7d27b4c0ccf5ba89af00bd0,5,,"Bom preço, e boa qualidade. Testado pelo Inmetro.",2017-06-30 00:00:00,2017-07-02 04:04:57
a9a73dea9ae5b141f52d829436b0734c,3ab7017ae596ec8fae78b7232580a0a8,4,,,2018-01-12 00:00:00,2018-01-14 20:00:07
c0890980df6af6af4f6864c08fba5406,bef797897a2dddfbb08f9dff9c5ef7b7,5,Perfeita,Otimo trabalho super recomendo ,2018-07-25 00:00:00,2018-07-25 21:42:33
822f239dac4cfd170caed88728ae4f51,c8d07bf0161cd0a2aacc163c238f397e,5,,Produto entregue entes do prazo.,2017-07-14 00:00:00,2017-07-16 23:28:41
9151da25b0cd5cbbf52ac43070e7f3f0,8effe67a72c715f926a6dc1a616a5ea9,5,,,2017-03-10 00:00:00,2017-03-13 03:52:32
b4771479484ff644bd9eac021f7e0ef9,722e56aaea810aa3e171228dd28f37f4,4,,,2018-04-24 00:00:00,2018-05-02 21:34:59
9a93eaf9096a3c50bba848e77b786743,6c04516be61ae90e04756c3290c405b7,5,,,2017-09-29 00:00:00,2017-09-29 21:11:45
10766d2696d4d0ef0da4ca69143254c3,a1cadef58ea9a00d7e27089a29644883,5,,"Muito bom, está ajudando muito meu filho...Recomendo ",2018-03-29 00:00:00,2018-04-01 11:30:12
96db473206816e419244532b88ec4211,829f7b42460d760ab4f2c03faf6534ee,5,,,2018-01-23 00:00:00,2018-01-23 21:48:47
3355473a012231abb01befd29a5286d4,5a85ba245a3a3bcb21334e761e0ef1a2,5,,,2017-09-20 00:00:00,2017-09-20 22:21:47
1be9014dfccac211bcf4fb694d1c6e72,43c20095b0f5f569fe0d24426cf8a7d2,5,,,2018-07-22 00:00:00,2018-07-24 19:06:57
03e54ce39732919a1a77ca1b74aa94ca,4f07b37dd214946af6cb26405ca91727,5,,,2018-03-29 00:00:00,2018-03-31 00:36:38
d8dd4c9e516383836b7ab117b89dd266,0f286dcb49da58061b9ae488027e4033,5,,chegou em perfeito estado.,2018-01-30 00:00:00,2018-01-31 12:01:39
b4b11d5e7cd7f84031aaca51b7eae7c4,c9cb31bb489f9ed567f42b13d15d8d28,5,,,2017-06-01 00:00:00,2017-06-02 04:21:04
0a695a98ff4317ff54595cbd552896b9,ed2e531820c09c6a5dd68fe295484148,5,,Entrega rápida. Tudo certo.,2017-11-30 00:00:00,2017-11-30 21:34:13
ddca3523ec355569960c6219cc22a28c,24df3585323f6a191abb565d1706daf2,4,,,2018-08-29 00:00:00,2018-08-31 12:10:36
71da3833adeff48b17bc979fe9cc4f6d,296487514bc938361dae8cac848688ac,5,,,2017-05-04 00:00:00,2017-05-05 14:21:35
c1b328a15bdeac75f77c6d113800b078,fd26a8e314b26ecd3011f9d6ec17e7c2,4,,,2018-08-17 00:00:00,2018-08-18 05:29:55
64d342f8c5f00d2bfa25626afb1a0939,b7c3462b308e3d9d375ba7d120ee0893,4,,"Produto entregue em boas condições, numa embalagem bem segura, no prazo informado. ",2017-04-21 00:00:00,2017-04-24 14:13:33
3e61eeb57f9e43e0d9174bc39a2ffdf0,f01cedbfe57601b0145a8331f8289138,4,,"gostei muito,melhor do que eu imaginavam.",2018-02-20 00:00:00,2018-02-23 01:38:28
a4c6296d07ac95caffb947e114f5a115,ef29d8249c4f5670c259bda87461e3e4,4,,,2017-09-23 00:00:00,2017-09-25 11:00:54
24a99d709054e765ba07fa20e4750d86,78cdcb172d0131f82c621d36e496db8d,5,,,2018-08-12 00:00:00,2018-08-14 02:30:32
fec579f649a667985660527df00355d5,38b0b2a81ea0f8c9feec0554fc6cc3c7,5,,,2017-11-23 00:00:00,2017-12-11 19:32:18
c26f6976875eddf50e72f7700c989b20,5911ba3eb3648e7f6f55ebbed69f5daa,3,,Nao poderei avaliar a empresa como recomendada ou nao pois ainda nao recebi o produto,2018-02-17 00:00:00,2018-02-19 03:59:43
276bdab790a7dd1a0a938e154de1b420,17ba08ab21ccbb0c886139aa8557ca7a,1,,"Foram pedidos 2(dois) suportes para duas TVs e somente veio 1(um).
Aguardo o segundo suporte.
",2018-04-05 00:00:00,2018-04-05 23:19:03
6ad072dd712dc5badc8388ba5c04e968,0fb3b7bbfc3693b115aa62a83fad2714,1,,???,2018-04-05 00:00:00,2018-04-05 11:51:38
6ff310dff9f8c461e0fafe2b92023daf,9c990d5aff064d220ea8962a5d97f4a9,5,,,2017-04-02 00:00:00,2017-04-06 14:18:39
90f59eb6eb7d8b124f75ca12854be2f8,5df16667b4591b93ff7b1930d8b7da36,1,,"O produto veio sem os suportes laterais, já enviei 3 emails e não recebi nenhum posicionamento até o momento, muito insatisfeito, falta de organização!",2017-07-09 00:00:00,2017-07-12 01:51:28
e25c81aa0eee460b1d12501c7b928c09,babc844d408abfa49b0c875fcc3738d4,5,Tudo certo!,,2018-08-28 00:00:00,2018-08-29 10:32:28
0591f23c80d0bf2759481fd2cd9bc67d,a526fe23020ad8b0d2b1081b7f769452,5,Maravilhoso ??,"Eu amei o produto e comprometimento com a data da entrega,chegou bem antes.
Parabéns",2018-06-29 00:00:00,2018-06-29 16:34:52
8ba6a4b4b24d6172b8ad097ebab1f292,249ec92a8757d3abe81210827a19f08f,1,Ausência de informação ,"Ausência de informação sobre o produto induz à compra incorreta. Com a ausência de informação sobre tamanho da camiseta induz a pensar que seja tamanho único. O produto recebido no entanto, era P.",2018-06-20 00:00:00,2018-06-21 15:55:33
8d77652bd17f07720f109d1eea6bf503,291db83cebe0c7179310b62e0a7e2714,1,produto não chegou,ainda não recebi a encomenda até agora!,2018-06-01 00:00:00,2018-06-04 19:37:12
ef7275d190293455b245e0322b0558a2,a5849d6f70582d4c5217bac6616a45fa,5,Muito bom ,,2018-08-21 00:00:00,2018-08-22 01:12:20
2edac6b60460b3b4989c72bd009e8fb7,6ad40910813e5836d9698b103b222e65,3,7,Não gostei porque tive que busca no correio nem entregaram na minha residência ,2018-08-02 00:00:00,2018-08-02 14:38:23
7ef1d2db3222e90b1636c68b63152eb9,87de7ee4012989d6126fe09989746eaf,5,,,2018-05-11 00:00:00,2018-05-15 13:16:54
4409e8826277900f6ad6dc7b33422f65,d0f2eab6dd80aa594023f8ed3bd024be,3,,,2018-08-29 00:00:00,2018-09-01 03:13:09
5f8884f89aa21b0c12a0ce6c48ec7bd1,76279ee78a4924f44a3a83ef23b169b8,1,,"consta do histórico de rastreamento da entrega que eu recusei receber o produto.
Como assim ??!!
ABSURDO !!! O PRODUTO NÃO CHEGOU !!!",2017-03-19 00:00:00,2017-03-19 11:32:46
4c3e73782790b5fd56cf8ac043fe027c,32f7f9fd01c6b5592202b48442caa441,4,,Gostei muito do produto e chegou antes do prazo.,2017-08-23 00:00:00,2017-08-23 21:51:48
1fa371e55760b49616648d7a22f2578b,454b6ccf9f8f2c12b3a00ee763e027b9,5,,,2018-08-25 00:00:00,2018-08-26 01:57:04
3352077e013ce9ee9b68fad14c9539c5,6d885151b431516792fbfc7d393c90cd,4,,Só problema é que não avisa que é preciso ter um cartucho ,2018-02-08 00:00:00,2018-02-09 09:45:00
823ef5fa0b9daa8d48dfeb833cae1d59,7093b7177380b099eb92c2ab46c6f10e,5,,,2017-04-28 00:00:00,2017-05-02 17:38:08
8fad593448b6b49d56d78f345995a62f,c02e19b57ca332a2dd2e61ff8b2f07ca,5,,,2018-06-26 00:00:00,2018-06-26 23:23:31
d639ed96841449e74764868c29f47b49,8c5c95d76d1bd802cde533288848d786,4,,,2018-01-30 00:00:00,2018-01-31 03:11:13
949cc0583cfcc420850304c66c32b8bb,1dd524259037e53865e1fbee3697183b,3,,"Faltou o kit do teflon que foi cobrado $10,00 a mais.",2017-06-24 00:00:00,2017-06-27 10:42:16
b283b8e6a1508056c5f5fe2ef53e00bb,707b67c6036569d9eba912e2c8609ee4,5,,,2017-04-06 00:00:00,2017-04-06 21:36:43
3e707ac204f900b061516dfe6d4342ec,e5e7f892785fbe21a339bcd77efdae86,5,,Ótimo produto é boa qualidade.... indico para todos comprar hein,2017-12-08 00:00:00,2017-12-09 00:57:04
d99de504fa4d83630c4489d197595d4e,dc15d43ae100ecc5bac78d9e974af643,5,,,2018-08-28 00:00:00,2018-08-30 20:48:23
663acab499be182e3ec3213b6bdf34e9,70b9629a764d2247cf5995014b7204d2,1,,,2017-11-02 00:00:00,2017-11-03 14:21:10
194e10a71dc479e70b2086e8224af9eb,4d4c65feca16bc9de359cb5d4feef10d,5,Ótimo!,,2018-07-26 00:00:00,2018-07-26 23:21:18
01aefd77475920a5d9689bba5c28f6e3,a50f9f0c6dc14bdf95d5621a5bd6b80b,1,,,2018-03-11 00:00:00,2018-03-11 18:21:59
4dc19c580a08521cc0ffc2a637a60e7d,cf785a05b67a9d6bc87e8cb56ec94e77,1,,Não chegou estou esperando ,2017-12-01 00:00:00,2017-12-01 09:04:49
7e1a9652eefe955b0b35c7f5bbd7a556,c41d48eaf09ea5de1864866821efe3c1,5,Muito bom ,Gostei muito da entrega rápida ,2018-06-21 00:00:00,2018-06-23 03:55:59
9a4c7bf923f4eb37dde6a885aec2ad84,af9590febcbcb2c619ddf09330abc567,3,,,2017-11-26 00:00:00,2017-11-26 18:17:40
18d6a848c01307821329a7bd66eb2517,b19729f4717938d651f26d5f33dffd72,5,,,2017-11-30 00:00:00,2017-12-03 15:47:26
31a66eb31a6af97944b404782dda88b8,5ab5ab13fd02495f204ffe2724aecf49,4,,,2017-07-29 00:00:00,2017-07-29 16:14:52
b82479c0f3457851b774fe67a95ab137,c05f8f8d85ec06af1b5de0baa7050f4e,5,,,2018-08-16 00:00:00,2018-08-20 17:15:45
ba094fda1fa4427a329c2a39adddaad0,f11d659584813daadb19252b9659a670,5,,,2018-03-22 00:00:00,2018-03-23 14:12:21
5f0baf50483e2ae8a66be589773d9f7d,0a6e242b5cf18e140304453da637866b,5,,,2017-12-28 00:00:00,2017-12-30 17:11:07
a1dae4732d7c20a3378411f23b9dbf6e,088858a852d62de0c175c9cc4bc0ddb6,3,,Entrega muito eficiente ,2018-05-18 00:00:00,2018-05-21 01:30:19
e0019ab7c4d0ce1a22aaf3688d5bb61f,f2228e3e55ff956909ad7750f08516fd,5,,,2018-04-12 00:00:00,2018-04-13 11:09:23
d0367a08081279f82deffd5458b2239d,ee9881886ccdd7fb25bf631d38c0fc35,5,,,2018-08-26 00:00:00,2018-08-27 22:11:00
435babfffdbb66968db2d3b363c64598,8fabd912f4e4dd0372ada8ca6633a738,5,,,2018-07-27 00:00:00,2018-07-29 20:58:39
52336e203833e82b72d43579850c2c57,3341f48b8cd985f52c4cf432a582efe1,5,Muito bom !,,2018-05-06 00:00:00,2018-05-06 23:10:44
6ea9c8549545c1131ebe64fd85ba23f6,2982a4a9b9ff0bf9a4f5b88a45a6fa67,1,,Eu comprei o produto no cartão.A venda foi realizada e dias depois a loja cancelou o produto e estorno o pagamento ,2017-04-15 00:00:00,2017-04-15 12:38:46
54c2f9bdf579ce646f702acedb24e7d4,e0ff8fbdba29b1192269bb50ef72245e,5,,Produto conforme informado.,2018-02-16 00:00:00,2018-02-16 20:09:00
ab39601f0ab7449e0246fe666b94c87b,11a6156f787eb963fb211db50db44d99,1,Não recebi ,Ainda estou aguardando ,2018-06-06 00:00:00,2018-06-06 14:51:01
67b438389a7a3bcdf59ef2374d8423c3,a34f7357d374e2ef18edb18881327a0e,5,,,2017-12-24 00:00:00,2017-12-26 11:16:25
b001e81a0265dcc5c64cf011157c6fd5,06c07d5b2696b9631375e2877c955b3b,4,,,2017-11-14 00:00:00,2017-11-15 01:18:15
ef9b5443115bdf8335a7f65a5c0bc4af,5494d7febdfd2f93ebdb691782d56f02,4,,,2018-07-14 00:00:00,2018-07-17 13:36:15
d2b0b513bcc6a0a6f268bcb52b711aae,dd71d407875ef4dd2c29c8eabd2bc56e,5,,"Excelente produto, não fica chiando, gostei",2018-04-25 00:00:00,2018-04-26 10:00:47
173274a1b4d7960fc516459fb7484b17,81a4a5d32cb95aad3ce81680b8634b11,5,,,2017-11-05 00:00:00,2017-11-05 22:11:04
2ccf70601b633def8194d34534c037b6,eda22ec044e1100ad6ac68b6a93afff3,3,,,2017-06-22 00:00:00,2017-06-30 11:09:23
2c41cb1a215577bf169960531fa11b7e,2aa34343b80af35eb485d6511edf7a1d,4,,,2018-07-21 00:00:00,2018-07-24 01:28:12
5a9d0b8b80c51162fd02867166eaa68a,4ee4c7c2fa34f8e2a66accd827f53d1f,5,,,2018-07-07 00:00:00,2018-07-10 10:44:34
2f2cbb59e73e31ebc34a9d15e0ff96d7,1fba572d64e0fa6d6bbfdd06b5704e6c,1,,"Fiz uma compra e não foi feita a entrega no dia marcado, estou aguardando uma resposta!!
Grata fabiana",2018-01-13 00:00:00,2018-01-15 11:29:56
7cd6646539326760ba81bcb10df3a223,5f71bc83356f39cf9e9b8004f39a989a,4,,,2017-09-12 00:00:00,2017-09-15 01:47:12
351ace6d2ed2a92dbf658b810ffef2e6,544d4de462a8ad0d9492999b6708ebcc,5,,,2017-05-31 00:00:00,2017-06-02 19:35:35
e94708a5850691f72c8e606b79df73b1,65a922b4c66d6c7389088e16d37a85e9,4,,Recomendo chegou até bem rápido ,2017-06-13 00:00:00,2017-06-15 00:53:35
57d0f4affa73e81e0fc55d190506bf64,4df36fe83cf894ed979421fecd300bdf,5,,Produto melhor do que pensei. Entrega rápida. Valeu.,2018-01-19 00:00:00,2018-01-19 21:03:06
118569cf4165b452a7b3f35c20b85f7a,57a05984170fbb84344898547914f22c,4,,,2018-08-28 00:00:00,2018-08-31 12:33:18
0c88f35cb73f52bf89a50b9a5627a234,33cd2b3de2ec32a78518fd9a66c98641,2,,ok,2017-11-14 00:00:00,2017-11-16 17:52:20
aff73eb407b9accc7e5fb5d4ad91bc66,4424106c5b68a52e3c47371526b4a264,5,,,2018-04-24 00:00:00,2018-04-26 16:42:29
ba82936250d84a70f2b7005974c8b6da,c736eebe212e3065b4ca629fb98389f8,5,,,2018-08-29 00:00:00,2018-09-04 19:06:06
059abaf874b93f32e9eab96abd38be15,3f0541d009d20e9a244f3bb2ebf07f8f,1,,"Comprei no dia 16/11 /1017 até a data de compra vc mudaram?
",2017-12-17 00:00:00,2017-12-19 08:47:15
9f7cbb41d115dcb898e2cd8b64dab97c,ed3b1288663333783b30c22397f44b36,5,,,2018-03-03 00:00:00,2018-03-03 18:34:55
ee14d92cba76f514fcd260f0cfbfb3ed,3fddb37d99af3ae9c36dc26f4edb3afe,5,,,2017-12-02 00:00:00,2017-12-05 13:00:27
20364a5c3d3da72aaf34fb2b9336fb87,9570e7230d3d4ecaacbc7843e6646b33,5,,Recebi certinho,2017-07-19 00:00:00,2017-07-19 10:39:11
5f3eeade5804d365284ff41df302725b,4a16403a2f6d6324c545f6b70581c2c9,1,,,2018-01-31 00:00:00,2018-02-04 00:44:09
332a72420f3d8729d2bfdbfb55e96cf1,cdab66293e2e4ea2b956d8016c5ad97d,5,,"Site claro e objetivo, comprometimento com o cliente, prazo de entrega superou a data proposta.",2017-12-23 00:00:00,2017-12-26 03:50:33
fe5ba7dc6b898de21e7af327dbb4037e,12281975d2de5af133e549f49a1b9093,4,,Compraria mais se o frete fosse gratuito.,2017-10-24 00:00:00,2017-10-27 01:31:55
84e79be9c53bff75fe1607fb34a5918f,989829039549b9b62b547646ee72c034,4,,,2018-02-23 00:00:00,2018-02-23 17:37:09
b91801307e43b941db322868696338cc,f319cdb9500c67c7a9f1b340da9c2d4d,3,,,2018-06-09 00:00:00,2018-06-10 10:23:19
38457d548ce277e7e348673d627ff02a,92ade7cf39eb31a8f81a75277c14f9d6,5,,,2018-05-26 00:00:00,2018-05-28 21:22:31
012f4d3e86e76a981b2891f33865eba3,5a3bccb60104b1251c6a39e051c428ba,4,8,"Gostei do produto, tive dificuldade para montar, pois não conseguia rosquear ele porque estava com um amassadinho no furo, mais dei um jeito e ficou muito bom. ",2018-08-23 00:00:00,2018-08-24 10:45:34
3f367ad3f1ab433e4c53c488383d29d0,115abcb04c714f37dea22d04e52f35cd,3,,As anilhas de 25 kg ainda não chegaram,2017-12-16 00:00:00,2017-12-19 10:30:38
bf20172bbddae49f4230db543e708a9f,285b9fa3d538bc3e3391de43dd51e3c9,5,,,2017-07-22 00:00:00,2017-07-22 23:45:39
c2ad32107fdcddfb00326d0c120f0e8c,88c588c116fd06fb8e48dd83af88ec4a,2,,Ainda não recebi o pedido e ti enviando enail e ninguém me responde ,2017-12-14 00:00:00,2017-12-14 11:15:53
82b4022670970c30eb0f7d485f1eb94b,b042196844fac663617a8534823b6720,5,,,2018-08-14 00:00:00,2018-08-15 00:26:38
6eb9e518070839597f4d35f908f89521,0c11df2b80d95b1eabdcdf3790bb3347,5,,O fichário que eu comprei veio bem rápido e estava muito bem embalado. ,2018-03-25 00:00:00,2018-03-31 21:58:54
bb907dd882402c83d0defc3004b80dc0,2fc4ba497db1306b9048aceaf0f7e5a9,5,,Tudo ok,2017-10-04 00:00:00,2017-10-05 02:04:00
d7396fb0a95a02954cbbd5c26fb02694,e204c9b2f4c4eda05420bea7f4b7ac03,4,,,2017-07-18 00:00:00,2017-07-19 21:52:32
c89dcb1b91ea0037740a53fc3d8120a4,7d8cd4ac1b0c3a31fddc3198d69fc133,5,,,2018-08-29 00:00:00,2018-08-29 23:05:24
9da7794de9b374615e6d5721384f6b7b,58ded2fbeab30e8d3f53d888277f6b2e,4,,,2018-07-11 00:00:00,2018-07-12 15:11:44
1ed5239ef3594ad794731dbd7197f828,bbd7db7bb1fab02f393167df71863946,5,,,2018-08-30 00:00:00,2018-08-31 14:13:46
fa3e0ea7f48101364a152a627a4972bb,8c2f915441bbfbd7a7b3ace56058f799,5,,Adorei o produto e a entrega foi rápida.,2018-02-16 00:00:00,2018-02-19 12:42:50
1e6ae2e41f568c53d4239d3bfbe59754,61e7365ad2e2ce5a3dbf650586623b7f,5,Super recomendo,Pedido entregue antes do previsto.,2018-08-21 00:00:00,2018-08-22 13:54:41
52ec691304fd5fef1fe958c1e95deb00,e8250a89f967d49af320330c8660a9a2,5,,,2017-05-03 00:00:00,2017-05-03 21:08:06
28ce672c53d9c7f49e548550fc80d555,5873a59a3969d04a260ce297ee1b3ce3,5,,"Uma loja segura e responsável, recomendo pois são muito organizado e preocupado com a satisfação do cliente.",2017-12-05 00:00:00,2017-12-06 09:30:01
128a25c0bc5c187adcfde57944ab21a5,bd73b77940b4755971250ad4a3cd95b8,3,,boa,2018-03-28 00:00:00,2018-04-01 21:08:14
fb81a40565c0151656eb2ca30a318bdc,8a5b38ec15fb5bb88a060a17587a2590,4,,,2017-11-23 00:00:00,2017-11-23 18:51:44
b6cf78ed26bf134c685f26e3b1d504d1,d0083f5db0e3fade5d9a7dc768e8df46,5,,,2018-07-27 00:00:00,2018-07-28 01:27:13
0e429163a3f30ebdb4d4f73e8576cc98,6dd0712b5d9d31ab2b006f7b510e8720,5,Muito rapido,Melhor compra do ano.,2018-06-23 00:00:00,2018-06-24 03:53:30
e1a424695e403367e373d7354d1724b7,f23a4132d42810c7f591d372282ae3eb,3,Produto Ok,O produto é compatível com o preço.,2018-07-24 00:00:00,2018-07-27 01:24:41
72b0dcff99764950aaec9b52f0a804e3,277652d641a561b871127afe3f44b952,5,,muito satisfeito ,2018-04-20 00:00:00,2018-04-23 02:41:17
645d383353c45e9d42b84f054cb1afe0,b8fffd71202e7086dd751c257751b3dd,1,,"Película menor do que a tela do celular
",2018-08-01 00:00:00,2018-08-14 21:55:44
f487db2da4a05477b855baa14da975bb,0c9f8646d592c21c2015b929996427af,5,,,2018-04-07 00:00:00,2018-04-09 20:28:35
8d3f01f0e995c61e2ed4afc6f6b55a6a,14bc0695cb3e3a338887d250c7cfafb9,5,,sempre gostei de efetuar compra na lojas lannister,2018-02-07 00:00:00,2018-02-07 12:20:30
d91f04359c74d68b5c252480e682f414,dc9a75be849e46bc94aa327ac9bc13a8,5,,,2018-04-20 00:00:00,2018-04-23 21:00:54
e13ec6f240d3a8d113945906b19d2fc4,1fbebbbba3149f89e410951ca531cae2,4,,O anel ficou apertado teria que ser um número maior. Como faço para trocar..,2018-04-14 00:00:00,2018-04-15 04:37:30
b33cbf4242c7b915a2aa8b494f4890c9,292fa4655c8e30747b2b465a8f4d14f7,4,,,2018-03-03 00:00:00,2018-03-04 03:04:49
4eacf70563faad69e378f6109deec55a,6423db30ee1e8cbd5d066f414bde1a0e,5,Carregador bateria ,Produto bom prazo de entrega ótimo ,2018-04-27 00:00:00,2018-04-29 12:43:22
2239adf8497e14f61d1b3f633e4d8452,d2b4c76c2ccfe2f70c1488434a362f56,5,,,2018-08-21 00:00:00,2018-08-22 11:25:41
d9f8eed4461afefc86a847b911c607a0,7ec0aff65eb09ca0d03ca5b64e67e4db,5,,"O produto foi entregue no prazo, o guarda chuva é excelente com muita qualidade.",2018-03-17 00:00:00,2018-03-19 22:41:21
50cff0af444a94c06081d87004438128,7219bbc67d036600cbc65e84abfd581a,1,,Nao recebino produto,2018-02-07 00:00:00,2018-02-09 18:45:15
d509849c6a17a9e9e00e2e8f86bc3fe7,ff85c3e4329457e83cb474799a257ccc,5,,Tudo como combinado.. estão de parabéns ,2018-01-22 00:00:00,2018-01-22 20:33:44
9386f8c41313ff34512cdf634de1cb1d,994138db2313a294b3d23c7cf6ee7389,5,,"Gostei muito do produto. 
Chegou bem antes da data prevista de entrega.",2018-02-01 00:00:00,2018-02-02 09:13:23
24c4fda3bc9c6206eb098e21df7ac023,4146f35ac7a7ef4e39fe344e563c1e3b,5,,"Sou cliente a muito tempo das lojas lannister.
adoro sempre fui muito bem atendida nos prazos e produtos.",2017-12-06 00:00:00,2017-12-07 13:08:14
8a24de8190b2938850f35024877ce8bf,bedc87ce363e6bf8c8868b96b2213ae4,5,,Ótimo produto! Recomendo!!!!,2018-03-10 00:00:00,2018-03-12 13:38:49
cbc912e5918e710e5f5cf60f83f16b66,daf946e879dab6e7e6b3f968297c3fe3,5,,,2018-02-17 00:00:00,2018-02-18 00:31:09
96a758a8efbd43c00f778b9644360292,3e73a3d4003ea03e955b2fba57e2dc79,1,Veio faltando mercadoria,"Essa semana recebi o produto, mas não veio completo, veio apenas 1 frasco , sendo que no anúncio dizia 3 frascos. Aguardo posição da empresa. Porque até agora não tive nenhum e já entrei em contato ",2018-08-02 00:00:00,2018-08-04 03:02:09
751cea5676370ff939cbe9eaf176a26b,c5ba516dae0f7c34ba8ad92dad570249,5,,,2018-08-30 00:00:00,2018-08-30 20:59:54
7fa2cc5387908e0da57dd377e52c99d3,f0cb299a9702d7db4e501895d61d2baf,1,,,2017-07-05 00:00:00,2017-07-06 00:22:29
eb93a3f8df39b0737a1c8066735ba153,9040ee228f2a73cf71c59e19d2d1f1d8,5,,,2017-12-01 00:00:00,2017-12-01 19:17:00
fe63bb5e5847bea6382d800028e4ca0e,9a29901dd783afb25b9daca2a52ae1e8,5,,,2017-09-27 00:00:00,2017-09-29 22:07:04
d828f643e1e7f5d10acb73accf079829,cefb2c1509c176244d633a5f3f38e24b,3,,,2017-12-03 00:00:00,2017-12-03 21:22:45
2588680763b03e5e9dc9bee4865a2c6e,707ce3d3698a90d1ab9d9c2dc47223c2,3,recomendado,preciso de ajuda este meu produto veio quebrado e desde que recebi estou entrando em contato com vocês e não tive nenhuma resposta.preciso de ajuda por favor ou vou procurar outros recursos me ajudem.,2018-05-10 00:00:00,2018-05-11 13:54:43
3058caa14cbdac741c17eb300fdb96e1,ce500b2ca0d960f937fb4d24282d3291,1,,Preciso de informaçãoes sobre o pedido que não chegou ainda,2017-02-16 00:00:00,2017-02-16 16:42:35
95cfb15ad3477fec574b561d1daea972,4ed4a6e12e74982dd78c78df1ed3f372,1,,Produto veio com defeito,2017-08-09 00:00:00,2017-08-11 01:29:09
324f719a599fd47fc3cdb7d0ac621212,0a15572811e0bc23e2963de1cdf344f0,5,Ótima ,,2018-05-05 00:00:00,2018-05-05 23:37:14
3ff3719e8e7587037db3970adce5ee68,b0c04ea907df18b10625b845cb6ddc10,5,,,2017-12-28 00:00:00,2018-01-08 20:17:59
855b736a765231a15a8c1f0b52341bed,95f55726bc4e323e44e57778ca84c0b5,5,,Obrigado pelo produto minha mãe gostou MT ,2018-04-24 00:00:00,2018-04-24 21:13:27
7649f28b65ccbc21f948f7b2382e5c61,aa2ae4efd578f1c304128a899e4d1a17,5,,Ótimo recomendo é ótimo,2017-06-20 00:00:00,2017-06-20 15:44:09
b2352c2f691ac17ef875f5fa7d7d64d4,38878bafc676263af50211706ab39e7c,2,PRODUTO FORA DE EMBALAGEM,"Produto sem embalagem e etiqueta. Não entendi a proposta. Creio que veio de uma tecelagem, pois os lençóis vieram sem embalagem do produto e etiqueta.",2018-05-12 00:00:00,2018-05-12 17:57:08
981290e12579d10fcfffb15a51bacd69,d1ccec3180d63d8bfd37f65d34f07da5,5,,,2017-02-21 00:00:00,2017-02-22 10:28:47
f3d0350960174c3565d9fe28ce4917e1,74748a8ba7d523ab46fe3354996609f6,5,,,2017-02-15 00:00:00,2017-02-16 02:49:19
be1f20d419eab33d8a88b2f457568b83,9d812ac753da7008021863feabbd291a,5,,,2017-12-12 00:00:00,2017-12-14 21:53:05
916e081bd89e2556ac9685139f1bfd26,098e4bd227693adc9a292cf3a42ea7a4,5,,,2018-05-03 00:00:00,2018-05-04 17:04:23
591b2cc6047b0028a09794055c0d48e4,7b1ae58b5229a97d804f2275f3cbd3ed,5,,,2018-05-29 00:00:00,2018-05-29 22:50:42
ca8268e52130a8c373fccf43c7118d8f,2e58b7c9ceac16033e568d728d30d620,5,ótimo ,Fiquei contente com a agilidade de vocês e a preocupação que vocês tem com os clientes. Parabéns. ,2018-08-28 00:00:00,2018-08-29 10:56:25
c91a9ba98a902b90f45b10390d29ed0e,628c4dc07e38c6a4309d58e8a42e2f27,4,,,2017-12-30 00:00:00,2017-12-30 20:30:57
93673033fd50d8cc561aed73e7d3b846,72221bc9de65dc6a45b9156909d2b6c9,5,,,2017-08-01 00:00:00,2017-08-02 02:47:24
dfa26d3e2ca18d0a30cc4596f0f189ac,4cb0286c9f5805ddd172e00cef67ecc3,5,,,2018-06-21 00:00:00,2018-06-22 16:06:43
36e0ca1d983c89c037aa69f3f9d62545,403e499c55ee10e52fbf26762b33a5f3,5,,,2017-09-16 00:00:00,2017-09-16 17:42:47
d959d2123a2f28fad7885ab1b8f1903c,cd323a618a599ad1cedaeb75d1d5b8fd,4,,,2018-02-21 00:00:00,2018-02-22 01:30:20
51066b1ffffdf9949d76a31dc8bb5ec1,6bdf9b89e5c81ead45dbc0a260dfbf13,5,,,2017-09-30 00:00:00,2017-10-04 00:18:09
d108b0b1eb80fd6dc32c96f611eb9793,5433a0ef395e151f154279cd3fcde661,3,,MERCADORIA NÂO CHEGOU,2017-07-09 00:00:00,2017-07-17 18:21:23
ad11670bd11cfa8837b848607f44f555,c55dca0234aa65398ed85315bcf5b062,5,,,2018-06-21 00:00:00,2018-06-24 11:41:53
836201d06d9018b468736ec678eaa74e,d2cbe14a29b243f01171170540ddc94d,5,,,2018-03-20 00:00:00,2018-03-21 16:05:23
6266c9620223c9218ea9e3088c4b40ef,f9d6e4f177c33d17573279292f1473e4,4,,"Produto excelente , pontualidade na entrega e bom preço.",2017-09-15 00:00:00,2017-09-20 19:15:38
33e9e4a3b2e109d14a0ee690fb198a7c,b87cca02954de7fab0d5546843c56acb,5,,Jogo de lençol muito lindo...macio e aconchegante...ficou linda a minha cama.. ,2018-02-03 00:00:00,2018-02-03 22:19:44
9932f3f6584b563571fd717c108c4b68,db60e917f3e707779a0efd2b52354951,1,,"Apenas o primeiro quadro foi entregue. O segundo deles, no valor de 119,90 não constava na embalagem. Como proceder?? ",2018-02-17 00:00:00,2018-02-19 00:01:42
cfd1907915255b60e773858afc941d0a,b8d5cd6eb84d7b61c5c77ac4cb0b90b4,5,,"O produto chegou antes do prazo, vem bem embalado, o que evita quebra. Amei o produto, super lindo.",2017-10-20 00:00:00,2017-10-23 11:25:45
852b352c8f8581c2a72e947f2c0b711e,543933b39ebd50e13884fca2829ccdf8,5,,,2018-03-10 00:00:00,2018-03-14 12:30:25
420cbbaf26551d24408164025b017d16,eaa755795bc07ae1c3d55d7f6efe1dfc,5,,,2018-02-27 00:00:00,2018-02-28 00:20:30
8e06903374b7ee0504efcc83be9ae806,fb260abf14e47c95a0b19acb1ab3ed43,1,,"Paguei frete e tive que buscar o produto. Sem falar q o frete foi caro. Demorou para chegar.
Só acho que o frete tinha que ser mas barato. O frete acaba saindo no valor do produto ou mas caro. ",2018-03-21 00:00:00,2018-03-22 02:16:19
0ae33d56c27c21b90f3a99e6faccdf26,7c46b5ee3a6b6152b85d5d245784bc25,3,,,2017-09-21 00:00:00,2017-09-24 12:44:37
797125597a4eb8da4a0b1011bd3b22e4,6cd30de23ae80f0c8c7439acece7ecd5,4,,"Embora a descrição diga que o produto é super resistente, ele aparenta maior fragilidade, mas funciona. Falta um manual de instruções sobre a regulação do tamanho, o que pode resultar em avarias.",2018-02-17 00:00:00,2018-02-19 12:45:29
1dce1b1b7bc36395e71ff9e6bed66dc2,12f55fbb20dd8ff71113349776b5642a,5,,,2017-10-11 00:00:00,2017-10-12 19:47:25
02ab568c48760903bd69b7257a197bc3,40ccf6af09b0aadbf3e2710fb2f17715,5,Excelente aquisição,"A bomba é ótima, não dói e é fácil de ser utilizada.",2018-08-04 00:00:00,2018-08-07 23:45:53
3fbe4ab627b9a33901fa137749ce3f25,4754d7bc057483f912a675e072cd7437,2,,"No pedido foi feito encomendando 2 unidades, porém recebi apenas 1 unidade e na nota fiscal constam as 2 unidades. ",2017-12-14 00:00:00,2017-12-17 20:43:32
db62a0b7e102b1cce0695f9ac9273464,fcb6bb55e888419b146e0bd3c612a373,3,,FIQUEI SATISFEITA,2017-07-14 00:00:00,2017-07-24 14:32:42
2795267b1147077c347e9e214178c078,cb765962c1cf94ab1a1c8646ba7060c4,4,,Gostei muito do meu papel de parede. Compra facil. Entrega no prazo.,2018-01-17 00:00:00,2018-01-18 09:23:09
cb7533018dc117bee1c0b3006aa82da6,32339685fefe9062d33175a4bc12d555,5,,,2017-01-29 00:00:00,2017-01-30 14:13:22
7eb8a46d5a165e960020e6cc1355eb75,573cdc3b8d7f43d865aba5fbbc888802,4,,,2018-02-01 00:00:00,2018-02-02 15:00:19
c0eb9f77659dde744b3323cb83d7941d,907057c26859398070400de963028855,3,,,2017-09-23 00:00:00,2017-09-25 16:36:47
33a67e99de7baa0bb6ebf4fc0fb0c397,5629fdbbd11b9755743ba8b8f517f8cc,1,,ja tem mais de um mes que efetuei a compra e ainda nao recebi o quadro ;.,2017-03-10 00:00:00,2017-03-10 14:55:32
cc8457e776e5b22cf088211bdccc162d,c82a457d646f77c8f151e12a3e517ed2,5,,,2018-08-16 00:00:00,2018-08-20 05:34:34
f4bb46fec8c63f84790391cc1357c79d,a42852c445a4b9e072a1cf6e90210586,5,,,2018-05-22 00:00:00,2018-05-23 15:26:19
234753c64f43af1d850584955452ffcc,af19170492290aa8663d820e73d09524,5,Super recomendo!,Que agilidade! Obrigada,2018-07-03 00:00:00,2018-07-05 11:20:12
cd8565f51afd6831a8cc7432b15e9765,fd94e66307d89e3285cde20f9766bafd,5,,,2018-08-29 00:00:00,2018-08-30 01:17:47
bc91e54ed19ec8dc5b43859d7911ef00,01c0514b1f2a7375948323b959cc5682,3,,,2017-08-12 00:00:00,2017-08-14 00:56:59
a5b8eaa2899bdec6093c15ee7b15f43d,689338a5ff7fc20c596ee2695dfac8c3,5,,produto entregue conforme pedido e dentro do prazo.,2018-02-05 00:00:00,2018-02-05 18:12:13
ee2c7187998feddf5df961011c1f5f6c,0e80321be8a729339d21fdcfb58967bd,5,,Serviço maravilho e produto também!,2018-03-21 00:00:00,2018-03-22 11:05:14
603b312d0ba6291ff8c7a0c68371e1a6,0553f54e437f2d7fddccf81ae9a646c6,5,Recomendo,Todas as minhas expectativas foram atendidas,2018-05-16 00:00:00,2018-05-18 00:14:33
ef1f14ac37fbae91df317f4cb810259e,1b90587d2255b7eb1dcc4d2c7eba1c54,5,,,2018-01-24 00:00:00,2018-01-25 09:33:27
fa6b5066a6a79a2ec28d0237e0964ee3,f3381b1e6c37c70f2b3c9d211b166412,4,Entrega rapida como sempr,stark e a loja que entrga mais rapido.,2018-05-05 00:00:00,2018-05-06 22:50:40
ab7a13719cb4219fb3fcfd6c287716fd,eea58982d534991bfd7f844e9ff0e28f,3,,Ainda não conferi,2017-04-14 00:00:00,2017-04-17 12:19:14
b02c062e958c588131c00dec1f241a23,aaa3852a53f716761fff6b45173f223e,4,,,2018-03-07 00:00:00,2018-03-09 11:01:11
82c8e06e1c05da8ae837651ecdc40608,b981e23277787bf0b0f6055ee85a22ac,4,,,2018-03-07 00:00:00,2018-03-17 20:47:08
7cb3b3a6e4ed82781aeb97ca057a15c4,46cede2272077facfeb5aa257851d0c3,5,,,2017-08-23 00:00:00,2017-08-26 01:20:20
1e92b3e035f0d9b738f6011a94932651,e4c09ee4522daa0f32bd2e6b2f5ed048,5,Entrega rápida ,Recebi antes do prazo ,2018-08-12 00:00:00,2018-08-16 01:15:08
0e3f0b10027380cf706a6b91167c0601,4dbffcbeb7412cf8ebcbd77a6f0b64b6,5,,,2018-05-11 00:00:00,2018-05-12 00:07:06
6a66da79a40ba30f098e9123fa9101d0,693571876f68cfd82ad0772a4fe8136f,5,,,2018-07-04 00:00:00,2018-07-05 11:59:45
b1146910cd5ad602c0475b559e36830c,7107c5823a581db0314f8f0fa95f61e7,5,,,2018-03-23 00:00:00,2018-03-24 03:07:23
72c9717c53b1128809c499dad3710e76,cbf962ea0d3753eb77e28f576f636f71,5,,Produto de ótima qualidade,2017-11-24 00:00:00,2017-11-27 01:04:10
a772ef874558736ae6892d83493fa6af,01156b662f3f47b249b5a8881d205f08,5,,,2017-09-28 00:00:00,2017-09-28 23:18:37
d70540e2a934fa34de2e1a0deb7a6c44,1b211e29b1a6d0431f4f9daff2f2e207,5,,Muito top!,2017-06-08 00:00:00,2017-06-08 23:09:55
5bca48888c37df859f8fa44f2e633f96,02b7e7c49710de373ce4bb83fd4bf81d,5,,,2017-05-18 00:00:00,2017-05-19 10:54:46
386e3d3663fb7743c23d1287c1aaec67,e1000df659259b29cb73a4798ccd7454,5,,,2017-02-10 00:00:00,2017-02-11 21:05:11
cd5b09f07571be7de7a168bcf172a6b2,ef1af042323731907ad5d9feea27fc61,4,,,2018-01-04 00:00:00,2018-01-09 10:49:50
0f217f94422928a8120878beec196689,f822dff2daea3e02fd418699a1068326,5,,,2017-04-20 00:00:00,2017-04-23 01:30:15
c00fecfdae322d115d40c6498ca8d9cc,6f1a557c6045fc877a74713dd8a7399e,3,,,2017-05-05 00:00:00,2017-05-08 10:50:12
e948a1927f63a1d60bf33ddb335c0cbb,8bfc859f734def7a579d24fe9b618da3,5,Ótimo ,Loja perfeita ,2018-08-30 00:00:00,2018-09-03 13:15:55
228a25615ef0bf98bc82748242b51589,d8d8abd9a4aa1b36575678bdf5e9d23e,5,,,2017-04-01 00:00:00,2017-04-01 21:03:21
1a6a79840391bedbf0a332184df23b3f,b9a6c5f5df52c7226ac85aee7524c27f,5,,,2018-06-20 00:00:00,2018-06-20 15:53:18
d65da0d380459ee3c500a261b6acabaf,02dbd29bc7a490d582762fae9f0fd997,3,,,2017-12-14 00:00:00,2017-12-15 11:05:19
6146a9da93e8f3f9b4d24ddbb693a170,bb787d6e68f079fbf94e8df39219086d,5,,OTIMO,2018-07-05 00:00:00,2018-07-07 14:51:13
08527dde5a52974585a852bb9139ed1a,a5db57e596494a2570d250dea03da4ce,3,,,2017-11-07 00:00:00,2017-11-08 09:44:31
e6bd398847f0984aa8f5b5413b3a8dc9,1162cd6cea2c1d4d79492aef88f50618,5,,,2018-03-08 00:00:00,2018-03-10 21:58:46
79a303aab9d9bc6c01740707d12a3fc8,843ad442f1f401e52f43a4b176e211fa,5,,,2018-06-28 00:00:00,2018-07-03 20:35:36
7b4db0b85255217422668a3fe743f458,ee878ee16f84c47738cda240e8550a90,5,,As pilhas vieram erradas,2018-02-07 00:00:00,2018-02-07 19:29:47
68610875fc0954529b2169b03a55296c,027ae252d37e5527c2e109e268b222e2,5,,,2018-06-05 00:00:00,2018-06-08 12:14:27
bdf7a30058c2863083371bd7ad6c7a04,0c9f4cd9a2f5e3783d9ec0f4daa33741,1,,Solicitei reenvio do produto após a resolução do problema reavalio.,2017-09-24 00:00:00,2017-09-25 11:59:24
6fede56cb0643444a56fc227090605f7,03181fddac1b424c893821ec539b2abf,5,,,2018-05-09 00:00:00,2018-05-10 00:38:55
15301c7ffc6e246c60a1ef7bc8ae1d0d,df8bb1c5e34a83edbd547f2fa290801c,4,,Os cartuchos estavam vazios,2018-03-07 00:00:00,2018-03-07 18:30:31
aa59b5033ced6929462d0c586e57dd8f,b2377b1954ac905f64a3797f58fc36d9,5,Super recomendo,Produto original,2018-06-13 00:00:00,2018-06-14 12:12:09
02220e30a4b7a1b199b0f1baec21e7e1,959815491185d6d44b4adfb9caaf3b9f,4,,,2017-03-28 00:00:00,2017-03-29 16:22:10
7009932289ba917d21f580f33bb36db0,5c1a7adae63c3dd38c445817f9947cf2,3,,,2018-03-27 00:00:00,2018-03-29 22:04:46
d209e984bf46bcb04dc431648a3f5182,d6f81840dedabe214cbfa42226e7dfd4,5,,,2018-01-08 00:00:00,2018-01-09 14:26:21
dbab814b566f82dab9fb89ae6b5001ac,a2f9ff7df829bc4345e5cf8b5bab2e85,4,,OTIMA,2017-11-25 00:00:00,2017-11-27 16:25:11
38ca70688d192155a791b03ca18abc17,bbf7ad105edc929937625364891dc8c6,4,,,2017-06-23 00:00:00,2017-06-26 00:42:13
0f4fe3f20953183f75882dc98c70c039,2ba1f687634de479f8b6f7c483597793,4,,Produto bom e entrega rápida.,2018-03-15 00:00:00,2018-03-16 00:21:15
a2e8b4e665acb20e3882024253228712,2d5a9031ce30f2732d18bb3722b887a4,5,,"Produto muito bom e entregue no prazo ,recomendo.",2017-06-02 00:00:00,2017-06-03 18:06:00
5ea229689a99a45b59c3b41979c6dd12,7708348e3397bde852e5dade4c632d8e,5,,,2018-02-28 00:00:00,2018-03-01 05:15:15
4f0b1c23ce177e70f59b4fbc8e23fa0b,b53273dc08d42154a427ce58148a7664,5,,,2017-12-07 00:00:00,2017-12-07 19:50:43
fc63cb40e62e6243efef9a40f4487978,da81fbc27b55e0f3d2813cf2078dc780,4,,"Problems existem, porem, necessario compreende-los.",2017-12-13 00:00:00,2017-12-15 03:27:35
dc39fc96133cf9aca4270c1b936d26ca,4ffd41fadb59bd398d869be78f1b2be3,1,,,2018-04-12 00:00:00,2018-04-16 12:12:22
eaed2620c9d962f483981840a7b2336e,65c599e3998c4243f4e62affbf5bcdd7,5,Boa,Muito Bom ,2018-08-24 00:00:00,2018-08-27 01:44:20
aacf6f81f78d28d3b1da243e211605c4,fb66173878dcc988e4e3e1151901b298,1,,"Quero saber quando receberei meu pedido.
",2018-02-24 00:00:00,2018-02-25 00:56:43
fa93ccb6be83a4fe024c7bb36558fd95,0b87d9e59c7c19b041fe36e77aa33a42,4,Excelente,,2018-05-23 00:00:00,2018-05-24 20:06:50
971aae411ac211717e47589495e77217,56b6c0c35525102d39f7314a90f95977,5,,"veio correto, no prazo nao tenho do que reclamar",2018-03-13 00:00:00,2018-03-14 10:47:26
18544cc999b1b55ff82fc58e440db7b1,e9a0ea38c9ccce5af1c178330ebdf3b3,5,,"Entrega no prazo, tudo OK !!",2017-12-01 00:00:00,2017-12-19 19:02:06
32aba2ed799d374584f8fd4eea6a4378,672e1607b26c5a9e1ec3e1e537af3257,4,,,2017-06-15 00:00:00,2017-06-16 13:30:55
e10962d371021bbe9f70edcb5e3b8e7b,710bc497ddb33d94263a302f17416924,5,,O produto foi entregue antes da data.,2018-02-15 00:00:00,2018-02-16 20:36:28
1e715cdc9c87384f35b21f947028d3c2,973099d5fd52c77163406f2eba72dfc6,1,,Demora demais pra entregar,2017-12-16 00:00:00,2017-12-16 20:36:54
e3434c1024a85c2296e9cb3f5fc69969,eb4c34f6c71f98b594e9df32d8e3c851,5,,Excelente produto ,2017-11-14 00:00:00,2017-11-16 23:44:26
3efebd3f541f29c580265cfc6bfbd0e8,566c5bff1142c9d6003a83fd2e8ad1e5,1,,"Não recebi nem receberei minha compra, gostaria de cancelar o pedido e que o valor seja estornado, grato",2017-12-19 00:00:00,2017-12-22 13:47:48
5ba552f6a978e273f1a89dcbcb15c590,2e823fe077401bf3d30b8a47e324571f,1,,"como ainda não recebi o produto que comprei , não posso recomendar esta empresa para ninguem. ESTOU CHOCADA, POIS É A PEIMEIRA VEZ QUE NÃO RECEBO UM PRODUTO QUE COMPREI NA lannister.com. ???????????",2017-03-24 00:00:00,2017-03-30 22:54:45
4626cc2c31f40a65ebb675b02abda468,32bc89adafbfd38be0cf6931769c6a6d,5,,,2018-08-06 00:00:00,2018-08-06 18:47:35
70ab791eae5d8cac9e0887bf50343037,97ea8a6df3851db9452426e8aace15eb,3,,,2018-02-22 00:00:00,2018-02-27 13:27:32
9091382ac74a62f5384471e453df0e48,cf18cc607f8e7571b9df511e66edb910,5,,,2017-07-27 00:00:00,2017-07-30 19:11:47
36ff0a11992ccd130332e7ea1887af48,1539409c01ad8a5e32a2574668ad975e,5,,,2018-02-01 00:00:00,2018-02-04 18:30:22
1c9b965575ce36519e5065662c06406e,3762c0ef92b5bc397671e6d7e6d5672f,5,,,2017-08-23 00:00:00,2017-08-25 10:18:26
a0ba97ce98f76cf57bb2c5530513be70,7033745709b7cf1bac7d2533663592de,3,,dentro do anunciado.,2016-10-25 00:00:00,2016-10-26 23:52:15
23858b806b4f44681dec4e5b24357914,ad6b07be756ec7284a64503ac34f6975,5,,,2017-04-20 00:00:00,2017-04-25 20:49:49
3ef209b875a83df0af48195127081dcb,529a18626bb2bb7907cfcb5b5f2b0e6e,5,,,2017-07-27 00:00:00,2017-07-27 23:28:17
b0d326858e6c2927aab2a0bba89c5744,68e4d7b489562de5ca0a4486d7d0c3d8,5,,,2017-08-09 00:00:00,2017-08-09 23:47:34
ce2267ae0802ab999b4b133d8a9f2bdb,d95c203ba62b39ad3c3a2df8d5e7c052,5,,,2018-02-28 00:00:00,2018-03-02 19:12:29
1ef52114791c63cb2c5b6de3ad5e70b9,513f43ba9ea592cb81880aeeb11f08d4,2,,"No pedido, a cor era preto, mas recebi na cor branca.",2017-05-04 00:00:00,2017-05-08 20:32:42
0fedbe8feb2475623adaa716a36ca841,4d23a772e8fc588881020cd749f76c8f,4,,recebi o produto dentro do prazo exatos 7 dias apos a compra.,2017-06-22 00:00:00,2017-06-24 13:44:20
5b5dd7d52edca0a845aa074a673b3632,57faaa762a71e0603439c7a742527524,3,,,2018-02-02 00:00:00,2018-02-05 18:52:57
fe59e3eaf7d06c5f27c075198a72ade1,375e5c646664c609938372d3f62da9d6,4,,,2018-02-08 00:00:00,2018-02-09 18:22:51
c8d67fede61f65cea25def2dfcba8fd6,de76f809479b8391b6166b1448d83f3f,3,,,2017-07-07 00:00:00,2017-07-10 12:51:00
13d04f80e8f0a8bde444f63323ce1d71,47206fff1e56391bf30b5acbe7f5f7a2,5,,,2018-05-23 00:00:00,2018-05-26 14:42:29
7c8fc98362b4f28eeecd63cd465188fd,6c1e09e4c733fbc610ee1737436f8a5b,4,,,2018-02-20 00:00:00,2018-02-21 11:48:35
4d0b94b13b9966be8f4dcf8d08da7c9c,042649285cd08ef7c546445419b43407,3,,Apenas não recebi emails de confirmação de compra nem andamento do pedido. Nem da stark e nem da loja.,2018-03-17 00:00:00,2018-03-20 18:24:31
e9f8830d7784724663ad841c84ca28a4,575d8ef8d005dd6e8f39b314079973ef,1,,,2017-12-20 00:00:00,2017-12-21 00:45:30
2f8e0d667ba5eef628ccf5e206e61e83,7d9222bcb9fbdafc453620f32f6fb996,1,regular,material inferior ao esperado,2018-08-04 00:00:00,2018-08-04 21:02:36
3dc475ff52641ff5a077254d7fe582b2,53b48de8c162b1a00ace27c3c0a9b148,4,recomendo,minha filha adorou.,2018-07-31 00:00:00,2018-08-01 17:27:58
fd28001993786b93c7fe5fcaf5485ed9,4647f189e31add16ebebc6f67a6b6dc1,5,Excelente ,,2018-06-13 00:00:00,2018-06-13 08:48:58
08e80c63e8936e8ff6e78bdf23f95573,9a5ceb5fb7ad11f5fd1be2c87e632562,5,,,2018-04-13 00:00:00,2018-04-14 11:49:37
6f1cb542b867357a14fb67027fa1e9a6,17d018174e8bb3a09152f926cc684ad2,4,,,2017-08-22 00:00:00,2017-08-22 23:48:13
91ff927306f05ce75c5fbc5c838ccd28,da53145615b1d679fc6a9f3121d8bd85,3,Produto NÃO 100% igual.,"O suporte que comprei na 1ª compra gostei muito, por isso resolvi comprar mais um para dar para o meu irmão.
Ocorre que no site mostrava o suporte igual ao da 1ª compra, mas quando recebi o produto, ",2018-08-23 00:00:00,2018-08-25 13:22:11
80abaa03b334ac0220f989337dd98ceb,3d5651800efaa81c9c96808ded6f145e,4,,"Uma loja excelente, entrega 🚚 rapida",2017-09-23 00:00:00,2017-09-24 02:39:53
aab2cf1c8d9b6a7ee3508ce9b91d0ade,c5dc5eee680080a268100b420f8e960a,5,,,2018-06-06 00:00:00,2018-06-07 02:00:14
9c3361582da963830ce4947df6f55b60,97bcc96998b24fe6ee7cec4ae04001df,5,,,2017-05-23 00:00:00,2017-05-24 20:34:53
b5aa12ce2eb2dd8de9c623a221399ae9,ccf9f826a9a2889f396bc19425443c9c,5,,,2018-02-06 00:00:00,2018-02-06 22:03:55
3756e3931a1d87086db8cf4c5b1ce60a,2064a88a243add2e2cc03b9c6043e616,1,,O produto veio com defeito e esse site criou mecanismos pra simplesmente não ter nenhuma responsabilidade no processo! O fornecedor Itap Modas - Itap Moda Eireli ME É UM HORROR!!!,2017-10-11 00:00:00,2017-10-13 20:44:37
dec6acb717d9ae0df759085b843f518a,fa4f63175b284248b89a46c3b7e7bc12,3,,"O produto estava com a embalagem violada, porém, testei e não tinha nenhum item faltando no conteúdo. ",2017-04-13 00:00:00,2017-04-17 16:41:51
0826a3d39869bed34b66337c7a109680,29182856a24c6eeb1d7b81ba1fe63190,3,,Xxxdf,2017-07-30 00:00:00,2017-08-01 21:15:30
27ce937326297ba7fb18b0cb3a960a95,f577c78346131418552c3d7fea582723,5,,,2017-09-26 00:00:00,2017-09-29 01:12:46
88ea1168ec004363e0b838effe39c63e,cfd5d5311ae38742b4ecdbcf4c3662a7,5,,,2018-02-22 00:00:00,2018-02-22 23:33:47
f446d1bd5cb103499ff18879c40fc9d8,71cefe5177d8b6b11dce9fa4060f01cc,5,,,2017-08-22 00:00:00,2017-09-01 14:36:02
289a00c228bd5984e66fee7e3fb0a7a7,8549f693ac0aefd770eee2cdd7e18e08,5,,Entregou antes do prazo. O produto veio muito bem embalado.,2018-01-12 00:00:00,2018-01-12 18:54:56
b8a36aa1b77a98e947fcc51e69747530,1226bc7c4bdd186e5e12d4c3ced73cac,3,Excelente,,2018-07-04 00:00:00,2018-07-05 03:41:16
ce1597b6599be8b70c52aa3cc29f07d7,fc52f0b6b2799aab381d22c1500ec63e,4,Excelente qualidade,"Gostei muito,satisfez minhas espectativas",2018-07-26 00:00:00,2018-07-29 11:09:23
1f13da30e937fb82ac15ca7cc20e4537,2f8f31eb2f7b6572836d662a6625c8e4,5,,,2017-02-15 00:00:00,2017-02-16 15:22:45
9de20219695940aee04aca28293f7869,403fee786bf2a91a88cb6bb0ac68d07f,5,,,2017-10-03 00:00:00,2017-10-04 14:26:48
3cd9ed4a22081cacbdadab3ea0a4700f,a07355f9fa72ba9605c5e87a93ceac0c,3,,,2017-11-28 00:00:00,2017-11-29 00:09:31
a74f5f5c9c3ced0834d77149657c517b,ab722aebd7d92f979b381ec1d4080551,5,,"Bom produto, igual a descrição",2017-12-06 00:00:00,2017-12-07 02:28:07
e71b2c040bdd87f9765aa83c4c3a6b02,1a66f333fc14fa09a218cbb11f00233d,1,,"Já fez um mês e ainda não recebi o produto.
",2017-09-10 00:00:00,2017-09-10 12:38:47
b3b742da519e2722df2c6aba11324c71,70c3ef96b8128e86a710aea11adf6e63,4,,,2018-01-08 00:00:00,2018-01-08 15:43:09
8fc224fdf8c1be306ff0d0c541e1b28f,2901c587ddc2733afdf68e81b98d2c0f,5,,,2017-05-19 00:00:00,2017-05-23 12:53:01
5dd59df9921255e70037d6ec56496fc6,25348d7abfa3893731e3836aab2f6a6c,1,Zero,"Muito bagunçado, não recomendo",2018-07-29 00:00:00,2018-07-29 12:02:58
99f7cda40471ad775f47573d1e006372,02e8498a91ec0e72dfaff47b27c805a3,5,,,2017-11-19 00:00:00,2017-11-26 10:45:01
7b9d9a26603e3b4e7b0470cf4035ca96,d401e4eb313c624cb7c140e43e38192e,5,,Linda Almofada!!,2017-07-18 00:00:00,2017-07-19 12:05:20
f0307f05bf524c649e370775d673660c,e6d3b5b66f40a99ac01da49f4c543e36,4,,,2018-04-27 00:00:00,2018-04-27 16:17:43
a730905d27b05bb297af6351bf6f9396,584c2b6afebd2ec8c284ee84f4c79ebf,5,,bommmmmmm,2018-04-13 00:00:00,2018-04-15 01:16:44
6e74c56e2e5031c976ee1021e02361a7,f71f7cfa091dab4d5aaef7195c37c986,5,,Fui muito bem atendido. O produto chegou antes do prazo estipulado. Agradeço a atenção.,2017-11-28 00:00:00,2017-11-29 10:34:57
5a0f8e5d90407378564ddd39eaf9e9df,2e2a0af256d902ab2e816447f6f531be,3,,"Os cartuchos da impressora vieram com defeito. O preto não funciona e o colorido não funciona a cor vermelha.
Lamentável!!!",2018-04-11 00:00:00,2018-04-13 10:45:29
39a6d1e1461789d9d0dfb850ef396d51,54745af3cd64e980bb671452c9b01d15,5,Estou muito satisfeita.,"O produto é ótimo, mas infelizmente não veio um manual de uso em português.",2018-08-28 00:00:00,2018-08-28 21:25:20
b3d910d279fbb1b3f983f83bef02ed2e,e61f15c94900d1cc4cebd96be96f3823,5,,,2018-02-27 00:00:00,2018-02-28 02:35:52
34b0f2c191cefae77a0805d4c54e5410,ff54c442f3e9f50941a09dcf4e061e6f,5,,"É uma empresa confiavel ,",2017-02-26 00:00:00,2017-02-27 23:22:56
8373878b009cd82112e2d81b29c924cd,f962d2edc594dccae522feb6446d2104,4,,"o produto é bom e não houve prolemas na entrega, so me enviaram a cor erada, mas td bem.",2018-03-15 00:00:00,2018-03-16 14:46:52
ff21d9d0b039135bba78b4407c8cc109,802c6194741628ea426c4d7a4e55707a,5,,"Excelente produto! Só que comprei king e mandaram Queem. Vou ter que devolver, uma pena. Queria pra logo !",2017-05-03 00:00:00,2017-05-04 12:30:07
e53e33d7ccf04ba597c13b135e4f40dc,3bf31ab7902ee8a53800c1f3d57651eb,5,,,2018-05-10 00:00:00,2018-05-11 01:06:21
49aece6f6e8e0ecd96f7de0eb1876713,8fc946cd9c823c0d350def51cea2f603,4,,,2017-11-25 00:00:00,2017-11-26 11:28:06
a4480d6565048ea43ec25f519d540614,ae5d768eedbb1d0d2d3cf01e6b844739,1,,Muita demora e nenhuma informação! ,2018-03-23 00:00:00,2018-03-24 01:15:13
b3c6bf6d28538218ccc3e044a1a5265e,5a40c1e92e3512536d5910f21f5e1856,5,,"Puffs chegaram antes do prazo, tudo certinho!!",2017-08-31 00:00:00,2017-09-01 12:05:22
a83ba01cf2dd20b484d36c5951a39c19,7a37faa848114c1dfbe6b90f15af98fa,5,,,2017-05-27 00:00:00,2017-05-28 15:13:24
5c2a98615a8208ed9fc34b854d6f1816,13188f2e3cfdae1480d1552e58d19d7d,5,Bom produto,"Entrega rápido, gostei da qualidade da torneira.",2018-07-27 00:00:00,2018-07-30 02:15:44
1dcbcb6149a797cce18672cc04fb3794,3d3977c331c2a5e7da23ea7057a4c317,5,,"Ótima compra, o produto chegou em 2 dias úteis, super recomendo :)",2017-03-02 00:00:00,2017-03-02 19:33:47
e616b348778e650de7a779047c1be655,354894de6c4b417d6144c2f4a054416f,5,,Produto excelente.,2018-03-27 00:00:00,2018-03-27 22:21:32
6ad9dadbe5938122927699df79fc6b2d,1b3870263ab7aa66a5e2ca30df8fd3d7,5,Super Recomendo,,2018-06-09 00:00:00,2018-06-11 10:42:01
704c70c3840ee1310b3e187112375ee0,457cb961f89e32569e2d9a737a65b3bb,1,,,2018-03-18 00:00:00,2018-03-18 09:54:55
e567ce750252ee51158fcff22af3723d,f939e2a89376e44158657a15465cacce,1,,,2018-03-22 00:00:00,2018-03-26 19:01:40
f508806e6d1d8b65f09b1f050e3c9276,2783cfcf916c2cef168f19a7a2e45e45,5,Super recomendo,................,2018-07-31 00:00:00,2018-07-31 18:53:49
d33da30c71cd1e6cd526c22ff7a4d708,a711032f5b2df3b039238b1a273076b8,5,,Ótimo atendimento!,2018-04-23 00:00:00,2018-04-24 01:08:40
ba1dc8aadabc04fa4edf131f7f4a6afe,ba51874504000c8e2b9d439d66b6b099,4,,,2017-04-12 00:00:00,2017-04-22 19:08:45
a128b975b09df7d8d883b187bfcf2de5,e3ee317683c1cb4df51994ca63755d6d,5,,,2018-06-06 00:00:00,2018-06-09 21:23:49
54019ddef4d6ea25b0f8d4397359060b,246e0ec5d427eaa6bd4569ac799d4f37,3,,,2017-05-05 00:00:00,2017-05-08 01:03:05
d743a5fbbc67e6f77299d8ad9ed4bdf8,f90e3dbda8d123ab2f100a1538f5a43c,5,,,2017-12-08 00:00:00,2017-12-11 17:57:56
c2bf59a271141f1d0b304d47946c9ae6,682332c2474e425ea23c40848faa25e2,4,,"Os precos nao acompanham as promocoes de outros revendedores,
o que tira baratheon da 1a opcao.",2017-11-10 00:00:00,2017-11-10 20:04:33
c6cff776f136b6e0d68112eae8d20a98,ad20d0dfe5b91c07df72dff0206aacd9,1,,,2017-11-11 00:00:00,2017-11-13 08:51:35
5787f56c7fe393d2754fa4c9fc360ac0,8fe860202f0d87213c4056f1030ae367,4,,,2017-12-01 00:00:00,2017-12-03 21:26:32
78869498cf4fa18c659a978c8d2399cb,afa2c425be2efd14c19b4a0aa62f9b59,1,,Não recebi o produto e empresa informa que recebi.,2018-03-24 00:00:00,2018-03-26 18:47:40
17978d122d677e7ac00789654db3af34,c2392e568835f3d748e67d74da04c934,4,,"Capa com bom acabamento e material resistente. Valeu a pena, adeus poeira...",2018-04-06 00:00:00,2018-04-06 16:17:42
acbf2b473c1a3f584f1cd42ade18d906,122e2899f5b25c99d52cece91999b676,5,,,2017-08-29 00:00:00,2017-08-30 12:02:35
16d6a72b031bbcceca1dac7ca55e7891,ce6d6c97c681b91f6a645bf24c8da7ff,3,,Não era a vara e nem o molinet da foto e não tinha nenhuma informação q a foto era ilustrtiva,2017-12-14 00:00:00,2017-12-19 22:34:58
38e460a32d4678af3570a66a785be53c,5a72aaf4a78a5e2b0ba132b0e9c21fb1,1,,Péssimo ,2017-12-19 00:00:00,2017-12-19 23:55:00
dcb1cd0035fd33c94527a53e8fc5d042,5875e5804ca85e3b4c8dda7a7dfce4cc,5,,,2018-06-30 00:00:00,2018-06-30 20:53:22
60e1ba35384ec22b6c4f64f8e5ef725e,cb064e8f8f0371573859e393d973c337,3,,ainda não testei o produto. achei um pouco frágil. não sei se vai dar para dar chupeta numa s10,2017-12-08 00:00:00,2017-12-10 22:26:35
81dc7f59b718a112348845692c91b0f0,bf30a3536883051dca847b3f007a9963,5,,,2017-08-22 00:00:00,2017-08-23 21:16:10
3c1f6707dbaa217838703568d6e56452,fd038d8e957d1407c9928ef57603146e,5,,,2018-01-25 00:00:00,2018-01-26 11:08:51
ee2a465552e68fb30b2185f46fa565ed,b012c1697921f54e80780e034a93c871,4,,,2018-02-04 00:00:00,2018-02-04 17:24:01
76d143f51d89ead96814bac36797382a,309de5faf9baa8961fd068f3f4e44dcd,1,,"infelizmente não tem como avaliar,porque não recebi ainda o meu pedido.Enviaram pelo correio e não foi entregue! Está parado nos correios,era para ser entregue até o dia 07/03/2018,mas não entregaram ",2018-03-09 00:00:00,2018-03-09 18:16:02
a2ff477bb48ace060ce1fbbb69105c69,0eac9f8e158a0eadfce8c9da8547a8ce,5,,,2018-05-15 00:00:00,2018-05-15 19:10:47
f7b4d26ee98e67801434a11a6c8561fc,f8b158fb8ab6cc090f0746a1eabd2e01,5,,,2018-07-04 00:00:00,2018-07-05 02:48:21
4108aad80563b14695a8838efde60dc6,af6e44b9d409160a33f41a80537af9b2,4,,Recomendo o produto ! Recebi dentro do prazo de entrega!,2017-10-19 00:00:00,2017-10-19 19:34:33
9b944ac590fe75604bfea6669340dee2,71564d5e5450bf310e411bc3087b2903,5,,,2018-06-23 00:00:00,2018-06-23 22:32:42
77e7959d15917863373b6a6fbeba5135,5e092cf7a8c77ef8b4592a9c656c498f,1,,"Comprei um kit de tesouras mas só chego uma.estou aguardando a resposta de vcs para sabe qd foi recebê o produto completo, pois peguei por 2 e não só por 1",2018-01-27 00:00:00,2018-01-29 19:36:42
e0bf5de58e5b0767ba445f1500a7d531,8d994041d6127d2acc8d13aad557e75f,1,,"A loja enviou o produto via correios, que não funciona! E não recebi o produto em minha casa. O mesmo ficou no posto e no único dia que puder ir até lá e devolveram ao remetente e fiquei sem o produt",2017-04-21 00:00:00,2017-04-21 12:55:35
41bd1cc0d4979d40814a23908c72b37c,7229fca9b269915fc63b44434d20828a,5,,Produto de excelente qualidade. Vale a pena o custo x benefício. Entrega antes do prazo estipulado. Recomendo ,2018-08-21 00:00:00,2018-08-21 23:39:43
5dfddc38f480c96759b371501fe313a4,491a23e567ce4c273419a63a41ff5876,5,,"Mercadoria recebida antes do prazo, gostei Muito, agradeço o vendedor, tudo certinho, recomendo.",2017-11-18 00:00:00,2017-11-20 08:25:11
3b96dc5d43554dd389d4e64a774c91dc,60218eecf87eaeb58657769f328f2726,5,,,2017-09-12 00:00:00,2017-09-13 08:37:42
68a97595d96f3890eb24bd5bd2654339,0a472c47d928bf4cd8b6a7a30345eeb7,3,Produto com defeito,"Bom dia,

Recebi meu pedido no prazo porém o pushing ball veio ressecado e descascando. Como devo proceder para receber um em boas condições? 

No aguardo,

Vanessa",2018-08-28 00:00:00,2018-08-30 11:14:50
c9a3f3ec82e99366c05f603261fe4629,3218aff04047889f8c6eaafbbcb4ea4e,1,,"Comprei o produto dia 12 de dezembro, prazo previsto para chegar dia 05/01 e até o momento nada de entrega e nenhuma satisfação. ",2018-01-07 00:00:00,2018-01-08 21:57:46
a3a394f225725ae91ff1c82d031a351a,7368d87533725a6bef612cdc83678f4f,3,,Comprei 2 luminárias e só recebi 1,2018-04-21 00:00:00,2018-04-24 13:36:16
8f17f1c3d4d38c48da3ab6082312ed8b,87a0cbc974ca0e017a65daacd3b3e2d6,5,,produto muito bom!,2018-02-10 00:00:00,2018-02-10 18:22:57
9e85a6cc149bc8c02c563a2b17b4a27a,1c9ac08a8e474b38e9231382778f7eb9,5,,,2017-08-19 00:00:00,2017-08-20 12:11:55
cc1ce095d850d1d931b32f706b1885b5,0bdba50744ca6b6e2c44940e00050e5f,5,,,2018-05-23 00:00:00,2018-05-23 23:22:10
a76a5749429d208052bd7c3a828a404e,5c4f206f887c5afc6acb306477d65807,5,,,2017-06-06 00:00:00,2017-06-07 14:16:52
1733261f54993fe82aef1c2c2454d9c0,5d1aca6ae03324b5398c241b3b402be7,4,excelente! Recomendo,"Recebi antes do prazo, embalagem perfeita. Recomendo.Produto muito bonito.",2018-06-14 00:00:00,2018-06-18 17:38:10
7b606b0d57b078384f0b58eac1d41d78,2f8f31eb2f7b6572836d662a6625c8e4,5,,,2017-02-15 00:00:00,2017-02-21 23:30:22
421810c67d69224d6c194d458971729f,1f9102e61cbd0d6147b706875c920a72,4,,,2017-12-08 00:00:00,2017-12-13 20:00:21
e4e50748d2d683f0d3de0b2089265b22,e0c51c7d23c16c36c365b7ae8bbe6782,3,,"As peças vieram conforme solicitado, porem as medidas não vieram conforme o pedido.",2017-03-14 00:00:00,2017-03-15 11:41:06
ae21fece743052b0c1a2f60a32a205f3,25461ae3c4bf9bf6e41a3a163f763c8f,5,,,2018-08-15 00:00:00,2018-08-15 23:06:19
417c8364fec556a58a5f8a741fe4ab54,cb1529a953c6df155505c4e2863b3b10,1,,"Fiz a compra de 2 itens, paguei o frete e esperava que a entrega fosse na minha casa. Porém tive que fazer a retirada nos correios e pra minha surpresa quando cheguei em casa e fui abri a caixa só tin",2018-04-21 00:00:00,2018-04-23 13:07:13
c796513a460c9400abb9bf09b2781e92,4ec3265e1601e14b39e11dee2e1d5fc2,4,,,2018-04-27 00:00:00,2018-04-28 03:20:44
71174191641391b1cbdf5bbebb8ddbe9,7645406942825a748f5db38c177b0a5e,3,,O produto não foi entregue. Tive que retira lo no correio na segunda tentativa porque minguem informou o horário de funcionamento para a retirada do produto. Não fiquei satisfeito com a entrega. ,2018-01-28 00:00:00,2018-01-30 14:12:44
e3d8fe8438deb7ef64c67191c0a1835b,e18cae15f26662973fbe293e695ffcef,5,,,2018-05-10 00:00:00,2018-05-13 11:02:22
9ddc165fa13ef1d774d7e5321f185f77,12aab7cb25bc6ae86c66cb3e7dc35a76,5,,,2018-01-04 00:00:00,2018-01-04 21:40:33
4dc739f912bdd343da538a11a58d6e20,618a75a5455f1971e39c8bec6af25e8f,5,,,2018-02-01 00:00:00,2018-02-05 11:44:05
ce1f46d52af042c7936a40784cd85808,04ca915235b56ef2ce81703cdaa6a24b,5,Super recomendo,,2018-07-11 00:00:00,2018-07-12 10:15:05
e6848c9faf7555af4da8643964d1cd7d,f0b2da40b961baf662d31db42b3964e3,5,,,2018-02-06 00:00:00,2018-02-06 22:32:36
7c729bc3828f5baf702d79b310c636d0,a8fff3e04abf1de340f6a42662daa292,5,,,2018-08-21 00:00:00,2018-08-24 09:51:25
0fb289126ceedb9e9152ee2a14a040c9,03d3db2eb72705d4b4dd30987cf610f8,5,Produto recomendável,Os produtos chegaram dentro do prazo recomendado. Já usei e adorei. ,2018-04-25 00:00:00,2018-04-30 19:18:50
f0d2d74671b7dd12a36a57ad0f1c3049,6f9f51617d16189c2f4cd4e84f92afce,5,,,2018-05-05 00:00:00,2018-05-06 03:51:13
3c7f4cdcbf2c61fae3ba04b1bf510dc3,7d78ea68e694cb6df0997bb8dca5cf15,5,,,2018-04-03 00:00:00,2018-04-11 19:00:55
d8b8c3f5718b703ee67dd9208982a67e,ea5a5e11ad8f97f731325b326cc2f3e5,5,,,2018-02-25 00:00:00,2018-02-26 11:40:56
508dae7a8d57af2cd529676dbab12561,72440dd8694d68e0ec2dd68e3fc3cbab,5,,,2018-07-11 00:00:00,2018-07-11 13:33:58
edf0db3607ec113d9c0cdd0fd0e14b8d,5e8c4235c5941812c1831d835ae020fd,5,,,2018-04-24 00:00:00,2018-04-24 23:58:47
4557ac44a08e8e27cc4a6a2fb37d8344,ca786c07fdbcd2a6beb42eab64c23a3e,5,,Ótima entrega,2018-03-24 00:00:00,2018-03-26 21:50:21
89f820429b1db81e8641b5dfacd072b5,04689f2d82bbf4efb4cd3300961d4211,5,,entrega rapida e o produto veio em perfeito estado,2017-06-21 00:00:00,2017-06-26 16:48:21
5c76511e9f54f229ed950958c980a7fa,e750c043ac98c8eb957cb52789f126b0,5,,,2017-02-24 00:00:00,2017-02-25 01:44:06
afe99ddf7b41c50e61799cb3b0215aff,1f3c0a87c88ece858b2f766ae1952dc2,5,,Recebi o produto antes do previsto. Parabens lannister.,2017-05-25 00:00:00,2017-05-28 20:28:56
70df8846d99f9011334e7c0725c47e65,53893bc57fd2d4ff7dc5e76ad4773540,5,,,2017-06-02 00:00:00,2017-06-06 14:44:17
5f7a55171eb2746ba5f8e60c8d7eec1e,992cbe3e064cd39f9ccde60a29ffcd3c,1,,,2018-02-11 00:00:00,2018-02-13 11:50:56
08011a674e3adde3e3556c9c74c85e92,9d747ac28c9c16805493c802a6ebafff,1,,,2018-02-01 00:00:00,2018-02-02 02:08:13
71b684e9d7a7ee502618574b1c04ba0f,65b8cbd6d0ad97befea844cc40817ccb,3,,,2017-05-24 00:00:00,2017-06-17 02:19:23
ae097d696746511a3d09405dd9714b3d,89e2bc56c561f718d762250d9d6eb0bc,4,,,2017-08-10 00:00:00,2017-08-11 23:40:37
28c48ed624ccf5855344639da4ffb854,862cca64868df4c3a3f0058a93aef465,2,não recomendo ,Recebi somente uma parte dos produtos.,2018-04-27 00:00:00,2018-04-29 21:54:53
503555307eadcc057de5564bdfca9046,fe550a071fd93fdf2ad73e26e878ea3d,5,,,2017-11-08 00:00:00,2017-11-12 14:22:30
29c55c384cbf612e098a1734a42592d4,086f617d66181efa193629791e0a9076,4,,,2018-08-22 00:00:00,2018-08-24 15:11:40
3a589aa3602a75a12f038eb4b7a58fba,797cbe6650a540e0515a523152c7f868,5,,,2018-03-03 00:00:00,2018-03-06 02:25:36
fe49e817b32604318325531d264b51e0,cd3e9759dc483946db2133168746fddf,5,,,2017-07-08 00:00:00,2017-07-11 19:45:25
5acf58e2073ac1c2c34453509c0a37ee,86bf07c0a6d01d38dd8ecd1a1b68d139,5,,,2017-09-27 00:00:00,2017-09-28 14:04:13
6fe3b192b01d2a11fb4c0d5c5b01e8e1,bfff22b563631e997a4a22dd4b87abc2,5,,,2018-04-10 00:00:00,2018-04-11 10:57:28
28749be4e9f00ad1305d70a22faa6938,4d34da0824213ee7962a5c5ed32b3f51,2,,,2018-02-22 00:00:00,2018-02-23 01:04:51
cd841775a8e6799e7c117fb72318da77,2790c1db6fab421570c3a789c96ffd46,5,,,2017-11-22 00:00:00,2017-11-24 17:36:29
74baf03c01898fa8bb07580d1b2e0630,ab74c0e5d243c75a0289ac0ed8811a97,5,,Recomendo - tudo ocorreu perfeitamente.,2017-07-06 00:00:00,2017-07-07 17:05:41
59b6b4103875281c68c3240c15db84e0,c13a4b8b536a4584745b7d62ef958ee7,4,,,2017-12-19 00:00:00,2017-12-21 10:18:22
4fea089659b78b233489192ca88d8448,6390d8596b48fe36ecbd508af3770dec,4,,,2017-12-05 00:00:00,2017-12-08 00:30:08
a2de5444519ee53529ee85b41dcc2d8f,1e8653b2cbcdd39e513300acd653dd60,5,,,2017-06-01 00:00:00,2017-06-05 23:01:11
1c5509fa6d800dbb1bad2f0eeb14d3e5,f9cfd7e4eb2776cec1a63a59a1305e9a,5,,,2018-08-29 00:00:00,2018-08-30 11:28:39
d83d345b51a00917f7cdb9f2b30d8980,faee84a4283f8d770ea390010415ad05,5,,,2017-04-04 00:00:00,2017-04-06 11:07:48
e0170621fe848c043110a9638c37ad93,360d1b0085f85a626f77b5fe558e8ae8,4,,,2018-08-02 00:00:00,2018-08-03 13:50:58
576bcaa2ef8f316d8f47f6dd5b537b82,54f0988d1c9f5f7f90410c09b2cbc6e5,5,,,2018-03-09 00:00:00,2018-03-09 20:09:09
fbaaab89772466bc264324d80e04bd83,1d637e7a91e7c3e0e94a91cdf693855e,5,,"Ótimo produto,podem comprar é maravilhoso!!!",2017-12-14 00:00:00,2017-12-15 14:06:54
5634e69c94c442771e2520e6d870b871,407fe646704ea7828e324c8ef7e7e616,5,,,2018-08-01 00:00:00,2018-08-02 13:49:47
a61eec5fe947261a670aeed60162267e,9371a323185fe5bc627ed3065bf2fcd8,4,,,2018-04-05 00:00:00,2018-04-06 19:43:21
df5595ba836d9cabb26876b752fe8fb6,983ee8a15c6bc4fab3c4f5503259ed37,1,,,2018-03-31 00:00:00,2018-03-31 13:33:33
f1b28d8389b384304d4158835b926fac,0452166f3b0d8e378179ecea1efdfe05,5,Excelente produto,,2018-08-15 00:00:00,2018-08-20 12:04:36
55f4ea6e39a5762b65d7d3e54883fdc8,2147876cd801aed5f273ba360d0960ac,4,,,2017-03-11 00:00:00,2017-03-12 11:43:07
96d308c91f38ae2c99da987849a9e0a6,73c0786753e32171d5d1bba1e682b4ba,5,,Produto entregue antes da data prevista. Parabéns,2017-08-18 00:00:00,2017-08-18 19:32:52
cec1a6e47c108f2344abd8a25e7b02cd,e9977cc6d0f97447ef0f4fcc2e082fc8,4,,,2017-02-22 00:00:00,2017-02-25 04:19:33
768988829402e0284324ef2957d4f0d4,afc1b46f2cb4b3f0d3432cae0af0ea75,5,,Produto Chegou rápido.,2017-03-17 00:00:00,2017-03-20 15:56:44
ba9f93c820bc0011ec9815bc7249bf0c,d99c77f6eb93e9cdfca26e997f54530e,5,kit capa + película J5 ,"Loja comprometida, postou rápido, respondeu todos os questionamentos eu recomendo, produto de qualidade. ",2018-04-28 00:00:00,2018-05-03 12:24:10
312f7af9ec4b72dbe68619fc5880d72e,11b6318ec732b94b5593c66ef1f37863,5,,,2018-05-19 00:00:00,2018-05-21 19:43:28
4c0558aa62f9c68bfdb0e74f1a64ce07,26bfc6c6251ef7eda55f7bc7f11e9647,5,,,2017-07-20 00:00:00,2017-07-24 15:12:31
f8d114a0fff151605ccaf887dbb17441,df3330ae0fa0cb3d71397806c44980d2,5,,,2018-02-09 00:00:00,2018-02-10 00:44:09
0cc470813fcfeccde404b6ef88fe76e6,12cfc50e5dd5eb78bd329c22b46da0b1,1,,,2017-07-12 00:00:00,2017-07-25 16:29:02
e8b6553d30e6815dffe0bfd10999090d,382fe4c08d9dc3aec94cd1aeca20b992,4,,,2017-12-14 00:00:00,2017-12-14 19:55:45
07c9ec2ce10f6967173c603a2e3c6392,d32fbb7b9c7d393b293c80e66091ee4b,3,,,2017-09-16 00:00:00,2017-09-18 22:41:51
c9317f668bc275d2ff5aea671664b589,0c5f595f24dcb36af04ddd9c0655d4ab,5,,,2017-09-06 00:00:00,2017-09-07 07:11:54
220e2317b1c6943f1773c06afd1320fb,bd6a4be98625711812fdabccdcdff8ca,5,,,2018-05-04 00:00:00,2018-05-04 21:53:59
b433bc4ef86efebe59ee749b936ff184,54082a3f0c13598bb5c2b3bb78bbbee8,4,,,2018-06-29 00:00:00,2018-06-29 18:55:43
792a8e117cf8aa1a34382436bb75d0c2,3785ffb02b0b201a23df7daf357c271d,4,,Muito bom ,2017-10-08 00:00:00,2017-10-08 19:38:10
e7ea8e816e2651a8cd50dd5f2d215b78,bba17d97a5a45416d0782d5d07fe740d,5,,,2017-12-29 00:00:00,2018-01-02 10:17:43
5adf63b4b619ced567f8d60d72d1e87f,7068aef0fc98a8ad539101be36ca41cd,5,,,2018-01-23 00:00:00,2018-01-23 19:35:32
2f8fe2797c58078f4a9d8cc71702a20a,9553913bb01853f78a265724d13eda3a,5,,,2017-03-08 00:00:00,2017-03-08 19:23:35
009e24bd86b93b700e4eb03f283ad4ba,587379acca182c8e157e4dc7c8923131,5,,,2017-09-03 00:00:00,2017-09-05 20:25:47
94213f1db5417565148101250153734a,4b42a606687e048a7a33669b84bf8690,2,Insatisfeita com a compra,"Gostei muito da pontualidade, da mercadoria,mas infelizmente o produto nao foi entregue todo. Pedi 2 kits e me enviaram só um. Como faço pra receber o restante?
",2018-08-18 00:00:00,2018-08-22 01:31:33
d56bd5c149eab5fb3c5dd215e8d05828,3c6956bf8f0e149d42761d50bf2ccb84,5,,,2018-06-29 00:00:00,2018-07-07 21:32:54
5f2524161d49676eca94c63f86196df8,24c6142a989e2c7774a57791c8cd449d,3,,Mandei dois emails questionando pq recebi somente um produto dos 3 que adquiri. Estou aguardando retorno.,2017-09-16 00:00:00,2017-09-18 17:36:39
c6664f8b591f965603f11dd76c8d3610,82857312ad869f872b950b616dc58273,4,Compra de uma prateleira ,,2018-08-10 00:00:00,2018-08-10 10:48:12
1d90dc444afcaaae38dd84ab89d982d6,a0bd30e5d025046a3a4bc67e02ca6a3a,5,,Produto igual o especificado,2018-04-06 00:00:00,2018-04-06 21:07:11
ba9b1ab14c43f0a25a6134180aef6bb1,719c1d51ad40a458c511ebcfcdd0ebda,5,,"A entrega foi bem antes do prazo, o que foi maravilhoso.",2018-07-22 00:00:00,2018-07-26 15:12:29
474909a44444fb374f6d39af8e90e3cf,34e974a7933cdef65a81519b29e3bb26,5,,"Empresa séria, entregou o produto no prazo. Super recomendo.",2018-03-28 00:00:00,2018-03-28 12:50:11
51a71df77bff4a4ff75ca87c7550fe1c,bd72f84bd892f4e829d7fa262004487d,1,,"O atendimento pela central é horrível. Ninguém atende o telefone, meu produto chego errado! Vou reclamar nas redes sociais ( não sei como essa loja ainda funciona) é melhor fechar com um serviço ",2018-03-27 00:00:00,2018-03-28 03:01:00
3282904559557e9efdbb842a2dd83033,a9495ad773a18a329a4f9e514f5c1c9f,5,,,2018-06-15 00:00:00,2018-06-18 12:46:47
874d9d39911fd291a25d66c3b440a9ca,1067b1fed93022ff928077f4db144386,4,,O produto condiz com as minhas expectativas,2018-02-16 00:00:00,2018-02-16 20:12:33
ec95fe83ed6c181f6b0e7aaa6e3f76c8,16d65d58409db5d0534f2fb1817696b0,5,,Tudo ok ,2017-09-05 00:00:00,2017-09-06 11:56:19
470f439e820c914345ef98cd21bb7891,166a835dcb0ffdb5d917db2a93358502,1,,"Não recebi o produto, tive que buscar nos correios, e ao chegar lá, não havia produto, apenas um envelope com uma nota fiscal, estou aguardando solução. Saiam fora, não vale a pena.",2017-08-01 00:00:00,2017-08-01 16:21:42
03aa7541b3525dab85b34255ba1c1215,fa1885a7cb632c832c660cc710bae77f,5,,,2018-04-20 00:00:00,2018-04-20 10:21:36
3b5391a79b8c4e511c7db2c9234ece59,3d76808da6242e8c7476a606fb6b5935,5,,maravilhoso,2017-08-16 00:00:00,2017-08-22 16:13:35
009a72fbf45dbdd5fdf1e833ebd88711,c8a713dcca463bb2802f76c94667b413,5,,,2018-07-29 00:00:00,2018-07-31 16:41:19
049c8284b929c7fa788a9304e3f7a7cd,654236657c61378a35416f08170ff0ad,1,,"Pedi e paguei por dois produtos, recebi um email não tenho como entornar do meu cartao6",2018-02-27 00:00:00,2018-02-28 00:24:38
886aaab9032de087ea52a4ac360a222a,bbeabf588cfd1094a645e92fcf277020,4,,Produto conforme esperado.,2018-01-31 00:00:00,2018-02-05 22:55:50
048856ebf5063cfe3e9516d21e97cb1d,3fe67b23f3a9532482fd5c6dda351895,4,,,2018-01-05 00:00:00,2018-01-07 15:24:00
ed6312acd795b9ddc847d2b9f109f815,f849f319243bc7755c4fa9ccdb35eea7,1,,"Nunca recebi o produto, entrei com o pedido de reembolso e fui ignorado!",2017-12-09 00:00:00,2017-12-09 07:24:18
ad0b21f9e9968657a6cfa590ec78eb23,5fe46d14177744ae2180101ce19bb414,5,,Produto de excelente qualidade. Entrega rápida. ,2016-11-02 00:00:00,2016-11-02 21:12:20
74e4e4990b37a16f32a15efb28d8636e,ba19b234cabc645ff31e7c3a0076de18,3,,"Dentro do prazo.
",2017-12-20 00:00:00,2018-01-03 19:30:07
04186860d50395e232b510d39a72666f,8691ef52aa97f8ba6d500780b5897e04,5,,,2018-05-19 00:00:00,2018-06-10 18:48:59
de383f45126bd92bb6965942a11270c9,da1a0dd3bf29adb14c8a77fca7388c11,5,,,2018-08-07 00:00:00,2018-08-08 11:58:00
63ad75e924448de77d16c8531b293416,e35b8d9f66d207952c74878ee321a213,5,,,2017-08-25 00:00:00,2017-08-26 17:12:15
b1951fbd538997ac0fe35c284e349a2d,f8898796f33b7a0741dc0cf4f54c0001,5,,,2017-10-07 00:00:00,2017-10-09 12:13:52
9593960e209f0e91a1e71c9e8bee043f,b3e2b81932a8bc32dfffd128937c3c5e,5,,,2017-07-11 00:00:00,2017-07-14 02:17:20
ec808260f43cf1265d8ee74b7a3e1459,af87d49b5a2696414bd17915b853c941,5,,,2017-12-06 00:00:00,2017-12-08 12:07:37
1b3b554186c17b4b95292ce62d710f07,c9db1bfe07af2c4724a461a704c1ec67,1,Não recebi o produto,Realizei a compra em 30/07 e até agora não recebi o produto.,2018-08-12 00:00:00,2018-08-13 12:41:40
a38d231c541a1cdc604640b66340b824,6228b5ff5e2a9f1cc96101d4c6c08d10,5,,,2018-05-19 00:00:00,2018-05-20 22:09:22
04aa9d7842e1825470bc937547658c08,d9e85a628a68f162d46b273ae52d0119,4,,,2017-09-22 00:00:00,2017-09-28 15:33:17
d96df1c7e161b088e9acd804ca7926b8,f7abaa156e535f9204ac0cedab166bd0,5,,,2017-07-04 00:00:00,2017-07-06 18:01:53
0fe3a2cf04cd756066ea40376ddf40f4,5953d2dd57f0e259f8b8489c37556e00,3,,,2017-08-25 00:00:00,2017-08-26 02:24:02
949a0bbf2522686d5092c1142729de78,7a5f69256be6f46a920fd29453aecd15,5,,,2018-01-24 00:00:00,2018-01-27 11:53:16
e8ba5ec028ada1f73891685551e78b7f,00471463a6106056c1a2a809f70de640,5,,,2017-10-13 00:00:00,2017-10-19 14:10:40
b7b577431f27313f717e77b986d26004,c94ddd241e51ad691efa43aaee5b7f7d,5,,O tapete é lindo ... recomendo!!!,2017-07-27 00:00:00,2017-08-15 23:47:21
d01f71e34f79fb3e427edcdee3b4a15c,4429817093ef382ad98f0d8471211146,5,,Ótimo atendimento tudo foi perfeito. ,2018-04-10 00:00:00,2018-04-11 16:33:30
335e69d2aa05283c5188e0a3aaa2f04f,2bad074d8cb50fea70e0a12bc2ee304e,5,,satisfação ,2017-06-13 00:00:00,2017-06-16 12:12:01
3a146d6748a8a1d523f5c0a9e8cc3e45,8ef3801f58da6b652a3082e1fa5b6589,4,,,2018-03-20 00:00:00,2018-03-20 20:52:07
28e1bd96e9f8efc7919e84eedde24997,5fe9874b96028c851e35c1c28aede4c2,3,,"Entrega antes do prazo, produto certinho..porém achei a cadeira meio bamba..mas nada que impacte muito!",2018-01-31 00:00:00,2018-02-01 10:48:22
a10547a41727e4bb333053af30f3d646,257b54c7aa667fa7865055803a58a737,2,,,2018-02-04 00:00:00,2018-02-05 16:39:44
70d1474f99a6bf0c79f654f8844ba404,59dccb56096ce22662c9a3f2f2312f39,1,,enrolaram para entregar,2018-02-03 00:00:00,2018-03-02 19:16:33
460fd104599c6ac0138f7bd54d495750,c37564a174d094e685810303fd46b582,5,,gosto de comprar nesta loja.,2017-05-31 00:00:00,2017-05-31 22:30:16
d4a226db5649dadce8ac176f0e2f9de4,61adc85552ac2f95e8d9ce8274b3bdaf,4,,,2018-07-13 00:00:00,2018-07-16 12:13:20
b88f7135cf846fbf94161fbaf325ceea,132ab6f8e1c86c21b064ee8832129bb1,4,,"Obrigada, o produto chegou antes do prazo e é muito bonito.",2018-08-28 00:00:00,2018-08-29 11:24:35
b196670f5730b0f0f7136c246c4a19b7,93e66102f38a99ee0f9f24af6d0ce1d8,5,,,2017-08-05 00:00:00,2017-08-05 20:04:43
86f8837a69282ab8cbd21ba20ad6bbeb,c410904a63a021b7cc16816947ea4769,5,,,2018-04-17 00:00:00,2018-04-18 17:50:51
962fd3578dca58fc967b8e3835e8729b,7263a9488004df94487b7f970be3b91e,5,,,2018-06-22 00:00:00,2018-06-26 00:04:44
9e458589684a37279022a15d18f6b038,b0708857586f16e3ada17925950a87e5,5,,,2018-08-07 00:00:00,2018-08-07 23:36:28
c12c236c611c2277a7c49bedcb2d5554,27d6233886151ecc1ed368ce120ec5cf,5,,Excelente!!,2018-05-23 00:00:00,2018-05-24 03:35:39
81938eb406bf52e109e7500a83c9d7eb,c9c52a54f8c144ef40de99a8a74a3ec6,5,,"A culpa não foi do fornecedor e sim dos correios. Produto muito bom, já usei fazendo trilha de moto e tá aprovado.",2017-07-28 00:00:00,2017-07-31 16:41:50
61634761a74ea7da85151cf094e88306,0724cc371750e7fdfe769d2a8bdd5b92,4,,,2018-02-04 00:00:00,2018-02-06 12:32:34
f545e23727c03249b313da893f19b2de,1aa78d3a94e9d8054d63fd230c076bf6,1,,"Fiz o pedido de um violão (+ acessórios ( e recebi uma bateria. Passei horas tentando contato com a loja para que a troca fosse feita, mas nenhuma resposta. NÃO recomendo! ",2017-11-30 00:00:00,2017-11-30 20:31:41
341c2a04e0506d94e0fda5a93a7907be,e5e1c16f3df58122b4b4c212ff8a9439,4,,Bom,2017-06-21 00:00:00,2017-06-22 11:10:15
1713797be41b9721bfc6386590851d4d,32e3f54d03f202e02cfc79f9fd91fd06,1,,"Já entrei no site e fiz minha reclamação, pois, infelizmente, o produto foi mal embrulhado e a maquiagem veio quebrada e danificada. Gostaria de receber outro produto ou meu dinheiro de volta. ",2017-04-28 00:00:00,2017-05-02 19:27:22
e0159245718e8bf21999aa2de4c2c36c,e30e1b2d38289d666f614ee04f5951ba,5,,,2018-03-24 00:00:00,2018-03-26 22:02:00
7177b0d791beb900ab8906e728b29455,22393c9bb58fd23ba0aaf68dab5094cc,5,Relogio casio entregue,"E a segunda compra q realizo neste site e todos entregue dentro do prazo mesmo com a greve dos caminhoneiros 
Parabéns a empresa 👏🏽👏🏽👏🏽",2018-06-05 00:00:00,2018-06-06 17:54:34
a8cf0ae69badd34710e2f571430c4d74,26c032093452825fab1ef0adcde581ac,5,Revomendo,"Entrega antes do prazo, produto exatamente como está na foto, de qualidade, recomendo.",2018-08-24 00:00:00,2018-08-24 10:16:17
a9d12f430f377628c35e5ea8ce7c37a8,49feda914c01f29c2cfdf7708278752e,5,,,2018-07-03 00:00:00,2018-07-03 18:23:50
d24f29f37bf2b021492de406eafe0992,7837962c3d0968b066e6e54738c2f307,4,,Entregue dentro do prazo.,2018-01-28 00:00:00,2018-01-28 23:21:56
6efa360af67391bedc8f2454aa502494,8304f049f874798b19276d475a0b1851,5,,Ótimo preço eproduto,2017-12-27 00:00:00,2017-12-27 18:33:55
e4418d4f1ad07bf42c9615948320c949,8b50d4c9560cac1625c6fd9f536fc780,5,,,2018-05-04 00:00:00,2018-05-07 13:29:02
3a94b2e3f1f3126c1e8e05e30775d7dc,f05fbff4a434f4d0c1e09000bf45f06f,3,,"Não recebi o produto, mas recebi o reembolso sem problemas.",2017-07-09 00:00:00,2017-07-09 13:39:55
0f5b2cc86d0db25a25375099d6a9d204,652feb1d4ad368d93e848e3e211445e1,5,,,2018-07-27 00:00:00,2018-07-27 18:58:13
0aa57ca4a0aeb1c545199fb83232cb43,22c129d6b11c5113aafece4670d8719d,4,,,2018-03-07 00:00:00,2018-03-10 02:37:54
d4eab4abbb06cb27ddc9c126c8ac896f,0546ac640227025eb2df422b1f613f66,4,,,2017-06-30 00:00:00,2017-07-02 22:34:53
ba49cde9c4022c85fc1a48de0a3eb441,a3e9e5209110a0dcfe5b20b01e6a69e7,5,otimo,muito bom,2018-08-02 00:00:00,2018-08-08 17:26:14
ff09244e9614f2d07702b25c3e2c6caf,e536cdf72fac1ac0394ce265d37d22e7,5,rECOMENDO,pRODUTO DE BOA QUALIDADE. pRAZO CUMPRIDO. eXCELENTE,2018-07-24 00:00:00,2018-07-25 12:23:27
6c301dd23bcc0a3b7dbbbb7b708ab102,e417eb578007d00c0b658bc321e625fb,5,,Produto muito bom e foi entregue bem antes do prazo previsto ,2017-10-14 00:00:00,2017-10-15 02:01:32
aa173c18bbb400a845d3cb04182496e8,042cfa84b1415cdcea821bcbc1bb8f4c,5,,,2017-12-23 00:00:00,2017-12-24 10:26:46
ebc9c29d8fde23345b7f177b9c89ad65,c000556923c9e9f96eb1121213f153b0,3,,,2017-11-30 00:00:00,2017-12-01 00:16:37
d4ad207d1b4f0c361edf36898d699517,17229fc3b255deaf774bd892c1673951,2,qto ao baratheon sim ,"A bolsa veio com a costura torta no ziper, e nesta costura por estar torta, não foi costurado o ziper, então está um buraco, não gostei, preciso ver o que devo fazer..adoro o baratheon,mas não produto",2018-06-14 00:00:00,2018-06-16 14:13:44
b16f83a4b8747d3008cfd54e6dec03de,55ef1695189508c09b58080d53d2b32e,4,,,2018-07-11 00:00:00,2018-07-13 12:27:28
8028eb3b4ef66817063e87726f020fde,e62c3201015050463bc2e3b6599a6bc5,1,,"Comprei o produto e até o momento não recebi e também não tive nenhuma satisfação de o que aconteceu. Que o valor foi debitado, isso foi.",2018-03-22 00:00:00,2018-03-25 00:20:13
0422d9cc34e36a7fceafd82d50e577a3,470ceef9068e1385a280703397af31e8,4,Otimo Produto,,2018-04-27 00:00:00,2018-04-27 14:13:42
a65b9b4b7db11fd115ab73cc60ec5f8c,87f41ac2bb62582fa23ddb02b79ef724,5,,,2017-03-17 00:00:00,2017-03-18 02:19:38
d61959a38f225bd30d8a353a24cf1956,ab4d923f0c19b1189d542b64352de060,5,,,2018-03-15 00:00:00,2018-03-15 11:18:00
c08f6048eeba1839bcc7ec38c0d2e848,4db79af544c8c9da4ef543192ec3179c,5,Super recomendo,Produto entregue antes do prazo acordado.,2018-08-29 00:00:00,2018-08-29 19:51:27
61b3b1fd91a8df23aa3188a08c2cbaec,71488f40fcb86621a50c86a9e1ce486f,5,,,2018-03-19 00:00:00,2018-03-22 00:42:45
27dcd226bf40307e2c3dd7dff805e497,483c0f7f44eec6fd0fbd90914d187226,4,,,2017-11-22 00:00:00,2017-12-04 19:12:54
52c29011bee58de1c89f4de9750f464c,19dc396137b147d804b74b9e5bbb9875,5,,otimo ,2017-07-12 00:00:00,2017-07-13 13:26:23
b0f0833a157dbb3d33ac2bf891aeacdb,ba3dfe274b92578ad6af3b17d141033c,5,,,2018-03-27 00:00:00,2018-03-28 04:52:20
95ddf97d294646fe0b04156a799d07da,6b0e4ed8dcbabec5410a8b28f0405cd6,5,Lustre duplo aramado,"Super recomendo 
Amei os produtos ",2018-07-14 00:00:00,2018-07-16 20:03:48
319cb3c58d82d2e2b9ae220b9e8ee82c,578e93018456eabf67495ce86d6e6315,2,,"Boa tarde, foi antes do prazo ",2017-02-22 00:00:00,2017-02-22 19:33:31
a47b3b42fdf8a73281e7f029a6062bdb,f25f425c1627a369f769d91d56c3da67,1,Não Recomendo,"O produto veio na caixa original, sem qualquer proteção, o correio durante a entrega rasgou toda a caixa, e ao testar, constatei que somente um dos fones funcionava. Pedi a troca.",2018-07-31 00:00:00,2018-07-31 14:15:54
f31dc774303d3e6560fe524f3a13bc5f,f08e7cbe4ee33176122952f10c7128b6,5,,,2018-08-04 00:00:00,2018-08-09 00:14:35
63aeb5b12f5fa56a143d545c16622728,2d395688fd6ae7eb8d492b8fd1ce287c,5,,"produto lindo igual a foto , ótimas medidas ,vale muito a pena , adorei ",2018-03-02 00:00:00,2018-03-03 15:50:02
f57a0a150b1d1ee06bc7570f52047751,be13978ecac5e754184c77063ea75e2f,4,,,2018-08-30 00:00:00,2018-08-31 13:11:32
36ec7beab972a0bd81e25c048195342f,a4b276bd4a9eba543ec90cdf29a67308,2,,Razoável. Achei a manta muito fina.,2017-06-28 00:00:00,2017-06-29 06:27:18
578fcf3f7682b40525410b426451497f,c557060689aaaae43b1c0369e2a1e221,4,,Excelente produto.,2017-11-30 00:00:00,2017-11-30 18:00:40
259d7e24fdc165eca679122592e62d41,d6021b689d20a82e885a61d75888df6a,3,,"Fiz o pedido de duas unidades, mas recebi somente uma unidade. Não sei se os produtos foram enviados separadamente, mas até o momento não recebi uma das unidades.",2018-04-10 00:00:00,2018-04-11 10:16:52
faa37bc9bd65952018be0bb674be9daf,99316aecfb3e31190e43714f7643a49b,5,Entregue! ,Produto foi entregue dentro do prazo e foi mais rápido do que eu pensava! Amei!! ,2018-05-15 00:00:00,2018-05-16 10:14:41
9e3efc28340426dfc87cbbd843268fc1,8b8e2225e5e318a19d2d7a375b56350d,3,,,2018-06-24 00:00:00,2018-06-26 18:41:56
629a2ae931b417897d46071ae151af7d,67204cd665c7418b36623b21584dc92c,1,,O produto infelizmente não chegou...,2017-12-31 00:00:00,2018-01-02 10:58:25
9ed9a45da2571174bb728777487f40d2,6b313b07f096e0b9354fd4f097abaed6,4,,"Produto ótimo ,entregue no prazo recomendo",2017-08-16 00:00:00,2017-08-17 01:45:28
18633f3ccce07cc4c01a203d78c1c2d2,4abd25ff34f0b324cadc39a6529b05c8,2,,"Comprei dois produtos e só recebi um, já enviei dois emails ao vendedor mas ainda não obtive resposta.",2018-04-13 00:00:00,2018-04-14 08:51:35
48102aacbd01ead91b10d545f2b6dfcc,8afa2e5e1db419ca84b2ec548bcfa4fd,5,Recomendo ,Entregaram antes do prazo e com o produto conforme anunciado. Recomendo. ,2018-05-09 00:00:00,2018-05-12 01:24:13
cabb3ee680326de1e117faf7cdee4123,c69a753d027c44254d7964a47718c07e,5,,,2018-05-24 00:00:00,2018-05-28 11:28:12
a0b607355c55f96f976655f6b28f1265,b0200f320613faea21c999a90efa28ab,5,,,2018-02-21 00:00:00,2018-02-24 13:37:17
b3b5de8de0875c0892dac314f06748de,81539e7eb97d9fba708603ac8f00b6c9,1,Péssima ,Não comprem desta loja! Tentei fazer o cancelamento da compra por 5 vezes e só fui atende depois de ter recusado a entrega do Correio.,2018-05-15 00:00:00,2018-05-16 01:03:27
303dd5ff0a34af71bd80f2cba790a190,2b4dd5231bfa1c6ad0442c5f1964044c,4,,,2017-04-09 00:00:00,2017-04-10 12:00:04
488ec1aa862d1f21dff2f2003838ca85,e6bcb00ca5426e9d00b50f8eeee367c7,4,,PRODUTO ÓTIMO.,2017-07-05 00:00:00,2017-07-08 00:40:26
86180d28009805b29dafecb0a672d273,e21965e5414f7e165a71649e68030100,1,,"Não recebi meu produto , o prazo máximo de entrega foi dia 26/03/17 realizei a compra no dia 18/3 e até o momento não recebi nenhum posicionamento por parte da empresa , descaso total , indignada ",2017-04-12 00:00:00,2017-04-13 04:13:55
99ab4427eb58f5b364d288a374ccbf2f,721c90253d3c1f625f71e2faf53a6b57,5,,"Produtos corretos, prazo de entrega antecipado.
",2017-02-04 00:00:00,2017-02-06 10:27:04
b2d03e4b730e0b8edb648ecd754a0eef,14e3b02a42f36ad7bdcdc8a0df427be3,4,,"Avaria na embalagem, restante 100%...",2018-04-05 00:00:00,2018-04-07 23:08:05
cd58b3b52d2707cb115de2c429125c5b,4c074254980764fecff977c97ce88c4d,4,,produto tudo em conforme a descrição,2017-12-21 00:00:00,2017-12-27 11:23:16
f31139781d6de070ff3eb9f58f74bde4,bbcd8e46520fed222134c829d40f79a6,5,,,2018-05-18 00:00:00,2018-05-20 15:14:32
68687a91d2496e895d28aba8936415a5,9f36a6b11ec95b4f8586000d49dae422,3,,,2018-05-17 00:00:00,2018-05-20 15:21:52
902d36dc3a5d4aaac9bc422102932246,0a9d793da20eb89ec326c840c46d7a9b,4,,,2018-01-31 00:00:00,2018-01-31 21:50:05
b3bef9674d4208b07c2313d1a6a62132,38b80ac02e3ce34b306483fc57a33bc5,1,,,2017-03-29 00:00:00,2017-03-29 17:06:08
3b3c4285babc5ada121c163460da6ca2,f97b2bdfbaca9c2f04722d8cbc8cc8a5,1,,,2018-08-17 00:00:00,2018-08-20 22:11:42
78adf4b75add99875af29d70ffcbf878,b2e5be9642d390480c19fbc80e533de6,5,,,2018-05-01 00:00:00,2018-05-02 00:24:20
fcbb923cd7b45cbf7707f8669e88e559,64c04b1fbf1d65307ee77fa046ea3b7a,1,A entrega foi pessima,"eu comprei o produto e tiver que ir nas lojas dos correios para fazer á retirar 
mas paguei entregando na minha casa então acho que eu fui lesada .
pela loja recomendo o produto preço .",2018-06-22 00:00:00,2018-06-22 19:39:47
0761191d550e6a7ccaca9d277277f118,2dd14275918584fb2a28d4a4300d01e0,4,,,2017-07-18 00:00:00,2017-07-19 15:16:24
ebe73d53029c5ffd1c8489f0f46d823e,825c221a4e981f278e9c5ec6ead83a3f,5,,Recebi o produto dentro do prazo.tudo ok,2017-07-11 00:00:00,2017-07-11 19:37:37
7a4b14b79bb1e7d642319bc184206bc1,c4ed5db53397cdd0f24bb4ba48f769f8,5,,"Não tive nenhum problema!!!!
",2017-06-27 00:00:00,2017-06-28 13:27:10
cd37e4b8ea5896a3ec1ff03a4baf61a8,cd0a3a0546d575990039ca72965ced27,5,,Entrega super rápida e produto de ótima qualidade.,2018-02-11 00:00:00,2018-03-15 13:25:56
68e7c9eb4272b4dcdda722560a4358c8,93b68446f352031c3899ff57f76f0a68,1,,,2018-03-03 00:00:00,2018-03-04 00:15:53
d7a8a55b49ad133439500db6b4d41b0e,fe2f8677aaa66d2344481c0925170245,5,,,2018-01-20 00:00:00,2018-01-21 02:31:00
1b55ead0887f11a689c54b2cbbf8832d,bfa2d90f225e338dc4f848b58789a3e5,5,,,2017-10-03 00:00:00,2017-10-03 21:47:06
3e6d246f593be44db21bc56b2247b3f2,3be070ae2edd92621c933c5341674b4e,4,,,2017-12-29 00:00:00,2018-01-02 17:36:36
bc815bbe9f2507c6e7872cb73a5e73e5,cd49c5c6f772ac87200f116a7a5499e5,5,,,2017-03-15 00:00:00,2017-03-16 21:34:33
a0c203cb1d262ce1df976f5c34c006b7,65bbd0719855fe808bb19f62dfa9f42c,5,,,2017-08-24 00:00:00,2017-08-25 10:15:05
87efa865093101e041b6183d4f9cd7b7,04a59fe46fc5aa341da5378c195ed53c,5,,,2017-12-12 00:00:00,2017-12-14 21:47:21
6e979a02afb0d0bcf5f37015664ff735,ada72a2d2e2c5621b9391b68e9cfa74b,5,,,2017-12-28 00:00:00,2017-12-30 15:46:55
fb3c9256a951c995aee9b8c7f96f5178,f3e4f521d6a68def7f89c8e9c8898829,5,,"otima
",2017-08-22 00:00:00,2017-08-23 01:31:16
ca4c23aac450c37fef4ef80267af713d,832c61671b530bdc7d56880581bc2146,5,,,2017-09-19 00:00:00,2017-09-20 23:30:06
14def4bb1685097bf69ce8c6f790a49a,5d389775a013b9eb8fcdab4cdc1eae1d,3,,,2017-02-11 00:00:00,2017-02-12 15:11:01
95cb598093ac4560bb69e48b5085a48d,f54985d5e0aa25e89765a7f3c1d7c445,5,,Tudo conforme o combinado.,2017-05-06 00:00:00,2017-05-08 12:54:46
35f99f8617e335ae7b1abb02b68ceb64,3bae20c7f7ad4cf125d51f381c55f8e5,1,,"Comprei 3 kits de cartuchos hp contendo 1 Preto e 1 colorido cada, total de 6 mas recebi em minha casa apenas 1 Preto e 1 colorido, com nota fiscal q dizia conter 3 de cada! Aguardo providências",2018-03-20 00:00:00,2018-03-21 02:36:47
668b26291b490551ad7c4bda19eb477b,b0f093c9a7e135bb44a1e1bd7406ba30,5,,,2018-06-07 00:00:00,2018-06-10 19:12:09
97859cb375e228277a637a6b9c3c42dd,45881387721786e660460cd8bfcb2010,4,,,2018-05-11 00:00:00,2018-05-11 18:36:27
acd7452c330c06403b0792be2d201a54,9f7b07e872a431807e81c38d6328502a,5,,,2018-06-19 00:00:00,2018-06-19 18:50:10
b1b7385e7099091e647b085edf55934b,66c8dae0eb958ee945dc71efd0a99659,5,,,2018-02-20 00:00:00,2018-02-27 17:14:12
e6d96ab3025bbb0b0ff69e7e38c09fe7,3d17d211984312889a4d60f359859535,5,,,2017-10-06 00:00:00,2017-10-08 20:39:40
2b334d5e20dc2c7428516d048ea22c8c,00fc308dd7f0937682698becaa9dcc45,5,,,2018-08-28 00:00:00,2018-08-28 19:59:36
9938b646f8e7e052ef8dd523dd0633cd,233f0d86db908dbeb6c2ae5675b31e71,5,,,2017-11-22 00:00:00,2017-11-23 03:05:47
23eb6178b1208f3a6f7439d54cd31d75,60ff47e655e87de64037be5d1f09ce7d,3,,,2018-08-30 00:00:00,2018-09-03 13:18:42
31182c4da9f7c5218159e071a305490a,3d0bb712c6a8ebe6bda01b3bdf6f331b,4,,,2018-08-18 00:00:00,2018-08-22 13:41:16
c44004d7e60dc281ebd5361b717570c3,5597332b7eded552f104108f22b023e4,5,Ótima,Muito bom produto,2018-08-18 00:00:00,2018-08-19 13:24:27
c5a706b5eb7a8d635ade0fc66534b6ca,8fe3b44d3161e377a52ba346b2b0ec08,4,muito bom!,Tenho comprado com você e tem sido bom! Espero que novas compras possam ser feitas e os resultados sejam os mesmo..,2018-07-25 00:00:00,2018-07-31 22:27:00
1d0663f158a109d9c3bdc2c7cf2c8fe4,42769a5163a34297f4458dbccf206b36,5,,Excelente!,2017-09-07 00:00:00,2017-09-07 17:12:11
22591316bceda940c081f2f151d16267,9e96e482f747d3cb997cff90397a37d3,5,,Amei,2017-10-20 00:00:00,2017-10-21 00:36:57
70ea1ba3386c95c93125d23168d30c1c,c6c96aae858cf470816e5080de363e47,5,Recomendo!!!,Recebi o produto dentro do prazo!!! No dia que chegou ja testei e adorei o produto!!! ,2018-07-24 00:00:00,2018-07-25 11:20:38
7dc43ec051bceec26b67d41ec63db8c6,8223c1c9dfe33eb14644dd34a5213285,5,,Esxelente,2017-06-09 00:00:00,2017-06-13 14:11:54
e27308466c302cdb718c9586141541b6,3c39f4ac4b4520bfaaba2cee448cd823,1,,NUNCA aconteceu isso antes com relação às minhas compras no e-commerce das Lojas lannister. NUNCA. Ainda não recebi o produto e nem sei se vou receber. Peço entrarem em contato comigo urgente.,2018-03-30 00:00:00,2018-04-02 18:41:55
f678fbd0e1a479e1f6a7d77d616ec71f,306193c0f58d9f95461c43563b65166c,5,,,2017-10-20 00:00:00,2017-10-23 14:51:56
3700f8d8618f19efc7f9443bd41cc551,0fe8b4edfb85dd0eb662345e71b30378,5,,,2018-01-11 00:00:00,2018-01-15 00:06:38
1d65ee99944759a8fa17c28fb9b3dd9e,0510f632b86f01064ebbde67deb63bb5,5,Excelente produto.,Excelente produto.,2018-07-05 00:00:00,2018-07-09 00:31:26
86256e6ddb2e7655f62983e30f3683f1,a5dfe2f94a7c8cb55a435a6ed9fc2c12,5,,Parabéns ,2017-05-16 00:00:00,2017-05-19 16:54:09
2e72644377982a4ce77cb2c2d758ce59,af8f5400111370accfbc1ba9820c5d20,4,,,2018-08-21 00:00:00,2018-08-24 04:16:07
6d37eb645f46d37141215fa503053152,368df49737936bddc9d47a700a1920b9,1,,"Recebi produto da mesma linha comprada, porém a gramatura e descrição não conferem com produto comprado.",2018-08-17 00:00:00,2018-08-19 09:12:20
04aa86e5ef8901467892e11be1999394,16fcb558c864b7eb62bfbf4a55be23d2,5,Muito boa!,"lannister ESTÁ DE ""PARABÉNS"" POR SEMPRE ENTREGAR AS MERCADORIAS ANTES DOS PRAZOS!",2018-07-11 00:00:00,2018-07-12 12:21:06
1c4303d11d168539c2a9d06f6a8dde28,1516bc58e1b5b8020aa6595d2e27e858,4,,Produto de excelente qualidade ! ,2018-02-03 00:00:00,2018-02-05 02:06:37
8b8f495d30fca09fdc8312e96de1bc47,b115422b830bf2840fccf6f0d6678ab2,2,,,2018-08-23 00:00:00,2018-08-23 23:14:33
6cc84e519feb21698b117826b6839b95,c57d8a1fea15380a18f9f81e1096ac9b,5,,,2018-06-12 00:00:00,2018-06-14 22:20:34
402563fbb2266f8bc453285348dbf304,a7e51dc801d3f66371a8896d54d04004,5,,,2018-01-28 00:00:00,2018-02-01 01:18:59
2d42a875608af066a8d7de1597b5ece0,1c7c35deaf3a1639e247ce03babdfded,5,Transação excelente ,Otimo produto. Entrega rapida negociação plena,2018-07-21 00:00:00,2018-07-23 23:24:56
c931b10d00040366429d6f35406a9c1a,ffea79d8c5fecc22cbff0c54eda9b65c,4,,"Produto dentro do esperado. Entrega rápida, antes do prazo.",2017-09-20 00:00:00,2017-09-22 00:41:31
6b9c44d921b57b402ba22e967aef8e4c,4f209a7c48b44a32ff3196ddbfb4d67e,5,Kérastase Chronologist - ,,2018-07-28 00:00:00,2018-07-29 11:38:13
4b722a92245b40c934b3b2a0ade2ea9c,e1a6a65ef3f7bc155b0e21555a728931,5,,,2017-10-24 00:00:00,2017-10-24 17:33:00
1b0d360c98484735dc94be4ae54eb24a,0a7f4604ee9cab65020038275efe1d76,1,Decepção,Quase um mês e nada,2018-07-28 00:00:00,2018-07-28 22:42:21
cc6850891fefa948913c99aedc19a86a,a2360f80888ccaa4da649c8d63001de6,4,,,2018-02-22 00:00:00,2018-02-26 15:38:27
4979fced5e7a43e34d6e00308531be2e,8fa4c1bf3c1b27d1349e2aa934aed53f,5,Satisfeita! ,O produto chegou direitinho e antes da data prevista. ,2018-07-13 00:00:00,2018-07-14 17:08:44
f07bfa96cfd9712c2b1071d30333ca98,9def7a5fa150d19b1aaa252828db8df9,5,,Foi comprado as fronhas e foi entregue no prazo determinado e estou satisfeito com o mesmo,2017-04-13 00:00:00,2017-04-14 15:26:40
56060e632fedd3670d15504baf3c80eb,da7025e8d32030ef1d9e4a200eb7dcec,5,,,2018-06-26 00:00:00,2018-06-27 18:51:13
273772ba069caff28c68d335fff8e474,e98405be83624163fbaadf39f502cfb1,5,,O produto chegou bem antes do prazo. Parabéns pelo atendimento.,2018-06-20 00:00:00,2018-06-20 16:45:13
c5f798fc17e4356141ecd324d0a7fadb,a6b961bbc6456602f652d926ee9ccd0a,5,,Super recomento produto ótimo e entrega bem antes do prazo,2017-11-17 00:00:00,2017-11-17 18:53:22
dfc84ec0a0252ddd73c75fdfff60e79d,fe59203fdf21267082352e201ad44772,5,,,2018-05-10 00:00:00,2018-05-11 16:19:33
6d1454c3367ee60f9026bec60cd41183,1b34f3de23ae790473c7e4ef6ac0b1f1,1,Produto fora de especific,Produto fora da específicação.,2018-08-28 00:00:00,2018-08-29 01:30:40
21e7202cb20e7a54e30b112d39452961,4e27ad7f1a6821ceddc8442eb1875014,1,Não recebi o produto,Aguardando ainda o recebimento do produto. ,2018-05-12 00:00:00,2018-05-17 00:50:38
683a551019f3edf7b15611ab3c1c95db,3a97b29009aa1ec54a67fd256b762b14,5,,,2017-08-23 00:00:00,2017-08-24 18:48:59
b1d03c47fdbb60f70f58b4d60b2271aa,9635ce9faca001ffd1c913c8e55deaed,5,,,2017-11-26 00:00:00,2017-11-29 11:43:41
4fd6d43fb8b2bad8cc665aa96b82accc,7013bcfc1c97fe719a7b5e05e61c12db,5,,,2017-03-02 00:00:00,2017-03-03 07:21:03
3da449f3f42e2495affe48dc7060e7cd,0814daa4d12a646aeb73c429d5852f4d,3,boa,cortina de blackout normal.,2018-08-03 00:00:00,2018-08-04 12:10:31
2a075bc5d5422ea2dc682360d3b741d1,803aa4666b8c108ee27e65f64ad038fc,5,Excelente produto,,2018-08-29 00:00:00,2018-08-29 10:02:29
8532c31f13bd07242597756eedb5be4b,1cbfc1686ec52edcda358b248aae81fd,2,,Então pedi 2 arara veio so uma,2017-11-24 00:00:00,2017-11-24 18:21:34
0abc4570f1c6d241d4a1b4bd28617c54,46513a6be6229688ac9b3144f995f95a,5,,,2018-06-14 00:00:00,2018-06-18 12:38:34
32ced2224bb30b91fdd8c77b2c497430,d2ed261659527fede5c1fe6fc288c366,5,,,2017-11-22 00:00:00,2017-11-22 22:53:49
06a7be2874236ef025ccd5e8f74e5087,8021c3dc6a034e6f153035028d421c94,5,,Parabenizo a todos pelo excelente atendimento!!,2018-04-19 00:00:00,2018-04-22 12:49:42
da95bc5de0638935a395014b5e635694,a22775141b5e773fb0dec808e36bf9f4,3,,,2018-08-23 00:00:00,2018-08-26 12:21:13
33665b06a550a3afdc054dc51218044a,2f5c5719818df4d83050dd5174ca0288,4,,"Foi tudo bom, só os correios que entraram em uma greve que atrasou a entrega, nada mais, não foi culpa da loja.",2017-05-06 00:00:00,2017-05-08 22:37:45
5f4472e6d7a00244c2016b7bbc320002,717903b4b996a7ae799b0c76b779fa0c,5,,,2018-04-12 00:00:00,2018-04-13 04:24:19
2cb5532c937e0a0751325a8649391837,5dea3bf3570049323c58794169b7638c,5,,"O produto veio correto, no prazo certo, tudo certo, recomendo a todos.",2018-03-03 00:00:00,2018-03-05 20:14:26
26d730835bf3551c78b93d13cd53fd71,b7e0017e946ce377e3e0559d5cb1200c,4,,,2017-08-01 00:00:00,2017-08-02 13:03:39
3e2aef89dd5f1091a4215a93a529c8ae,4ea3c6eaf3dc15ad857675322bfb6bd0,4,Atenção,"Ao comprar a panela elétric grill as fotos nos levam a crer que a profundidade dela é a mesma que a parte externa da panela, não é, é muito rasa, me levou a acreditar que era funda como outras que vi.",2018-08-30 00:00:00,2018-09-01 14:20:26
d3f6a183fd58d4afd1b44a1bb410d7c2,3a213fcdfe7d98be74ea0dc05a8b31ae,1,,"bom dia ainda não recebi toa a minha encomenda, pos fiz o pedido de 12 relógios de parede ate agora so chgaram 6",2018-01-23 00:00:00,2018-01-26 12:22:14
235427b929e21626335684f566baa770,652a34a98deb42a4ce9408d3287a100d,5,,,2017-08-09 00:00:00,2017-08-11 14:27:39
14ec320895739d4c5f0f33dd01419aed,fa0eabdc8b8a7fb4e0e95a2b70dabf8b,3,,,2017-11-23 00:00:00,2017-11-23 09:03:31
2c42ab04dea4997633269b18aefa6602,38c61d1bbf5143a8c347ebaa490e234b,5,,,2018-01-16 00:00:00,2018-02-01 15:19:34
c78b56e9abcb86780d41b2a455f4b559,31b5594fc512aedc5f790621219fd23b,5,,,2018-08-07 00:00:00,2018-08-09 18:30:45
648add5a08872983f363c73ee9d5a1a8,1498b25563986950783a674b05e9a526,4,,Produto dentro do esperado e chegou antes do prazo marcado. Agradeço e recomendo!,2018-02-06 00:00:00,2018-02-06 22:58:15
9276b6ce694e93cf33996747ec70b13f,90ad1e3d82f91914b8daf79afc7d79a9,5,,,2017-05-31 00:00:00,2017-05-31 23:05:36
382e82ec7c18d2d896b971be1a245151,23e328eaf02d129b3928e8012ffe85fc,4,,"Recebi o produto antes do prazo, porém em cima fica dobrando um pouco. ",2017-08-31 00:00:00,2017-09-01 12:42:21
23ea0784cd50daa706251cd971f45682,2259c28617dcf9c2ed34e78bb3dfb562,2,,,2017-12-23 00:00:00,2017-12-24 01:33:36
99c160141728286efa6dbca85570dbe2,708819b15b92924c2b0045e5e0a41c5a,5,,,2018-01-24 00:00:00,2018-02-08 22:46:09
3871fbbf3f0d3d972070444d247744cf,e0c49af20b2a6c2089f40a9d7a60d6a5,3,,"o Produto apresentou problema de funcionamento
nao conecta com o Smartphone ( nenhum celulara )",2017-06-30 00:00:00,2017-07-03 13:35:09
509db727909f7c9d13fdfb2bc1d1494e,90289a17e4361481e6880e751590f140,5,,,2017-09-26 00:00:00,2017-10-02 19:38:54
3a44cd416cadf6247f4db24a4dd1fbd8,1a537f94e57acdda6cfad59696759417,1,,Eu Pedi 05 caixas e so entregarão 04 e as caixas vieram todasdanificadas,2018-02-07 00:00:00,2018-02-08 08:34:53
0de6136c57a0048df224ff529ca2f6ce,50a6fb3fc2465d6d820f5a569be4d566,1,,O controle não funciona. Algumas teclas tem que apertar várias vezes para funcionar. Outras nem funcionan. ,2018-01-16 00:00:00,2018-01-23 03:55:59
5de2541f4ef6cb873b10673a727f5eb1,989c69b80eadc79ccae5fe89c92a35ce,5,,,2018-06-27 00:00:00,2018-07-12 23:44:42
4d3397c8f3c52657c0a43f44eb790539,15821a9a831a9a665df5d5e1568da975,5,,O produto veio bem embalado e no prazo,2017-09-14 00:00:00,2017-09-14 21:16:56
036e6b3b4dc0b58b3727153d9c97c226,02bee300cb834a5d334ae42fdc325e7a,5,Muito bom!!,,2018-06-22 00:00:00,2018-07-16 10:52:04
9119247b1e8bf5317b38ac23a577fcbe,ef2165ddd56495b711b9a61098a7e6f2,5,,,2018-06-20 00:00:00,2018-06-21 01:08:54
2645f47929735511abf863695ca62b43,9205fa5e239eb69fa652c044d52f7c0c,5,,,2018-06-16 00:00:00,2018-06-18 17:56:32
e4bc2c380ccc2d51f2bc70a581b4b6c0,8a2914855b65c59992d45f1b611388ea,5,,,2017-08-15 00:00:00,2017-08-16 00:25:18
13a74bf51a2757d71e44966a74c1a1fc,ac5d693f43004c406ffca277f9d3e63c,5,,,2017-10-09 00:00:00,2017-10-09 23:37:15
22568962a43f7ddf9c75b43b64507678,ff1a5ab32e4131d647fa856bee2d4ff5,1,,,2018-04-12 00:00:00,2018-04-12 07:05:17
d0e393ba4b8737b280accb18203a6c51,9dabd200c58f609f380ecd1e44898086,4,,,2018-06-28 00:00:00,2018-07-02 10:16:04
f7e38309cb2ac4d3cf882bad212f54f4,5fd0b812a7ad786c02970c4223ef1dff,1,,,2017-09-27 00:00:00,2017-09-28 14:42:56
71bcb2c9d90a584c8f50f7b3788dcad3,25d3716d0097db13efad1ec47ea26551,5,,,2018-08-11 00:00:00,2018-08-12 01:57:49
287a080ce85698770e2ac49d709341aa,5afa996de851bd409a84c61745106947,4,,,2018-08-18 00:00:00,2018-08-21 14:25:22
c1e955ce419fe225bb25a23e9a781e25,c9abb9f3b4b71b87bfbc5645a02cf8cc,2,,"Recebi parte do pedido. Comprei dois cartões de memoria e só recebi um. Também veio outro pacote do mesmo fornecedor, só que com mercadoria errada. No mesmo dia que recebi a mercadoria entrei em conta",2018-04-24 00:00:00,2018-04-25 16:26:16
cf3fcabff34b05cf4edb8e4c550056b4,f23bef5ff346873476747ab073a43877,3,,,2017-06-02 00:00:00,2017-06-07 14:06:58
d368e76f98bfb6e28aed307364d749f6,cdb67b9f52b1b7cd79169a5aae48d7c2,4,,,2018-04-03 00:00:00,2018-04-05 17:40:45
74adab95eefc5288753893607dbd258e,419c1fa500ceff6a8d5ee78cf19d2a6d,5,,tudo correto e bom preço,2017-05-17 00:00:00,2017-05-18 14:04:51
2d4c2d65f6866fc78eda006fe255eae2,ef160b1ef2464ef2521274c790ee0cef,5,,"Fiz o pedido na segunda e o prazo era de 10 dias e no dia chegou, super rápido e o produto é o que eu queria!! Td perfeito, recomendo a tds! ",2017-09-20 00:00:00,2017-09-21 01:35:59
1e0dc941b1624c8f5687ca34c427c820,a9f6addcdb232b9d636f61f71c683349,5,,Entrega super Rápida e adorei as tesouras recomendo!,2017-12-29 00:00:00,2017-12-31 21:54:47
6914c4270aa5623b6fb5993accddf3ad,778d960ed98fe278fca42ee20d002b1f,5,,,2018-05-10 00:00:00,2018-05-11 14:59:16
3c28b9d1ec4829d83b67b26069bf73f0,efd5f6d335841ef212ce657580faf95d,4,,,2017-03-21 00:00:00,2017-03-22 03:05:51
c2ef1d17ad335476d4f10852afcbbbc0,0d5fb8614978748bcfbef448c8a74a17,5,,,2018-08-16 00:00:00,2018-08-17 23:28:28
bb7c4b9e5a53fa5a1f40c1b1923401e4,620f2b2f6cabdf0426262c47bf3a883c,5,Otimo,"Produto bom lindo chegou em um dia depois da compra.
",2018-08-04 00:00:00,2018-08-05 13:20:43
aa1350f10b6efa430254b68f51919aa3,4ce0d39282d4d45834a51b1ca7fbb311,3,,"Recebi, mas houve diferenças na orifício da câmera traseira, sensor digital, flash.Ficando fora de centro. ",2018-02-22 00:00:00,2018-02-23 02:13:25
c7703ddf7f221a64a6055cebdb5650c9,2074522aabccf07984a2e77f7219ece5,5,,,2018-08-18 00:00:00,2018-08-21 16:50:58
ad0605a5c1d324f5fd29d450365cfe8f,f6fe071c40a5c65d2756f92dac3506e0,5,,,2017-07-29 00:00:00,2017-08-03 17:23:56
05a1fcb9fc338af6fba3116ddc0cc00e,f8571f355da1f3a55b8e264558e8e1f9,5,,,2018-06-20 00:00:00,2018-06-23 04:15:57
6628914b152029fba77654057071eeac,ad0d46c22c5a9dd2699f5142b1882f5f,3,,,2017-02-11 00:00:00,2017-02-13 18:25:11
b63a313f8eff324a29823852060d585e,7abb06b108806e10304ae7d1bdf3eabd,5,,"Produto de ótima qualidade, rapidez na entrega!",2018-02-27 00:00:00,2018-02-28 13:53:47
e62f5da8f06207f90573e7da54c5fa0c,29d3f2fc23b7f95b28dbe5e3ef783d93,4,,,2018-08-14 00:00:00,2018-08-15 11:28:30
98ddc5199a8cfe4d8fa73752878bfd56,3d04db36b662c14acf27ab0dc7057fef,5,,,2018-06-06 00:00:00,2018-06-09 01:16:59
64cc3a3c459cf8a1d1b07ada1a839696,636f0241ddc83a3b9e37a8088167bd45,5,,,2017-11-04 00:00:00,2017-11-05 16:54:13
3e8d5db4d00ba3089292b44a1cdc4fb7,9e1cc8d31c00bfb769e00998a4b665c9,1,,Mas pena que o drone não funciona,2018-02-01 00:00:00,2018-02-05 17:34:53
49fddd4cd8b52254990d0a01a6f14902,a0563252fd4da955a4bff4e622f4d81f,5,,,2017-09-19 00:00:00,2017-09-20 00:32:22
0eb80057f6811de4563947653af69579,d7b2d3b902441cf3dd12cd125533217d,5,,,2017-11-14 00:00:00,2017-11-17 15:58:07
251e160c69f6c1670bb65c9dfe6078ab,7cfa85c7c53799aa2c849044711e9256,4,,,2018-05-03 00:00:00,2018-05-05 23:46:27
7728f72b7a4476f369a7eeda07adae0c,323bbdc2ccee2a7f26f2a66fca94e58b,5,,Produto chegou antes do esperado e é de boa qualidade. Super gostei.,2017-10-07 00:00:00,2017-10-08 01:03:52
f8c39654aa2349dfb94f274ccefe7c80,e22a3e8048469ea68906f666d446c25c,5,,,2017-09-06 00:00:00,2017-09-12 11:18:15
ff98de72f68fa277d2d3852756aa2ff9,b32226e3b83849c23551e39452d562cd,5,,,2018-08-04 00:00:00,2018-08-07 01:33:21
053fd3a2c7cce00b503b111bb2e380fe,0bb273d0289520ad7addfc985468f5bb,4,,Muito bom recomendo,2018-03-16 00:00:00,2018-03-17 12:58:15
71899d0f63ed05c46fc6c13daa467859,d5a6117da9e539f1a08e0443644788ff,1,Sugestão ,"Apenas um detalhe, a película de vidro não é recomendada para o Xperia XA1 pois a sua tela é abaulada e a película não adere nas margens. A película recomendada é de Gel. ",2018-07-06 00:00:00,2018-07-09 13:02:05
0ebe7ee140d1e05851a48b7a25619f85,b5b0356c157cc9bfa4ec67e43d7abc09,5,,,2018-05-18 00:00:00,2018-05-21 13:02:48
218f94cfb6ece02a20aae67923139da7,567b5fcbb939e9c7357320d26cbdf4fe,5,MUITO BOM,"cubo bom, porem vem com os parafusos meio soltos .",2018-04-21 00:00:00,2018-06-09 21:16:34
95aa7404aecf83b7a4f73b6bd3b47ccb,c7077af9c2e19b516a79690cab23a96d,5,,,2018-02-15 00:00:00,2018-02-15 17:55:48
781879b9ab4b3ac373ee5175e809e077,ca4d9163f73c29c767a726571e8baf23,1,,"Enviei três e-maiils para a empresa afiliada às Lojas lannister sobre uma posição quanto à entrega do produto, não recebi nenhum retorno. Quem me retornou foram as Lojas lannister para me explicar.",2018-03-25 00:00:00,2018-03-26 11:00:20
be33b5b5446b186e6f6ef4c9963f1b37,9a9c8bac5de91ca285c8224b5abd58ae,4,,,2017-12-01 00:00:00,2017-12-01 18:07:03
5c430a138c99bdcf841f99671c4b08db,fa99f9d0ca69a5d2bc4c66f71e31918e,3,,,2018-07-04 00:00:00,2018-07-05 03:33:07
a41139f99b19e5970b0c840634ae702a,205f0525fe708de4db2434516fe7c376,3,,,2018-08-01 00:00:00,2018-08-01 23:18:27
d4ce9c6913cb23ce1e35752fe4c03d41,4154d7944db36e9140645486ce34027f,5,,,2018-07-31 00:00:00,2018-08-03 01:38:34
e70f3ec7f842142ae3c6a4e219469203,f2d47fbf55381cc42d5a3a8afc7f060a,5,,,2018-07-22 00:00:00,2018-07-24 22:44:30
d640c6e6e60cc759e95b6ec500e0da11,2aca6ae53d657c0a06f585816ca6781d,1,,Meu produto consta como entregue mais ele ainda não foi recebido.,2018-05-16 00:00:00,2018-05-17 20:30:12
c814048796c642addff6314b1caf062b,6c682aa3032d2639e12a64b3c2a907b7,4,,,2018-02-17 00:00:00,2018-02-18 10:32:29
70e766e69c12f5e68cacfcd5a367a6e6,fc8b5696b23d0710ae737ff9c16f80ea,3,,bom produto.,2018-01-28 00:00:00,2018-01-29 21:14:37
ff30e07ff5083cb7eaf4291f9324a8a1,1beaf0622df76c7b2b3be0746722f381,5,,,2018-04-05 00:00:00,2018-04-05 21:25:35
206611e47986f3f21643135abc28d022,840a030c24ea3c06dd506a43ce2a0c17,1,,,2018-05-11 00:00:00,2018-05-12 15:45:59
0edf4a7e5a01cd378c390fc012ee9b98,d7f6ace2a350940d10999a89ceb44d72,2,,lannister ótima mais o produto é péssimo! Descartável. Quebrou no dia que foi montado. Não recomendo a ninguém. ,2018-01-23 00:00:00,2018-01-25 04:09:30
a43bf4041a53b4e8ed87fbf315b62dad,de8e149a85e92c7cf24c1f7318f5f1a1,4,,,2017-11-22 00:00:00,2017-11-24 14:41:52
4cd2c26bf1305d1a5f2308b1ff03c322,52628d72feaca84428e9d902d3985605,5,,,2018-08-14 00:00:00,2018-08-15 15:42:22
605050943e6b21830e963c00bd118eb9,16bf4bebb63fe2842793fa1e3fbb83d9,4,,"Gosto muito de compra nas logas lannister, entregam rápido, recomendo.",2017-10-02 00:00:00,2017-10-05 13:16:56
6c9a17fd4861110a753c7793d15f50ae,25329aedc3217909f194254caa1e2bb1,5,,,2018-05-08 00:00:00,2018-05-14 00:55:13
1ea4b7a751f78dbedf957ab4dfff3c03,85eb2a6b95fb63038d835a7b235b47d0,5,,,2018-06-12 00:00:00,2018-06-13 01:56:58
f356c3741860a1298480816676fbb48d,9857b6e0079dc9b6081c5d1e2ad75b48,1,,,2018-02-28 00:00:00,2018-02-28 20:25:19
1b6e122f342c067ac1a62bbfc5360e57,17241db677e74dd094059c24370fb785,5,,,2017-12-11 00:00:00,2017-12-14 17:46:05
64be4ded6d8978aa4e8e0ad636c1fcee,92108d9a563df7232a318d0736680ea5,4,,,2018-01-06 00:00:00,2018-01-07 01:31:16
c32f6ae933c6e1b32ece5b4fc839b085,a438cc4a17bee890885f11fb9a4ee39c,5,,Era o que eu queria.,2017-02-24 00:00:00,2017-03-06 12:04:25
c7ec8548001563241fdedaed1a624bc3,ac21545a31cc2f10904bcc68254c1d11,5,,estou muito satisfeito com lannister,2018-04-07 00:00:00,2018-04-08 13:18:44
6e194a10b635e1794b56f4046cd525e2,102a6b13aa973c8c169ba1d62ffa4cce,5,,,2018-06-22 00:00:00,2018-06-22 23:22:36
036ea03185f9aa593d9cad1335e1acff,faa01b7a24d0ba51d0d0ec652cd9b745,4,,"ainda não foi usado o produto, mas acredito que seja ótimo.",2018-07-26 00:00:00,2018-07-30 12:03:16
ceec8bc717c77add6657e182e9a82074,00b402e8a76d3da83714c52d3977cc2d,5,,,2018-01-20 00:00:00,2018-01-20 15:02:50
1989c79faecc9bcc9ae8f1678c08aef8,960dbad4c14e64cd6b327fdccdb2d231,3,,,2017-12-08 00:00:00,2017-12-11 11:02:26
7b7bd6cc0d8eecc2f7fc6110ec1f0201,210e60465099814a1d2c7635e4065153,4,Bom,Espero que seja sempre assim rápido e produto perfeito.,2018-05-23 00:00:00,2018-05-26 00:40:44
a8cc3d21c7993265b58cd48376cf9ce3,27ea1775a86c796168b08511e529d0a3,4,,"Tudo em ordem, apenas como das vezes anteriores recomendaria embalagem mais amigável com menos fita plástica.",2018-03-07 00:00:00,2018-03-07 23:02:17
d5c5e1f1d83b29a144a5ab1154aa47ba,9803d53681d599da06e759c5935f89e6,3,,"produto bom, só não pode colocar muita roupa",2017-08-26 00:00:00,2017-08-27 17:32:00
490be4744bde20f21619b4720442c716,5662e7f8bbc6abe55e104ac06994a731,1,,,2017-10-19 00:00:00,2017-10-20 16:33:31
102af4049fe85c477cfceb414dafb432,631e1f23f43b7ccee3a0792a1852c931,5,,Produto de ótima qualidade e entrega super rápido.,2017-12-01 00:00:00,2017-12-02 00:20:25
1329b4f7ae9a0327326f2d287c2dcc35,8774dccac317f54e3e9b3c6096a9b2c6,5,,,2017-11-04 00:00:00,2017-11-07 12:07:26
4bab591ef7c7eb3a3a5bc866f214237f,fd4787fa8be4afcbd8ba795e775cab51,1,,o produto não foi entregue,2017-02-07 00:00:00,2017-02-10 11:47:48
cb2ec025f56cc52bd872eb19f435869b,569d43a54c364df5b367ab33e96eacf0,1,,"ainda nao recebi o produto e nao consigo gerar vale para comprar outro.
exijo atenção para meu caso.",2017-11-10 00:00:00,2017-11-13 14:54:23
ead6e1f2294d73cf0d81e02fe6149f01,2df86a1fe8ce1dbff076f3eef50a664e,4,,Frete absurdo !!!,2018-03-07 00:00:00,2018-03-09 23:22:03
a307586080dbfa0af0010a4b441af586,b736f9c98deb53b03ac6e931f3373063,4,boa,sempre boa compra,2018-06-15 00:00:00,2018-06-18 16:22:18
ec5670a234dc0e660d4d64e1c33ffd0b,0355ae43910316435f24cb54605a820d,5,,,2018-04-08 00:00:00,2018-04-08 15:44:11
d6de648dbfa4ca85611e72ac7bcf031f,29ba75517c9ad2e541a05d0d3098dcd9,4,,,2018-03-11 00:00:00,2018-03-11 15:31:31
0a8aafc386afc64123827bc2abf987db,c3fe6314b2bcaa6de6f9611550dfa399,5,,Recebi hoje,2018-08-24 00:00:00,2018-08-25 00:22:35
4815fb966b3623f883b006fe1a054ac0,12aef789cfc998f5f44ddf27c24e354d,1,,,2017-08-13 00:00:00,2017-08-13 10:15:49
93381cf064b5b349ce363b85e57e58ec,6d1a52060faffae010ab6d691f913b7f,5,,,2018-06-26 00:00:00,2018-06-27 21:30:35
e32e3c6c1279c424af1a40e7bffd24d3,b05922c45fc699ae9049a2c5add3e02a,5,,,2017-02-18 00:00:00,2017-02-21 05:08:20
8ac1cdd36adebdf7c07146ce5d5dd0b0,4568bd0a9ecf831c2b27743ccf0f2015,5,,,2018-07-13 00:00:00,2018-07-18 14:13:36
b7db2324f414f8149522dd8716817fa4,f52b64a627a310405cfd65e2a23acb23,5,,,2018-03-01 00:00:00,2018-03-10 23:48:09
157755030516c967768fe8b83b1753d4,4e376d36ceeae3f2cbf66cb0ca84c799,4,,A entrega poderia ser mais rapida.,2017-08-08 00:00:00,2017-08-11 10:31:31
0df1f72fea4dc90f8a8805466091d54a,509952a95c250007c345b4b929663dc6,4,,,2017-07-13 00:00:00,2017-07-17 12:47:52
8de1d4d5362fee0ee9cc6118ee82d6b8,378895a1dc15cc571051e1b1c2e0c27d,5,,"produto bom 
ótimo site, eu recomendo ",2018-03-03 00:00:00,2018-03-07 13:27:15
a41bb8c663eaf8e7ac519c9cd09ff1f8,194722a4c1cad67f5b368dce6edcc88a,1,,,2018-04-07 00:00:00,2018-04-08 22:50:42
47c33a7d434a10b35907a00dffe922e4,e849e2829de302019ae8bd9924055171,5,Muito bom,Podem comprar recomendo muito,2018-06-07 00:00:00,2018-06-08 09:09:08
db68bf1403035b05dd19ad5c339dcf38,3d989e705eac70bfb1f4a430924f3402,5,,,2018-07-12 00:00:00,2018-07-13 00:42:31
315ba11769bd548306b60d3067ba0bab,b9b90be72479c512c6ab9824a1ce256c,5,,,2017-09-28 00:00:00,2017-09-29 18:45:15
c96e2f0c2cd33bde7e47beca47f52529,d2e15d8894685652160e7545fd304610,4,,,2017-12-20 00:00:00,2017-12-22 21:26:50
f09e4cb1fea6fe8c318b27aad3c05c48,27cd425460b501230b37206f151711a6,5,,Adorei entrega rápida e eficiente ,2017-10-05 00:00:00,2017-10-05 13:21:52
b1335ab6369036a1935af133cea0b009,0589d8b975f21fea2ad626ea99527911,3,,"Falta entregar o resto dos produtos, dessa vez não demorou, muito da primeira vez demorou um mes e 10. ( vcs deveriam abaixar mais frete de vcs que é muito caro. 
Obrigada",2018-03-08 00:00:00,2018-03-09 12:06:05
edb2c38e4497fce00250330df4217778,f5508c24aa4418c7069ad5a43b06bdee,5,otima compra,,2018-05-19 00:00:00,2018-05-21 00:01:57
feb29a3c7e681b82d1d0493b544973ad,f00c74caaa25430b1fa361c158e8996a,3,,Ainda não tenho opinião sobre a loja. Como posso dizer se recomendo se não recebi o produto? Sei do problema da greve que tivemos e deve ter afetado essa entrega não chegar no prazo. No aguardo.,2018-06-09 00:00:00,2018-06-11 15:06:39
efdab5aaa51c6ba75ff4bd77f0b33704,9e7147a6ff3d5299da2672e1c64c9c49,1,,Ainda não recebi produto e a entrega esta fora do prazo!,2017-08-06 00:00:00,2017-08-06 19:38:21
9a94ba51b0efff610ec0d0be9662ad54,15de6843350851629a5466a37d2b3486,5,,"A capa é bonita, mas cheia de rebarbas. Acho que pelo valor, deveria ser mais acabada. Parece algo de 9,99. 
O produto foi entregue antes do prazo. Muito bom.",2017-06-08 00:00:00,2017-06-10 23:27:39
a38ec1acb83b0b74275659195aa24483,ece3ab91bd67ba73563dd0468fc3bde2,2,,,2017-10-12 00:00:00,2017-10-17 20:20:09
5aebaf65049be0f5f28a7a5896f44f2a,c24d5cfbabc3f3d25c944b62f3501bc2,5,,,2018-03-15 00:00:00,2018-03-17 10:05:50
6430f29aeda1fcb3c23c133b1d5e8cd0,76b8568803f110a59ece4167463a4a7e,5,Produto de boa qualidade,Muito bom eu recomendo,2018-05-04 00:00:00,2018-05-04 04:26:50
6cf678826541090b0a32fa06e99ce7ff,5b585b8178b9e47c6d423e0e79f415af,2,,,2018-01-31 00:00:00,2018-02-01 01:11:25
078d419a720cc2c9d68b4c71ae502530,5f4c7549b7a52062dbf797ca9344bd54,4,,,2018-01-10 00:00:00,2018-01-11 09:28:28
6b92469d51a79082d9c40f8f5b53e03c,19196153dd04a2d8685e3928185e498b,1,NUNCA RECOMENDARIA,"Péssimo serviço nunca mais o site do shopptime, segunda compra que realizo e a segunda que da erro!!!! ",2018-06-09 00:00:00,2018-06-11 16:11:12
f18f98e800d133a114ba1f374334462a,07f9acd4e59411df700a59f89d4da8ed,5,,,2018-08-10 00:00:00,2018-08-11 01:35:10
72b98f4a9443cf7636a7f36d30c37ae5,64ec5cf30ebdfb09f6c023919646545f,5,,,2018-07-27 00:00:00,2018-07-27 20:53:47
0b7beff6f5ca5939c80a33decf2a4f49,44699b6718b35247c4ae1e798d0ec533,5,,,2018-04-17 00:00:00,2018-04-17 22:24:27
e2608138d8f80412f75905672f5f8136,fd8c19c45239a0a139f809050de68c88,5,,,2018-02-08 00:00:00,2018-02-10 19:18:41
efcffa6b170981f9db39ee34f9916d6d,99330d45c3ba6f45ad5745f6de036c5f,1,,Ta faltando um difusor,2017-10-21 00:00:00,2017-10-24 02:06:05
22dff40b3b946c8b5081b38342ee9d23,479715da59efdc67c1722f985a94d18c,5,,,2017-09-12 00:00:00,2017-09-12 21:44:38
acd1774d4101c010eede96a0aa7e295c,f3edeb6abd99f61bd94454f9e7687b67,5,,,2017-05-13 00:00:00,2017-05-14 18:15:18
28ca1ef3654a32df2ec947b123a1385f,27ea1775a86c796168b08511e529d0a3,5,,,2018-03-14 00:00:00,2018-03-21 21:30:50
10e635121d85204118f97d37b98b4f4b,41e296c991263f9ade5507299e38fe72,4,,,2017-12-06 00:00:00,2017-12-08 04:15:01
2e17489d5c4987a9010459ad3eb50c59,2e87d5b27ba52796b2b5250002426561,1,Muito ruim,"O produto foi entregue em outra cor. 
Solicitamos rosa e veio preta. 
Também veio em outro modelo e não conseguimos efetuar a troca pelo site. ",2018-06-22 00:00:00,2018-06-24 01:32:44
9c4f815f5bc3e153b7509eca657dfa9d,b9301fa4912e6d5f755e12b4986c5f84,4,,,2017-03-29 00:00:00,2017-03-29 21:43:17
8de616aed5d0925d78bef105e2c092fe,d865ad03de9edf74fc6bc89b5bd52706,5,,,2018-08-21 00:00:00,2018-08-22 19:06:43
5719f52d522d41c82b207f0b120c35ef,ad0e80cb90ad456f01f1533e4cdc1f0d,5,,,2018-03-02 00:00:00,2018-03-03 10:43:38
69fa2d73ed4ba3fa40d52cc95accad4e,a9c74f167b0d8af61d6487fc21934f7e,5,Ótima.,,2018-07-24 00:00:00,2018-07-27 10:36:04
fda6ac78580e1015ee415383d4b6ac32,d110ac83a8b313d9d5e17d9ed61e7804,5,,,2018-07-21 00:00:00,2018-07-23 21:38:25
a9dae9c3818edd31a56e4fad50de14fa,ccefed81ada949952e76166b19f2b723,3,,,2017-06-08 00:00:00,2017-06-14 01:32:50
b62548cdf79755530a07af1c2e788671,37478cd0f9c2bb79fe9027f43f6e28c3,5,,recomendo a tds que quiserem comprar.,2017-06-08 00:00:00,2017-06-09 15:05:41
bb3285f5922b0bb3b316d0fb60e267c2,6784eb6ac53d515d589b68821f86a2c8,5,,,2018-02-23 00:00:00,2018-02-26 20:44:15
8c7aa81186e7a5ae37656e05a0ab6d64,edecb0568b1317aa28a800d5fed23758,5,,,2017-05-13 00:00:00,2017-05-14 21:05:02
070264464b4e587594fcd11d1a5b164f,d965c84427fa1d6daad237adfbf75554,5,,Entrega efetuado bem antes da data programada,2017-12-02 00:00:00,2017-12-04 19:26:39
0d7a7af3dff4ea8bbab996975a81d7fd,0d902dd22c7c40a55b0edbd70ab87fc3,5,,,2018-05-25 00:00:00,2018-05-26 12:48:08
5f68a210962a01dd9add2d4c1be733c0,fd732412d4727a9a7e0d6231b2ca11ed,4,,,2017-09-01 00:00:00,2017-09-02 02:19:15
1c833feea779abf8b1613598470814aa,c11e1e377e956e9d5bec2b0fa2ddc067,5,ótimo produto ,"boa apresentação do produto, vem numa maleta onde fica bem protegido e apresentável. entrega antes do prazo inclusive!",2018-07-05 00:00:00,2018-07-09 18:27:46
a8d971b4807ea3034c22103a39494bac,45fdccdd0ebed851dbf707b98ba5fef0,5,,,2017-04-04 00:00:00,2017-04-05 12:22:08
1cea54268ce94e206809da9424cf38fc,1c5072c286f0b04c4cbd03de8af6136d,5,,,2018-06-14 00:00:00,2018-06-18 11:02:33
9ecb6d55d9eb141673ed721d96300722,51744de0a57048d0c65ad482f60cca46,1,,Eu cancelei o pedido e não teve reembolso do meu dinheiro no meu cartão . Pessimo .. nunca mais compro nessa loja ! ,2018-05-19 00:00:00,2018-05-20 15:18:47
1686235a474e47e1a0b469ba8372c9d5,c08f913d8edeabde7839e5b6a953ecf3,2,,"o produto chegou e como estava em viagem demorei uma semana para montar e quando fui montar estava faltando uma peça, que na verdade a peça principal,onde se pendura os cabides ou seja vai ficar sem ",2018-03-23 00:00:00,2018-04-10 00:15:27
aefe07f71811ae98577fb6fd6140761e,73ab919f6023d8c8a68fb70d0b08a28b,3,,,2018-08-16 00:00:00,2018-08-19 16:57:02
fc7906f0458303c6b004414344dd016a,45776460b7ff952460b7e9d32c28bd9b,5,,,2018-06-07 00:00:00,2018-06-07 11:19:51
86ff0cde0953bdecda18ccb33d88a16f,1e2b94b476c8738fbc5aed69524f2da4,5,,,2017-08-25 00:00:00,2017-08-28 15:45:31
e9884b74feb8c78c05c55253abe93bbf,6368c8705f72b986b9fd5275b759e5e3,4,,,2018-03-20 00:00:00,2018-03-21 00:09:10
11cfc7689d7b490e3d85463d70eea37c,82ae4ace0b3ec2734319bd238e822c68,3,,,2018-05-18 00:00:00,2018-05-20 18:04:58
b77a1c0252920312b1c79b0d6e5ff7fe,9b045cde06f6adb6f6187e2119c89869,2,,Só recebi um dos produtos comprados,2017-07-02 00:00:00,2017-07-03 15:17:27
6a22a0f5264d8c3dd500de9722ed58e4,abbf8270415671551b11b0e45c72eeb8,5,,,2018-03-24 00:00:00,2018-03-26 23:01:17
2ce5725e9e7848bbafd96d70ba6ffe68,ae58081c0be4ca730f53473f8f5d5df7,5,,,2018-04-19 00:00:00,2018-04-19 22:42:07
3d467c4cd71a1c9d49f81cd83bd3a87f,42cebac003b40e6aa0b3e37b99d83c2f,5,,Excelente.,2018-07-14 00:00:00,2018-07-14 16:40:27
9fcdf7983153b632cdbab78bf7d7f83a,b3b8133868458b6acf08ea6ffc22e3f2,5,,"Logística ótima entregue antes do prazo previsto, estou satisfeito. ",2017-08-19 00:00:00,2017-08-26 17:03:10
1134fabd8b97ef9e5301ceb749f5526e,fcceb7beda0bafc845956f10e4aebfd8,5,,,2017-08-01 00:00:00,2017-08-02 00:30:40
7a6ad38d030f6780933fc91757752e2f,4fc3e7aadb8db1172a7c3bbb29d6295d,4,,,2018-06-14 00:00:00,2018-06-17 13:42:42
e4850cb04e31613512d4a621627d6c19,8e1ded141534096603108f1ee5c27735,1,,"Não gostei do produto, solicitei a devolução pelo site da lannister, informaram que em 48 horas iriam dar o retorno e até o momento ninguém se manifestou. Quero devolver o produto.",2018-01-31 00:00:00,2018-02-05 11:59:27
4b06f63838461927a2afb7007ee527be,82b1c20e33da405ba22cded4ff91d160,5,,,2018-02-18 00:00:00,2018-02-20 17:46:44
a71c5cdaadaa27d318b561c8f047b698,1388a23b57206bf7673819fd3a30d4de,5,,,2018-06-22 00:00:00,2018-06-22 23:39:46
31f248214c52e4c20178be23d5898f6c,2d0a9e6d2de5c45b98c59fdd868f2076,5,Tudo perfeito,"Produto exatamente como esperado, entrega super rápida.",2018-05-23 00:00:00,2018-05-23 17:38:30
49322074fb11f186ea649d5cf2a7ef1a,1ce624df940711ffea6e5176a18eee87,4,,,2018-08-01 00:00:00,2018-08-02 11:23:58
f6c07d9b02160e6ad854f2251e80682b,269c345570f1003630764953f56f6abd,5,,,2018-06-07 00:00:00,2018-06-11 04:18:45
0c2a34234b8d8387ddad03788702519c,bf2167abb407021a362558b6a9fe6bc3,5,,,2017-12-20 00:00:00,2017-12-20 20:24:18
7ffe9965cb3d8ec50de101bdc6e25fc6,06b2c7035561ef12b16045ef4bf459e2,5,,,2017-07-19 00:00:00,2017-07-27 16:35:51
9645f476e2c84c85d0843a2158c6939e,f247ddbea2a3d9e88b688d08f946db4c,1,,,2018-02-08 00:00:00,2018-02-11 11:40:35
84ba54a5272098bb5ec04faf1ac653ec,3522a71840bea6bd1cd78ae529622ff4,5,,Chegou com atraso. Mas recomendo!,2017-03-22 00:00:00,2017-03-25 09:19:47
564b5f0bdafcacecfca76bfe99771d3a,a27942f622b629d0c6fcc5245689454e,4,,Gostei muito!,2018-05-12 00:00:00,2018-05-13 00:58:21
07af9a19688ad7d7beee110f2eb56287,327fed75f27dc1aa02c6e3d33ee29ea8,4,,Ok,2017-09-05 00:00:00,2017-09-05 14:34:13
000a4fc2877b9726aecc081ad467bbf4,c2e8b417a29b392b9f49a30a868489cf,4,,,2017-07-26 00:00:00,2017-07-26 23:31:23
9642ff62c0c6ec657f91c3ec9704981a,20b1d8c9683a66f9810b31604fc5f540,5,,produto de otima qualidade,2017-11-23 00:00:00,2017-11-26 11:17:07
a35106ee96b4359d793b123df1e63433,02a98752595ee9d94c570ad3e18055b4,5,,,2018-08-08 00:00:00,2018-08-09 12:02:25
7456e445f2a6ba86b437a0bd9e254e8d,67e5eba68c1f19de1a6cb6dd510deaa7,4,,Muito bom produto vale a pena ,2018-08-11 00:00:00,2018-08-13 16:48:44
ed2ddb2207124067b6b800ac55683920,e92900da13e75122f18f3694fd9e0230,4,,,2018-03-22 00:00:00,2018-03-23 11:05:03
55e57d1a620923f186621407ecb40ec9,08cd76ff1d27c6e6c522bbaead822fd7,5,,,2018-07-29 00:00:00,2018-07-30 11:10:59
1cb97965873a80f7a2c3c1ae903352c9,82b9b991770e6880a10a11c5a29da6d4,5,,Vale mais apena do que comprar os absorventes descartáveis.,2018-02-23 00:00:00,2018-02-26 16:14:45
c5530141acdd1b8fbe09637bf6678510,1d75f74f2b35e491804fe25e4c5fd4dc,5,,"Recebi mercadoria dentro do prazo combinado, atendentes muuito atenciosos.",2017-06-27 00:00:00,2017-06-30 17:39:21
2cdeea245834281e478ec32f663e0925,d6290a5294ee8d7eb9b6aafd583e59e3,4,,,2018-01-15 00:00:00,2018-01-15 23:31:37
0929579516178fa27d424aa42e467d65,e2e8773d11f4499f15349b8f613350a0,4,,,2017-03-08 00:00:00,2017-03-10 22:01:17
6878e01db23645777454acbb91f10a07,c118740a09411f06ab15de06c2623c7d,5,,parabens tudo ok chegou antes do combinado muiot obrigado !!!!!!,2018-04-21 00:00:00,2018-04-25 21:18:47
29a8ba259b6e131f5007abf0659a329e,1389d3b1fab26d87e40c382d11a8ac3c,4,,,2018-08-28 00:00:00,2018-08-31 01:51:32
21d7390335f52f42a7a4edf6eef4a5c7,d181dfce5d8355bc51c2370c6910d4bc,2,,Não recebi o toner preto,2017-07-20 00:00:00,2017-07-25 16:42:13
66aa636df2e11b1a19c797f3170c55dd,84cd555d3d1f2b32fb392b1dff57a851,1,,,2018-03-29 00:00:00,2018-04-01 01:45:49
0191cf9d15d7059499c362496486b7f7,08d3b6ee17b7cb32e530f4488c3f6abf,4,,,2018-08-04 00:00:00,2018-08-08 17:59:04
21212694e40d2d5fec2f71971f11561b,c79c512fd61a1008f15dbf7ca2a8c7cd,5,,,2018-08-26 00:00:00,2018-08-27 14:56:25
00b3710466bc0bb874fe10a84018664d,168777f697d19208fbd441b4029e441a,4,,"demoraram a responder, primeiro sem respostas concretas e só depois me responderam. mas o produto foi entregue.",2018-06-03 00:00:00,2018-06-06 16:43:15
9be681d0d82918e6ad614d684aad785a,ab8d7e03c02e35b89d4eee1dd9ab65ca,1,,"Comprei o produto é não recebir, se não tem competência pra vender e entregar, não vende.
Quero o meu dinheiro de volta, ou entreguem o meu produto.",2018-02-03 00:00:00,2018-02-06 22:16:51
75f0a45acb96df6de74b63aec92b05d5,354d1019e78710d25e0d7240ec6c0792,4,,,2017-03-11 00:00:00,2017-03-12 19:52:18
539e07a9814421a60e6862b77db636d8,5d31808356c1ecbf7eeadc61144a098c,3,,"lannister ótima, entrega antes do prazo, mas o produto não tem um bom acabamento no assento e as rodinhas são fracas.
Para quem gosta, o encosto mantém a coluna bem reta. Não tem opção de inclinação",2017-11-01 00:00:00,2017-11-03 19:09:19
a13a460fb07cf6bd19793b15c3448517,544bad401327a8f0de6786c7ccd73c8b,5,,,2017-05-18 00:00:00,2017-06-04 18:04:48
e97be4601a6fa63ed4bb9f20a944a396,1d911134e95ec6f299e80fe19b5b88c5,1,,"Sempre comprei na americas.com e os pedidos chegavam antes da data prevista, mais este ainda n chegou e nem mandou email nenhum avisando nada.",2018-08-30 00:00:00,2018-08-30 11:39:13
cea76aff3d73f810e757f146a6b12f4e,758d8c3ddeba66a2a9cad6c8b043dd2f,5,Excelente,"Entregaram em um prazo incrível , comprei no Sábado , segunda esta em casa, muito surpreendente , parabéns , recomendo a todos .",2018-06-06 00:00:00,2018-06-08 15:35:07
a3417401d2b6c9e2ba1ccc04fb2ddb5a,2e612a3508e4bce75344e6bfb68f28e0,3,,,2018-02-23 00:00:00,2018-02-27 22:54:59
35d0eff29afec1c5154e186eae89b6cf,52a547866cd2082c600fb72eced19331,5,,,2018-05-22 00:00:00,2018-05-23 01:06:46
ca3e9ebf3b0397c515106698dc261c9c,99dde9a4d6ee5c602380551b002ddad7,4,,,2017-09-14 00:00:00,2017-09-15 01:25:42
740da8caefd71c1e39dfbe4fbf732176,880ba0831c3fe181b5096a98d3c755e4,2,,Veio com defeito. Não reconhece em nenhum computador e não funciona.,2018-04-03 00:00:00,2018-04-04 21:09:46
99bfaec842158f374e939f5db994da5e,145b75a554e404852b520d70c50c9f9c,5,,,2018-08-15 00:00:00,2018-08-16 01:44:22
2e6df755486ec2fa17bebd038f7d0f90,418018cd21bcca5f7cc37f9f17ac1466,5,,Adorei a qualidade e o acabamento.,2018-01-31 00:00:00,2018-01-31 20:52:16
27291a3ed58274eec4cd1becfc557c12,c056578fe94b80e3f1e732d013df9374,5,,,2018-03-20 00:00:00,2018-03-22 23:17:42
e3576148d52794e33562c1e4cc412deb,4ecf494be87ee7b768460fcbcd0389c8,1,,,2018-02-23 00:00:00,2018-02-23 10:52:24
29a50943bdeaba02e4a222241a4b583a,f63f9a7699e3674c80a4ba92e56dfbb8,5,,Minha primeira compra to satisfeito muito bom,2017-10-11 00:00:00,2017-10-11 15:56:12
800754d8bf5a6799483ad3b6d2a9da6b,19367a2c7e1dce7c26afa959e0581da2,4,,,2018-02-06 00:00:00,2018-02-07 07:20:41
91a5f42bead2809194d326f13a127b8f,3b9de7cf25713aac3ab7e5cc48d83983,5,,Excelente entrega perfeita tudo ok,2017-08-10 00:00:00,2017-08-12 23:31:57
4503cab88931f445b565931a8c564b5e,878c411445b7128a9715f6f06ca14bea,5,,Recomendo sim pois vem antes do prazo produto de ótima qualidade sempre pensando no cliente,2017-05-31 00:00:00,2017-06-02 21:30:23
df7b9f3a2b89c5d9ef6baaf7e64ebf6b,2608e8f1fa4c7e37526b68e2fd2e6d10,5,,Produto foi entregue dentro do prazo.,2018-04-04 00:00:00,2018-04-04 18:05:09
51e9fbdb0ca13f915e0a99755a2caa86,4f183da167de562d253b5bb596f17516,4,,Meus pendentes vieram amassados,2018-01-19 00:00:00,2018-01-19 22:54:30
5ec5e8fafdfbb3e5d8b1d4fa35c2c5a7,f5a1d7fb9cd502618f942b1295676f1b,4,,,2018-01-23 00:00:00,2018-01-24 10:42:31
4ea82b8084e3bef620e79f7e99bfd18a,66de0095e3cd190938887b524433e56e,4,Rapidez e qualidade ,Recomendo pois cumpre com o prazo e entregam rápido. ,2018-04-26 00:00:00,2018-04-29 00:40:21
f9b9761c5180c15c820b5ee8b5a1de69,14b3ab242ab978f908ac651dcae21b8f,5,,,2018-01-09 00:00:00,2018-01-12 00:10:58
7511661f1a02aebf1f0229f12ef53933,70217ba6c09626a3f4b980eac7d98a1d,5,,,2017-08-24 00:00:00,2017-08-25 00:51:11
b55637badb5ea7e8ec156a333f57e7f2,e1ae83c728cb5ab4352082e5509056ff,4,,,2018-08-24 00:00:00,2018-08-27 10:32:19
1540a1a2cf3051a12025106af974e104,a2b01f72ab3f4fc8831837432d5a0117,3,,"não sei se eu não prestei a atenção devida quanto ao tipo do papel na hora da compra: eu esperava receber um papel de 230g, e veio um de 180g, mais a entrega foi em tempo abil. Obrigado e bom dia. ",2018-01-12 00:00:00,2018-01-13 11:46:26
55b8ba9010fc24efded01f0a67e3718b,6367e1839d93eed7f1f74c9fe5daecfb,5,,,2018-02-01 00:00:00,2018-02-02 18:38:54
7bcca1a58ab05669026063fee682a261,141d3bf5aa7128f40bf2a60cef620b93,1,zero estrela,"o produto é incompativel com a impresso deskjet 2050, apesar da numeração do cartucho estar correto, é produto de origem duvidosa.",2018-05-12 00:00:00,2018-05-15 18:38:48
f7af0e8af7bd7b0c035a17387c77faa9,4ce042e8a6468ee3e7090d9687228184,5,,,2018-02-27 00:00:00,2018-03-02 14:37:27
070a6d16ae0e33f0898a23bcc994efbf,621d22173590d292319c7a2f72ce76f6,5,,,2018-06-03 00:00:00,2018-06-04 16:49:56
e3a7d25f1a915b9cd30f41f1ac412f69,2d3c3cbfc3286b15ef13547f94567459,1,,,2017-05-12 00:00:00,2017-05-14 10:42:43
df2d33d91555a1ba1267012f9aeeb7fd,1ae35fdd1e36d167c790179f16cad2e0,5,,,2018-02-02 00:00:00,2018-02-09 14:49:03
25c11cd01d074a3e77a012164c4df329,e5882de2409ffb5a26782367e95b91ba,1,,"não gostei é segunda compra que faço nesta loja parceira de vocês chamada ""targaryen"" que ocorre esse problema na entrega !!",2017-08-10 00:00:00,2017-08-10 14:58:48
2f4bd300c6bf3e574d0b8ea22f1b5537,5cc6d864fa9e1a90eaf5207737549ffc,1,,,2017-11-16 00:00:00,2017-11-17 17:27:47
e66678cd6fa7d290355ae47145eea32e,843be4a0dcdb9716de7652d53af4acab,5,,,2017-08-04 00:00:00,2017-09-03 18:32:12
b397b05688e16775ea95af52ad4dde68,eff7cafa6042969690223d33c833fd00,5,,,2018-05-04 00:00:00,2018-05-06 13:52:00
5b4361f26b6a626aca823fba8256868e,909848fc22bea821de7a92b2dc614338,4,,,2018-05-16 00:00:00,2018-05-17 12:31:13
200e051c694f14146dd5b4c4ca9ed446,0cf3d6e83dcc1117999a235fd6dae842,5,,,2018-06-12 00:00:00,2018-06-19 16:28:32
5e88b920e3a7af5f412162947089d942,9682fc7d34f0d1e84959ac32aca9074e,5,,,2017-10-26 00:00:00,2017-10-27 12:42:53
4c3f49b5302643c24e3976597f323684,d9c5d64c3fa1b1abf251ddf4cb2683ee,4,,,2017-12-15 00:00:00,2017-12-17 15:20:57
a2621f20c0313efe716d3b33e32ded9b,1b0e1058a094f333948edf16f4248323,5,Satisfeito,Recomendo,2018-07-13 00:00:00,2018-07-14 10:27:06
d8bef0bbad507b83d991b958f50b33f3,a162da83b66ff8c619d83b87c1de93b9,1,não recebi,não recebi o produto no prazo previsto,2018-08-23 00:00:00,2018-08-23 19:38:10
7b9c39cc448f58bf36504b5d78f6615a,7c921161980003eac272f619f2fa5776,5,,Chegou antes do prazo. Tá de parabéns. ,2017-08-27 00:00:00,2017-08-27 23:22:42
617b1c18d6a1ae36863a951e8150ffaf,662bf5e7e6b6350fd9e93fb5793f5c98,5,,,2018-01-03 00:00:00,2018-01-03 12:07:10
714b31296bf655c55b6a90b82d01f27c,d5fdd830fd27ad1acd2e9b17c08e6e92,5,,,2017-12-17 00:00:00,2017-12-18 03:35:13
d0fc28c356fc7317db44379249015872,f33aa647f08ec9623c76b6212be92333,1,,Não recebi o produto e continuo sem receber o estorno do valor que paguei pro produto.,2017-06-22 00:00:00,2017-06-28 16:29:12
e6ece3034a9890a44c4b2f334de8db1e,94f039fd9c674f33650e01915dd3dd43,4,,,2018-04-26 00:00:00,2018-04-27 22:57:02
fd7689f62be9fe3e5a96f38535767f8f,7d7eb2e2176ecc1a4e649624c46799fb,5,,,2018-02-07 00:00:00,2018-02-08 04:28:26
60f08e83c8ae8957c4bf5867b7be20b4,d57afd1eb0696854d3351e5926aa9813,1,,,2018-03-16 00:00:00,2018-03-16 15:18:52
9281d7c66059facaeb3b70cbc9fcbde6,d5cbbe1602100752cd72f9630321613d,5,,,2018-01-20 00:00:00,2018-01-20 18:49:31
af6be7e4f650acb902e04ccbd35f220f,db3d8c47002a9d03c4220a0a0bccff78,5,,Ok. Veio tudo em ordem! ,2018-07-12 00:00:00,2018-07-12 23:37:04
9030f7a86b2ae9207a19237c45cc98d6,5fc078d078575df6ce8980acdcfb6dad,5,,,2018-02-28 00:00:00,2018-03-02 19:35:35
0bbc371cd28fa66601df7c41516a4710,73b72b64fe9ceac200edede7e53ab012,5,gostei,até hoje tudo que encomendo das lojas lannister vem muito certo...gosto de voces,2018-06-16 00:00:00,2018-06-18 16:34:00
b9119ddf63091940a34d32a9ac5bfd3e,d44df0d4c71052d8b2a3bd5c50bd42b5,4,,,2017-02-09 00:00:00,2017-02-10 03:40:30
fa3b5f049af7e677fe8e3b4ed431e248,2cb099a54d7344bfd05b445214be4e7f,3,,Empresa cumpriu com o prazo de entrega e produto bem embalado.,2017-08-04 00:00:00,2017-08-06 13:33:14
4be93a46d9bad71f458de6bdb658ccf3,880769ba72966e66d6e8e1f1152a0d36,4,,,2018-06-20 00:00:00,2018-06-20 22:16:51
77d9477c51c0a6c165666fc32ff340e6,bb70cb558d0783914c5ebb0c37330776,5,,,2017-10-18 00:00:00,2017-10-20 17:16:03
a8f505ff0322a3d6e68f753ae2dedd51,50e8eff30cc85b5bf993d52785bc082a,5,,,2017-11-28 00:00:00,2017-11-29 01:48:32
d0b3a3153ef0ac28c7cb48167eb6fe35,97d5aa85110fb7e998b5754af19b95c4,4,,,2018-03-21 00:00:00,2018-03-22 01:42:05
0de000228b1f3de448888a2c8626bba4,34a254b2668083c77b9158c151571877,5,,,2017-10-17 00:00:00,2017-10-17 23:27:40
6cff84282c609928187737b66d7b6f2c,de5569837d26b78e94dbcf0d72e29ba2,5,,,2017-12-24 00:00:00,2017-12-26 22:54:53
d85fe2790b907dec77469adbd2c969c9,052121d17f8eab43c577497c9b1451e2,5,,,2017-09-21 00:00:00,2017-09-22 11:06:28
b7fef0c17df4fdd0c0796ba3da858c8f,8d23fb4e17833d8bf866d3ae3481a3cd,5,,,2018-08-01 00:00:00,2018-08-01 16:16:51
3b0c07e6cc5fc2bd156f577a8504d34e,3ccf90ae3753b3d692dd5f400621502e,4,,,2018-04-27 00:00:00,2018-04-30 22:28:29
a496cb0551524b8175580ef1373710ff,717b5830932c155c67ba3232934a93c5,5,Recomendo,"Esse item recebi no prazo, lacrado e certinho.
O item 2 - balança de vidro veio (totalmente quebrado), estou tentando reclamar via site mas só dá erros",2018-07-29 00:00:00,2018-07-31 15:16:57
98413c93318a859b9ed791ffef19dfc6,acfd491b37f7671bf93d9abc2c1ba7af,5,recomend 02-667550502 de ,,2018-05-19 00:00:00,2018-05-22 21:25:33
690c96085b47b0743417019ca378b5e7,2d2fa725a6a15bb11defd40be0a0f79e,5,Gostei do bolso externo,O bolso externo de zíper é ideal para moedas.,2018-05-22 00:00:00,2018-05-23 02:23:30
07fec18f096bb4c9d03bf9fd1af8674d,75a3f30121c49c5ad0085de582ba2451,5,,,2017-06-09 00:00:00,2017-06-10 03:22:06
689a3387adbfeb25be4fcab15e33de99,2beb7e011571a837462a006a779881e8,5,,,2017-08-05 00:00:00,2017-08-15 18:20:06
091cf68a241d5cc9bd0ffabec26bb73b,b1170faa12a2f134d1c75c7494c64eaa,4,,,2017-06-10 00:00:00,2017-06-13 22:17:56
d9d6cdf1d4f971b3ee0180d58739df39,742b5d98b8903f6f6a0af740ddd60f2c,1,,"Não recebi o produto, alegaram problemas, fiquei sem entender.",2017-03-15 00:00:00,2017-03-17 11:57:32
e2aaa1e57ea59330fd5e5c122f5b4af1,64582c699f99b4dd3c326b13c3bdc644,1,,,2017-10-31 00:00:00,2017-11-02 18:38:51
9d27eb9323fedf3c4e9d4de91bededf9,99835a9f07d63f83120175303229a57e,5,,,2018-08-15 00:00:00,2018-08-20 19:55:36
80d7246619c6e2cd0af76aad13181a8c,20cae0a28869a4321d8fe372731f80e0,1,," Relogio muito feio! Nada haver com a foto.
 Nao recomendo..... parece relogio de brinquedo.
Aff joguei dinheiro fora",2018-01-27 00:00:00,2018-01-27 20:01:43
27c39c7264b55c7d4bbd29c99dd9cca7,b5eb3252f8e5ded7044d176ed49e2ecb,5,,,2018-06-23 00:00:00,2018-06-23 22:38:05
d8faae7a4f10c975ffa7710c6ff73695,a4de95599a7ceea15c118d8a59c8d574,5,,,2017-04-05 00:00:00,2017-04-06 13:29:56
849ee5070058404e08c320c3ff82a27c,3bc9ec33a0837981e7f5e35876723afb,5,,,2017-04-18 00:00:00,2017-12-01 12:08:04
2282a2ce004099bb4e8e8df69449856f,09138fb3bbda7e400f9aac03c238385c,5,,,2018-04-06 00:00:00,2018-04-07 16:34:35
4fd2210bf641cd5df9254aff55ec1489,186d853ccb29e4bc2470952ec61dbb39,5,,,2018-07-21 00:00:00,2018-07-24 13:06:02
5d087adf21e1a92b497e59b710e21e85,96c2e97254411b014e9c6497388ae8bb,3,bom,,2018-08-15 00:00:00,2018-08-16 17:37:48
8dc4b2123e3334d2127159c3757a7c86,7f5a24612bec96e2005690b5b60faa26,5,,,2018-03-15 00:00:00,2018-03-15 22:08:23
cb80085b80dc764d150fa6451fb59c0b,31be4a9a42c356eb746eee159757c1b5,1,,"Entrega nao foi feita, e tive grande dificuldade para obter uma explicavao e tentar resolver. Ate agora ainda nao esta resolvido.",2017-07-23 00:00:00,2017-07-23 04:27:11
9463e3873a5f31e506398a2f98212e67,4e4d9ab79db69a4bd0d79833bfce91f3,5,,,2018-01-12 00:00:00,2018-01-12 21:37:39
aaba86dc8853de4e6322c989a76caddd,821c1b3c87d17a24efad81096bee5f09,1,,,2017-11-05 00:00:00,2017-11-05 20:23:22
d6d2cf5a4270e4420c5a12d827cd1f1d,d13f0023cb08bf6e41a2479ca897f64c,1,,,2018-04-13 00:00:00,2018-04-18 22:40:29
9719b08aaee5216a166f2c724acf17a5,7a16d8eadd3c788ef0386c78218da6cc,5,,,2017-10-11 00:00:00,2017-10-14 15:10:08
4bb1ef78562973e974acec99a3272289,460eec79907c666bcac2d1a397907b2b,2,,O produto veio com várias partes quebradas dentro da caixa. ,2017-09-28 00:00:00,2017-09-30 22:28:20
b7f46a9cbbf6e3567d1bd5a5b346a38f,73cc28d48ecf54949b91163a0f7d3351,1,,Comprei e não recebi. Sem nenhuma notícia até o momento.,2018-03-04 00:00:00,2018-03-06 11:11:54
c02d52a1c2b3c35e5663347b2f4da4d1,5620e57611d71ee82bf1b40183f57bdf,5,,,2018-03-01 00:00:00,2018-03-03 19:59:15
6a95a53ffe3364d0f32e62266b4be69c,61722dfb39136f50e4e0d9d150176532,5,,"Bom dia,
Eu me arrependi dessa compra e gostaria de devolver. COmo eu faço?",2018-03-07 00:00:00,2018-03-09 12:10:24
6dd414f9c4e81bdb8e0454186c41f39f,6ba0683fc45576a6050dfba5f9c41bb1,5,super recomendo,Excelente Parabens entregue bem antes do prazo estipulado,2018-07-03 00:00:00,2018-07-04 17:24:24
7bf3efcf2c85b3d56496806b13e7faa5,55a54184af6cdb5cbd95d124883c2dbb,5,produto maravilhoso ,"Otimo material, muito bonita e chegou bem antes do prazo",2018-07-06 00:00:00,2018-07-06 22:34:53
26d161266b96bd08d0515393d2fd8b98,0f187bdbef138399bae3eeee9ec1d48e,4,Boa,"Atendimento rápido, cortina com cheiro forte.",2018-05-10 00:00:00,2018-05-11 01:49:33
606d9b6eaef1c16a82734b99372e8f1f,7a58856993632824e92f700eff99340d,5,,"PRODUTO DENTRO DO ESPERADO, DE FÁCIL MONTAGEM, RECOMENDO.",2017-12-20 00:00:00,2017-12-20 18:40:58
8ef874edb4a804da84f99ce835b08f39,32d29d9903eaaae11d418d087f442fbd,1,,"Bom, o relógio é lindo, porem estou desconfiada se é original ou uma boa replica. Ele veio em uma caixa estranha da Casio que não é igual as que vejo por ai, dos originais que são pretas e quadradas.",2017-09-12 00:00:00,2017-09-13 00:24:27
1123a448c19307ec0b68c2533738a667,3eae45e1345a16673017c7c36f18ee34,5,,,2017-03-30 00:00:00,2017-04-03 12:23:31
130259da9e391eef7635203a2e744448,d43d694cf81ca89d8e50c6f3c199f0de,3,,,2018-02-16 00:00:00,2018-02-18 12:03:23
4a9d0e4acc123c8ae263602b2898cfa4,2e39e94b6b5f7944f872ba6bf39b758b,5,,,2017-11-23 00:00:00,2017-11-23 10:35:02
df99aafd45e84b6f1e1af43b31c4aad0,5f517c344edea684043f8c69608b7f47,1,,Vcs não entregaram a quantidade de produtos pedidos quero que enviem o produto que está faltando. Se não vou entrar com recursos legais ,2018-02-26 00:00:00,2018-02-26 16:09:46
66a5545e97265b90d50a3115f8454dd9,132e2cd17bdaa2f84fc9cea118197634,5,,,2018-01-17 00:00:00,2018-01-22 11:11:48
f2051435c478ec6bc76f9fe798d4db0d,73de1db8eb6e493c5a6ed60c856a2076,1,,"Produto de qualidade inferior, diferente dos produtos da marca Kipling. e do modelo da loja oficial da marca no Brasil. Acabamento mal feito costuras sobrepostas. sem etiqueta interna sem reforços .",2017-06-29 00:00:00,2017-06-30 01:29:06
787fba7e27ac284c88e47e38c564b1ae,38ef39ee8ebc5f492b0253bcd1213dcc,5,Excelente ,Sempre compro nas lannister nuca tive nei um problema espero que continui assim amei minha compra,2018-07-08 00:00:00,2018-07-08 19:13:40
57c698915201f8338d657f3d618f780e,2430b57b60423269e56d188b55d8eec7,5,,,2017-11-23 00:00:00,2017-11-26 02:01:28
859cd3c43a3505dc1ce6cf1fbf2ebdd8,c10f283ced7431fdfdcc159b12344b11,4,,,2018-06-19 00:00:00,2018-06-20 11:46:22
86fe5f0bb89b9af6e1ecf749240a920b,0a457a7e838f772d804eebe8d6261ed0,3,recomendo,"eu queria dvd player e não gravador,foi um engano",2018-08-11 00:00:00,2018-08-11 23:15:23
f4e8482eb8e5fdffd18621e2b496b8b2,efdd6716d5125862a11d4e354bd4ec3c,5,,O produto chegou perfeito.,2017-08-05 00:00:00,2017-08-06 12:47:38
e03ddb780f58718de898223355d8b3f2,d1d9e82abdaaa28b562b48d23f5e8203,5,,,2018-06-06 00:00:00,2018-06-07 19:27:24
44752976844ca643c572e1da65ee1d6f,3f6484ca65eed5c701aa5e348623537f,2,,,2018-04-25 00:00:00,2018-04-25 09:35:55
994c3a4e9787edfea1c9ac777fecb10f,99687fd750781ecf475d632c33a533ee,4,,,2018-03-07 00:00:00,2018-03-08 01:45:17
664afb189b16adb04d16ae13cc77270a,82383d6d5aa835a4c02cf0c9d56895ce,5,,,2017-04-11 00:00:00,2017-04-13 21:16:37
8c25d25b01f527ce0ff68cbd9c18725b,52363fd30a7df27f6789c3d086f4aa0e,5,,,2017-06-29 00:00:00,2017-06-29 23:42:32
b30291945c6da1b6bcfb0fcf7ab2e9f5,d2a113300be1ad556e4d030e6b83a0e0,4,,,2018-01-20 00:00:00,2018-05-15 11:27:37
db5ba450f7c5236936f57c0e7e20fddf,fb34958eef73f87fb9d50297c5cf14d9,2,,Estou aguardando,2018-01-31 00:00:00,2018-02-01 12:23:39
e4f3366ad697f7c6ea4f023c43a26f4c,5b71dc5aa10d933a7c579eadd1da1894,5,,"Produto perfeito, exatamente como o descrito.",2018-08-04 00:00:00,2018-08-04 23:35:18
7c2e90f1dd4fd440e32977334a4fa99b,5001ef7f5cc08023f39a4f6b7c09b5f5,5,,Ocorreu tudo certo produto muito bom e entregue no prazo,2018-05-22 00:00:00,2018-05-22 23:17:07
60f8471f1ae77db5d25c850c0a39bcb2,d2f67144a4e6d027140260ae9ed6b648,5,,,2017-03-28 00:00:00,2017-03-31 12:23:05
6bdd79d68fa4e32e7828a66748c5d9bb,dd800b5dd3395650111f9a4539000e7d,5,,,2017-12-07 00:00:00,2017-12-12 21:39:18
d9f48969bd4cbb66c4daaebb6fc02ead,0d3e289cfc790ac7f02c3445a077d569,4,,Nao testei o produto ainda. Mais pelo q parece esta td normal. E chegou antes do prazo estrimado muito bom,2018-03-13 00:00:00,2018-03-14 21:09:32
dc40db0d0dab1cfb433109c923384840,b5781a5976dad5a78067d528713ef47e,5,,Extremamente satisfeita! Recebi meu pedido duas semanas antes do prazo previsto !!! ,2017-11-01 00:00:00,2017-11-02 11:44:03
02b524a380f306e224247ade062929aa,2ffb8e2050ae93716f72226de572ab0d,4,,,2018-08-30 00:00:00,2018-08-30 18:24:46
ddb3a4c9c0dc5ead130ca903e9806687,943dc313319b98a46f1aa70d59b68715,2,Recomendo sim,Recebi apenas 1 kit de quadros. Estou aguardando pelo outro kit.,2018-07-07 00:00:00,2018-07-08 16:22:03
4fbe5b7fa603dd1c5fa8fe479f864bf5,a6f118bcb8721211afbb36e4a1e63610,5,Ótima ,,2018-08-19 00:00:00,2018-08-19 22:24:52
5907db64dd9ab47d9058b074db27457b,ff14a3e36b78f407a4e8402572e4edfe,1,,"mercadoria super atrasada
não recomendo ",2018-02-16 00:00:00,2018-02-16 11:25:07
5bdd60c7d3fba5bea23c471e59e2e603,7c02295a038b0494bb117c4bb60bdcab,5,,,2017-12-23 00:00:00,2017-12-26 16:47:26
3d97593b947db3a8139764690092ba61,318160e821f4c754080f46f95afc1ded,5,,produto de ótima qualidade. ,2017-10-31 00:00:00,2017-11-02 08:17:29
4fa7156d5b704f6d5a3c3f8a93084829,ed913f2f9db29736f6ef22c4446abdac,1,,"A descrição do produto não foi clara, imaginei que viessem juntos os protetores individuais dos cardápios, mas veio apenas uma caixa. Solicito a devolução do valor",2018-03-14 00:00:00,2018-03-17 11:26:30
8d21b1eecfd66af9975a8b9a54b7752a,465b896aa34a4d4f8c359165ee6f066c,5,,"Chegou antes do prazo, eu recomendo",2017-12-01 00:00:00,2017-12-01 14:45:25
471a14f900dfc0e51cde48db8a73b114,a5d3eeeb605f6e2ce95e590543148234,5,,,2018-05-16 00:00:00,2018-05-16 21:48:29
986522492c0fad06bb799090910ef720,33d4257aa190f034f74c6626a12b6e53,5,,Ótimo produto dentro do combinado!,2017-10-04 00:00:00,2017-10-05 00:51:41
da9bda828bea2b6118b7a0d32e32ba55,f0dbbeed3a0b658b884893bcdde5e4d4,5,,Td ok,2017-12-22 00:00:00,2017-12-23 10:47:45
da28c29444831884a57ba0330501f1c8,2ef077f0887173cd2d434c424d15fa21,3,,,2017-05-10 00:00:00,2017-05-15 15:26:42
416611b0c38d77883b50b95219297ef6,2261ff9e6868359245db75320f7e768c,4,,,2017-12-05 00:00:00,2017-12-05 20:39:19
a952bfb2f1aa8f5d267501e558deb81c,167b62d7c79628cf5f36776281be5731,4,,,2018-06-28 00:00:00,2018-07-01 13:42:02
c78fbedacdbcd613a7cf581ae7285b44,f0c00b0c02ed4f14f20fad7c26002b9c,4,,,2018-03-17 00:00:00,2018-03-19 04:19:14
1c754e6596e9c6301abc7f438b4d09aa,68354b9bbb79df0863b0138440c9e1b1,1,Produto errado,Veio outro produto,2018-06-28 00:00:00,2018-07-04 13:11:19
784fcba302447d6fcb46bb3a10cf9eab,6e4aa96643864493bb291057da474fbc,4,,Otima a cadeira.. o problema foi que veio muito suja!,2017-05-21 00:00:00,2017-05-21 19:22:52
9e097108f65eb99b7bdc8ba10186bdae,df54015966b3fa00a42222b5a0e21348,5,,,2017-09-19 00:00:00,2017-09-20 22:34:25
193ceae3dafd21d6b4f902785799b791,8341e99159d0cde5b28d7915b011ce2e,1,,"Já fiz reclamação e até agora não me atenderam. Paguei por dois jogos de lençol queen , veio na nota 2, mas só embalaram e enviaram 1 jogo. ",2017-12-22 00:00:00,2017-12-24 21:14:55
ac23356cd38c5cdf52c0f7b7a871d387,f644bc7cdc4cf0854f50017d5ccfff50,5,,,2018-08-14 00:00:00,2018-08-16 23:55:42
d73f4c51d231c8f7f674c50292314e7c,e53516f14e3cc830f4afa84315707e9a,1,,"Não sei o que aconteceu, mas ainda não recebi o produto!",2018-03-17 00:00:00,2018-03-17 10:02:06
db05c09d2ee236a0e48cb994eaaaa3a4,17b64a39e956f1ff14d42a2f76a37305,2,,Muita demora para atender solicitações e demora para envio!,2018-02-09 00:00:00,2018-02-15 16:51:52
e227eaa3a180c7fa254458f34034a96f,e4406088398131aed8c21c5a4ec3442b,5,,"Muito bom produto. Design,material, acabamento... Lindo",2017-06-20 00:00:00,2017-06-21 12:42:20
0b9c691d8b75148de5cacad5cfd2437f,3dd189079200a1a247bc4a01d16e7ebb,5,,,2018-04-03 00:00:00,2018-04-04 01:16:07
00d62a742ffd40c8fa3b10a3de3907c5,d463e4364316dbd023b1db62f1117693,5,,Bom trabalho,2017-09-02 00:00:00,2017-09-05 00:23:49
165f2d33fe7462bece2b7c0de2d97904,c1bb3ffb1aeb6afbe42101499bd15708,5,,,2017-12-07 00:00:00,2017-12-08 00:00:16
a7f15cc55ca3615ab37bd46133d4c60c,67e7cace5deab160cedd95c80e6f60a8,3,,,2017-07-28 00:00:00,2017-07-29 14:09:15
fe60b3513340c14998063b0a90e875c5,e5a8f99e473fa6880bc2672805460e4c,5,,,2018-01-20 00:00:00,2018-01-20 20:45:41
e4fbd692345895fbb2c50bfc9220aeca,ccb3e2fc8477b6fd3e3edf0dad0211b6,5,,,2018-08-11 00:00:00,2018-08-13 09:06:29
0511dba4d2f4828bb6053e45cc8a5d4f,b99b5f149263f07c55586983071c466e,5,,O Produto é perfeito.,2018-01-09 00:00:00,2018-01-09 20:06:37
1a6dbc128e5ca2e756a7f4648e75c581,4a580bca631a940ffc9e25c96da01773,5,,,2017-08-25 00:00:00,2017-08-25 11:15:52
305a7134b0d629f95b239882d5662e19,a5e045a63fbea3842f888a42153c61e3,2,A película não serviu.,"A capinha ficou certinha, mas a película é menor que o celular.",2018-06-22 00:00:00,2018-06-24 17:07:20
da2b00d6b04c450d029c3859f0005cdd,fcc46438879834c9c223c5fa0eb0ea51,4,,,2017-08-12 00:00:00,2017-08-12 19:28:10
8ed7d97d70608f7d97452b186f173a7f,b38103e665600114e3155ab60ee0ef70,5,,,2018-07-28 00:00:00,2018-07-30 23:01:21
8e619dbd8927a7eef37b0d1308b44a3a,46bccbbbcccb1a8afec60c3bcbd287b7,5,,,2017-09-01 00:00:00,2017-09-04 00:22:32
36bc04e5cc16c5327c2f6f161b41c9c2,673414c4a1bf9b72b8b6ff0d9decdfc6,4,,,2017-08-24 00:00:00,2017-08-27 00:01:16
447e8f1c1d1f5c33b686abaaef12f1bf,e317f41180b8a6fa3ce86b6fba6ac3fa,5,,,2018-07-06 00:00:00,2018-07-09 16:14:56
5bd39ef8f3c59cbc9403c8b4527868ff,2343d4a98379202b11d3ec66c322ab57,5,,,2018-04-06 00:00:00,2018-04-07 09:03:16
c5e7f2a0343daa2d502c2318af775e6a,779078ac80552fa400b11c285d16e4fa,1,,VENDARAM O QUE NAO TINHA E ATÉ AGORA NAO ME RESSARCIRAM. CANCELARAM O PEDIDO.COMPREI EM OUTRA LOJA O BRINQUEDO,2017-06-30 00:00:00,2017-06-30 19:15:21
99614ec8951ae98da22a3d88274b42a0,e29802498c81638fb4377d7c7137031e,1,,Comprei dois telescópios e só foi entregue 1.,2017-12-02 00:00:00,2017-12-03 16:53:05
70e5ba00cca19825ddc73afcc2e701fa,07083f97580544bb7ba3372759150f49,5,,,2018-04-05 00:00:00,2018-04-06 11:27:58
4ebbbdccb0ff39f5bdff2bb855eb6311,89e9e2248c46410c319d535f06a23346,5,,,2018-07-28 00:00:00,2018-08-01 00:31:58
1af7ff2a3ede26c804410983350589fb,56430e0b9968b381942760e433583b27,5,,Ótima loja e excelente produto!,2017-03-09 00:00:00,2017-03-10 01:04:02
697aeac01fa08c4052ebc350a43d2e16,bbcbe43eab7a6c93f7f05992378953d3,5,,,2017-08-09 00:00:00,2017-08-12 03:57:00
db063abaea1a4d01e4b3587b9ce61b4e,e7af9428d8b5d65f0fd7d3eb98595308,5,,"muito bom, recomendo.",2017-10-17 00:00:00,2017-10-18 12:54:20
ecbaf1fce7d2c09bfab46f89065afeaf,a67f04f0a3022835f86664a0070fe36e,5,,,2017-07-27 00:00:00,2017-07-28 16:57:18
6565cf2b928c36a1f50a9369057020fe,92b6250c9e1d1e359a29929fa9f62395,4,,otimo prazo,2017-09-29 00:00:00,2017-09-30 00:36:15
79308f9a8d20f0832ed70a69b73f832f,36f3f1d96022b41043bf6db3266453cd,5,bonito mas...,"Bonito, porem bem pequeno",2018-06-12 00:00:00,2018-06-13 19:58:17
04155918d12175d572c8f4480e067da8,49bbb428c234dcf31c4d66d4e8e1c04c,5,,,2018-05-06 00:00:00,2018-05-10 15:46:21
85dd73888edd0536e8f8700487955318,21c03a286e71d3afc682942e4c8eb2bf,5,,Super recomendo comprar aqui,2018-01-23 00:00:00,2018-01-28 21:45:29
692cbf724b58d7294d2172ae5bf13e4c,bbc13e09a09a77b4f6ea6a981a399473,5,"ok, muito profissional",,2018-06-06 00:00:00,2018-06-06 19:59:22
99402e9125456f00cde89ef0724ff581,9822680d395506e5602b3c1ea555aa61,4,,,2018-05-01 00:00:00,2018-05-02 09:07:15
73baa1270fbabcd8e7da2044e887eaca,343ee80178e16012130cb0007eac5888,4,,otimo serviço,2017-12-21 00:00:00,2017-12-26 00:16:38
1c947391350a78a664a64e65ae0f4b4d,c00634be8f1613b3019605c2cc96d06b,3,,,2018-03-27 00:00:00,2018-03-28 00:11:41
7cf91d37c4b71dcb2fcd2c8e93ec6a53,63bb3cc42964994be6481295c706c8f4,5,,,2017-12-22 00:00:00,2017-12-22 20:11:55
cb44e7ba6bacbf6f348aec2b9ab56790,4f62d593acae92cea3c5662c76122478,5,,,2017-07-22 00:00:00,2017-07-24 12:52:56
dd75ca42c1ceee18135d8d9ac6e0bd59,3c54c8962d6cafc1d74f293b4f025483,1,,"das 5 canetinhas só duas funcionam tres não saem tinta
",2018-02-15 00:00:00,2018-02-27 17:50:10
8e2adab5dca29084338ceaa0b90140a5,20682401f377f9713842c128b03fc43f,5,,,2018-03-01 00:00:00,2018-04-10 01:53:25
1430db106d12987ed61a13100ddb5912,431d5e312bed6ff804f464a5e0c63cf8,5,,,2018-06-21 00:00:00,2018-06-22 21:26:52
5c1c7909af7258260235af6e716f8379,968daeb20a9a0e6c8433cad2c886756a,5,,"entrega rápida, muito eficiente ótimo o trabalho",2017-08-06 00:00:00,2017-08-08 19:37:17
ccad2588c789ea03f956010cc255c87a,115cf7c242febcbed832ad6d631db40e,3,,,2017-05-17 00:00:00,2017-05-18 11:15:27
20f528ffeb37af5dd1e76e1924e7e104,c6f49d29ad6cd1c719dc77e8a432154c,5,,,2018-06-29 00:00:00,2018-06-30 01:57:14
9ed5c2e7e42a2f7161fef066dc9347c4,4233067932385b2d8b301e18e1b75958,4,,,2018-07-27 00:00:00,2018-07-27 20:00:07
e54809fcd83a68a080af411caad915f6,fb9b2930f4a30f96c7cc98eaaa85e5f0,1,,Comprei um KiT de 3 Almofadas Azul Mandala e recebi um outro com almofadas diferentes (inclusive as cores) Nâo sei lidar com INCOMPETÊNCIA!!!!,2017-12-16 00:00:00,2017-12-19 18:08:13
db6d867780c66f7c559ae441a16e8e85,578daeebdebcc19bd2dcba1f6b06b3ce,5,,,2018-06-03 00:00:00,2018-06-05 12:19:23
a3ec63d7ddf7edea2f1c620bac239ddb,a84212c880e5635e2a0888ba25c027c7,1,,,2018-05-26 00:00:00,2018-05-26 11:50:00
7e77ca656c70c554cede9c0d2aeed151,d5126e0c4988c70a3808041792214dcc,1,,"Espero que chegue o produto estou aguardando , ainda não chegou.",2017-05-16 00:00:00,2017-05-17 05:16:43
ef5206b41173c8dbc85390e785c33fc7,b9e94fdb4a15c04cbde632c381826608,5,,,2017-08-30 00:00:00,2017-09-02 12:36:19
bb3ee73c755be92c161aa5531600b1c0,d1ab8de1e279bd8a55e4135f83d5c599,5,,,2018-08-02 00:00:00,2018-08-05 11:41:37
0dd7dde5ee94fba8b1fb6070d462ac0f,93cae495607755570d9b4c0c2d0474e6,5,,,2018-04-04 00:00:00,2018-04-05 02:55:07
e7be63411bfdadd3072267c7c76a3553,ffd5efbd46bbf72ad374862a05ef4c72,5,,,2017-02-16 00:00:00,2017-02-22 22:11:22
3db771ff38e7c1d66fadc354a5c3111f,e4d88b96fb1801eb436496008e848e1a,1,,"Já faz mais de 1 mês que comprei, e nada de enviar meu produto. Disseram que vão enviar só em fevereiro. Vou aguardar, mas nem me ofereceram enviar outro produto similar ",2018-01-25 00:00:00,2018-01-27 02:34:43
b2142667b03ba9c3a44fdff5bb9d92f3,db04082694e24f9e426fd68f516b46a3,3,,,2018-05-30 00:00:00,2018-05-30 05:08:58
aff9abf75945e9d751e4d1ad4de9ad62,403a0fd88d423ef5d91893e2787c806f,5,,,2018-05-17 00:00:00,2018-05-21 16:17:54
d39be004867910ef8343f192ea007d8f,be82634d36d47e922d16c1dc2c0291c4,5,,,2018-03-22 00:00:00,2018-04-03 19:28:02
2f8da9c7243b2b3409d9c2c8de5979ed,d5b0848c1878546fbebe673d1d679b83,2,Regular,"O produto veio mais rápido do que esperava porém o frasco veio faltando produto pois vazou na caixa, maior cuidado ao embalar, verificar lacração do produto",2018-05-01 00:00:00,2018-05-02 11:08:50
f53c8dbc5b50d8cf763b12a651d9a944,e6179e66e05b531c6f8ad2b292717091,5,,,2018-08-14 00:00:00,2018-08-14 17:03:03
2b13be1259b7efec92cf6d8428980362,ca35a20423cabbc81c577f3ffe72169d,5,,Entrega rápida e ótimo produto,2017-11-14 00:00:00,2017-11-17 08:12:41
40bc4300cc7d690d6c14982baee0c5c1,ab1e451ac61a9e1ed83028e67458d722,4,,,2018-02-08 00:00:00,2018-02-09 18:36:10
6e1d6f7414f5d57fd209e40d2284b5f2,13cde3630a835cffb389eee14cbc0e1a,3,,Recebi outro produto pois oque comprei nao consta em estoque. Mas mesmo assim nao tiraram do site.,2018-03-19 00:00:00,2018-03-19 18:33:17
74ae6a3d7dd5302263e59683d3b02f57,c208742c454c4a949a6126eade1d2ef0,5,,,2018-04-27 00:00:00,2018-04-30 00:53:25
2cd70fb200a30bc211deab67cb24f919,e45620eb46de3b95c078fb17e75db83e,4,Recomendo,"Compra fácil e entrega rápida, só o frete que acho que deveria ter um valor mais baixo",2018-07-12 00:00:00,2018-07-13 14:10:26
3e33eee1e8cd67541aec8fbd66a0f6d8,00275bce676303c3bfd7292aefdfa223,5,,"Muito bom, so não testei ainda o produto mas super recomendo",2017-12-05 00:00:00,2017-12-05 23:23:00
b05b27fd9e548d6d33943097aeb49a79,1217de8bb29e23b3b4ca52c564fb143a,4,,,2017-05-19 00:00:00,2017-05-22 01:09:28
45bb429b7595646ed5139784dafa7fc2,bc6f0d20151b72e478b552a053707ec6,1,,"nao chegou produto , aguardo resposta. ",2018-01-28 00:00:00,2018-01-29 19:52:21
b9b791819c5c1a5c6a4ffc7881f97fb5,6d953888a914b67350d5bc4d48f2acab,1,,"O pedido foi realizado no dia 5/5/2017, e até hoje 01/6/2017 não o recebi.",2017-06-01 00:00:00,2017-06-01 12:57:10
60d722b75799a5f731e210fc95ec3e5c,be8e82214fcaada34c6b645f54e20737,1,,"Não recebi meu produto,e ja mandei mensagem pra loja mas ninguém me responde.",2017-12-21 00:00:00,2017-12-21 12:05:41
d794a4273981eed191ca36bd7b12c44a,114e12eca60507f3e3153182f258684d,1,,,2017-08-30 00:00:00,2017-08-31 12:50:27
82d4bc7c836b9941255450a85b6356f6,5487a8ac1699754d975f853ce8bb9321,3,,Um pézinho maior que o outros ,2018-04-09 00:00:00,2018-04-10 08:05:50
4fdcdbfe33d8fcd7d0ad30e1324d92b1,1cb9cb32b2b54f1580e375ba45d744c4,5,,,2017-12-30 00:00:00,2018-01-02 16:39:48
154511baf6f24a04b1083646f0953bac,ac8b3ecc5daa5b2d54a81b3ba337bf6f,1,,comprei dois produtos so me entregaram um,2018-03-03 00:00:00,2018-03-05 18:31:52
17a7692937e726741c7b204e28fb2d0d,24ceed9729a86f5e36fd61ae94183817,4,,,2018-05-27 00:00:00,2018-05-28 11:26:17
0802f0705cb37ecdade0747dcd2c1176,0c91c4102d1858f4ced29970f55e54a0,3,,"só a estampa que não é tao viva as cores como a da imagem , mas o produto é bom ",2017-03-08 00:00:00,2017-04-28 17:40:14
036ab5699addbfef7bc3ea406bab8353,aa87c4af248b5041ab8aa98338210d88,3,,,2018-06-14 00:00:00,2018-06-20 03:04:53
78d7205cde454698c917f0975018ef5c,82fbfbdb67d2e217768c85d56eeef7f9,5,,,2017-06-14 00:00:00,2017-06-14 17:29:51
570fd623c1d4d6aae7910f5c3a92c771,2777dd73cc83e92e814ebb6126f236d4,5,,,2018-05-18 00:00:00,2018-05-20 23:38:41
362b97d059be139dac8ec5051217353c,fb95aa20d91cfc568a3bd223c03e9eff,5,,,2018-05-10 00:00:00,2018-05-17 00:41:40
db03b06904bc8618927edd34cab89e4c,b34e0fe701f0a4fd62a44b88b142ab67,5,, ,2017-07-13 00:00:00,2017-07-14 02:36:45
93f72220a2eefce8606c24ba7e121333,ec1bf6be538a31d3b13bfa67d87010ce,1,,Produto já veio com defeito não funciona ,2018-08-02 00:00:00,2018-08-02 13:53:14
477f9d0cc1dc009eda151d0f0dccd698,7b4cc813e327ec14c78f547a763f46b8,3,,,2018-03-30 00:00:00,2018-04-09 22:01:08
3e9dd8c8de0f16b7c7cd963305837d95,04c3465b312fdf85de8e4cf4dc186600,4,,"Aparentemente, o chaveiro é legal. Mas, como comprei para presente, não sei ao certo. ",2017-12-13 00:00:00,2017-12-14 01:43:11
2fb8c2ee9119de200c34c8fb59d550da,2591fdd6cc7718bac11436b57abd8163,1,,"Não recebi meus produtos até hoje dia 11/03 . Os Correios não estão entregando as cartas,contas e as encomendas . A empresa deve usar empresas particulares. Paguei taxa de entrega e não recebi",2018-03-09 00:00:00,2018-03-11 10:40:01
c304976ef0b7d8be9836984ee3a6bfcc,f2076489cb09f9d0f11c6a524022fad8,3,,,2018-01-19 00:00:00,2018-01-20 01:04:21
efa846b2db4c2ff2b01f50d53dc4d317,30b2ad103e6982881929c367f930ab29,5,,,2018-08-14 00:00:00,2018-08-15 11:54:11
54194d74ca4584d990aec0baa2e2d0ff,bb1463881b6042a9499fbcb58706b918,5,,,2017-12-23 00:00:00,2017-12-24 11:20:32
2b5d4a668a471a0283b87064609dfb5a,3cc14e2cf62e0a0d4d469d77141dfac3,5,,,2017-05-30 00:00:00,2017-05-31 01:28:09
ec565e809b1b02268f443896c83cda5d,bc3551dbac6e56b70347f161a1c0e434,5,,,2018-04-20 00:00:00,2018-04-22 21:56:34
a6366cdbe7350feae0e0b038d393d997,3619a073d29c01c4cfb83078a695f13e,4,,"Bom dia. Quero agradecer a rapidez com que foi entregue o meu pedido. Eu havia solicitado na cor prata e veio no branco mas como não destoou dos tons da minha cozinha, fiquei com o branco mesmo! abçs!",2018-03-06 00:00:00,2018-03-10 12:31:38
b1cee4d23727fd02b7046e647b9fed16,4f12293458fe42108080bd8c3da6a500,4,,,2017-04-13 00:00:00,2017-04-16 19:37:30
1ee821d1c05b943f3e7dc87b19d41345,d65f26752fd6834bfb0a567b581dde3b,5,,,2017-07-28 00:00:00,2017-07-29 00:37:56
7b6cf1c09041a79e596a1f1793790c13,f69ae31bce06a78d626762b53067c7e0,1,,Gostaria de receber meu produto,2016-12-04 00:00:00,2016-12-06 16:45:35
cf6c97af468468529a43f61127146053,a7b984cb7dba04216ef3408f9fdc724f,3,,Bom produto de fácil manuseio.,2018-02-28 00:00:00,2018-03-02 18:23:45
77993821c4c9650775217fd5c0a86cf3,54b1718c17cfa59d1f51cba8c755ed98,2,,,2018-01-06 00:00:00,2018-01-06 17:06:57
3945c60687ce802221ea2a6a5f7b2d8b,9dc7211819545928779f926c67f9031f,5,,,2017-03-08 00:00:00,2017-03-08 23:32:39
6cb819f02919cc20e085928b63eecd13,67054420c38f2db9d12db40e122f02b2,5,,,2017-03-08 00:00:00,2017-03-08 23:25:02
104519e559f3afae85f371f7d879b306,989788f1c17a087572e29eb4fc130983,5,,,2017-02-14 00:00:00,2017-02-23 23:59:18
4806eb6d31cf9c4bbc51adf84544bee1,848e76f65aa5d3843c356d8a68dfa5b5,4,,,2018-05-12 00:00:00,2018-05-15 11:21:38
9e8d73130a7421ac2e032d759e15c1ec,e6190dea235662449d160357e46eaec8,5,,,2018-01-16 00:00:00,2018-01-16 22:52:25
7d2bd658eb0c421ed135b32243a66aca,800c8a15369d74de7bc13709ef847d4f,5,,,2017-12-19 00:00:00,2017-12-20 13:38:10
5ca8d66cd6b0e4d5f2318eb0c625a414,78a040518000bd952718c7c856d1d3fc,5,,,2017-05-06 00:00:00,2017-05-07 11:01:34
8cee1986b6061ae43d92ce878e578623,e3e81ec82803ad01f1d0569485ea0b75,5,,"Parabéns as Lojas lannister . Sempre com bons produtos,ótimo atendimento e entrega rápida",2018-03-03 00:00:00,2018-03-06 01:24:40
ce64f521789eaa15a0b724b53ff2e056,cba3306126337d8de821145b22b9b0e0,5,,,2017-12-12 00:00:00,2017-12-19 12:24:25
e8bfc0062d5d0d9f5ea54f10fc0ae01a,a1706a33c76bfd77c2fa337f882b31b2,5,,,2017-08-29 00:00:00,2017-08-31 21:00:51
b1ece800188e39b4b9e93d1bc7aad405,43004196fdbcc54ae90a84736bb13afe,5,recomendo a todos,Recomendo esta loja a todos que queiram fazer uma compra segura e garantida.,2018-06-20 00:00:00,2018-06-20 18:40:52
8c3d0eecb2cb74051d9b03ea3bd0b2c9,39c438f2a835b25cd51bbd1bed5d089e,5,,Fácil de instalar e prática. ,2018-01-09 00:00:00,2018-01-09 22:01:45
a08ab6d9c2ecaa3326acb339afbe5238,e12e00057650090fead5dc4e44cdbd0b,4,,,2017-05-10 00:00:00,2017-05-11 06:31:45
3112afb21d6937fe445e151be731f9bd,57f7bb7d658b442616fce795fcc30146,4,,,2017-02-08 00:00:00,2017-02-09 07:19:06
3233c07f5389a5b3da6e5584173e773b,84529952b44a7b19788d9398f07b6eea,5,,,2018-02-28 00:00:00,2018-03-01 11:24:24
9ed658556bb5cab80587fd25d1576d2c,616d980107c4a1d6b7cbc85cd40890e8,5,,Adorei o produto. ,2018-01-09 00:00:00,2018-01-09 20:48:15
c6f00fee3a8a4983f475afd81a6fbfff,6106af2a0590979c9d7c7918f6eae6ae,5,,Recebi o produto e recebi o esperado.,2017-07-25 00:00:00,2017-07-26 11:20:26
415c61aa5897b0f143f15d33340b34a3,aeebf4abbcfb9bac43b6a31399a3e93c,1,,"Não recebi nem o produto, nem email informando a situação.",2017-09-30 00:00:00,2017-10-12 14:22:13
09ba1e17846a5370d01bc509dfa437ea,6224401eebe13e25d470d8d6a9ef225e,4,,,2017-09-13 00:00:00,2017-09-14 12:31:44
fd79ea089214ed09d63d48fcc39cf8fb,e93561a5404a0ecc64f56eed482e05b1,5,,,2017-12-30 00:00:00,2017-12-31 01:08:30
8ab698ec482f239720c1d6bba027efb6,b68a52eb0d8bcd5f784a5f95b98a6cf6,5,,,2018-02-28 00:00:00,2018-03-03 14:00:02
7cabf170d8154296da4f29a7e6cd6c28,1c5ea09d670777647e55f734e3d784b2,1,,"Olá, estô muito chateado Véio Errado o produto, Estô tentando trocar más ñ consigo...porque quando EU entro no site ñ completa à minha solicitação...por favor preciso de uma solução. ",2017-11-08 00:00:00,2017-11-18 00:55:11
720e1e93d7f0bd70b3fc2da91df2d058,3598d5876c343ad3d9699be24dc09b8a,5,,,2018-06-08 00:00:00,2018-06-08 10:35:14
79260994e3ea315b3dd92171821e8cd1,f2120851611e040d268c3be41ac51228,3,,,2017-09-19 00:00:00,2017-09-20 01:02:22
4686541f110170004368e697f14b0fab,fef9630717f341d93127dbf1d27650c9,4,,,2017-08-29 00:00:00,2017-09-01 10:11:29
397ce09bc18e5afb910c5e4ece5322cd,5c4ddbfa718a93f4b6b964b9e19472df,1,,,2017-05-17 00:00:00,2017-05-20 18:01:22
777c309a8090cc7cf1ed65a44a1b1929,27778e8302a1880621730425fd82fb60,4,,,2018-05-24 00:00:00,2018-05-25 10:04:08
96d558b10db1c7d40b08f306bfd0cea4,0f2f7e210f5079ed1f797cb4aed6dfbc,4,,"Poderia ser mais fácil colocar os fios na base, pois é necessário muito ""jeitinho"" e força, no entanto, o produto atende.",2018-05-12 00:00:00,2018-05-14 16:02:36
ad15118c0268a0e5187b957c8ffe411a,ced669a0f18cc433701f1011449b80fe,5,,,2018-06-30 00:00:00,2018-07-02 20:25:08
b6a66ea948187711026f3577d88a2705,be16722a27c9d9dcf7054c682b72b3f0,5,,Produto muito bom,2017-08-02 00:00:00,2017-08-03 09:57:14
e4a04f99cee6a385a84e02ead338056d,c00ec2c5d2f145b694e4f478c71c5711,5,,,2018-01-23 00:00:00,2018-01-29 10:16:27
540fb755035b61324336b3b4cce928a3,55f1a7153e4d67447465073ad9490f04,1,,"O prazo para entrega do produto seria 02/01/2018 
O produto consta ""aguardando nota fiscal "" 
O prazo não foi cumprido e não existe uma nova data para entrega .",2018-01-04 00:00:00,2018-01-04 06:42:03
13e8b9dc68d5ff80b4a0b0a91b1b6239,51c8ce1ad9c1fdebc69cc37fbff27f5a,5,,,2017-11-16 00:00:00,2017-11-16 16:43:54
7ff1483079a6bcb4ee154af5ac58e9d6,03da04c1427d7b8bff38d76efca1029d,3,,,2017-12-19 00:00:00,2017-12-20 23:28:35
1ba55cc128ffbd2c477829cbeaba9aeb,bab2b00c7dda561a8e77047d346f36cc,5,,,2018-06-25 00:00:00,2018-06-25 17:06:38
b38723e7e62ac14f4c306bbec1422948,0e94db37ea63222e95092a0f870f8e9a,5,,Perfeito!!! entrega muitíssimo antes do previsto. produto muito bonito e com qualidade.,2018-02-06 00:00:00,2018-02-07 21:30:11
cd530fcca1e3d59fca3344590ae0df9d,57ec43facf6675a86b249b5c44867350,5,Top,Massa de bom,2018-05-24 00:00:00,2018-05-27 03:20:30
d699752ac07d99539443886788ada50b,819228bb978a781e564b6de402397c19,4,,,2018-03-08 00:00:00,2018-03-09 00:56:22
3f0cb756e12fce58c9611e452c3dd864,c293ca42a5c5696d69f9de1acff91b4d,5,,Foi entregue certo e rápida estou bastante satisfeito ,2017-11-26 00:00:00,2017-11-27 01:55:13
36d0068c533c08b9da8548f8cea77f65,329eb66ed3125473bd5c70dc291b2621,5,,Adorei comprar nessa loja,2017-06-15 00:00:00,2017-06-17 15:08:48
3932906047a7d32bef9f69b580752a3d,338be6220254203898339bb8b6021138,5,Tudo perfeito,Mesmo com a paralisação o produto chegou antes do previsto. E vieram sem nenhum problema,2018-06-01 00:00:00,2018-06-01 09:35:08
a491b1aadbf0d30c334ff822927d76cc,448c60334e2a53a5c678e4bd6b1e77a7,5,,"Produto chegou antes do prazo, e a empresa fornecedora é extremamente atenciosa.",2017-12-19 00:00:00,2017-12-22 00:44:01
219e8eb79c47833b3ffd0a337d268e4b,f8166a345b188c9033d127c25e44ab74,5,,,2018-08-28 00:00:00,2018-08-31 11:50:55
bef175bd6ef90af0938b390a08bec6a3,b4dc09cbd4cc735632779c738cda842b,5,,"Recomendo a todos a comprar nesta loja, atendimento, prazo de entrega conforme indicado!!! Parabéns... ",2017-03-29 00:00:00,2017-03-30 12:46:38
3c96e6271ea6bf6540dcd267048e60b6,41d7166cd7b904ab5eb52a1fb6783e5f,3,gostei muito do produto ,"Gostei muito do produto é exatamente como imaginei, a entrega dentro do prazo. A unica reclamação é q s tiver problemas c a compra e precisar entrar em contato rápido c a empresa esquece q n consegue",2018-06-05 00:00:00,2018-06-06 15:40:32
917cdadc1a5b4cf4c988d264992f23a9,c7e1e46af92704b1c2e1924de96e7479,3,Recomendo,Recebi o produto errado.,2018-06-06 00:00:00,2018-06-07 13:53:24
d9da94eb9866243cb58bedd655153d21,5b0ee19a3125fc083348baa76d816ed0,1,,Atraso grande e não dao nenhuma satisfação,2018-03-17 00:00:00,2018-03-17 18:10:02
c7403aa28b46a67a8df58fd93d707173,593b6eefb72afdf364b30dedb1294414,5,,,2017-12-06 00:00:00,2017-12-09 21:04:30
ec4d1e6dd7417db7645f399842964d02,6046bc15c899ee2dd06d1a235f9f61c9,5,,,2017-09-04 00:00:00,2017-09-04 11:03:56
932f8c5de124d8b3f2929bd2f4c4e58c,dfe927ca4859176d7377a7543078d4b1,5,,,2018-08-18 00:00:00,2018-08-21 17:00:34
492753053440fcf3f5a30a4cc64c21b0,a3a0be41e7611973435cc81280f76bee,5,,,2017-12-05 00:00:00,2017-12-06 13:26:22
bc30f621152138e11375035946797a9f,e1a86e22da680449cba8e136ffa97f8a,5,,,2017-12-12 00:00:00,2017-12-14 08:46:37
f0da0b4729844e6ad8acdf899688fa08,aa8e678261a5c83986ed3be5314c033d,5,, Entrega excelente,2017-08-04 00:00:00,2017-08-06 22:01:27
4b867df78d10514bb064984c5ca4f811,9d27094c5a72cbf877d632e2d03356e4,1,,"O PRAZO DE ENTREGA ESTAVA PARA O DIA 29/03 E ATÉ O MOMENTO NÃO RECEBI O PRODUTO, ESTOU MUITO INSATISFEITO.",2018-03-31 00:00:00,2018-04-02 13:31:33
d80caaa6c003119214811c26fa71893e,e62d530c9b5d79b0b222e5a4542d71be,5,,,2018-06-14 00:00:00,2018-06-15 21:51:34
5aea605827102143e4b5da512eb7b45e,c0cb48c270009fc128318b2f9eda3bec,5,,,2018-05-05 00:00:00,2018-05-08 01:35:12
0bd1928507f0ff11c6f626189e18331c,ddc75e18227aa517946c2239d18d1300,5,,"Excelente produto, chegou antes do previsto. Satisfeita com o produto! ",2018-08-03 00:00:00,2018-08-04 01:00:44
48152a600f1db1d8877a7a8d59954b02,41e26896c2835821f7622124a8ebf047,5,,"Produto certinho ,tudo correto !!!",2017-07-28 00:00:00,2017-07-29 23:09:58
d345e5eed5277eb34f2b22465cb8abd1,e21e08b6eee6cda8f5cc69981707fa71,4,,,2017-12-06 00:00:00,2017-12-26 16:47:06
1452cb4550e14ed0afb2b750b99b5d70,d1574473ad1d4a427f66f0d1d6bf7985,5,,,2018-01-30 00:00:00,2018-02-01 10:15:59
5364ea4a55e54b75592c6c81b018dd4e,3da82f366802e4512789763543d67ee2,5,,Muito bom comprar pela lannister.com,2017-04-08 00:00:00,2017-04-09 10:44:21
b43edbfa28b0559024608ef4240d4e6b,d24cf30658f279bb1e8677169e43e44a,4,ainda nao recebi,o,2018-08-05 00:00:00,2018-08-06 12:29:29
7e52d3fd3b8734275fe9fe6cd869dd4b,4cb7d866ce5acba93c58383df3081469,5,,"Demorou um pouco a chegar, mas veio dentro do prazo, visto q o prazo q foi dado foi bastante longo",2017-06-10 00:00:00,2017-06-11 11:40:40
5cc67f6c75aa22c3b69405331557f42b,41d5636cfaa3b8436beab84388cf73d0,4,,,2017-07-23 00:00:00,2017-07-24 00:09:02
67d07fb527944d604b143f0bc00f7769,af7b1f7080ed76cd6d266c0ce5a13044,1,Não é da marca Mairibel! ,"Entregaram um produto de outra marca, bem inferior! E no anúncio diz marca MAIRIBEL e a foto do produto é da MAIRIBEL.",2018-07-26 00:00:00,2018-07-27 12:03:43
23248eec680be1be287dfc686556be67,04ee5eeac980a849efb5ac99abf87259,3,,,2017-09-02 00:00:00,2017-09-05 12:33:00
8db4a0a7d379d296a83ba5b739e2dd0b,1436cba3294812a22fe0868db7581b68,5,,,2018-01-17 00:00:00,2018-01-18 20:54:00
acad5109a1947913a28927ba836cae3a,55298973d17a0c1dfb2281ae969a65d8,1,,"O produto foi entregue porém, apenas 1 unidade e não as 6 como consta no pedido e na nota fiscal.",2018-02-21 00:00:00,2018-02-21 20:19:18
b86bf1c2834fc2d3a3a9d8421a02f5e5,00c47cfa491ef55779ec7557673087fc,5,Bom,,2018-08-01 00:00:00,2018-08-02 13:07:42
42586aae6e35c1255f85e6a079853208,3981ab3fc085c2a1d4dcca88197fe7fd,3,,"Recebi o produto no prazo, mas veio faltando uma peça.",2018-02-17 00:00:00,2018-02-19 20:20:00
5629b69eea90c60320062dc1f1dec388,0df120be8a76db470b19ce0fbcf170da,5,,estou satisfeito,2017-12-09 00:00:00,2017-12-09 23:55:30
0a6c8cf529f15cbfdd9b2a3c69ae1ad2,30fe274ae9909568c501af6539d4306f,4,,,2018-07-07 00:00:00,2018-07-09 16:02:07
34283cdbe607e46b28f0dfc409d485fb,0e2d7ec6702478f04fd7b14b55b906b0,5,,,2018-04-06 00:00:00,2018-04-08 20:45:47
1d354f0ff4d7fa8b19093c123a8197ed,8f7075f9808a783f9794cf5f7e1860d5,5,,,2018-02-22 00:00:00,2018-02-23 00:06:28
c14edc0d83dfc6fcf76fa3365fba442e,2c353c9011928609140c2fe8c3f925a5,5,,"ÓTIMA COMPRA, ÓTIMO PRODUTO, ENTREGA DENTRO DO PRAZO. NOTA 10.",2018-03-08 00:00:00,2018-03-09 03:42:55
7593e91c7434e876343a0d64b265bf88,1187f5498f05e7604440a54cc0c9aa92,5,,,2017-06-08 00:00:00,2017-06-09 03:12:41
b6eb480828b9c80e89de2135086f5424,3b2d986d88e983cc12154191391193ad,4,Recomendo,Dentro do anunciado. Recomendo,2018-07-11 00:00:00,2018-07-12 01:13:52
b7597ba6e4447f3364fc9885b89aa0d5,faa72e2db68f17d71fa5c725cafc53ad,5,,,2018-04-21 00:00:00,2018-04-24 00:56:17
624037deb8e05a2de4a0fff7ce4c5d79,6d20c5b5d74d900b45b27fd6e6e01089,2,,Mas o produto é de má qualidade muito fraco ,2018-03-22 00:00:00,2018-03-25 13:38:21
b060f38e6de7a9940ec3218c1900dcbb,a8ddfd6f6316a1c31da18f179981ecc6,4,,,2018-07-06 00:00:00,2018-07-09 15:56:00
043927702a1eac79111cfaa3a1afc2a4,2e7afd467bd078429896367562ec0727,5,,O relógio atendeu às minhas expectativas.,2018-03-09 00:00:00,2018-03-22 14:04:05
a1cb202348290bcbe771a919748fbc8a,47bc2fbe3e9b64a723dd530a4f1612b8,4,,,2018-02-17 00:00:00,2018-02-19 03:01:30
a09d236fe6739f2940a58603f77bcbe9,0c31953b008c5e98882d436f4298cde0,5,Excelente ,,2018-05-05 00:00:00,2018-05-06 10:33:15
485171ac850d50070902742218513686,904d1d3bf21a8c56e931f8ac05d284c6,4,,,2018-07-25 00:00:00,2018-08-02 10:36:19
2b27994a03595e5abab4912ae333d98a,df638e8bbe2b487525b22f5c7a5c9231,5,Otimo vendedor,Adorei o produto,2018-03-07 00:00:00,2018-05-23 15:05:06
50cf8dd998e5b0a47e1ca57f27a3c763,b23f8178f3b6555a78a4ad844ed11c57,5,,Excelente,2018-03-23 00:00:00,2018-03-23 23:28:27
d8229be623805938a33b2109e834581a,42179e8f527c0f76eec0b2a37a284f4d,3,,,2017-03-18 00:00:00,2017-03-20 16:01:44
04de8cd3ff7e266fab83809dfb2b35e0,f65681ae52bf95372fcd66c697752f3d,5,Excelente,"Produto muito bom, recomendo.",2018-06-27 00:00:00,2018-06-28 01:58:55
67e94dfb6f2581e471bf6c071e0b8316,972976cb62fb977bfbc253219799e486,4,,,2018-08-09 00:00:00,2018-08-09 13:09:51
90d076b745b3cbd6751be29af3dab7c9,6bfefd597dae9bcdc38e087a154ab6e5,5,super recomendo,,2018-05-09 00:00:00,2018-05-11 17:29:41
4dd9adff34984d053150c0bb19cf74b1,379fed4a1ab7b5a3e8126fe0b76b9ebe,3,,,2018-08-01 00:00:00,2018-08-04 12:29:42
8d8cdd4d20e7a3db938ce16c150a3030,9630c641313083fe39397cfa75810e4b,5,Muito satisfeito ,"Gostei muito de todo o processo de compra. O produto condiz exatamente com a descrição e a qualidade é melhor que o esperado, afinal o kit custa o valor de uma camiseta. Voltarei a comprar com certeza",2018-08-05 00:00:00,2018-08-05 22:14:57
e0e8bc93edf808ddbc1d2d71533e3955,9e784561e351e3749a4dc15902d0e7ad,4,,,2017-04-28 00:00:00,2017-04-30 22:03:16
ce38dd91f4b7039a046ebf4da258e2e4,b8fba4dc6ff421731ed01f46c701084a,5,,,2018-01-23 00:00:00,2018-01-24 00:35:14
2888afbc0383ef460f19c6fdbc018466,f47d6af60927db6bd34707fb06c0ad61,5,,,2018-02-16 00:00:00,2018-02-16 23:40:56
954c809cbdf3bb89b0f60ab3a2a70a61,d6ba0aa53ad5742259d45436b54d2b46,4,,,2018-05-19 00:00:00,2018-05-20 16:12:40
802b9ef1598ce0f897487ee04cca7e6d,a5ee069718f4fc72e7a0567f4a45ba53,3,,Gostaria de opinar depois que eu receber meu produto,2018-05-31 00:00:00,2018-05-31 13:53:04
fd0784df27a5f48fbeb7c5b07f8686d9,78489b82e815cf23348985a3db599319,5,Entrega super rápida!,,2018-05-08 00:00:00,2018-05-10 21:23:38
5b2f14d359963b1c79ebaa6eb4365b99,820235f6d6341b0a1d64f22499ba07c0,5,,,2018-07-24 00:00:00,2018-07-24 22:17:29
966ba7467588d007c1e8beb4e2f8d2d6,e68a0761535bd432bb847f4ae7b7b4c0,1,,,2017-12-10 00:00:00,2017-12-31 09:09:58
ffc7cd9c4c3c253063a5d02cc79fc77b,c69e067f9b64eea56517834d123baf0e,4,,,2018-03-08 00:00:00,2018-03-09 02:11:56
30ee800093e56dea8ba9eaba5d3e680a,e56d6fad37333104e525678504e3b8c3,1,,"Gostaria de uma posição, já que o prazo de entrega já expirou e meu produto não chegou.",2018-03-16 00:00:00,2018-03-18 00:24:28
6fb5e3b9e83df21267d2088c36d6c84a,bef03713fe5980450be9ff427e26b699,5,Equivalente ao Original,"Excelente produto, compensa MUITO mais do que comprar o original da IBBL.
Recomendo!",2018-07-14 00:00:00,2018-07-16 16:55:07
bae85972e5701a54e33a9bcddb898d17,d46a98b33046509aec0ca7142d63b9b1,5,,,2018-03-28 00:00:00,2018-03-29 19:32:43
0403937c18bf4fc4112ee3b7b9316c35,c5d3fae065a8090bae39f4f34b14cd06,3,,,2018-07-10 00:00:00,2018-07-13 11:41:43
ace1681ba6adfe10d0403d68170fde8f,0eb43791d78d71f1098d5cb2b46e4c7b,5,,,2017-04-10 00:00:00,2017-04-15 00:15:25
a9dd71a622ad48be09e2d57b89f0e6fb,4e574601fa03ae371593a005d9cc7a32,2,,"Muita demora na entrega do produto.
Não compraria novamente!",2018-03-23 00:00:00,2018-03-26 11:15:25
2c1d01fb80b7acad47fe16bfa1040a02,69697763300040978b1c88f1bb60ad24,1,,,2017-11-11 00:00:00,2017-11-11 14:58:54
b93b3f36a325638b5491bb2f1684f01b,de86d263fd8adbf70b390a50f59266e4,4,,,2017-12-14 00:00:00,2017-12-14 14:03:15
71f2fa6d5eabc7c1931373073d96db12,4e2cd0aecbb0fbcc5fc61ed8fc23589c,5,,Entrega dentro do prazo,2017-12-07 00:00:00,2017-12-07 16:15:37
96b7017aa047094ca776e53ef9c8d43b,385408894abaef5ea2b48046ca02f823,5,,,2018-02-28 00:00:00,2018-03-01 11:06:08
a28c46ad6a9127d9ad195135d98ae620,c992f37682e64f4ac2ec63136c54369d,5,Excelente ,Excelente ,2018-07-31 00:00:00,2018-08-03 15:12:30
a0c7001af63b10f497c4fa6854fafc9a,b9e2b866cb381ea49beee36e3baaa76e,4,,,2017-12-22 00:00:00,2017-12-27 20:39:55
68209efd3292fe8480f427161026bedb,b17838c714aef16bc099010feb2261ba,5,,,2018-06-20 00:00:00,2018-06-21 17:22:47
f7697a0d1eaadc2cd30a235838a4c110,1d92d2ce1ae2e0510b5ce50c5be578c6,5,,,2017-12-22 00:00:00,2017-12-27 16:29:55
bb790493dafd2187788489d30f3a60a0,2eb455a9ac809470168098ddf4e2a25b,5,,,2017-11-10 00:00:00,2017-11-17 02:55:57
44adbcf1c5e84c4fb734c31f9f7e95ea,f64d3fcec2473409b404374ea0ce4ded,4,,,2018-07-03 00:00:00,2018-07-04 12:16:59
1e6e8e8022d161c471a545cf6df90090,48a32a844d2782e2d2b33c2ccb6a941a,5,,produtoentregue no prazo e amei a qualidade,2017-08-30 00:00:00,2017-12-05 15:05:14
e7bf16da207fd0ba59b0629e84ddd1e5,e12019a9afee02a4355f3629cc804f9e,5,,,2018-06-02 00:00:00,2018-06-03 21:00:19
038c764684b2d6ceb477b0e298a3f3cd,9e711ba681b09da30750ac0fe7a0cc3b,3,,,2017-10-10 00:00:00,2017-10-11 07:51:46
1d64e6e492d47759de2122ce70fbf228,b85b4d3eb7887ec7b9479e2f45362dc6,5,,,2017-08-02 00:00:00,2017-08-03 21:54:43
bef1bf2fa3f94f66d868d6160d202469,6917bf2ef92587d31987c8c01aa1b4e0,5,,,2018-08-29 00:00:00,2018-08-30 02:52:06
e38c9e0e02552a21eb1b397389632783,a3e5028ece0876f0a632152e9a66ff0c,5,,,2018-05-25 00:00:00,2018-05-30 17:42:36
3053885e070ca53db4ea3c56cd1ec3fc,ed78b29fa4c1255d275df5d4e464503b,3,,Preciso trocar meu produto. Eu quero latas de mantimentos e não latas de condimentos.,2018-02-21 00:00:00,2018-02-27 12:02:35
1b3f2bd2f1b0c86c261d6273b2bfd186,51b293b7ef9af17da9a922ce4069c202,5,,"Entregou antes do prazo previsto e ainda com um brinde, comprarei outras vezes na loja. Nota mil",2017-12-08 00:00:00,2017-12-09 13:25:50
61ee5a9b8183e4b059a007688b38dcac,6aef284c51f971e11cffc4e49caea7af,3,,,2017-12-20 00:00:00,2017-12-23 13:28:32
0f54fea9e89c2a9398b2bd56e3880eda,8d4c637f1accf7a88a4555f02741e606,5,Adorei ,,2018-08-26 00:00:00,2018-08-26 20:21:38
dc9a1ae350d10462f1ef975a942a7789,bec5e390bd832706d84b46aba9c4a83b,5,,,2018-03-28 00:00:00,2018-03-29 00:15:48
f7dc89f0482f47559e3698e89ca670bc,a95f8f8384a13be626e06154468a9200,5,,,2018-02-28 00:00:00,2018-03-01 00:45:55
ce42e366a01ca7204c3c8e798328bb8a,582e0dbdbf89bc46dbcc5c34ff60745a,1,,,2018-03-30 00:00:00,2018-03-31 15:58:18
4f4a5f22f0bde653b8c3239eaafa8169,5fdcee361d689906697597a4415711b2,5,,Muito bom!!!! Adorei!!!,2017-12-21 00:00:00,2017-12-21 20:47:34
196674c23291bddb252984c4f6c6dbc7,ec1692cdaaac26359dd2b8da5e6a409f,5,,entrega rapida produto otimo,2018-08-09 00:00:00,2018-08-14 13:05:36
e3311988ccd3e93d7bfb245fac2ec933,1c487b52a0823daeced375367d5f73de,1,,Bom dia. Comprei duas unidades do balde mop e até o momento só recebi uma. ,2017-06-27 00:00:00,2017-07-01 13:10:39
ba4c73d4b501c0c9e93de1709fd949d4,33ab2dc79c51648bd7787cdf4d64f656,5,,,2017-05-31 00:00:00,2017-06-07 13:43:49
6da43271b2b9a70e42ac36f5c6e32389,9ac3e0dd6aeb10079e605b2e0f1cd7de,5,,,2018-08-25 00:00:00,2018-08-26 11:46:20
21b9f73cacba2f21ad4f6d6c818d4fe1,540f4eaaafc047a407e4b4522bd0fd66,2,,,2018-04-04 00:00:00,2018-04-04 12:16:07
b503d29ea60a8b84b39994cdd9488a12,4f3ca5ff0917ab7f5c33e83a98ca7a83,5,,Ótima ,2017-10-20 00:00:00,2017-10-21 01:02:03
3a44c43f41f1e6f0669050e7b1c4f84c,dc12fa02210be1acbcc15ed310547ba0,5,,,2018-05-26 00:00:00,2018-05-28 10:32:36
3e67da389a6080dbdd084751c2fff2b7,aac103aa82ea3fbc312b34cbc349859f,5,,,2018-04-19 00:00:00,2018-04-20 00:34:19
9fb12cfec1a9c791a31538b7c5dda1ad,2a677120e5ddca4e25eea9768d3a67fe,4,,Entrega rápida e produto ótimo. Já está na minha moto. Recomendo a todos!!,2018-01-06 00:00:00,2018-01-08 02:25:42
ad748ccb1cb26fc097b08485617f8efc,1d8c63ae552e28d9aab13aa5a92dc389,5,,,2018-05-09 00:00:00,2018-05-10 09:00:52
5b2ced9b2ec1ead74ff9ee1857648f49,dca63e525f9401c2d75b39006727511b,4,,nao resebi meu produto ate hoje . comprei uma cama elastica ja chegou mas a escada ete agora nada . estou esperando a escada .voces sempre entregarao minhas coisas sertinho ate antes do prazo nao sei,2017-07-15 00:00:00,2017-07-17 16:17:37
2c18759c5b2d77637277a2aacdf73ffd,747472f67c6d285c60bd732fc28beaf9,5,,Recomendo este produto.,2017-11-25 00:00:00,2017-11-27 17:01:29
cfef40b12b43165b181fdb437adc9b2e,f23863d36bbebad07e688d0010148a26,5,,,2018-01-23 00:00:00,2018-03-07 22:50:04
8b212805f79d4de49657b42e1e9024c2,023af4b88d12c9f3f56bcb55da0450c5,4,,"A caixa chegou totalmente amassada, por sorte eram mochilas, se fosse outro produto poderia ter chegado danificado...",2018-01-09 00:00:00,2018-01-22 03:19:11
201bea6ed3623237914ca32b620a44e1,c72e93d7e98b14432271347cec69043b,5,,"sim eu recomendo esta loja,",2017-05-12 00:00:00,2017-05-15 16:46:48
aa0abd2ea461e0e5f41d9ef128583222,d8764a0bfdbd63c0dbcb665b8eafb7d8,4,,,2017-10-26 00:00:00,2017-10-31 18:58:01
e09dbf78f132248ac6566d325337f998,f29282bc8841ae8bcb88e357e9a32c57,5,,Produto entregue antes do prazo e em ótimas condições.,2017-12-21 00:00:00,2017-12-22 13:12:39
4c0ea092710e3fda1c8638a17355496c,c0064eb733991511a78ddc2fdba0effe,5,,,2018-07-08 00:00:00,2018-07-08 22:54:10
c2ca631482459fe4d360f3e60f2f5ea9,8384cc8291fa3f9512995c77446cf25b,5,,Compra tranquila e sem problemas,2018-04-12 00:00:00,2018-04-13 00:00:47
70e19f304a49b2ea3b2a749685adf435,76d3da933ea02dff5b27a64415350c37,5,,Entrega antes da data prevista,2017-11-07 00:00:00,2017-11-08 22:01:53
e38dbbcbae27617ece2968f19c9bba14,4e6aa298577f90f026cfb1d07e86509e,4,,Ótimo,2018-03-27 00:00:00,2018-03-28 00:08:01
082d6bd1e32892e4b4cde2a5cd02ec72,6e0f05728107157ca451dd9047a4eebf,1,Péssimo,Aparelho usado,2018-08-10 00:00:00,2018-08-12 00:40:59
b85388fe703b1d59fcf0ea42ec2b55b8,9a1d09360fb93ff8ae57b066fe14bc62,4,positiva,"Atendeu a espectativa, entrega dentro do prazo. ",2018-07-07 00:00:00,2018-07-10 14:19:23
8c3000c17781e092bff3e1df8711c794,e4865416690d1f1fdad49bc94f871de6,4,,,2017-12-07 00:00:00,2017-12-08 03:47:27
2d9278bd208734d2af73977c3d0810f0,3612774010df99c2dbad4a7dbebfff59,3,,,2018-07-28 00:00:00,2018-07-28 19:15:03
fe6a2658b6560aac1951c19a57337292,cb61ea5ecf3a762ee7460dc23d50fffd,5,,,2017-12-23 00:00:00,2017-12-24 03:17:15
dd8e171f351ccd8f232c4a7c976db19a,838411338443a817cfb4c26f0f7a9c9a,1,,"Tonner compativel instala ok na impressora, mas saiu falha. Comprei outro de outra empresa e saiu normal.",2017-12-10 00:00:00,2017-12-10 18:48:41
84fd4822a52f6b9979785b8b622cdbf9,6659002983cbc0fc582729e3aa1feaa8,5,"Bom produto, ",Bom produto chegou rápido!,2018-06-09 00:00:00,2018-06-10 01:47:27
54aea66ceb83b9fcd52dadc4bea32095,5d67cca99e80d5f9cc0cda0ce73ca3a3,5,,,2018-01-24 00:00:00,2018-01-24 17:50:03
c399dde7adf4094cebb103781f9251a6,1ad01d500af41c23f0f84509df94f797,5,,"O produto chegou no prazo, e acondicionado corretamente, sem avarias ou divergência. Só a película que dá uma diferença da tela do smartphone de 2mm apróx. e pode comprometer a proteção, fora isso ok.",2017-11-22 00:00:00,2017-11-23 11:24:57
b19c52f8c4a58d38ce9e5e120f79498e,305af4823119256511e64863ca221c60,5,,,2018-06-05 00:00:00,2018-06-06 11:47:35
9f573c72a9812eedc10c551846fa0fe9,bd1a75149b4f3c4c2810386211835917,4,,,2017-12-16 00:00:00,2017-12-18 20:10:46
5d3587c7e41cc092ea5cb2a53de30123,c487fa98ecd15cd13d1467d49ec6af47,5,,,2018-05-11 00:00:00,2018-05-12 00:11:34
44644f6839af881173bf7d11675ebf12,c9577dccdc314ce381822a54b1eaf22d,4,,"Ótimo produto, conforme o anúncio. ",2017-12-07 00:00:00,2017-12-08 08:45:33
fa7f32a42595fdb122b44527d8765a01,084ac56b13107e32ab92934f70638bc9,2,,"Faltaram algumas pequenas peças e muitas das peças enviadas foram de uma qualidade duvidosa, não recomendaria ninguém comprar bicicletas por internet sem antes conhecer o vendedor...",2017-12-12 00:00:00,2017-12-14 23:38:21
7b4e2f8fb8a96107219aaeaee56be3a2,c20b8787cc61fb390fe578ddf1995933,5,,,2017-10-07 00:00:00,2017-10-09 22:59:39
ee829f3dc04f17a37edf7b8725efd323,f2c12c46401363b2f37ce6200b520ebf,5,,Entregou no prazo certo. Obrigado. ,2017-11-23 00:00:00,2017-11-23 17:19:40
7a34d51a3d79763dbc6c08947daaeac7,ea38dbbe2044b5c96bf31ff508ba1aad,5,,O tapete é lindo.. não solta pêlo e é antiderrapante.,2017-05-31 00:00:00,2017-06-02 15:50:09
cbd4bdd791f5820548ac31a1dc4b83f7,2bec039adcca39ad3a2d76a949e6c99d,5,,,2018-08-04 00:00:00,2018-08-06 20:08:49
83d69aa94c1a1f970f428e313aeca8fe,d61fb054800247ebeef5200e8bf9c9bd,3,,,2018-01-14 00:00:00,2018-01-14 16:50:28
f184528e9a897a622c22ceacbfa14053,2a713182dbde7d2e65a7202532650f44,5,,SUPER RAPIDO,2018-04-11 00:00:00,2018-04-12 17:33:16
1b578ab0eb622c9f916a47bd9ab1a020,5d9fde36e9b14f9c646577bb073b1486,5,,Excelente,2018-03-01 00:00:00,2018-03-05 14:21:19
84b1458bb1dc6ca7320f78ece8b68e28,a5d7b5b625f48f4af406a8b11bb59751,5,,,2018-01-09 00:00:00,2018-01-12 00:14:14
7d09b702973ca7ab588422291430c157,111ba12ad74e09e86c3d2918f56ccd20,5,,Recebi super rápido !!! Tá de parabéns!!!,2018-03-15 00:00:00,2018-03-15 21:51:36
b3b5262dcf8b0f4e6cae7d030971f523,b85614e04ee9ee71f2632faf63ff3ac9,5,,,2017-02-15 00:00:00,2017-02-16 18:58:34
d754c015fdd00a0258ef094e26bad8a5,fb04716648402d4fd6f8158e51779fa8,5,,,2017-04-05 00:00:00,2017-04-05 21:23:05
3e01d982e5d8012af3a30bcb7b66645d,7969425ee9683fa972ac9783b66817fe,5,,,2018-02-01 00:00:00,2018-02-08 16:40:45
62aae86bbe8aff988d612dafc98efad0,ddcc7bc75d833f11bb5c8a7c1eda0c17,3,,,2017-11-28 00:00:00,2017-11-28 21:59:40
9001b13d1c2bceb2b6cef50e1f7a6385,edd3d7495d5177045823010a1f6ac22a,5,,,2018-06-21 00:00:00,2018-06-22 20:02:03
0facdb1cb92436d3b89b58c1aa1d7580,ead42f8f41e34c480a4a9185ab74b37e,5,,,2017-10-21 00:00:00,2017-10-21 14:32:36
b3aaefedd2348d0946add11b05aac8c0,a739570c1cd11112aa1fc229a15155ac,4,,,2017-03-29 00:00:00,2017-04-03 00:11:19
373d513506c573b137ff932a3f61300f,b09b18fbceead5d238576060df8d45cc,5,,,2018-05-26 00:00:00,2018-05-28 11:23:19
47858ca8acae9780b5681c26916732b1,d625545017fc7c86aee1dd49f0471c0c,5,,,2018-03-09 00:00:00,2018-03-10 02:59:04
b76d5a098ad9d1ade6c14de030bb0222,6f09a390f155a581c268dade6de048e1,5,,,2017-06-02 00:00:00,2017-06-02 23:16:41
620edb8a2d08cc885a5d240218aabb0a,b18478bbf9b2283e3d12452f69fd9ce2,4,Mude a forma de entrega.,"Produto correto,entregue antes do prazo.Não instalei então não sei se está perfeito.
A loja optou por entregar pelos Correios e como ele não faz a entrega em casa em 90% do RJ eu tive q buscar e leva",2018-05-24 00:00:00,2018-05-24 23:15:04
f76e48ffb848c853b63f655f975d5bab,c46eb22210707fb554e033849d39b24c,5,,,2018-05-19 00:00:00,2018-05-20 18:11:51
a33f23d1d1d615a0e0cfe0cb7b359552,b06ebf1a46fc060c183c59b092ce49ee,5,,Ótimo produto. Entrega rápida.,2018-03-30 00:00:00,2018-04-01 16:18:11
47dc8447e39631ac7e6764f360b24d21,ea048e4dd31fbc0e639a1aade37c7f3e,5,,otima agora vou querer LG55 4K,2017-07-21 00:00:00,2017-07-21 23:29:57
b18204ed1b39d84c36cca10a2b45643d,a402af38a74c44926247db438245d95c,2,,É a primeira vez que um produto não chega no prazo,2018-03-08 00:00:00,2018-03-08 10:27:58
7ff1b70baa3235950d061e6cc5210b76,87f53a70fe59ee417c9cb654dded07ac,5,,,2018-07-07 00:00:00,2018-07-16 14:52:35
f910d8f0cedf90753a41b3b2f1293f72,3d5857f4fdb1061d247dea2544782580,4,,"Produto de boa qualidade, mas muito caro aqui no Brasil. Como ia demorar para viajar decidi comprar por aqui mesmo...",2017-10-28 00:00:00,2017-10-30 10:22:54
e3e380b2298b687d6dde27cb2753416e,9cd2255ff41cdabee2e24bd9ec5b2084,3,,,2018-05-19 00:00:00,2018-05-22 18:17:02
b26ef437189dba2f9231e30b8557613e,ade69ba18f873dc21f043783d60beeb6,3,,Faltou 1 jogo de toalha...😠 ,2017-12-15 00:00:00,2017-12-17 18:58:13
6898b581fe5fb924e3da58440c829a60,5104ff479c1b5720649c1b85b599d2ef,5,,,2018-03-03 00:00:00,2018-03-05 14:22:51
d355cb97216b0e5bdd129ecb94be5a44,c0a5ad81be45e1a04365870aab5cfb4f,5,,Recebi bem antes do prazo um produto de qualidade e Ben entregue. ,2017-10-04 00:00:00,2017-10-08 23:42:58
3c34605555a73d74c0d0ba4fa01b371b,3464de846f6595e07bdee9f5a234743c,5,,"Gostei da atenção, entrega no prazo não gostei do produto.",2018-02-01 00:00:00,2018-02-02 02:29:06
598bb7c137bc7d4d7c7ba786897e0c21,f84df8c0d5dd2861dd4b0939c1a9fc27,5,super recomendado,"AMEI O PRODUTO,SUPER RECOMENDO!",2018-08-01 00:00:00,2018-08-01 14:14:08
438aa26bdba5c1f63044ffd22f3a55f1,27d7ae4ad298e3686566ac8e9ff928e5,5,,Muito obrigado foi mais uma vez um ótimo negócio. ,2017-09-30 00:00:00,2017-09-30 21:51:07
71fe980e19f71e249d44431096726b19,0e6844f9954c0a475641b6490c3f9739,1,,Nessa lista de meus produtos são 4 e até o momento chegou apenas 2. Gostaria de saber quando vai ser entregue as outras 2 e o Coberdron,2018-06-13 00:00:00,2018-06-14 01:24:10
bfc4bd2ed244edc398330d61e883faa1,21c9855588b3946347dcaa1f159edcd8,5,,Estou satisfeita recomendo a todos.,2018-06-07 00:00:00,2018-06-08 01:50:19
c71489d3904066a6f863808142d505c0,7e9eac6236b24f54d858badd77aa172c,5,,,2017-11-10 00:00:00,2017-11-12 21:40:26
1dbab9ee5e892adf2049ba50ca4f9523,5942bd3a8502a95cab0655d31eb2c6fc,5,,Produto chegou muito rápido.adorei,2017-09-14 00:00:00,2017-09-15 12:01:30
78e3f38becc4647aa0a94dbe469b3671,cb110387675cb9e3354ff5fc1b25346f,5,,Produto Top!!,2018-04-13 00:00:00,2018-04-15 12:50:03
e74dfb84ac092e19ccba38ed93ee0554,a229af912d66e534353b1fa59daef44b,1,,"Cliente consegue efetuar a compra pelo site da lannister e o produto não tem disponibilidade. Se não tem em estoque, deixe bloqueado a compra no site.",2017-11-24 00:00:00,2017-11-24 12:55:52
dc256d430498cab26574dd73c65f2c44,77e4da3755c479aac3d6f7f2a5e94516,4,,"Se a mesa fosse um pouco mais alta teria mais utilidade ainda. Mas entrega dentro do prazo, r produto correto. ",2018-03-10 00:00:00,2018-03-10 21:10:28
4c62a5c05fe4cc6bca066931723c8abf,b58ad6013994eef55be5cdaf76a1a14d,4,,,2017-12-15 00:00:00,2017-12-15 18:50:24
a26a76d45a2ccca2c334b18b600c7832,a820e4b8830258a148d161ba6d8bf419,4,,,2017-06-23 00:00:00,2017-06-27 17:27:58
dd052dfff1d3b48e1c9526fdc3a63533,ad9259e8a14df6ee75201925f28d4a8f,5,,,2017-09-06 00:00:00,2017-09-07 09:50:31
993b7320ffc5616675a2014cba0ead62,9d27b66cd7dfe58587bd778c83c4d5a1,3,,O frete foi pago e tive que buscar o produto nos correios o que eh um absurdo ,2017-11-26 00:00:00,2017-11-26 20:33:15
95b1d50fc97be09b61fa81f47253557f,ff40f38705c95a8eceea1a0db29bff66,2,recomendo,Comprei 02 relógios e um veio correto e o outro totalmente errado.,2018-05-16 00:00:00,2018-05-22 15:27:44
de6935b262703d8cbfa6c1ab6df35f22,0da06a931a4d76045f42c40211501383,5,,,2017-12-08 00:00:00,2017-12-08 08:30:00
0bfdc94387506d5ed03e4011d7e1572e,eabcc26c288f8e0b366520f24014f8b0,5,,"Produto muito bom superou minhas expectativas 
Entrega feita antes do prazo ",2017-06-02 00:00:00,2017-06-05 02:53:54
0bc99e1cfa85aac2bd366ef118f2488e,4a9a9d64ccb1bbcb0db6634dbfae10d6,5,,,2017-09-13 00:00:00,2017-09-15 18:15:22
6c869f6c0e7274813b2e0611d4c7cb99,04287a84357d7a29361c0948ee9bb4b4,4,,,2018-07-01 00:00:00,2018-07-02 00:03:39
2ab6391e8106131e67723413306b9608,f55863be6758b60482c4bdfa3cd016ed,5,,"Tudo perfeito, produto veio corretamente e sem atrasos",2018-01-06 00:00:00,2018-01-07 00:42:25
118bb6bcae6d2226d59f613587eb8099,78cb9a560d2efd85da4adc637aab727f,4,,,2017-06-20 00:00:00,2017-06-22 11:19:07
4f608a9ff193c52398e741d17084e86c,291595e7702bf69af75b873bc983601f,5,,,2017-11-09 00:00:00,2017-11-09 14:33:06
645fbc527d94a6161d3009f9f5798c6b,d687704e16072248fd77450d3d4b70d6,5,,Muito bom,2017-05-21 00:00:00,2017-05-21 21:12:52
a028424a14f1d7ea18e815d1a2045059,27d38402a9bf35d21de2f99946b1c1ae,5,,,2017-05-18 00:00:00,2017-05-19 03:05:35
99bd521c17c5dfc5c18f152336d28ee1,ba75b10a16e530cca75088408909b325,3,,,2017-12-19 00:00:00,2017-12-19 22:57:22
17609a39f55e53ec8227d376054aa745,854fc42da7246b10ed8dcec4ae8f48ca,3,,,2017-09-23 00:00:00,2017-09-28 16:37:11
962b8a68c6027fbd9244e0df436d3405,4921567919029aa0950f3ebec0f91169,5,,,2018-06-23 00:00:00,2018-06-26 01:11:44
33c73ce8240f1872da59f3afbaf70c07,543933b39ebd50e13884fca2829ccdf8,5,,,2018-03-14 00:00:00,2018-03-14 12:30:45
5e911a6ee30a618d6d4a219c278511d4,5468ed226abcf74527e93b11988e4a3e,4,,,2017-03-30 00:00:00,2017-03-30 21:11:48
8be05984ec796c59e113c6d8486d9687,345a398e91fef84fbffb9c07611c9959,1,,,2017-06-14 00:00:00,2017-06-21 21:10:46
a8ccbd14bb411950b1ddcc0ae3481280,7c7dc1f3affc0d38b97ea22a8aeedb82,1,Péssima entrega,"Recebi apenas o copo térmico personalizado, mas a placa decorativa não.",2018-06-10 00:00:00,2018-06-11 16:19:40
6b01cbb873f0968d1bbaac0fb0a026c6,e55507dc5f963fbdb8ae1c47181974b5,5,,Chegou antes da primeira compra.,2018-05-06 00:00:00,2018-05-09 00:17:47
623eaa92f6812f4859e6107d83af6fbd,8730eb6033096bc99877b2f10d4de04a,5,,,2017-12-12 00:00:00,2017-12-13 15:56:40
eb97d4aabbdf952a513f00e17426f716,f8b990617b1af31bd9e7a3d70f8dafc5,5,,,2018-08-10 00:00:00,2018-08-11 17:31:00
cb07e655ddb72fb3de1f2bb5fe4cabc4,46a82de7cb247602021cb71731323fd4,4,,"foi tranquilo, ate agora tudo foi cumprido.",2017-10-04 00:00:00,2017-10-06 02:00:29
e26cd58c58f691ff001bfde31d5bcbf0,68fa625f02107978e969340da28d0c89,3,,"O óculos veio em perfeitas condições e chegou bem rápido, porém veio sem a flanelinha",2017-05-13 00:00:00,2017-05-13 21:30:10
06c2d8e9a36e526c2140ed9643ff6e21,6a0725621168540d5200cba214d6ebe7,5,,,2018-08-11 00:00:00,2018-08-12 00:18:55
17ef46ed76c66a3efb49d072bebf2e80,06a6627d9cc91a04e9d146bf65fee0a2,4,,,2017-07-22 00:00:00,2017-07-25 09:27:28
66a2fbc2f99818efbce1127cfb18eaf5,09356cee7d8fee33dcb3ee80c1ccb14f,5,,"Eu recomendo, veio antes do prazo e deu direitinho no xbox o né. ",2017-10-25 00:00:00,2017-10-25 23:53:26
a0c833aac6a7094c720533081f48ba47,567320164aa96555310f5c8ed6e8c5d7,5,,,2017-03-15 00:00:00,2017-03-16 07:40:12
3603e082c0890d0f64b35b61514afe31,d192eacb35dd2f0aa30709fe7560ee4a,5,,,2017-11-01 00:00:00,2017-11-01 20:05:31
9740c39fe70be3fdd5b610c34358a278,be73d4698f2f4939662dd7788cf3dad3,2,,Até as que dão no lava car e postos de gasolina são melhores.,2017-07-28 00:00:00,2017-07-29 00:11:21
69904c1b128de4636dd4e355bc5fa1d5,0b2a43ec15f983f589ecd097455b283d,3,,"O produto veio corretamente no prazo, porém a nota fiscal eletronica foi emitida incorretamete. Foi emitida usando como razão social o local de entrega e o cnpj do local de cobrança.",2017-04-14 00:00:00,2017-04-23 22:26:56
30fbf239994c0e3a8165730b78795d1a,6d6f0c5bbf3fc7bbef3b260c1a8c89f8,2,,So não gostei o que ouve com o preço comprei em um dia no outro dia estava 20:00 reais mais barato sem falar que o produto veio com outro nome.me dei mal,2017-09-05 00:00:00,2017-09-05 13:19:25
ed3c7592ae91d28ae39ea3cdd4119b6d,5e2150868494c26407f39ac03c5de246,5,,,2017-12-23 00:00:00,2017-12-23 09:59:19
d44c68256759d323284fd8f218d2b717,042c384c3edbe39a47895217eb5e90a4,5,,,2017-05-09 00:00:00,2017-05-10 03:56:06
4302817ffcedb32a4499e75244c733f4,dc078338903735916fab84f036188dcc,5,10000000000000,excelente ,2018-04-28 00:00:00,2018-04-28 21:44:11
8639a810bd5746091ed287506e3276c6,9f9d2b35ac2defefacb5c123b82b2223,5,,Produto entregue antes do prazo ....,2018-04-07 00:00:00,2018-04-07 22:32:18
9be57a8e60e179ae1ad946aecf29c513,5c2b38dc10cf46a3224f46dba893d26a,4,,,2018-02-01 00:00:00,2018-02-02 20:32:08
1e1ca1428f154001af4db3c04dd39a45,c5009ef153ccebb4f2dfd12660198737,4,,,2018-06-02 00:00:00,2018-06-05 17:38:34
b48fe4ca3a8eaf4fe32656509b545af1,6ffa72f134f31770b0670971b48479a8,3,,,2017-04-18 00:00:00,2017-04-24 13:50:11
0928ef41781c5eb5263b904f133e3f7a,131bcb82ecd96d251fa7eb8bb1f1baca,1,,,2017-10-04 00:00:00,2017-10-04 10:12:23
0c6574aba4996e80af5dad2d9c0a25b9,f6e89f57355aba0267e4063a2d762c90,5,,"Produto atendeu minhas expectativas, muito lindo!",2017-04-07 00:00:00,2017-04-12 14:00:02
1b357e1e7766e83b233ff94f0fd1c45c,831b5d6b49354f211585641a51a48ec2,5,,,2017-09-01 00:00:00,2017-09-05 03:57:49
5c1d4abd9b9d1f29fd5534506fa1cf7f,5b7ffb8d013b6d0b4ae7a8f454fa9bd7,5,,mas entrega se deu um destaque pela eficiência do produto quanto a questão de preço ai deixou a desejar mas recomendo sem duvida,2017-11-26 00:00:00,2017-11-27 20:20:50
d24013cc660906801fb4638efc02e7c4,38b9365bb512e4746d21b59d3eaaa146,3,,Recebi todos os outros pendentes que comprei ...esta faltando o branco,2017-12-06 00:00:00,2017-12-12 16:58:51
d57f2b0dee9749b0cceaa14b33a01400,64b5f5bed476f1c9f84b2fddb945ca48,2,,,2017-12-29 00:00:00,2017-12-29 04:22:02
7845ca2401d4b2acd7e8b505f65ee2d8,2c5871f32e23db4f41bf1c58df2f1bee,5,,Sempre compro no site da lannister e sempre recebo antes do prazo e tudo dentro do esperado.,2017-10-24 00:00:00,2017-10-25 11:24:07
a97eaae19c07b51306d08c6364a33a3b,37a5627c7451cf77174dbb624b22f8d4,4,,,2018-01-04 00:00:00,2018-01-05 11:57:14
fa8968c05ae7e974ab689c3f691daa56,ce8cdf8291104b56565b8e6c6fb62901,3,,,2018-04-17 00:00:00,2018-04-20 12:51:54
78cb166f3f247fb096b936fc53b8f6b4,c283d7942d2bbca2c27a9c15ee2a390e,4,,foi entregue no prazo ,2017-12-22 00:00:00,2017-12-22 22:57:41
9d7bdcb3f756c715cfdfa01a99ed608c,681fc152c63481373cecdd46e390fe6b,5,,Perfeito ,2017-10-25 00:00:00,2017-10-31 13:02:41
59cbec150ce9e967a5c6970c45ed4130,7204d5345f7a3370e7db75d7226d53f3,4,,,2017-07-13 00:00:00,2017-07-15 23:22:31
c11b84742dd0b779bffc5ce11f3c8e0c,ea33d2e32db7734d3c36091ea506493d,5,,,2017-07-29 00:00:00,2017-07-30 13:02:31
18601b2789bc82d32c7fde68b4ddcb96,735349ca95c43f6af88a10437821de08,5,,,2017-10-20 00:00:00,2017-10-22 21:12:32
9b3244091006deb6f27a04f56945494c,88d55d6258872b31bf45ce51a6675c2b,5,,Produto chegou no prazo. ,2018-07-10 00:00:00,2018-07-11 18:03:18
cef5889a2b51e94c630023c8b460e611,ca2f0670d0d753e332c0ae97f466c9b0,5,,Adorei o kit. Idêntico a foto! Muito lindo!,2018-02-28 00:00:00,2018-03-03 15:04:43
4930703ae4fccd4d2d3b44cf63a9e632,5cf925b116421afa85ee25e99b4c34fb,5,,,2017-03-10 00:00:00,2017-03-13 00:18:46
27a4594183c210d40b05747fd59e03f0,75ac904a1ba87fab8d6d93751d68ddb1,5,,,2017-11-01 00:00:00,2017-11-02 12:05:31
edcb839ed2c067936d1ee8290ec8d831,b89601b4491425014432a96e02034092,5,,,2018-02-07 00:00:00,2018-02-13 03:22:50
0d41ab8f294b87653206e51e845d7768,e381abcae5bf5ba29ff7855e91e40837,5,,,2018-07-27 00:00:00,2018-07-28 02:44:14
243e3bdaa1e2e70da9877964117cccd2,32a5bc9d3f2a71d05c275cfb8d2adccf,1,,Comprei dois produtos e só chegou um até o presente momento ,2017-08-04 00:00:00,2017-08-06 02:19:50
97fd146f43d700fb46ef47b824cbc1ad,bbe5ef975154a7473c4c595fa3385edc,5,,,2017-12-09 00:00:00,2017-12-10 22:49:15
bd59b122333a70b2df181abf50fec432,0bfd90889de46373db5089b3bb941135,5,,,2018-06-08 00:00:00,2018-06-11 12:45:58
92908fafbba92dfbe4bf8487422ec03b,5383435eb2b05b6f4d5be7720974fe67,4,,,2018-01-05 00:00:00,2018-01-08 21:13:41
1258a603cc9e4897f7955ab218c83b8c,3d0acef161147c90c2fd5e7cd8e199e1,3,,,2018-02-03 00:00:00,2018-02-03 23:43:14
404ba784def10f47b788bf19584c31e8,54b41e4e2188389bb41503b2b088b093,3,,,2018-01-23 00:00:00,2018-01-25 15:24:57
171fbf660f371b6a9ecdb6f7d778d03d,427bdcc4eb03caf53fde12f57a84d443,2,Não recomendo,"Recebi somente um cartucho de 3 que pedi, agora necessito saber sobre o frete?",2018-06-14 00:00:00,2018-06-18 14:34:01
b0178c4529312e59fbc45dfe75b04407,4ed3b57567c08a15c71665d759230b6f,1,,Produto que não atende ao que se propõe e além disso com especificações propostas diferente do entregue,2017-12-24 00:00:00,2017-12-25 12:55:39
bdb640d3a2c7390c90673bdf101d170c,4540273b4f01534b24124542bc34568a,5,,Produto entregue bem antes do prazo e funcionando perfeitamente. Super recomendo.,2017-10-19 00:00:00,2017-10-19 20:36:14
f4f1c9efb5471f834743675de207f797,3772bd82db6b988f9a7008bdb3a4b729,4,,,2017-09-07 00:00:00,2017-09-11 13:54:08
b3f218f9153d48e505960593f64dd80d,1f559479dd8bfb2e398b0372cad1c2a2,5,,,2018-05-24 00:00:00,2018-05-26 03:20:20
0610eed16d94fc86929db6f57c756e61,bb39cd2f2f58e93ae10568be5cad1b58,5,,chegou rápido e achei lindo .. !! ,2018-01-06 00:00:00,2018-01-08 18:22:56
00d08db32e963156fe770fda369975d1,7d0f5759a0eac0f20456bb8a36547bf5,5,,Cumpriu e respeitou o consumidor.,2018-03-29 00:00:00,2018-03-29 20:35:07
03e623ad492e7e605f3e3a5cf1dd9a44,63ae84a9387b93ffa05dde71794f61f9,4,,,2018-08-18 00:00:00,2018-08-19 16:36:33
5ad33a69506bc080b9d6545d9fe23c88,ea1ecba1228b210007951b4a8f12ec3a,4,,,2017-12-15 00:00:00,2017-12-17 18:47:45
32ddc797df11a97f5f6baf917fcbfc2b,e5896b4982934748a02e2d3d889fd1e1,5,,Ótimo ,2017-05-21 00:00:00,2017-05-21 20:16:21
d90b1742f86df10a3291eef423c8bf11,96b7f5a470ca6a58f261be1af286e4d9,5,Muito bom ,Tá de parabéns rapidez na entrega Maravilha ,2018-06-09 00:00:00,2018-06-12 02:19:45
eeb8f7e59a1a066d0d27d7626c3a99b0,13b32cf595a5b647550ed0e6f4f11415,4,,,2018-05-25 00:00:00,2018-05-28 10:22:28
3346f49e9aabbfd62f81aab79f1faea8,40f486f48285528ce9da6577b086c451,5,,Muito boas as capas. Obrigado.,2018-02-11 00:00:00,2018-02-11 20:13:45
647d59768f18f3faaa855ba8be3dde41,f23809a318245a674bc438904349ec63,5,,,2018-04-14 00:00:00,2018-04-15 13:11:58
17404987fd83d422740da7ca65e93981,e907255f506a65069535f14d89a5caaf,5,,,2017-04-05 00:00:00,2017-04-06 14:52:29
f8af46f048f1a2a8bf849e14a085f176,8dcdc3f032fcbc54ae56d5a0f0c2f18c,4,,,2017-03-31 00:00:00,2017-04-01 13:41:53
cc91e61cc0b1508a0eeb64b801b68323,0d56e8508b66a43c6f5141863185c917,5,,,2018-03-12 00:00:00,2018-03-12 21:59:51
34d81c696a1d7ad3f132f8d4cc7b5c69,993628d27f2ae9981422ecb389adfa59,5,,,2017-07-08 00:00:00,2017-07-09 14:55:30
56a06d3f34563c3f9357fcd7ceee31c3,7250e10eca3d7f71a091ac5752d3228f,5,,,2017-03-28 00:00:00,2017-03-29 09:00:05
1044e7429bdbfc8266c3cc968521b9aa,fa2de0086db43d394d58f69a111f8f69,4,,,2018-06-13 00:00:00,2018-06-13 22:10:12
f559465cc5ef632af3bfc8ef12501b9d,343a5573915ce27b1a6200e1656b5049,4,,"Ótimo produto e tem uma boa qualidade, tecido e costura muito bem feita.",2017-04-08 00:00:00,2017-04-11 17:29:30
35907f0de77997c5dd0a090a20a21e2e,d19868a76a0e39afe462fa942122200c,2,,,2018-01-24 00:00:00,2018-01-25 16:17:18
109e0f8e8957b5189d1c51e79d99e8f4,31cad6ec7ac19b48d3eca43d624f6cfd,3,,,2018-07-28 00:00:00,2018-07-31 00:12:04
7556d82e7f7614a674415b3f4a10cc14,b167109334768a2c342b85139a6437d6,3,,Não veio o kit de instalação do filtro. Como faço para receber?,2018-02-22 00:00:00,2018-02-26 11:36:33
ba43d958c2ca365fe3a19beb35b5abb4,9aff2e622002df9b94eb9255485fec96,5,,"Recebi o produto em ótimas condições e dentro do prazo
Produto bonito e de qualidade, recomendo!",2018-01-14 00:00:00,2018-01-14 20:44:35
7032fdbb71142fdae88159ef11632354,1674cd4deb921f97a794a8401ce9017b,5,,,2018-01-05 00:00:00,2018-01-06 00:41:12
8cc874d84202eef49b3dd537c1928982,53fd3dd3b669e8e5e6bbf3d9e0403643,5,,amei,2018-02-06 00:00:00,2018-02-06 19:05:12
4ffdfdc1e93c8ba3d5ae2ed07a0ddec8,556e899478cd993a24f43d8aa8b3cf17,5,,,2017-11-08 00:00:00,2017-11-10 14:49:37
a7b519f1007d00c0f403dc8d8a4eb33a,ac509c21fa5c6600dd4b07e524fd5526,4,,,2017-12-07 00:00:00,2017-12-08 15:50:20
f4a98f33253d4fd56cbcee090bfa5e89,f6e09765a386aa4607ea665f090511ae,5,,,2017-12-09 00:00:00,2017-12-09 15:54:39
0a6ec47c5d78509672e16b95efcff53b,e504f586e9ffc862cad95482af740af4,5,,,2017-05-08 00:00:00,2017-05-08 17:57:57
311577fb289407773f09de2e1d8c2263,3f2b4c236891942b9cb9f73c490a47b8,5,,,2018-06-26 00:00:00,2018-06-27 00:21:14
a709d176f59bc3af77f4149c96bae357,d5cb12269711bd1eaf7eed8fd32a7c95,3,,"O produto não foi enviado com NF, não existe venda sem NF, com certeza fico no aguardo do envio da NF podendo ser por e-mail.",2018-05-19 00:00:00,2018-05-20 21:51:06
