order_id,payment_sequential,payment_type,payment_installments,payment_value
243312dbb316253ab77bb0140d94803c,1,credit_card,10,285.79
1d92d2ce1ae2e0510b5ce50c5be578c6,1,credit_card,2,110.03
76b8568803f110a59ece4167463a4a7e,1,debit_card,1,76.39
7250e10eca3d7f71a091ac5752d3228f,1,credit_card,1,221.96
838411338443a817cfb4c26f0f7a9c9a,1,boleto,1,63.7
e8f9288c671277ab525571871aef27cd,1,credit_card,3,36.0
61792c6272346d7f4b7c5b1747df7b1a,1,credit_card,4,49.34
65bbd0719855fe808bb19f62dfa9f42c,1,credit_card,1,354.64
92f4f749aa508d58dee50d9ccdb6c9dd,1,credit_card,3,62.31
141d3bf5aa7128f40bf2a60cef620b93,1,credit_card,3,159.03
64e64a4dd77d71d6bc307f24af1e55ac,1,credit_card,1,22.29
c283d7942d2bbca2c27a9c15ee2a390e,1,credit_card,1,206.76
347610961383f5990e1d0ce3fd0afa5a,1,credit_card,6,314.3
f75517cfb973c21eab8559a870263794,1,credit_card,10,231.27
9bb824ec73ee38dbbc585f3bba4b34ac,1,credit_card,1,171.53
5600c1fabd9c27cf4dc4a3aaf57a8e29,1,credit_card,2,58.16
8effe67a72c715f926a6dc1a616a5ea9,1,credit_card,3,33.51
56430e0b9968b381942760e433583b27,1,debit_card,1,33.1
4e27ad7f1a6821ceddc8442eb1875014,1,credit_card,1,69.67
8ef3801f58da6b652a3082e1fa5b6589,1,credit_card,2,129.15
66c8dae0eb958ee945dc71efd0a99659,1,credit_card,1,49.09
5662e7f8bbc6abe55e104ac06994a731,1,credit_card,3,57.69
e417eb578007d00c0b658bc321e625fb,1,credit_card,6,111.02
03da04c1427d7b8bff38d76efca1029d,1,boleto,1,216.74
7be91eab3dac2edd89fc7f519e1649f5,1,credit_card,1,133.62
253c8653b64a17c18b729399e14c42cb,1,credit_card,3,595.3
41d5636cfaa3b8436beab84388cf73d0,1,credit_card,1,171.69
6a78b3062a561085f98b76a5a0eea516,1,credit_card,4,92.62
3f6484ca65eed5c701aa5e348623537f,1,boleto,1,157.78
bb953a084ab406da9e19dfdc06df0245,1,credit_card,1,65.34
8e084e8efad16f27d7f26e71af985ce2,1,credit_card,8,181.4
b18478bbf9b2283e3d12452f69fd9ce2,2,credit_card,1,79.92
d00e79f339bb76a1b6dbcc8cb41934e7,1,credit_card,10,113.44
6a978028a892efba783a6f3be848c512,1,credit_card,1,154.72
2c6e3395e4f4716fc4d23742912ff80d,1,credit_card,8,504.35
d181dfce5d8355bc51c2370c6910d4bc,1,credit_card,10,497.62
06b2c7035561ef12b16045ef4bf459e2,1,credit_card,6,68.02
1516bc58e1b5b8020aa6595d2e27e858,1,credit_card,1,506.17
09fd9b0402ed675bbd1ee1e81171ac7c,2,voucher,1,43.98
64d7ed1c4e843c97738d861140943a73,1,credit_card,1,188.5
97bcc96998b24fe6ee7cec4ae04001df,1,credit_card,1,45.09
42179e8f527c0f76eec0b2a37a284f4d,1,boleto,1,101.92
5fe9874b96028c851e35c1c28aede4c2,1,credit_card,3,167.77
b09b18fbceead5d238576060df8d45cc,1,credit_card,2,90.45
38b80ac02e3ce34b306483fc57a33bc5,1,boleto,1,35.86
d1ccec3180d63d8bfd37f65d34f07da5,1,credit_card,2,27.67
444ebbf5602b5acdad22e0b4a9951bda,1,credit_card,3,372.72
c7e1e46af92704b1c2e1924de96e7479,1,credit_card,2,132.64
c6c17394464f987209982d3f1423f068,1,credit_card,10,139.8
509952a95c250007c345b4b929663dc6,1,credit_card,6,136.91
099b01b8cc6b861aa593247b2f7e0b7b,1,credit_card,8,169.0
43070b94b6d741a764e8e1ba4a2ea91d,1,credit_card,10,1310.95
2ac00a6a0a00ee7f8e2b235f8e361006,1,credit_card,3,122.92
ccb3e2fc8477b6fd3e3edf0dad0211b6,1,credit_card,4,235.12
087c44ddc65697d4a3a2af9234c5a22b,1,credit_card,1,66.25
778d960ed98fe278fca42ee20d002b1f,1,boleto,1,64.03
0c31953b008c5e98882d436f4298cde0,1,credit_card,4,108.3
578daeebdebcc19bd2dcba1f6b06b3ce,1,credit_card,10,108.3
6c6035b5c538935be5381cff46351355,1,credit_card,1,32.69
989788f1c17a087572e29eb4fc130983,1,credit_card,10,103.11
ecc72b676b14179b5bd30e446043c1d2,1,credit_card,4,46.85
bb39cd2f2f58e93ae10568be5cad1b58,1,credit_card,8,188.5
7b4cc813e327ec14c78f547a763f46b8,1,credit_card,3,399.35
07e74b39ce62a7c6f7063b3168748191,1,voucher,1,136.64
29182856a24c6eeb1d7b81ba1fe63190,6,voucher,1,6.55
8092da256aefda13b330290d2ca86521,1,credit_card,1,105.26
717903b4b996a7ae799b0c76b779fa0c,1,credit_card,2,43.29
cbf962ea0d3753eb77e28f576f636f71,1,credit_card,4,268.88
a84c6f3ee879e72955a3fcaa2dc55771,1,boleto,1,205.98
db60e917f3e707779a0efd2b52354951,1,credit_card,10,224.14
e1a86e22da680449cba8e136ffa97f8a,1,credit_card,3,163.53
b6b7ebd3ab897684bb22eaf084f8f299,1,credit_card,1,60.85
084ac56b13107e32ab92934f70638bc9,1,credit_card,10,1271.98
70c50ba283cdd637ec95a4c0b0821a7b,1,credit_card,5,92.57
ff3753fe031ab5314a80e05249ecc275,1,credit_card,10,154.3
bdce854b86e3fe8851225cb4d17f0776,1,credit_card,1,18.94
a8011c5b1b6536063a53c05cabf56bb0,1,credit_card,1,31.77
8fad1f3654133d30218cd4b6fae827ee,1,credit_card,2,73.34
80f206a25c4f2cfb8f12febcb3c3baba,1,credit_card,2,114.85
ece3ab91bd67ba73563dd0468fc3bde2,1,credit_card,2,244.27
1f11f0ab2b0ec59d0ec45f7f810a04f8,1,voucher,1,27.19
02a98752595ee9d94c570ad3e18055b4,1,credit_card,2,80.4
a9c74f167b0d8af61d6487fc21934f7e,1,boleto,1,246.23
cb2acc8f1def3d443b4716cdc8188102,1,credit_card,1,35.69
cd3e9759dc483946db2133168746fddf,1,credit_card,2,185.57
062bddc5be851fec2b59598cc33498cd,1,credit_card,10,1549.41
20cae0a28869a4321d8fe372731f80e0,1,credit_card,1,85.8
ba75b10a16e530cca75088408909b325,1,credit_card,2,104.21
04c3465b312fdf85de8e4cf4dc186600,1,credit_card,2,22.2
b0200f320613faea21c999a90efa28ab,1,credit_card,1,69.93
bfa2d90f225e338dc4f848b58789a3e5,1,credit_card,3,38.09
3619a073d29c01c4cfb83078a695f13e,1,boleto,1,67.3
131bcb82ecd96d251fa7eb8bb1f1baca,1,credit_card,1,375.25
e670e635e13b902d8de6bdb5026d9a88,1,boleto,1,60.0
02dbd29bc7a490d582762fae9f0fd997,1,credit_card,1,19.95
909848fc22bea821de7a92b2dc614338,1,credit_card,1,99.9
57a05984170fbb84344898547914f22c,1,credit_card,8,106.31
588c0e3b460d83b9cd8a270edc0f4da0,1,boleto,1,204.2
9e7147a6ff3d5299da2672e1c64c9c49,1,credit_card,6,87.44
0814daa4d12a646aeb73c429d5852f4d,2,voucher,1,47.05
0f2f7e210f5079ed1f797cb4aed6dfbc,1,credit_card,1,212.52
9e96e482f747d3cb997cff90397a37d3,1,credit_card,5,56.78
e19a8635d806af6ae2d20b3de998b0c8,1,credit_card,1,120.08
c82a457d646f77c8f151e12a3e517ed2,1,credit_card,3,145.0
0f286dcb49da58061b9ae488027e4033,2,voucher,1,50.0
5ab5ab13fd02495f204ffe2724aecf49,1,credit_card,4,47.68
8549f693ac0aefd770eee2cdd7e18e08,1,credit_card,4,43.09
ea9a48e8b350731ae78378381394a086,1,credit_card,6,271.24
8490980aaf59839a601c4184474b9220,1,boleto,1,160.57
b948b354fbf88e12e43fc0877623eef9,1,debit_card,1,244.22
34a254b2668083c77b9158c151571877,1,credit_card,1,34.09
e6bcb00ca5426e9d00b50f8eeee367c7,1,credit_card,4,114.44
dd71d407875ef4dd2c29c8eabd2bc56e,1,credit_card,1,107.78
0f286dcb49da58061b9ae488027e4033,1,credit_card,1,7.68
4a7bd485a7782360556161a38c725e5b,1,boleto,1,50.13
048f3e9b77a965f84a501a7f29076128,1,credit_card,10,454.48
4b42a606687e048a7a33669b84bf8690,1,credit_card,3,145.18
51c064ec2d79d398b30db3f8e1de8ec8,1,boleto,1,38.63
c0ad22fb83f1019e8abbdf1d38ffe6aa,3,voucher,1,51.17
a739570c1cd11112aa1fc229a15155ac,1,credit_card,10,204.24
5433a0ef395e151f154279cd3fcde661,1,credit_card,6,158.45
2259c28617dcf9c2ed34e78bb3dfb562,1,credit_card,5,71.35
f939e2a89376e44158657a15465cacce,1,boleto,1,308.61
78018da6cd678e170c59e759cfb4d754,1,credit_card,2,48.7
6b0e4ed8dcbabec5410a8b28f0405cd6,1,boleto,1,180.85
dfe927ca4859176d7377a7543078d4b1,1,credit_card,2,32.83
227881fdf69e55ab7906b7a818dd5e39,2,voucher,1,128.99
fe8568b0167c1e87d6f1dab1033c9278,1,credit_card,3,179.36
e504f586e9ffc862cad95482af740af4,1,credit_card,3,89.25
2bc1eac46ee8d6fad3f7369668f1bdf0,1,boleto,1,100.7
46513a6be6229688ac9b3144f995f95a,1,credit_card,10,141.53
c41d48eaf09ea5de1864866821efe3c1,1,credit_card,3,202.17
f8046b5049a674585e048bb954e3b494,1,credit_card,3,316.4
a4de95599a7ceea15c118d8a59c8d574,1,boleto,1,64.01
b64b31be08d0151c4115537cbef3dc06,1,credit_card,1,74.39
1f18d6138f5af59adb5a379ea575d555,1,boleto,1,69.22
b1bb317f7d7fdeefca25499d3e62cb48,1,credit_card,3,39.4
76279ee78a4924f44a3a83ef23b169b8,1,credit_card,4,207.58
b18478bbf9b2283e3d12452f69fd9ce2,1,credit_card,1,84.0
d5126e0c4988c70a3808041792214dcc,1,voucher,1,45.96
bb787d6e68f079fbf94e8df39219086d,1,credit_card,3,38.03
0d6b94a6fbdff968503c0aa3e7bffdbf,1,credit_card,6,296.71
2d3c3cbfc3286b15ef13547f94567459,1,credit_card,9,97.2
cf08f889cfc7f4e20d52cf7c6828eeee,1,credit_card,10,175.16
88c588c116fd06fb8e48dd83af88ec4a,2,voucher,1,27.75
672e1607b26c5a9e1ec3e1e537af3257,1,credit_card,6,347.05
6ba0683fc45576a6050dfba5f9c41bb1,1,credit_card,5,219.49
678563117c6bcedcb0f9d98e8f3faf23,1,credit_card,1,1.15
d1ab8de1e279bd8a55e4135f83d5c599,1,credit_card,10,198.48
de5569837d26b78e94dbcf0d72e29ba2,1,boleto,1,94.96
d44df0d4c71052d8b2a3bd5c50bd42b5,1,boleto,1,84.99
e7d3f9457c859cd5b63a25a4c2afb2e0,1,credit_card,4,50.09
94a4d00bea6790d3c810c6b2f56b4d65,1,credit_card,5,134.19
5c51684e9930d09a7f209a96c71064ef,1,credit_card,1,86.14
859a1faf872d345b39b31e3c9e044325,1,credit_card,3,79.56
12aab7cb25bc6ae86c66cb3e7dc35a76,1,credit_card,10,546.65
7c921161980003eac272f619f2fa5776,1,credit_card,8,169.31
7b1c9d44d6e6a5fa56cc9d084f9e1698,1,credit_card,7,150.59
c6f49d29ad6cd1c719dc77e8a432154c,1,credit_card,1,57.98
840a030c24ea3c06dd506a43ce2a0c17,1,credit_card,3,248.4
3fe67b23f3a9532482fd5c6dda351895,1,credit_card,3,42.75
1beaf0622df76c7b2b3be0746722f381,1,credit_card,2,79.39
544d4de462a8ad0d9492999b6708ebcc,1,credit_card,1,341.62
8730eb6033096bc99877b2f10d4de04a,1,credit_card,3,94.4
b9e94fdb4a15c04cbde632c381826608,1,credit_card,2,129.09
9570e7230d3d4ecaacbc7843e6646b33,1,credit_card,3,72.66
1d637e7a91e7c3e0e94a91cdf693855e,1,credit_card,5,73.56
dd65c324819cce121f105ad9d9afa866,1,boleto,1,77.16
ceea3b56a13c40b2f0186e69472ac7cf,1,credit_card,4,264.06
60b4528b577937165a412ba177de3606,1,credit_card,1,30.06
673414c4a1bf9b72b8b6ff0d9decdfc6,1,credit_card,1,148.22
a5db57e596494a2570d250dea03da4ce,1,credit_card,1,36.69
1d911134e95ec6f299e80fe19b5b88c5,1,credit_card,3,50.24
8382255ca7fdc3ec278ab4c83aef9122,1,credit_card,1,92.9
94f039fd9c674f33650e01915dd3dd43,1,boleto,1,125.23
17421d31a07ce8e9c61fe6b1adecfdaf,1,credit_card,2,357.13
0da06a931a4d76045f42c40211501383,1,boleto,1,73.34
98200dd99e0bfe78c2d1378ad05fe51c,1,credit_card,2,115.84
34fd3e758f03c7fe6169308d0fa11582,1,credit_card,6,180.62
e5a8f99e473fa6880bc2672805460e4c,1,debit_card,1,38.5
bb102364b6a29f9f8683f21e5825595a,1,credit_card,1,20.08
4cb7d866ce5acba93c58383df3081469,1,boleto,1,131.47
fddbb434bce33723969c0d1950649dbd,1,credit_card,2,107.46
654236657c61378a35416f08170ff0ad,1,credit_card,1,81.68
5e2150868494c26407f39ac03c5de246,1,credit_card,1,49.72
5e5fed142a552be6d6f1e04a800446d6,1,boleto,1,85.14
0a7f4604ee9cab65020038275efe1d76,1,boleto,1,72.18
8f2b0c41d21837f8c6d4682867c66ffb,1,boleto,1,74.63
0b87d9e59c7c19b041fe36e77aa33a42,1,credit_card,2,64.62
89e2bc56c561f718d762250d9d6eb0bc,1,credit_card,2,112.92
4667b0530b09d78c08bbbc0f8b6f899e,1,credit_card,1,41.11
04287a84357d7a29361c0948ee9bb4b4,1,credit_card,2,66.07
1e05735291d8969fddb706f4fabe8725,1,credit_card,4,668.95
67b50899f52995848c427e361e10dde3,1,credit_card,3,108.43
6f8ef1903034bc19ff5a5c51dbcec604,1,credit_card,1,103.2
b4c45d4cc2a2e24e10d4e20bae928819,1,boleto,1,27.75
678563117c6bcedcb0f9d98e8f3faf23,3,voucher,1,23.5
c0567ba9f6736e00d05c404aac7c9430,1,credit_card,3,32.43
2f8f31eb2f7b6572836d662a6625c8e4,1,credit_card,1,127.58
3164a0591e7349349b8f57437a76133a,1,credit_card,3,111.57
60ddc3cf31819e316702f9ede42e26c7,1,credit_card,1,93.84
b97ba3fb5b212d01ef75f4f4131c1207,1,credit_card,2,85.81
70217ba6c09626a3f4b980eac7d98a1d,1,boleto,1,53.1
9eaec2635ebf99416ead21c62ef53f67,1,credit_card,3,65.0
38b0b2a81ea0f8c9feec0554fc6cc3c7,1,credit_card,10,671.7
3c31676dda1c2731a56d31f4157f72b4,1,credit_card,2,141.15
ebcb12dc163784a4dad2cddb8feb64aa,1,credit_card,2,171.22
d4807c19de2116d311ed3abe6ee42d8a,1,credit_card,10,333.51
3431dbb0c64629bd76dc81b736c46e4d,1,credit_card,2,394.09
692fd4925e0a7e3c946566b4626f0f75,1,credit_card,2,128.27
f989d3ba2acbcf3d6168a67eef142f3e,1,credit_card,3,63.65
a0b1ffd30c671f95ed8065ce07d10470,1,credit_card,2,105.92
cecccaa359491439461332bbb0dad3d5,1,credit_card,2,206.84
fb66173878dcc988e4e3e1151901b298,1,credit_card,1,127.92
64582c699f99b4dd3c326b13c3bdc644,1,boleto,1,803.92
87f41ac2bb62582fa23ddb02b79ef724,1,credit_card,6,179.3
24c6142a989e2c7774a57791c8cd449d,1,credit_card,8,270.66
115abcb04c714f37dea22d04e52f35cd,1,boleto,1,519.48
e18cae15f26662973fbe293e695ffcef,1,credit_card,1,96.52
a967b2911a10315ea9e93191515fad0c,1,credit_card,1,4.18
57a382ec5b2ec69093d3bdc7de3ec927,1,credit_card,2,504.3
6659002983cbc0fc582729e3aa1feaa8,1,credit_card,2,68.04
eda22ec044e1100ad6ac68b6a93afff3,1,credit_card,4,91.19
f9cfd7e4eb2776cec1a63a59a1305e9a,1,credit_card,1,118.79
d367a93b215e8828942054fc3799c834,1,credit_card,1,40.87
e0ff8fbdba29b1192269bb50ef72245e,1,credit_card,4,226.05
f48a1909651bdf6645b2cc6fa8e8ea1d,1,credit_card,2,168.65
ca3a17e05aaef4739aa16cc63be8a117,1,credit_card,10,472.41
3acbf8d525d03b71546282c532a3dc6b,1,credit_card,3,178.1
9822680d395506e5602b3c1ea555aa61,1,credit_card,1,49.37
5629fdbbd11b9755743ba8b8f517f8cc,1,credit_card,11,113.46
18ad70ae2189f1e18a644ab94300c46f,1,boleto,1,66.14
7e4d4a50dc999bcf59d2e055db0f4b37,1,credit_card,7,79.56
24ceed9729a86f5e36fd61ae94183817,8,voucher,1,39.08
566c5bff1142c9d6003a83fd2e8ad1e5,1,credit_card,1,17.17
d152d9b39cef5941978b389e5ffee780,1,credit_card,1,50.76
fb9b2930f4a30f96c7cc98eaaa85e5f0,1,credit_card,5,84.43
dcd9b00fff62919c208f9e424f8b2c13,1,voucher,1,65.78
621d22173590d292319c7a2f72ce76f6,1,credit_card,4,146.12
897fab0704eda65c69520010b02a3fee,1,credit_card,1,52.05
a201a3d5774c7b81c6a50dad1be5f488,1,credit_card,1,94.12
93b68446f352031c3899ff57f76f0a68,1,credit_card,2,135.22
e536cdf72fac1ac0394ce265d37d22e7,1,credit_card,1,78.97
2591fdd6cc7718bac11436b57abd8163,1,credit_card,2,135.0
5b71dc5aa10d933a7c579eadd1da1894,1,debit_card,1,43.28
fa0eabdc8b8a7fb4e0e95a2b70dabf8b,1,credit_card,2,105.96
ee878ee16f84c47738cda240e8550a90,1,boleto,1,27.8
52d5bd7c9cfb54cf72f3c9ac55bbb0dc,1,credit_card,8,310.85
abbf8270415671551b11b0e45c72eeb8,1,credit_card,1,74.61
f23809a318245a674bc438904349ec63,1,credit_card,1,90.99
fe60bad9c284d296c50b267f32a70da8,1,voucher,1,103.59
9d578363f05f0a4f13c35ca532f88192,1,boleto,1,261.01
17229fc3b255deaf774bd892c1673951,1,boleto,1,97.85
11921adcbd013757ba6f287c03929bb4,1,credit_card,8,82.23
54082a3f0c13598bb5c2b3bb78bbbee8,1,credit_card,1,82.48
1f9102e61cbd0d6147b706875c920a72,1,boleto,1,42.59
6228b5ff5e2a9f1cc96101d4c6c08d10,2,voucher,1,200.0
c5d3fae065a8090bae39f4f34b14cd06,1,credit_card,1,8.53
80000ae9d118d79953522e35cce34f13,1,credit_card,2,121.72
c751f7b0f44fcb8bd374ef518ad5c466,1,credit_card,2,140.5
825c221a4e981f278e9c5ec6ead83a3f,1,credit_card,4,87.44
ec34ce0f06a9a35ebf0f0496d595bc84,1,credit_card,1,126.68
2b9319f90cac6853394132c982ff27bf,1,boleto,1,172.81
3b9de7cf25713aac3ab7e5cc48d83983,1,credit_card,3,135.05
1226bc7c4bdd186e5e12d4c3ced73cac,1,credit_card,2,44.5
291595e7702bf69af75b873bc983601f,1,credit_card,3,93.52
43c20095b0f5f569fe0d24426cf8a7d2,1,credit_card,3,30.69
41d7166cd7b904ab5eb52a1fb6783e5f,1,credit_card,1,447.91
8783894e49c4c084d21c71b16a5aa83c,1,boleto,1,153.54
b3424a1c4c3af064d3472b285180bed0,1,credit_card,1,116.94
fb04716648402d4fd6f8158e51779fa8,1,credit_card,3,272.61
2074522aabccf07984a2e77f7219ece5,1,credit_card,10,669.4
baaaa6a46bf8f53d113193a6a23efbd4,1,credit_card,2,185.94
04a59fe46fc5aa341da5378c195ed53c,1,credit_card,1,75.18
d57afd1eb0696854d3351e5926aa9813,1,credit_card,2,139.89
18d0a01d343f9a3789e7ae38fc92f907,1,boleto,1,52.84
722e56aaea810aa3e171228dd28f37f4,1,credit_card,8,198.94
7ec0aff65eb09ca0d03ca5b64e67e4db,1,credit_card,1,28.87
0cf3d6e83dcc1117999a235fd6dae842,1,boleto,1,112.62
32733fc014b67ef70fa6039dd8c6ba82,1,boleto,1,256.05
f05fbff4a434f4d0c1e09000bf45f06f,1,credit_card,5,84.92
53c7592439c12d02630c4f0da48614bc,1,credit_card,1,115.36
bef03713fe5980450be9ff427e26b699,1,credit_card,2,58.08
7b1ae58b5229a97d804f2275f3cbd3ed,1,credit_card,8,83.57
fd22bd0610424ec9e62c1d98288b51e9,1,credit_card,4,45.86
28f079a1f1568fda3a17841d6fe48390,1,credit_card,3,66.54
03181fddac1b424c893821ec539b2abf,1,credit_card,1,15.77
96dd4c9c90277943c551ab185303685e,2,voucher,1,55.2
3be070ae2edd92621c933c5341674b4e,1,credit_card,10,191.07
5e8c4235c5941812c1831d835ae020fd,1,credit_card,1,148.69
3dc2e037b872ca03f5b91028710abae5,1,credit_card,2,155.17
708819b15b92924c2b0045e5e0a41c5a,1,boleto,1,65.0
a84212c880e5635e2a0888ba25c027c7,1,credit_card,2,96.49
8c0af913eb525b355c4997a2a4166696,1,boleto,1,172.55
e1000df659259b29cb73a4798ccd7454,1,credit_card,1,84.59
76ae7f8d0104f4808d4a93f4b81661d7,1,credit_card,2,59.85
99ea7908cd1e043462057874b180e3fe,1,credit_card,7,167.64
e68a0761535bd432bb847f4ae7b7b4c0,1,boleto,1,145.66
479715da59efdc67c1722f985a94d18c,1,voucher,1,42.0
6d885151b431516792fbfc7d393c90cd,1,credit_card,2,163.7
9682fc7d34f0d1e84959ac32aca9074e,1,credit_card,1,38.22
9ac3e0dd6aeb10079e605b2e0f1cd7de,1,credit_card,10,576.88
3772bd82db6b988f9a7008bdb3a4b729,1,credit_card,4,116.94
34e974a7933cdef65a81519b29e3bb26,1,boleto,1,144.54
088858a852d62de0c175c9cc4bc0ddb6,1,credit_card,2,111.76
829c29b2306beafb02c306ffba041e8d,1,credit_card,1,33.72
bec5e390bd832706d84b46aba9c4a83b,1,credit_card,1,26.79
290673dd0e92d677725fdb80ce26d46f,1,credit_card,1,55.01
4ecf494be87ee7b768460fcbcd0389c8,1,credit_card,4,272.54
68e8ce771060f901302ac23924bd1400,1,credit_card,1,354.75
d192eacb35dd2f0aa30709fe7560ee4a,3,voucher,1,38.99
1a122ca21948df08789d7d88094ff11f,1,credit_card,1,136.37
99f10393ec3328b3b416a154afd5d714,1,credit_card,5,155.14
3d0acef161147c90c2fd5e7cd8e199e1,1,boleto,1,86.24
5e434db83bb70a40ee87ceafd1164700,1,credit_card,1,60.23
ab8d7e03c02e35b89d4eee1dd9ab65ca,1,credit_card,1,31.38
db98938fd988c1be7290b8fda2801afa,1,credit_card,1,58.03
d9d4008eda3f55c6d4fff91cff923793,1,boleto,1,61.75
b167109334768a2c342b85139a6437d6,1,credit_card,1,289.55
12f55fbb20dd8ff71113349776b5642a,1,credit_card,5,148.28
ad6dfba4eac734dc19375323e0bd3abc,1,credit_card,4,65.89
eb4c34f6c71f98b594e9df32d8e3c851,1,credit_card,8,136.1
c1559efbfbb38d83f6280b505bd3e0df,1,credit_card,3,36.26
3f80947ce4ab2d28cede3db5c92e44d7,1,credit_card,2,119.12
d0083f5db0e3fade5d9a7dc768e8df46,2,voucher,1,86.66
470ceef9068e1385a280703397af31e8,1,boleto,1,118.25
c4a4340f8f35d5289ea5eb4dd44815f4,1,credit_card,1,124.32
ddc7e0a6253bc5f668507296a8d17c85,1,credit_card,5,58.62
4f0a2c058df62bfe77f0e0e1e1ca66eb,1,credit_card,1,137.55
5fd0b812a7ad786c02970c4223ef1dff,1,credit_card,6,648.82
6cc8ee95fa041110dc49df7e0a2e85b1,1,credit_card,3,62.38
9def7a5fa150d19b1aaa252828db8df9,1,credit_card,5,81.04
1f38d4b0b64e26e3aa96c3e8a4afe95e,1,credit_card,3,163.02
faa01b7a24d0ba51d0d0ec652cd9b745,1,boleto,1,69.13
46c99067d2014deb825b963f5acc76da,1,boleto,1,213.79
707b67c6036569d9eba912e2c8609ee4,1,credit_card,8,103.02
8f7075f9808a783f9794cf5f7e1860d5,1,credit_card,1,125.2
ef160b1ef2464ef2521274c790ee0cef,1,credit_card,4,382.62
24bfe29693d0dbabd5e08b3b3bf1064c,1,credit_card,6,221.19
652feb1d4ad368d93e848e3e211445e1,1,credit_card,4,100.35
d7b2d3b902441cf3dd12cd125533217d,1,credit_card,8,107.78
cf5d7dcf1c4473152f3cf16bb9e6584f,1,credit_card,5,561.92
e9977cc6d0f97447ef0f4fcc2e082fc8,1,credit_card,1,85.15
29182856a24c6eeb1d7b81ba1fe63190,7,voucher,1,8.1
09fd9b0402ed675bbd1ee1e81171ac7c,1,credit_card,4,166.38
a6476259927be2539b760baec362ce92,1,credit_card,7,79.17
71564d5e5450bf310e411bc3087b2903,1,boleto,1,71.49
0c7f78afde3e635c59eef76c3f1a5ea5,1,credit_card,1,53.58
a9b40a5190a294e3d8f733c1caf32934,1,credit_card,5,97.51
af5d413777456d2f4998309c81c2f387,1,credit_card,1,87.71
74748a8ba7d523ab46fe3354996609f6,1,boleto,1,257.02
d99c77f6eb93e9cdfca26e997f54530e,1,credit_card,1,43.22
e317f41180b8a6fa3ce86b6fba6ac3fa,1,boleto,1,158.27
60243a953c19e3606e7757264ea2ad3e,1,credit_card,5,102.03
d24cf30658f279bb1e8677169e43e44a,1,credit_card,1,75.43
72dae7e56901083df5f2cb3dd2d4841f,1,credit_card,1,33.22
5875e5804ca85e3b4c8dda7a7dfce4cc,1,credit_card,8,197.97
b0708857586f16e3ada17925950a87e5,1,boleto,1,70.89
e1d88321521ac026d9bc246154ee558a,1,credit_card,1,77.09
de1404a068c6c8c909897886a314bad7,1,credit_card,7,87.57
00471463a6106056c1a2a809f70de640,1,credit_card,5,265.96
b8d5cd6eb84d7b61c5c77ac4cb0b90b4,5,voucher,1,8.72
31c2a4ddeb6a9db03922009a2dfcb254,1,credit_card,3,59.1
9c77966338b7a4afae520a5723c937a3,2,voucher,1,66.27
b7e0017e946ce377e3e0559d5cb1200c,1,credit_card,3,332.62
d3a2d71aecfd58b0ddd6b9d7b56ed55d,1,credit_card,3,101.71
3cc14e2cf62e0a0d4d469d77141dfac3,1,credit_card,4,259.6
9f36a6b11ec95b4f8586000d49dae422,1,credit_card,10,396.05
8e9358bf838db65d965ffe0913252ac8,1,credit_card,8,218.96
a6ea59851ffee8cb73761179fc7bcb6c,2,voucher,1,89.25
c1e8ab8d063eba72d530b57e5b05f919,1,boleto,1,1030.44
5953d2dd57f0e259f8b8489c37556e00,1,credit_card,4,128.05
f05ef3ecdb7796d93e204c0a7ab76759,1,credit_card,8,264.59
ceca30e6de65f20adb181e92932941a3,1,credit_card,1,141.73
cdb67b9f52b1b7cd79169a5aae48d7c2,1,credit_card,2,98.71
d52ec59371d4477349b3a26e9607dc2c,1,credit_card,1,17.29
6ffa72f134f31770b0670971b48479a8,1,credit_card,1,35.86
b3e2b81932a8bc32dfffd128937c3c5e,1,credit_card,10,220.04
85f2d1d18951198c1beca750c4df59b1,1,credit_card,1,95.1
0e31f844aae10fe7dc2369bc0340bf21,1,credit_card,5,104.37
295bbf539c1fe97db23dffa5e84387ad,1,boleto,1,54.09
c9577dccdc314ce381822a54b1eaf22d,1,boleto,1,82.6
f6e09765a386aa4607ea665f090511ae,1,credit_card,8,186.82
f47d6af60927db6bd34707fb06c0ad61,1,credit_card,4,114.33
b89601b4491425014432a96e02034092,1,boleto,1,36.75
7f5a24612bec96e2005690b5b60faa26,1,boleto,1,201.84
14e3b02a42f36ad7bdcdc8a0df427be3,1,credit_card,1,72.25
ce6d6c97c681b91f6a645bf24c8da7ff,1,credit_card,2,169.0
bcaa7f7240deb32b0410ee6cc085d9b4,1,credit_card,2,136.16
82fbfbdb67d2e217768c85d56eeef7f9,1,credit_card,4,56.1
907057c26859398070400de963028855,1,credit_card,1,270.45
9ffb318d17153de8c18c817b99338e0a,1,credit_card,1,37.46
6224401eebe13e25d470d8d6a9ef225e,1,credit_card,1,15.45
d98222e2d133bcdcb2352eb1161ddd30,1,credit_card,1,72.64
378035ea5017f82d47a885f52fff9be1,1,boleto,1,33.42
36b99cb18912a8b79b8b49685d71503a,1,credit_card,1,40.84
12cfc50e5dd5eb78bd329c22b46da0b1,1,credit_card,6,520.77
2d0a9e6d2de5c45b98c59fdd868f2076,1,boleto,1,55.23
51744de0a57048d0c65ad482f60cca46,1,credit_card,3,98.52
5c4ddbfa718a93f4b6b964b9e19472df,1,credit_card,10,181.55
2a713182dbde7d2e65a7202532650f44,1,credit_card,1,64.74
c293ca42a5c5696d69f9de1acff91b4d,1,credit_card,6,69.24
ca8371fd938708a12fe7ddb1d5d7d14f,1,credit_card,2,104.56
a2360f80888ccaa4da649c8d63001de6,1,credit_card,7,78.71
c24d5cfbabc3f3d25c944b62f3501bc2,1,credit_card,3,194.2
df3330ae0fa0cb3d71397806c44980d2,1,credit_card,8,440.49
f69ae31bce06a78d626762b53067c7e0,1,credit_card,3,173.77
2df5ebb637dfe6f39497c081655a0275,1,credit_card,1,36.69
e02d1acde68fc554aee0e2913c3179d0,1,credit_card,2,95.64
6c27984bddb654e222cd1b9a238d2e74,1,boleto,1,55.22
2d395688fd6ae7eb8d492b8fd1ce287c,1,credit_card,8,99.52
1f559479dd8bfb2e398b0372cad1c2a2,1,boleto,1,66.31
f7abaa156e535f9204ac0cedab166bd0,1,boleto,1,88.2
2d30bcdaaf18c2598140aa6f7f230216,1,credit_card,2,66.75
78a040518000bd952718c7c856d1d3fc,1,credit_card,1,79.09
9dabd200c58f609f380ecd1e44898086,1,credit_card,2,260.97
b5d3a4b81af25c152a2b6938ed054942,1,credit_card,3,439.05
40ebc9d21ae5f5d7dfd398f87e63f455,1,credit_card,3,114.78
b8d5cd6eb84d7b61c5c77ac4cb0b90b4,4,voucher,1,20.0
e21e08b6eee6cda8f5cc69981707fa71,1,credit_card,6,90.88
c8d07bf0161cd0a2aacc163c238f397e,1,credit_card,6,235.19
da225376046ab771e41a24f84f53f536,1,credit_card,8,328.42
0e80321be8a729339d21fdcfb58967bd,1,credit_card,1,112.99
ad7e012867d486bee881d0a10df0399c,1,credit_card,3,175.4
e12e00057650090fead5dc4e44cdbd0b,1,credit_card,1,60.95
249ec92a8757d3abe81210827a19f08f,1,credit_card,1,97.79
375e5c646664c609938372d3f62da9d6,1,credit_card,2,189.46
4ed4a6e12e74982dd78c78df1ed3f372,1,credit_card,10,151.7
e912fe377f77944ec68b3650ead100bf,1,boleto,1,278.07
aa2a0609fab50d659ead956ec8f69de1,1,credit_card,1,92.14
6d6f0c5bbf3fc7bbef3b260c1a8c89f8,1,credit_card,5,112.13
af8f5400111370accfbc1ba9820c5d20,1,boleto,1,60.19
af099467911b979b79b3a49231876086,1,credit_card,1,177.75
4ca7011605c977cd69c1e1706625e98b,1,boleto,1,91.42
c1bb3ffb1aeb6afbe42101499bd15708,1,boleto,1,131.44
8a2d731a57d62d23bbf9556f80343140,1,boleto,1,113.62
4ee4c7c2fa34f8e2a66accd827f53d1f,1,boleto,1,25.23
2d8a0bc4abbb7bbb3a420f2219f02f93,1,voucher,1,33.13
73c0786753e32171d5d1bba1e682b4ba,1,boleto,1,31.69
2aa34343b80af35eb485d6511edf7a1d,1,credit_card,1,42.65
196750f3a540bf20f0d449337221bd1f,1,credit_card,1,255.44
67a41e5f40c8ee15e8d00b64b363dfd0,1,credit_card,6,99.26
7204d5345f7a3370e7db75d7226d53f3,1,boleto,1,63.15
4c05288ce87fd35acbaa04fec7070339,1,boleto,1,116.94
88821a1158691d3d5f4e35004aeb2aee,2,voucher,1,49.73
19230cac8f45f89fc992b4048422b72e,1,credit_card,1,90.27
959815491185d6d44b4adfb9caaf3b9f,1,boleto,1,171.49
5c4f206f887c5afc6acb306477d65807,1,boleto,1,379.2
77474f59024d12a846fb80577dd24ee4,1,credit_card,3,1011.31
ac5d693f43004c406ffca277f9d3e63c,1,credit_card,1,32.72
8d3c15519d40227c3bcca13bb5bbf6d2,1,credit_card,1,178.64
3ab7017ae596ec8fae78b7232580a0a8,1,credit_card,3,37.28
e06ff711ddcab05c3651a9b1bb003950,1,credit_card,12,138.28
bf5a44a0843a026ecf32a63d882550f5,1,credit_card,2,178.18
441bda02c27a285cfa9ebeaeb9954e4a,1,credit_card,6,96.93
b431ef5386c1579fc784586883d7ac91,1,credit_card,1,46.0
584c2b6afebd2ec8c284ee84f4c79ebf,1,boleto,1,88.06
d43d694cf81ca89d8e50c6f3c199f0de,1,credit_card,1,3.58
9d27094c5a72cbf877d632e2d03356e4,1,credit_card,2,181.7
1973095f2596945f9dcc773608d8cad2,1,credit_card,2,69.04
ec1bf6be538a31d3b13bfa67d87010ce,1,credit_card,4,85.81
972976cb62fb977bfbc253219799e486,1,credit_card,1,39.75
981f5cf29634672b36363c9ca9d4c3a4,1,boleto,1,38.6
07294ed0ece67bb004a4813c77dfc3e3,1,credit_card,2,65.48
fb244f5888763d8429a89b3438d70295,1,credit_card,4,98.39
97f1dd40b5bea6a7e3cf78fd83a28cb1,1,credit_card,1,69.07
4540273b4f01534b24124542bc34568a,1,credit_card,5,54.63
9023f19129c14dadfacec1394f255de9,1,credit_card,10,107.78
02dbd29bc7a490d582762fae9f0fd997,2,voucher,1,49.5
fd4c1cc6d742f00dee7633f6a72cbe60,1,credit_card,10,355.06
3eae45e1345a16673017c7c36f18ee34,1,credit_card,1,178.97
167b62d7c79628cf5f36776281be5731,1,credit_card,2,172.93
037e725440b59939735ae0aff888a015,1,credit_card,1,130.15
5270a6da2c326132afd3b3c0a186a795,1,credit_card,5,58.17
24016340d5156f96d37500c78a7fe591,1,boleto,1,373.11
8b90d2eeff994cb8c7f281e9888c340d,1,credit_card,8,194.13
db7b454406f5f1f11a4aeb0ee58f473b,1,credit_card,4,43.79
1c487b52a0823daeced375367d5f73de,1,credit_card,1,162.32
45776460b7ff952460b7e9d32c28bd9b,1,credit_card,1,26.17
23858bdc4cab9cf5b5de163b1f12ea71,3,voucher,1,0.6
9dc7211819545928779f926c67f9031f,1,credit_card,3,212.0
ce8502b200546c12a54e51a65f313f34,1,credit_card,4,45.55
abd7d619de0d42df3a64707190c05bb6,1,credit_card,8,403.8
121c96617b2e0acee04016a0f37c1c7b,1,credit_card,2,55.0
b19729f4717938d651f26d5f33dffd72,1,credit_card,8,206.99
517edfde8ef25f2a7f7da80e82c77c27,1,credit_card,4,274.56
ca4d9163f73c29c767a726571e8baf23,2,credit_card,1,59.17
567320164aa96555310f5c8ed6e8c5d7,1,credit_card,5,54.01
1ad01d500af41c23f0f84509df94f797,1,credit_card,4,49.09
9a7c4a07a4b1d502cdba82f5b60123ab,1,credit_card,10,183.29
04f6cdae6a85ade2864cd5fc811fb9ba,1,credit_card,8,540.06
26543fb8b34f4547bcbbd431f998ee76,1,credit_card,3,103.55
4429817093ef382ad98f0d8471211146,1,credit_card,3,254.23
042649285cd08ef7c546445419b43407,2,voucher,1,50.0
4f209a7c48b44a32ff3196ddbfb4d67e,1,credit_card,3,156.94
63a7cdcbeb840292008964a3654b9745,1,credit_card,2,27.78
bd34db34f886a82d2f7e9214b6fd01e0,1,credit_card,2,176.9
e45620eb46de3b95c078fb17e75db83e,1,credit_card,1,163.98
bba17d97a5a45416d0782d5d07fe740d,1,credit_card,1,63.6
bb70cb558d0783914c5ebb0c37330776,1,credit_card,3,91.18
803aa4666b8c108ee27e65f64ad038fc,1,credit_card,4,98.67
7d78ea68e694cb6df0997bb8dca5cf15,1,credit_card,1,121.97
f23bef5ff346873476747ab073a43877,1,boleto,1,154.99
22a1a580ac153c5e2f469d27ad6a4e3d,1,credit_card,5,108.67
e2430bc2e4a68e6e61809fdbe4c15f0e,1,credit_card,1,45.0
c056578fe94b80e3f1e732d013df9374,1,credit_card,3,37.09
f6679e9eb75edd0750101c5172d662a9,1,credit_card,1,24.01
2ab274c9a5e207ca4445d7c6ab29e46a,1,credit_card,1,57.23
2e612a3508e4bce75344e6bfb68f28e0,3,voucher,1,25.0
ca786c07fdbcd2a6beb42eab64c23a3e,1,credit_card,1,12.99
168777f697d19208fbd441b4029e441a,1,credit_card,8,183.61
ffd5efbd46bbf72ad374862a05ef4c72,1,boleto,1,60.42
ae5d768eedbb1d0d2d3cf01e6b844739,1,credit_card,7,154.1
dccf99a9f12d7217cd20878c985d55ac,1,boleto,1,105.28
2d3dbe1773426d039d73770335867829,1,credit_card,4,46.28
558731462aceb9588378c7c19194d2db,1,credit_card,3,1089.96
c57d8a1fea15380a18f9f81e1096ac9b,1,credit_card,5,101.46
5e764e58bf508a75846821d328714583,1,credit_card,10,624.91
d8e63c9990a74e7e6a7f16ad81251a3c,1,credit_card,7,75.6
fcceb7beda0bafc845956f10e4aebfd8,1,credit_card,5,484.94
448c60334e2a53a5c678e4bd6b1e77a7,1,credit_card,5,68.0
27d7ae4ad298e3686566ac8e9ff928e5,1,credit_card,2,166.01
4ec3265e1601e14b39e11dee2e1d5fc2,1,credit_card,1,93.64
2e233dded5d8af5e2baa5c1fca89a6c6,1,credit_card,1,175.77
706296e2ab240216ffef853d1095d04f,1,credit_card,8,1237.81
c118740a09411f06ab15de06c2623c7d,1,credit_card,2,70.75
a1cadef58ea9a00d7e27089a29644883,1,boleto,1,38.28
aa21334313579b3bf1d6e8a10de215af,1,credit_card,4,72.66
aeb5c78d2d8968b2a53ac5d6a554cdb4,1,credit_card,1,59.34
de09bc4ff6a9de96b6895cd565f80e69,1,boleto,1,716.65
d2dd22a82e41003562f87ca88e02b0b9,1,debit_card,1,204.34
57db58fa887c4205f3bf01211de5cceb,1,credit_card,2,41.16
fa4f63175b284248b89a46c3b7e7bc12,1,credit_card,2,351.36
1227f9af3b2ddb0b95060aab8e5b3dc7,1,credit_card,4,47.05
9c957591bcb898e6250cde437b938d95,1,credit_card,1,148.6
e2e8773d11f4499f15349b8f613350a0,1,credit_card,1,151.49
8b50d4c9560cac1625c6fd9f536fc780,1,credit_card,8,1730.87
2982a4a9b9ff0bf9a4f5b88a45a6fa67,1,credit_card,6,163.52
31eab59cdc8b996f70446d918f2f782e,1,credit_card,7,97.98
f086e4c6f1e932ae9d9cfe398889d148,1,credit_card,1,111.6
5b0ee19a3125fc083348baa76d816ed0,1,credit_card,1,90.98
e2ee779edcba1ef236bcfe0260dfa5d5,1,credit_card,6,315.78
eaa10b1bfc8e98b22d99dc4e96ef6a83,1,credit_card,1,33.48
6c4b00d2f2c7cbac0902dd6367da9f97,1,credit_card,4,88.55
d7a1546121d90a9aaae7a851291d2ac6,1,credit_card,1,96.81
c05f8f8d85ec06af1b5de0baa7050f4e,1,credit_card,1,20.27
55a54184af6cdb5cbd95d124883c2dbb,1,credit_card,6,117.57
1436cba3294812a22fe0868db7581b68,1,boleto,1,36.62
aa2ae4efd578f1c304128a899e4d1a17,1,credit_card,10,417.89
21c03a286e71d3afc682942e4c8eb2bf,1,credit_card,10,143.01
db04082694e24f9e426fd68f516b46a3,1,credit_card,6,157.81
da7025e8d32030ef1d9e4a200eb7dcec,1,debit_card,1,373.37
f33aa647f08ec9623c76b6212be92333,1,boleto,1,100.34
201691efe89d4d71f36e5ea279a8759a,1,credit_card,2,107.02
95c9b6a458336c5de68ca8d1ba553078,1,boleto,1,367.2
edd3d7495d5177045823010a1f6ac22a,1,credit_card,3,96.55
7e3819fed570609ef642c2e18f198d10,1,credit_card,2,187.11
758d8c3ddeba66a2a9cad6c8b043dd2f,1,credit_card,1,109.74
145b75a554e404852b520d70c50c9f9c,1,boleto,1,40.85
618a75a5455f1971e39c8bec6af25e8f,1,credit_card,6,418.04
4f7a513a13ed6efd9b603b1590b9ae1d,1,credit_card,2,298.61
fd98db0c60caa964759465417876e390,1,credit_card,3,340.12
7944a40f993592120589ebe482ba7b1d,1,credit_card,7,76.05
e8fba7de8823194ccf9c1f2d52123bee,1,boleto,1,77.11
3cd99cd38f3f27164941ce0ade8d2a5f,1,credit_card,8,181.82
ad0d46c22c5a9dd2699f5142b1882f5f,1,credit_card,4,96.93
8866ae65c875985acc6fd5772fa8e4a9,1,boleto,1,68.23
6368c8705f72b986b9fd5275b759e5e3,1,credit_card,8,80.21
d192eacb35dd2f0aa30709fe7560ee4a,2,voucher,1,38.99
02b7e7c49710de373ce4bb83fd4bf81d,1,credit_card,2,67.3
9a3f1cdf5909e7ed3b0566e9ee3f1618,1,credit_card,1,212.86
8726f6a81f4ae5a390e7e638a31e9a21,1,credit_card,2,25.38
56286095ef8730771df8d223978236ed,1,credit_card,1,46.13
378e4ea286514bf3ca1356670c708ac2,1,debit_card,1,40.04
d2bde0599318c433d8e3420c8f65427b,1,credit_card,4,42.41
0c50644a967084c645a3bfdf0cc47545,1,credit_card,2,27.73
32f7f9fd01c6b5592202b48442caa441,1,credit_card,4,40.0
dcc0ebfe0fa59c24fd859aacb8e1f2e9,1,credit_card,1,33.57
fd94e66307d89e3285cde20f9766bafd,1,credit_card,1,403.25
362cd36939c1c4638bad780d01b3fd68,1,boleto,1,118.35
bd72f84bd892f4e829d7fa262004487d,1,credit_card,4,116.26
f97b2bdfbaca9c2f04722d8cbc8cc8a5,1,credit_card,3,245.6
37d24e9a88068283d102aebd4f765133,1,credit_card,5,107.27
296487514bc938361dae8cac848688ac,1,boleto,1,137.48
f4371828f48e2b5080d079e60138f149,1,credit_card,1,82.62
2d2fa725a6a15bb11defd40be0a0f79e,1,credit_card,3,92.9
1ed0a0954b445954a0117c4aaf449e28,1,boleto,1,241.93
b34e0fe701f0a4fd62a44b88b142ab67,1,boleto,1,73.15
53a24a678d0e83d0d3c718528aa0aece,1,credit_card,1,123.67
37c8cbbb816470ceb8a3026653cf3d3c,1,boleto,1,69.52
aa0bc25a48a3d53cc009df13ed116b23,1,credit_card,3,107.79
f577c78346131418552c3d7fea582723,1,credit_card,1,126.26
845af102c87e1c1bbcb900956ca08e90,1,credit_card,6,68.02
3deae78fe543fe7c561f18a237ad309e,1,credit_card,1,79.33
b87cca02954de7fab0d5546843c56acb,1,boleto,1,40.0
480eaa4ce1cc7cf344ad094e326f373c,1,credit_card,1,63.23
fcb6bb55e888419b146e0bd3c612a373,1,credit_card,1,36.75
543933b39ebd50e13884fca2829ccdf8,1,credit_card,3,36.25
1452442fe3e8cc6d3a1a8d8fc92dc019,1,boleto,1,40.13
d2ed261659527fede5c1fe6fc288c366,1,credit_card,1,43.0
b374364a416f6bd7a376e466e60415a5,1,credit_card,2,131.51
cdd2f841bc21ca6e8cb60fe51a640bd4,1,credit_card,5,195.12
f644bc7cdc4cf0854f50017d5ccfff50,1,credit_card,1,142.7
b1b5b604a5e207c764779ffb50527018,1,boleto,1,117.97
82b1c20e33da405ba22cded4ff91d160,1,credit_card,1,32.77
0ad01dd05d74bc7891d57312627ec33b,1,boleto,1,158.09
407fe646704ea7828e324c8ef7e7e616,1,boleto,1,445.19
7a5f69256be6f46a920fd29453aecd15,1,credit_card,8,151.3
2e58b7c9ceac16033e568d728d30d620,1,boleto,1,68.35
534c32e4a4a598bf5fb7d99a2cfd0f62,1,credit_card,3,149.96
08f5487befe25744feabb3203a4dc09b,1,boleto,1,48.69
3937af5e68a191867e6224cd78fc2cd1,1,credit_card,5,56.31
4df36fe83cf894ed979421fecd300bdf,1,voucher,1,26.25
a95f8f8384a13be626e06154468a9200,1,credit_card,2,45.0
73a12daa7a024fd6a3895ffcb1fc99cb,1,credit_card,1,0.27
b2e5be9642d390480c19fbc80e533de6,1,credit_card,1,68.23
29985fe387407ff7f6904b294fb89028,1,boleto,1,63.52
bbd7db7bb1fab02f393167df71863946,1,credit_card,1,76.98
318160e821f4c754080f46f95afc1ded,1,boleto,1,56.92
55bde651a2c412e983a9ace2f3e05c5d,1,credit_card,1,56.1
4cdf8813fc5f4c3d74041453f606868c,1,credit_card,5,279.27
dd6871ac691db075bd6f8e6c70576648,1,credit_card,1,76.76
1dd524259037e53865e1fbee3697183b,1,credit_card,10,302.91
4b4d5464625e478996dffcd761c4b9a2,1,credit_card,8,235.04
57f7bb7d658b442616fce795fcc30146,1,boleto,1,95.59
2df86a1fe8ce1dbff076f3eef50a664e,1,credit_card,2,42.84
07bebe0626c8053ad425381fe0882655,1,boleto,1,77.57
6ba0e32fd89cab6e014baa58ddb82a6b,1,boleto,1,110.74
7b78cc6982a3e84c736e54249ed7612c,1,credit_card,10,649.82
6be90258d0695edd089b1165c0925902,1,credit_card,5,60.09
af6e44b9d409160a33f41a80537af9b2,1,boleto,1,138.17
0355ae43910316435f24cb54605a820d,1,boleto,1,20.34
20b1d8c9683a66f9810b31604fc5f540,1,credit_card,1,1006.12
39c438f2a835b25cd51bbd1bed5d089e,1,credit_card,10,344.61
0d6fee6350875c4d645f6490e7f3ee5b,1,credit_card,1,44.38
43ada20efaad1c2c55197dd39050267f,1,boleto,1,115.44
c410904a63a021b7cc16816947ea4769,1,credit_card,8,491.98
9de18154654e59d76a22157b8e439add,1,credit_card,2,344.05
a27942f622b629d0c6fcc5245689454e,1,credit_card,5,86.05
bef797897a2dddfbb08f9dff9c5ef7b7,2,voucher,1,96.31
29182856a24c6eeb1d7b81ba1fe63190,1,voucher,1,59.93
4c074254980764fecff977c97ce88c4d,1,credit_card,1,41.84
d95ca1fcb72812383e41e2eb7ca65dc2,1,credit_card,3,645.68
cd49c5c6f772ac87200f116a7a5499e5,1,boleto,1,116.43
4148591d51d8741aef65abefd186887b,1,credit_card,1,64.03
01c0514b1f2a7375948323b959cc5682,1,credit_card,3,32.69
a8ddfd6f6316a1c31da18f179981ecc6,1,credit_card,2,20.39
dfb95a7031f9abf6495bc955837c3125,1,credit_card,1,84.2
c0452c14e00c9d8c3f5f30c189382329,1,credit_card,1,4.12
23858bdc4cab9cf5b5de163b1f12ea71,1,credit_card,3,55.8
92b6250c9e1d1e359a29929fa9f62395,1,credit_card,2,186.46
7c46b5ee3a6b6152b85d5d245784bc25,1,credit_card,4,67.5
0b95f3147f8a038de06187063d90008e,1,credit_card,1,56.78
044bcd01474ba715e7cb11d5a70ccf0e,1,credit_card,1,89.96
b3206cf64b7cd1480a6c6f9912b20666,1,credit_card,8,197.87
27ea1775a86c796168b08511e529d0a3,1,credit_card,1,79.84
deee3dcdb24a546fe11dbf20968395c8,1,credit_card,10,205.84
de8e149a85e92c7cf24c1f7318f5f1a1,1,credit_card,6,187.65
ed78b29fa4c1255d275df5d4e464503b,1,credit_card,2,157.88
e7af9428d8b5d65f0fd7d3eb98595308,1,boleto,1,171.29
a539050b5ced5a45fbb22fa7a99f2043,1,credit_card,1,66.22
076f1fe978468db6b826f40f714da65f,1,credit_card,2,168.88
747472f67c6d285c60bd732fc28beaf9,1,credit_card,6,435.6
0c5c8063a673f3c44b6499053e534ccb,1,credit_card,1,138.6
f51cb113ad5e21bc6d8082bc824fb25e,1,credit_card,1,194.01
49feda914c01f29c2cfdf7708278752e,1,credit_card,10,580.9
4db79af544c8c9da4ef543192ec3179c,1,credit_card,2,83.0
4d23a772e8fc588881020cd749f76c8f,1,boleto,1,31.0
491d0f75b13fe6ae121d0deb9a410a51,1,boleto,1,138.19
061eb3fa9ee22a8dc3c90060e5a637c9,1,credit_card,1,65.13
ac28921ef185c0a4f81b4fbbdf4d645e,1,credit_card,2,116.0
fe550a071fd93fdf2ad73e26e878ea3d,1,boleto,1,103.55
f54985d5e0aa25e89765a7f3c1d7c445,1,credit_card,12,219.38
241c2b89490a7f6f12808716cd51c45c,1,boleto,1,288.33
eea58982d534991bfd7f844e9ff0e28f,1,credit_card,2,157.4
dc12fa02210be1acbcc15ed310547ba0,1,credit_card,1,1.09
b5da536992b01709ece25ec74fbd0ebc,1,credit_card,6,124.52
aacae4c4d40057cea2f361c684f21c59,1,credit_card,2,105.3
07440dff5293ea24c5fac25a473c2eef,1,credit_card,1,126.03
13b32cf595a5b647550ed0e6f4f11415,1,credit_card,1,98.15
01e7138289b75d9624b04dfe12379c1d,1,credit_card,1,64.76
6917bf2ef92587d31987c8c01aa1b4e0,1,credit_card,3,154.22
51b293b7ef9af17da9a922ce4069c202,1,credit_card,1,131.47
ef4d010c07e5ac58d6b9b8f0210df881,1,boleto,1,84.13
0c3190b4838c596fd1d6cd74e0436120,1,credit_card,1,77.71
3d00fba40b3bbf3283c4f21e9129d855,1,credit_card,2,65.13
f40d3749a6d621bb95be74a8ce79e06f,1,credit_card,8,1347.96
52a547866cd2082c600fb72eced19331,1,credit_card,7,78.18
70b9629a764d2247cf5995014b7204d2,2,voucher,1,100.0
f31cf521d461f5b8b5b1456a0448495e,1,credit_card,10,363.76
4642b5eb7edc14a4a0dd2c2eb7b68e14,1,credit_card,5,70.72
4df36fe83cf894ed979421fecd300bdf,3,voucher,1,15.48
8ebe945989d8e36075f1a141e40968c7,1,boleto,1,52.85
99dde9a4d6ee5c602380551b002ddad7,1,credit_card,1,105.99
00b47ee856118583dbec7d1f9b18d847,1,credit_card,2,28.88
bbc3a95177ff0c8a012e117f4dcb06c8,1,boleto,1,179.84
3bae20c7f7ad4cf125d51f381c55f8e5,1,boleto,1,89.57
5fe46d14177744ae2180101ce19bb414,1,credit_card,2,41.18
c10f283ced7431fdfdcc159b12344b11,1,credit_card,2,144.14
f85406a2bb15eead2488ba5e488dbaa9,1,credit_card,2,270.94
460eec79907c666bcac2d1a397907b2b,1,credit_card,10,279.17
7fd6cd7e778c71e9b3721599948c104c,1,credit_card,3,77.54
e4865416690d1f1fdad49bc94f871de6,1,boleto,1,49.64
0bcb914e60bb0de6160699483722bc0d,1,credit_card,1,54.76
4d890e83adf9bc9532d53b2227e92c7b,1,credit_card,1,122.01
1388a23b57206bf7673819fd3a30d4de,1,credit_card,1,89.96
2901c587ddc2733afdf68e81b98d2c0f,1,credit_card,2,475.0
936979ce0687947765e88fe5fe1b741e,1,boleto,1,135.84
cd24256f456d55df11e3049017c86d05,1,credit_card,7,158.26
8242b086009bdffe2eb081b77d4ca7de,1,credit_card,2,117.85
56b6c0c35525102d39f7314a90f95977,1,credit_card,4,67.12
45fdccdd0ebed851dbf707b98ba5fef0,1,credit_card,4,387.8
38b9365bb512e4746d21b59d3eaaa146,1,credit_card,2,205.9
5fa4923e35eb4c0d471dc44378b1215c,1,boleto,1,111.8
977eb5dc580cec4f90911b1ccac0ff3e,1,credit_card,2,240.32
3522a71840bea6bd1cd78ae529622ff4,1,credit_card,10,150.89
53893bc57fd2d4ff7dc5e76ad4773540,1,credit_card,2,44.0
4dbffcbeb7412cf8ebcbd77a6f0b64b6,1,credit_card,2,39.23
710bc497ddb33d94263a302f17416924,1,boleto,1,33.79
e910cff0c2911f3ca876a47602557c45,1,credit_card,6,373.5
4233067932385b2d8b301e18e1b75958,1,credit_card,3,87.38
0546ac640227025eb2df422b1f613f66,1,credit_card,8,153.01
309de5faf9baa8961fd068f3f4e44dcd,1,credit_card,4,44.09
1166ac5af4262300b61e079c496223c6,1,credit_card,3,164.12
a07355f9fa72ba9605c5e87a93ceac0c,1,credit_card,1,77.57
6f1a557c6045fc877a74713dd8a7399e,1,credit_card,3,33.51
0a9d793da20eb89ec326c840c46d7a9b,1,credit_card,1,37.77
32d29d9903eaaae11d418d087f442fbd,1,credit_card,8,192.66
a0563252fd4da955a4bff4e622f4d81f,1,boleto,1,220.43
1539409c01ad8a5e32a2574668ad975e,1,credit_card,1,47.68
bc14e28998f2436b7a9adbaad226703a,1,boleto,1,102.26
bef797897a2dddfbb08f9dff9c5ef7b7,1,credit_card,1,25.49
aef19c7ffbe816963b54aa3bd8777f1b,1,credit_card,10,1063.75
181ba9a81073ea2d653d9a7338f4cf98,1,credit_card,2,164.54
ef161f48adcaeede5920308df1c280b6,1,credit_card,4,198.51
8252e59e05b6732810b98460f67571a0,1,credit_card,1,186.84
92ade7cf39eb31a8f81a75277c14f9d6,1,credit_card,10,838.32
fd86c80924b4be8fb7f58c4ecc680dae,3,voucher,1,44.87
3db52c1df4d52ab19d7e7365d647f6fc,1,credit_card,8,205.31
47e8f8fc6c6d0bdeb784394a599459a3,1,credit_card,1,53.0
831b5d6b49354f211585641a51a48ec2,1,credit_card,4,180.51
3341f48b8cd985f52c4cf432a582efe1,1,credit_card,2,82.47
8d47ca771c5f1f48f545ecf4a7c85f82,1,credit_card,4,40.0
46cede2272077facfeb5aa257851d0c3,1,credit_card,1,46.77
b17838c714aef16bc099010feb2261ba,1,credit_card,8,340.47
69aca49c98f05af05bec6fa1f87a3059,1,credit_card,2,147.59
1674cd4deb921f97a794a8401ce9017b,1,credit_card,3,228.78
46a82de7cb247602021cb71731323fd4,1,credit_card,3,286.17
a6d7ec86cdee674d7af1adaf72f05cb3,1,boleto,1,31.75
b05922c45fc699ae9049a2c5add3e02a,1,credit_card,7,73.48
2939b6d48c2488e276205bc547c56aac,1,boleto,1,195.36
689338a5ff7fc20c596ee2695dfac8c3,1,credit_card,6,63.27
ed7020a10eed1ef7a4895ad933baa211,1,credit_card,8,115.39
c46eb22210707fb554e033849d39b24c,1,boleto,1,141.81
3a0ad73a22a4ca1af66f3f7ee5c6c3fd,1,credit_card,10,184.69
f962d2edc594dccae522feb6446d2104,1,credit_card,1,1123.86
ad9259e8a14df6ee75201925f28d4a8f,1,boleto,1,86.02
3b1c5a036e0412d8c9dda3d6df67782a,1,credit_card,10,204.08
983ee8a15c6bc4fab3c4f5503259ed37,1,credit_card,1,90.78
b5b411510c27795418ac5808a30054e0,1,credit_card,6,186.62
c4c8026516207b8ad1e841c44bd630d5,1,credit_card,4,104.62
7c97900442dd98ddd06bab55a03c8564,1,boleto,1,109.98
4f183da167de562d253b5bb596f17516,1,credit_card,1,280.12
6e0f05728107157ca451dd9047a4eebf,1,credit_card,4,209.46
882c447d8edd3d32db6a03ff2fc74f8f,1,credit_card,4,48.22
bc877ab9e18f1ce0fda75eab87a0ca8a,1,boleto,1,93.48
8a8bd4a338e17ace44431e99a2add1d2,2,voucher,1,20.0
4ab8b7a8e23908984157974ae4ad6436,1,credit_card,1,58.78
1187f5498f05e7604440a54cc0c9aa92,1,credit_card,4,130.2
b86c4834a1f80bb5f808842b4624a2cc,1,credit_card,1,134.28
bbe5ef975154a7473c4c595fa3385edc,3,voucher,1,15.4
02bee300cb834a5d334ae42fdc325e7a,1,credit_card,8,204.53
e5882de2409ffb5a26782367e95b91ba,1,credit_card,10,1384.73
3a213fcdfe7d98be74ea0dc05a8b31ae,1,boleto,1,1482.24
a014ab9c0e9c112b791293dc9ec38320,1,credit_card,3,78.51
2beb7e011571a837462a006a779881e8,1,credit_card,3,78.18
d9107994bd1bf31404591bce06a547f8,1,boleto,1,417.55
7af48c3262020f1e61fed763bbe80920,1,credit_card,4,392.02
ed3b1288663333783b30c22397f44b36,1,credit_card,1,143.43
558266bfba11bf9a23f7634ee0657f43,1,credit_card,1,46.48
8384cc8291fa3f9512995c77446cf25b,1,credit_card,1,113.99
4e2684a10a34219d0106d1623609652c,1,credit_card,5,86.8
56173a7cc04c8e7350ec2fc647c912cf,1,boleto,1,108.05
a4058b92f127efc4a6eaa3d11d0b1432,1,boleto,1,57.99
2475c5c954f98701b93b7ceb0f5bb669,1,boleto,1,76.08
ba3dfe274b92578ad6af3b17d141033c,1,credit_card,1,89.85
17ba08ab21ccbb0c886139aa8557ca7a,1,credit_card,1,229.78
f5a1d7fb9cd502618f942b1295676f1b,1,credit_card,6,90.88
91ad6a8d591e94d9e1ca998185243e2d,1,credit_card,6,144.86
3c39f4ac4b4520bfaaba2cee448cd823,1,credit_card,1,23.23
5001ef7f5cc08023f39a4f6b7c09b5f5,1,credit_card,2,95.01
5d0d28b0a5db80fe44a0ac53bdb979dc,1,credit_card,1,32.61
132e2cd17bdaa2f84fc9cea118197634,1,voucher,1,68.61
66de0095e3cd190938887b524433e56e,1,credit_card,1,92.5
97d5aa85110fb7e998b5754af19b95c4,1,credit_card,5,626.48
c02e19b57ca332a2dd2e61ff8b2f07ca,1,boleto,1,100.48
38c61d1bbf5143a8c347ebaa490e234b,1,voucher,1,25.0
f1f053637dd55791fa3a8ae1df1f3605,1,credit_card,6,221.23
593b6eefb72afdf364b30dedb1294414,1,credit_card,2,150.05
45881387721786e660460cd8bfcb2010,1,credit_card,3,127.31
be73d4698f2f4939662dd7788cf3dad3,1,credit_card,1,45.0
d2f67144a4e6d027140260ae9ed6b648,1,credit_card,9,624.24
33cd2b3de2ec32a78518fd9a66c98641,1,credit_card,1,27.68
65b7f928b236039112ed2441d2237a11,1,credit_card,3,105.38
7430885c75f59ac3b7526e69a5a21e98,1,credit_card,1,45.09
17241db677e74dd094059c24370fb785,1,credit_card,1,102.92
51bba23b6fd5b430636450f273aadd8a,1,credit_card,3,160.12
e3e81ec82803ad01f1d0569485ea0b75,1,credit_card,2,169.56
4682ccc1cc6188dda05e841ad72bc5e8,1,boleto,1,76.08
fe78b46c19e9737d82d7dc5d7ea6ee77,1,credit_card,5,115.02
4d34da0824213ee7962a5c5ed32b3f51,1,credit_card,3,36.78
ca4d9163f73c29c767a726571e8baf23,1,credit_card,1,59.0
06aa0aa8c22027ebb953d501c4238512,1,credit_card,2,78.78
7f6945b2c635db3bce1cfb585ba82d33,1,credit_card,1,53.54
6b313b07f096e0b9354fd4f097abaed6,1,credit_card,10,227.27
fb95aa20d91cfc568a3bd223c03e9eff,1,credit_card,3,98.3
e6be529ac8d87744b406d4e03a8fe2be,1,credit_card,1,85.62
5468ed226abcf74527e93b11988e4a3e,1,credit_card,6,253.34
df638e8bbe2b487525b22f5c7a5c9231,1,credit_card,3,295.7
52628d72feaca84428e9d902d3985605,1,credit_card,3,96.67
1067b1fed93022ff928077f4db144386,1,credit_card,1,98.35
e06ff711ddcab05c3651a9b1bb003950,2,voucher,1,46.04
37f6cceb272b1ae10ed4bd8cc0d4a98a,1,credit_card,1,65.48
9f7b07e872a431807e81c38d6328502a,1,boleto,1,232.07
7f922477f06db4ab69f6f173f439088e,1,credit_card,1,43.28
223cd404de0ec7eabc319bed69fa1079,1,credit_card,1,95.22
c37564a174d094e685810303fd46b582,1,boleto,1,135.53
ed6104a0027e6a269ce0269f21c67f0c,1,credit_card,4,115.81
e1cbc1e8c3204aaecc891d1392f7b4d7,1,credit_card,5,416.54
5b7ffb8d013b6d0b4ae7a8f454fa9bd7,1,credit_card,3,93.52
dc66d02aa72baeed7ea19e8d5bf9531c,1,credit_card,1,164.54
47206fff1e56391bf30b5acbe7f5f7a2,1,credit_card,1,21.04
6c90fc612a10cf8c7c74570e1db07aa0,1,credit_card,10,542.66
4fd47db0e1bb9f59384ff16f8d533f80,1,credit_card,10,227.38
d2816e182d8750e410a4288b16a9ecd6,1,credit_card,6,194.3
b32226e3b83849c23551e39452d562cd,1,voucher,1,106.55
a1e393fb70c2916de4f93974682521a0,1,credit_card,7,72.07
360ea8da05d9705bd651981c6cfc9a22,1,credit_card,6,142.01
42769a5163a34297f4458dbccf206b36,1,credit_card,8,125.53
246e0ec5d427eaa6bd4569ac799d4f37,1,credit_card,5,129.47
e849e2829de302019ae8bd9924055171,1,boleto,1,606.46
cca0fdbe32d86d386a95c02433412640,1,credit_card,1,171.97
d9c5d64c3fa1b1abf251ddf4cb2683ee,1,boleto,1,85.08
e0043b9e113bdc5f84b14893d62e00ac,1,boleto,1,171.32
9553913bb01853f78a265724d13eda3a,1,credit_card,3,188.38
736e1922ae60d0d6a89247b851902527,1,boleto,1,7274.88
880ba0831c3fe181b5096a98d3c755e4,1,credit_card,1,30.13
ff40f38705c95a8eceea1a0db29bff66,1,credit_card,1,209.97
503d1a98081c7307e6e875ba8af189e6,1,boleto,1,238.49
eaa10b1bfc8e98b22d99dc4e96ef6a83,2,voucher,1,100.0
6106af2a0590979c9d7c7918f6eae6ae,1,credit_card,2,70.03
00275bce676303c3bfd7292aefdfa223,1,boleto,1,293.36
0739104e30e20de6c0956c0889a9b9dc,1,credit_card,8,394.31
ddcc7bc75d833f11bb5c8a7c1eda0c17,1,credit_card,5,145.52
da53145615b1d679fc6a9f3121d8bd85,1,credit_card,1,27.99
afa2c425be2efd14c19b4a0aa62f9b59,1,credit_card,4,248.76
40f486f48285528ce9da6577b086c451,1,voucher,1,72.66
32a5bc9d3f2a71d05c275cfb8d2adccf,1,credit_card,3,155.14
ae6bb3767e72eb4b280e50c3d46ed9ba,1,credit_card,1,68.43
042cfa84b1415cdcea821bcbc1bb8f4c,1,credit_card,3,62.27
51f15a10614267de8d770ec0ec09febd,1,credit_card,10,206.43
479374e6d18c89bd20eb4c80cc291fc6,1,credit_card,2,93.53
22c129d6b11c5113aafece4670d8719d,1,credit_card,3,56.92
1486436c20fbfcb9dbce0d90820b86a1,1,credit_card,2,24.66
a820e4b8830258a148d161ba6d8bf419,1,credit_card,2,42.11
30fe274ae9909568c501af6539d4306f,1,credit_card,1,23.19
3218aff04047889f8c6eaafbbcb4ea4e,1,credit_card,3,37.0
e59dbfb7d81fd513f1ffa941fe849c57,1,credit_card,1,117.97
e750c043ac98c8eb957cb52789f126b0,1,credit_card,4,144.0
e4406088398131aed8c21c5a4ec3442b,1,credit_card,4,109.55
7837962c3d0968b066e6e54738c2f307,2,voucher,1,350.0
e5454c2facaa42d8fcf1a1c5ab585666,1,boleto,1,116.25
616fa7d4871b87832197b2a137a115d2,1,voucher,1,80.38
c0e1586eda89047d683b2bc7d902037c,1,credit_card,7,89.56
b37fc42b9b16ca9e092edcf0c06bd1f5,1,credit_card,4,180.53
61fa8d2ee24cc80feecf24ec94c68e8f,1,boleto,1,487.64
ea5a5e11ad8f97f731325b326cc2f3e5,1,boleto,1,65.71
4ab2f2ac4c50d1a98dab6d9541a633ee,1,credit_card,4,88.28
737a2768fd261ef8391251a0ccbf150a,1,credit_card,7,75.79
094dbecbb0ab054a620f21c04e82df03,1,credit_card,4,41.71
7e41af71933a120d6d0fcf9249f19a85,1,credit_card,1,34.71
f0cb299a9702d7db4e501895d61d2baf,1,credit_card,3,122.89
5a85ba245a3a3bcb21334e761e0ef1a2,1,credit_card,6,62.23
6813f213a0d422a84a0e231bffc5fda8,1,credit_card,5,51.1
bbe5ef975154a7473c4c595fa3385edc,5,voucher,1,15.4
379fed4a1ab7b5a3e8126fe0b76b9ebe,1,credit_card,1,62.65
e9376e0fd65f7e856a08d32426f523ef,1,credit_card,1,167.7
7905d74aefff427d164bf8a4b274fc9c,1,credit_card,5,298.5
a9c7a298f4d31996b9a505ec79fcbae9,1,credit_card,1,135.0
4fb59cc4950521f470473ef761b30d7e,1,credit_card,4,208.48
4e376d36ceeae3f2cbf66cb0ca84c799,1,credit_card,8,173.59
574a92fb05e01159e32c2a4cba131e3e,2,voucher,1,16.04
b8d5cd6eb84d7b61c5c77ac4cb0b90b4,1,voucher,1,20.0
2608e8f1fa4c7e37526b68e2fd2e6d10,1,credit_card,1,85.62
ec07555943e04d757937a8bea3a75ed7,1,boleto,1,126.33
a8b7b51948bf9deabad95734d8470c5f,1,boleto,1,68.12
1d28f6017289eba334290b00546ea432,1,credit_card,5,58.39
2804400973412de4efdaf1399281199c,1,credit_card,2,154.09
1fbebbbba3149f89e410951ca531cae2,1,boleto,1,237.99
3dd1232f9ae258b596e0189d82e2a222,1,credit_card,2,157.32
afc164a698c08de061cc7173650121fa,1,credit_card,1,77.57
69d7a6c47dc11a476f79514694809c60,1,credit_card,4,291.84
52ef81c49a349b1162a7bd4a8c2034e4,1,credit_card,1,59.96
06c6a92df74580db95364b36aeb8f5b9,1,credit_card,2,47.59
4e6aa298577f90f026cfb1d07e86509e,1,credit_card,4,41.94
fda140e135ccab872e95fb03e76ba27a,1,credit_card,1,76.98
8bca89b4311c48e6e6a22acd5cebd242,1,credit_card,1,92.84
cc20f1526c8c9725da26e2563d40260e,1,boleto,1,215.14
615774e695ab140dcb5e1c0aeb15b9cc,1,voucher,1,92.19
d244f2083d5bb47133c5b240a8f6013d,1,credit_card,1,87.03
bc3551dbac6e56b70347f161a1c0e434,1,credit_card,2,173.49
c9cb31bb489f9ed567f42b13d15d8d28,1,credit_card,3,39.62
84529952b44a7b19788d9398f07b6eea,1,credit_card,1,67.5
67e7cace5deab160cedd95c80e6f60a8,1,credit_card,1,13.05
88407c8c6e12493ff6e845df39540112,1,credit_card,2,83.69
fc52f0b6b2799aab381d22c1500ec63e,1,credit_card,3,106.76
d5cbbe1602100752cd72f9630321613d,1,credit_card,1,29.35
e1ae83c728cb5ab4352082e5509056ff,1,credit_card,4,65.35
12aef789cfc998f5f44ddf27c24e354d,1,credit_card,3,138.24
5cc6d864fa9e1a90eaf5207737549ffc,1,credit_card,1,396.24
f6fe071c40a5c65d2756f92dac3506e0,1,boleto,1,80.1
7a58856993632824e92f700eff99340d,1,credit_card,9,91.16
056a1317ffaefaa2dff2d9ecb54fc7bc,1,credit_card,1,68.34
72c81a6a9dcf354f87393c361caa13ce,1,credit_card,2,166.35
a438cc4a17bee890885f11fb9a4ee39c,1,boleto,1,38.98
e631d7417c16066c831e8f2599673235,1,credit_card,1,121.97
790174a33341ef5cb1534732bfcbce28,1,credit_card,4,235.69
0b40648d6c533ac73822cb32caf5cfa3,1,credit_card,8,136.5
07f9acd4e59411df700a59f89d4da8ed,1,credit_card,8,85.65
6d07ebee9c7fa9c4749c7265c987bf0a,1,credit_card,5,87.63
faa72e2db68f17d71fa5c725cafc53ad,1,credit_card,1,126.2
b736f9c98deb53b03ac6e931f3373063,1,credit_card,2,99.43
aa04ef5214580b06b10e2a378300db44,2,voucher,1,250.0
09356cee7d8fee33dcb3ee80c1ccb14f,1,credit_card,1,35.0
3e50ccb3e4c2558e4235db553f8dc2b1,1,credit_card,5,111.6
366cd70c12d03e78401252dea8e27bf4,1,credit_card,2,154.44
a45087c16cf11897252052baabb332c0,1,credit_card,3,166.71
ce361366b38e58d923fe2e3cc60521f9,1,credit_card,5,162.77
32e3f54d03f202e02cfc79f9fd91fd06,1,credit_card,3,38.42
b7cf59f6158a9fd83ee0c75e95c65af0,1,credit_card,1,113.15
6cf30e050336c50f368c34da13c9e6a2,1,credit_card,10,126.02
f1c81a653dc5314b7aa62e06239f12c8,1,boleto,1,84.24
b9301fa4912e6d5f755e12b4986c5f84,1,credit_card,2,128.88
d9e85a628a68f162d46b273ae52d0119,1,boleto,1,94.21
f34349c1787f5a47ace7555af961a47b,1,boleto,1,465.23
6a0725621168540d5200cba214d6ebe7,1,boleto,1,115.86
820235f6d6341b0a1d64f22499ba07c0,1,credit_card,8,511.23
84c6aab1664b33eb5607e118dc4bced8,1,credit_card,3,57.3
d6ba0aa53ad5742259d45436b54d2b46,1,credit_card,2,111.92
7193174cc8337ec716bf7bef671ff759,1,credit_card,1,82.34
616d980107c4a1d6b7cbc85cd40890e8,1,credit_card,3,39.0
daf946e879dab6e7e6b3f968297c3fe3,1,credit_card,5,56.78
34e6d418f368f8079ae152bc178bc66a,1,credit_card,2,48.9
4e49c4d84e4e416dfa56e61889b7113d,1,credit_card,1,57.78
d3514b69ed01da5883fcaaabfe29453b,1,credit_card,8,359.19
fb260abf14e47c95a0b19acb1ab3ed43,3,voucher,1,14.06
54f0988d1c9f5f7f90410c09b2cbc6e5,1,credit_card,2,70.14
73de1db8eb6e493c5a6ed60c856a2076,1,credit_card,10,405.45
719bb3a1ecca0dc38551f11cd181cca6,1,credit_card,1,98.9
5fa643060454c5e14a75113a3800b787,1,credit_card,2,123.85
6dc5773abc829c019c8912d3993bc2c9,1,credit_card,10,165.71
cba3306126337d8de821145b22b9b0e0,1,credit_card,1,56.57
7368d87533725a6bef612cdc83678f4f,1,credit_card,4,236.54
be6619cf0f41dbf6491aafc3b5a0d638,1,boleto,1,192.64
32f0db75abd9599736ef815f021c684f,1,boleto,1,504.51
12d8f84b2205c7654fdf6768718d243d,1,credit_card,1,74.67
8fe3b44d3161e377a52ba346b2b0ec08,1,credit_card,1,53.48
546c8958ff67b28473cf140ec32a5a91,1,credit_card,10,102.56
ab722aebd7d92f979b381ec1d4080551,1,boleto,1,45.61
5cf925b116421afa85ee25e99b4c34fb,1,boleto,1,106.81
3f03a16ea2034e425f930d42cd315637,1,boleto,1,70.25
9040ee228f2a73cf71c59e19d2d1f1d8,1,credit_card,1,61.84
338be6220254203898339bb8b6021138,1,boleto,1,124.02
5baeaa8bec54f12f0aa0ee4b4d285cf9,1,credit_card,5,107.06
8a8bd4a338e17ace44431e99a2add1d2,6,voucher,1,2.16
3785ffb02b0b201a23df7daf357c271d,1,credit_card,1,54.93
4dd4745f66dc08de8b825edf6155ce4b,1,credit_card,2,64.23
853927b32b0ebc007ece729a314338cd,1,credit_card,3,214.05
0cdea1c34ce2e9ca670b2e6df1d6c207,1,credit_card,3,70.25
2343d4a98379202b11d3ec66c322ab57,1,boleto,1,46.19
38c08fbad68f49682733a8d83e997aa6,1,credit_card,1,52.78
2c203f4297ffa221e33a90171c24249d,1,credit_card,1,35.77
784a38e6df598963bf1d5e1b633eca5c,1,credit_card,1,71.64
99835a9f07d63f83120175303229a57e,1,boleto,1,62.02
89e9e2248c46410c319d535f06a23346,1,credit_card,1,41.26
681fc152c63481373cecdd46e390fe6b,1,boleto,1,150.1
5b7aed674843fc9b20d1c4cef543a761,1,boleto,1,59.22
0ce94e50ed7d28e7856f3d127990d17c,1,boleto,1,351.5
fd4a2838bede5695c44824f56cd274f2,1,credit_card,7,78.19
544bad401327a8f0de6786c7ccd73c8b,1,credit_card,3,263.13
5d31808356c1ecbf7eeadc61144a098c,1,boleto,1,228.67
b9d1db9d3e9608b2d37f962aaef45e03,2,voucher,1,26.2
e70405e60d48ff7771de55e6b39a09da,1,credit_card,1,128.26
454b6ccf9f8f2c12b3a00ee763e027b9,1,credit_card,1,60.42
ccb211459abb148401c4f7c596524cae,1,credit_card,4,266.75
2c353c9011928609140c2fe8c3f925a5,1,boleto,1,67.22
fb114a7255e9d0f59416a80b564638d4,1,credit_card,5,235.74
b80ad2b6c5b351d9e15b84a8008a7d87,1,voucher,1,62.33
8a601ac58a66e7a37b56294b81c2b373,1,credit_card,10,227.47
992cbe3e064cd39f9ccde60a29ffcd3c,1,boleto,1,364.88
af87d49b5a2696414bd17915b853c941,1,credit_card,1,67.5
9db0b5f3481614484592866ec7c902f3,1,boleto,1,183.93
dca63e525f9401c2d75b39006727511b,1,credit_card,7,76.14
03572de4ee0598b00c48f6de965fcf78,1,credit_card,8,313.82
d0f2eab6dd80aa594023f8ed3bd024be,1,credit_card,9,135.95
dc9a75be849e46bc94aa327ac9bc13a8,1,credit_card,4,435.44
71cefe5177d8b6b11dce9fa4060f01cc,1,boleto,1,58.82
693571876f68cfd82ad0772a4fe8136f,1,credit_card,1,62.2
687827c3a3bcdf03c6956d9bbe263ed5,1,credit_card,2,49.45
a5ee069718f4fc72e7a0567f4a45ba53,1,credit_card,2,107.46
989829039549b9b62b547646ee72c034,1,credit_card,1,55.24
e92900da13e75122f18f3694fd9e0230,1,boleto,1,305.97
1d75f74f2b35e491804fe25e4c5fd4dc,1,credit_card,8,196.5
2eb455a9ac809470168098ddf4e2a25b,1,credit_card,1,49.59
b07abc8b9acaf00e79b4657419f469f3,1,credit_card,1,23.72
ce500b2ca0d960f937fb4d24282d3291,1,boleto,1,151.53
31cad6ec7ac19b48d3eca43d624f6cfd,1,boleto,1,52.51
957109fd6a6321b74f0d9cf8969aff76,1,credit_card,1,64.55
4921567919029aa0950f3ebec0f91169,1,credit_card,2,119.97
832c61671b530bdc7d56880581bc2146,1,credit_card,5,103.55
4ee25083ee6cc047adea4955dce72c6d,1,credit_card,1,66.96
e154274f8d5b5bcef8bb9f51a54b218a,1,credit_card,3,85.14
37a5627c7451cf77174dbb624b22f8d4,1,boleto,1,88.08
60d33f204669abf0795294143b54d6b4,1,credit_card,3,116.75
d33a24a5ea67f8f5a06b0a32e53f3acf,1,boleto,1,78.19
ac8b3ecc5daa5b2d54a81b3ba337bf6f,1,boleto,1,118.3
9cd2255ff41cdabee2e24bd9ec5b2084,1,credit_card,2,57.23
0bc16cf0c58995bbc893af2e151534d0,1,credit_card,10,436.49
87ca2f8dc91bf074b1b0e441341b2a53,1,credit_card,1,187.38
5bc78a286b07fd8ad2198daf226ec008,1,credit_card,1,97.79
205f0525fe708de4db2434516fe7c376,1,credit_card,1,190.6
e030f5da42afc3b5b81b24d7c4d1bcb0,1,voucher,1,72.54
b1600c1915c18f85050002d08b6274a3,1,credit_card,3,343.95
5c79fa2db9227db840a45f20c3ce4833,1,boleto,1,159.56
7920e7d2f91a12543837febe80d5503a,1,credit_card,8,88.9
59bef859ee544206d66d43cd4a50fac9,1,credit_card,2,122.44
31be4a9a42c356eb746eee159757c1b5,1,credit_card,1,52.38
c6c96aae858cf470816e5080de363e47,1,credit_card,1,10.17
4f85d5b9b7d5cdc7e7f6ceb64aa47f5b,1,credit_card,4,148.04
d74cdf7dea16668a34d57964004f0e94,1,boleto,1,714.35
81161411335afb1d9c6dfd1b42a63eb3,1,credit_card,6,63.92
16bf4bebb63fe2842793fa1e3fbb83d9,1,boleto,1,27.68
6224401eebe13e25d470d8d6a9ef225e,2,voucher,1,57.89
973099d5fd52c77163406f2eba72dfc6,1,credit_card,1,585.64
42f364e1317053c36378cc534b19ab6e,1,credit_card,10,158.13
ce8cdf8291104b56565b8e6c6fb62901,1,credit_card,2,130.69
63ae84a9387b93ffa05dde71794f61f9,1,credit_card,1,105.69
383ba1470e3ace2021f232303b6d4097,1,credit_card,1,61.32
1ce624df940711ffea6e5176a18eee87,1,credit_card,2,99.65
b012c1697921f54e80780e034a93c871,1,credit_card,10,163.68
f55863be6758b60482c4bdfa3cd016ed,1,credit_card,1,126.04
e0e83bdc2be394626d0f9177dcde0889,1,credit_card,10,163.39
ca7296a83aa279afb28c2388a4f48891,1,credit_card,3,102.96
a4521fa62b4f3bbe260aecf4dbc78935,2,credit_card,1,25.77
bbe5ef975154a7473c4c595fa3385edc,2,voucher,1,15.4
ae58081c0be4ca730f53473f8f5d5df7,1,credit_card,1,27.29
f71f7cfa091dab4d5aaef7195c37c986,1,credit_card,8,195.1
d24ea7235cbfd0959d74ed0ce8d59c5e,1,credit_card,3,32.0
8a8bd4a338e17ace44431e99a2add1d2,3,voucher,1,20.0
1d699c4fd2ee485c965116e9c3fae0b3,1,credit_card,2,100.33
e5cba854ed90614d4334d4c5fa4fcbcf,1,credit_card,1,41.75
afd1ca4a245a9a04d0f8d5dc1ccb7ed3,1,credit_card,1,57.23
dc952dba5b4ae9cc2ea0eb4757f0cdd0,1,credit_card,3,74.35
b5781a5976dad5a78067d528713ef47e,1,credit_card,8,620.29
a9f6addcdb232b9d636f61f71c683349,1,credit_card,3,117.16
f2228e3e55ff956909ad7750f08516fd,1,credit_card,3,170.96
9f9d2b35ac2defefacb5c123b82b2223,1,credit_card,10,334.8
b94d017913e0b697201de9ec22c23f46,1,boleto,1,115.2
46bccbbbcccb1a8afec60c3bcbd287b7,1,boleto,1,68.63
a47209f5c19200ebf7bb28427db5fc1a,1,credit_card,6,138.74
f3381b1e6c37c70f2b3c9d211b166412,1,boleto,1,108.77
2fcae632b06e40088d1800fc1cfc3e69,1,credit_card,1,28.28
b5eb3252f8e5ded7044d176ed49e2ecb,1,credit_card,10,468.69
cd323a618a599ad1cedaeb75d1d5b8fd,1,credit_card,6,155.63
7cbb15d12a1bb13fde596f305857b22e,1,credit_card,3,32.38
ac78dbdaa55c30dbfb7eea9beaf31b81,1,credit_card,6,121.79
3f7aea4e3cecef996bd62713fbf8712b,1,credit_card,1,25.0
5a72aaf4a78a5e2b0ba132b0e9c21fb1,1,credit_card,3,39.1
d687704e16072248fd77450d3d4b70d6,1,credit_card,2,44.83
d60af32e2107bccc3efe66e3faad59c6,1,boleto,1,143.28
0bdba50744ca6b6e2c44940e00050e5f,1,voucher,1,148.15
78489b82e815cf23348985a3db599319,1,credit_card,2,347.37
eaa755795bc07ae1c3d55d7f6efe1dfc,1,boleto,1,37.52
1c4b283e95602be28c975207016558f1,1,boleto,1,37.83
fb469bc8a14b598d891a004c34546078,1,credit_card,1,32.38
809366b3993149432934a82e6e5b71d9,1,credit_card,1,70.72
020f04b3da1d597b9a00b825762299ba,1,credit_card,2,143.98
7a16d8eadd3c788ef0386c78218da6cc,1,boleto,1,96.4
540544251975ba4515aebe0ac8525067,1,credit_card,3,74.2
42d23fff3eee93c6c3b0ac65d3ca1e93,1,credit_card,2,88.58
e93561a5404a0ecc64f56eed482e05b1,1,credit_card,1,49.24
5f8772295e1adb4e4832c988d6b631b6,1,credit_card,10,199.89
80258201cda75aff559a9cc15eb0da49,1,boleto,1,88.03
c8035c255b0c345f46e7ed85cbaf1a79,1,credit_card,1,67.24
1b211e29b1a6d0431f4f9daff2f2e207,1,credit_card,10,256.91
efd5f6d335841ef212ce657580faf95d,1,credit_card,1,610.59
0fb3b7bbfc3693b115aa62a83fad2714,1,credit_card,1,656.16
95d9d2979d40161be87292ff88563cba,1,credit_card,3,64.58
6ede6615bc35ab422df675c8a25de420,1,voucher,1,46.54
9e784561e351e3749a4dc15902d0e7ad,1,boleto,1,54.83
53e4f7240aa13df65778901b7e368c5b,1,credit_card,4,134.08
9635ce9faca001ffd1c913c8e55deaed,1,credit_card,6,94.4
0c9f8646d592c21c2015b929996427af,1,boleto,1,56.96
65c681e03f100e0ef15a100838d6b357,1,credit_card,3,65.45
b1526a2bd67c99a417bbd10df7904bb0,1,credit_card,2,106.85
c15a3ce7617aeffb3bfed1f6340d66e7,1,credit_card,3,32.38
fd86c80924b4be8fb7f58c4ecc680dae,2,voucher,1,44.87
9d812ac753da7008021863feabbd291a,1,credit_card,4,223.98
22caa724849d26dec4cd73ffc70bc133,1,credit_card,1,83.55
49c9dc330935365ca454ba89a8a20efb,1,credit_card,2,81.6
9803d53681d599da06e759c5935f89e6,1,credit_card,8,355.76
486bce96008cea9cb14d0593189961da,1,credit_card,1,20.14
6a924969e49789ee7b332cdc7677c35f,1,credit_card,1,105.08
9aa70c8fac4649c143933fedf26730f3,1,credit_card,2,583.63
fa1885a7cb632c832c660cc710bae77f,1,boleto,1,98.34
fb11e3f2905ee0f75ef24f40def76252,1,credit_card,6,128.88
71488f40fcb86621a50c86a9e1ce486f,1,credit_card,1,47.29
fef9630717f341d93127dbf1d27650c9,1,credit_card,6,67.31
b58ad6013994eef55be5cdaf76a1a14d,1,credit_card,10,411.24
3bf31ab7902ee8a53800c1f3d57651eb,1,boleto,1,76.28
de76f809479b8391b6166b1448d83f3f,1,credit_card,10,202.82
a34f7357d374e2ef18edb18881327a0e,1,credit_card,2,94.21
4e574601fa03ae371593a005d9cc7a32,1,boleto,1,126.33
e0c51c7d23c16c36c365b7ae8bbe6782,1,credit_card,5,206.34
5a3bccb60104b1251c6a39e051c428ba,1,credit_card,5,91.23
b06ebf1a46fc060c183c59b092ce49ee,1,credit_card,1,72.76
89035fb6f9ed1693ad716ef81c18cdb2,1,credit_card,4,40.53
2e612a3508e4bce75344e6bfb68f28e0,1,credit_card,1,71.5
29182856a24c6eeb1d7b81ba1fe63190,4,voucher,1,7.33
a3a0cfe6661449e2d725b5b1ff658d84,1,credit_card,2,92.12
aeebf4abbcfb9bac43b6a31399a3e93c,1,credit_card,1,73.34
f52b64a627a310405cfd65e2a23acb23,1,credit_card,3,126.04
ac17f36b9ec35c47dc44e96558d33dc7,1,boleto,1,745.69
7729bd24067381622a58a0231d77fe2d,1,credit_card,5,314.41
5b74abebfd5bc1d137d7ade71c5cfd36,1,credit_card,1,58.79
8890828f16facb8b8a9c48194daccb85,1,credit_card,5,92.67
b4dc09cbd4cc735632779c738cda842b,1,credit_card,1,55.86
c2ca2bb17ed706c909f7011c18b1ba98,1,boleto,1,59.13
0d5fb8614978748bcfbef448c8a74a17,1,credit_card,4,201.96
6f518b2ff981751788c8e7dfe7dfbf90,1,credit_card,3,74.67
d55d5f2d92f548bd9928f3edef443395,1,credit_card,1,39.62
ead42f8f41e34c480a4a9185ab74b37e,1,credit_card,5,169.38
8223c1c9dfe33eb14644dd34a5213285,1,credit_card,5,240.32
078f6e79012194cd9eb77b10f6753d77,1,credit_card,5,171.16
fb260abf14e47c95a0b19acb1ab3ed43,2,voucher,1,20.0
bbc13e09a09a77b4f6ea6a981a399473,1,credit_card,8,183.6
5d9fde36e9b14f9c646577bb073b1486,1,boleto,1,108.22
a22775141b5e773fb0dec808e36bf9f4,1,boleto,1,37.03
419c1fa500ceff6a8d5ee78cf19d2a6d,1,credit_card,1,138.08
14b3ab242ab978f908ac651dcae21b8f,1,credit_card,1,36.0
351c9272da4d3af9d74d3b30ee84cdde,1,credit_card,4,106.38
8021c3dc6a034e6f153035028d421c94,1,credit_card,1,64.29
8fe860202f0d87213c4056f1030ae367,1,credit_card,3,242.48
7a37faa848114c1dfbe6b90f15af98fa,1,credit_card,5,214.14
5df16667b4591b93ff7b1930d8b7da36,1,credit_card,1,153.22
7e09cc861487709e81e6c729d2635208,1,credit_card,1,90.6
76fa5b8de9baa31b68062dbb6e708dc8,1,boleto,1,52.23
3d3977c331c2a5e7da23ea7057a4c317,1,credit_card,1,35.55
72221bc9de65dc6a45b9156909d2b6c9,1,boleto,1,50.0
b8f4980c2ec178504101b730e4e49918,1,credit_card,3,115.67
989c69b80eadc79ccae5fe89c92a35ce,1,credit_card,1,22.66
58bb1a30c2cb9520d5de66b39ed7cc0e,1,credit_card,3,39.23
8e1ded141534096603108f1ee5c27735,1,credit_card,1,27.68
2bfd14409ba8ba1153ce42b2abc44bb8,1,credit_card,5,167.81
4dbf5de576e0e8d18ad0932e1ed8e89d,1,credit_card,4,328.14
cab8cba54a55cc19762e10bf029dae6d,1,debit_card,1,259.9
f11d659584813daadb19252b9659a670,1,credit_card,1,57.0
3335f13449d5b75804a0a49611cf11a4,1,credit_card,1,57.6
fd038d8e957d1407c9928ef57603146e,1,credit_card,8,364.78
ea48f52bfae7e6ed254f9e8d052875b9,1,credit_card,2,24.42
c94ddd241e51ad691efa43aaee5b7f7d,1,credit_card,9,231.27
b2377b1954ac905f64a3797f58fc36d9,1,boleto,1,175.08
8b2a3c0228399148a783f5ed8c1ce83b,1,debit_card,1,42.09
ea048e4dd31fbc0e639a1aade37c7f3e,1,boleto,1,219.23
18914d929964317dc0a002fcbbd70d06,1,credit_card,1,41.22
a7e51dc801d3f66371a8896d54d04004,1,credit_card,1,82.98
569d43a54c364df5b367ab33e96eacf0,1,voucher,1,61.73
ad6b07be756ec7284a64503ac34f6975,1,boleto,1,723.48
ef2165ddd56495b711b9a61098a7e6f2,1,credit_card,1,58.69
e21fd08d7e36f975120cb6392ee71ad7,1,credit_card,10,231.27
6aef284c51f971e11cffc4e49caea7af,1,boleto,1,57.55
1e2b94b476c8738fbc5aed69524f2da4,1,credit_card,3,58.1
c00ec2c5d2f145b694e4f478c71c5711,1,credit_card,10,704.32
44918cef2a112fc3f8e4a9b676e5ab23,1,credit_card,6,125.43
04f92792b1960e9302825742e0751a5c,1,credit_card,3,246.88
1aa78d3a94e9d8054d63fd230c076bf6,1,credit_card,5,310.9
edecb0568b1317aa28a800d5fed23758,1,boleto,1,28.5
77ff5083402e50189ad3477e7dfcbaad,1,boleto,1,44.38
652a34a98deb42a4ce9408d3287a100d,1,credit_card,2,66.78
63dd1232853b91debb2470c70da85dca,1,credit_card,3,117.94
c5dc5eee680080a268100b420f8e960a,1,credit_card,3,112.17
70c9e0c247d9f1e785e3a31d2a333ec6,1,credit_card,1,69.9
14bc0695cb3e3a338887d250c7cfafb9,1,credit_card,8,309.28
d1d9e82abdaaa28b562b48d23f5e8203,1,boleto,1,522.74
92108d9a563df7232a318d0736680ea5,1,credit_card,2,209.91
27d6233886151ecc1ed368ce120ec5cf,1,credit_card,8,235.29
8fc946cd9c823c0d350def51cea2f603,1,credit_card,1,13.68
d2a113300be1ad556e4d030e6b83a0e0,1,credit_card,2,246.92
b76cebb0a09007c35a19e98b178acd63,1,boleto,1,94.4
3208081336d844f7752b1e939dd1bbac,1,credit_card,1,92.83
1cf471f71a04b68d1cda071b51d7e391,1,credit_card,5,115.46
9a5ceb5fb7ad11f5fd1be2c87e632562,1,credit_card,6,181.95
22df89b611e2a03b4957043cf949e51f,1,credit_card,1,66.41
2d856083b0b7c9f8a7bd4f59986eafec,1,credit_card,3,115.62
0bfd90889de46373db5089b3bb941135,1,credit_card,1,29.88
e56d6fad37333104e525678504e3b8c3,1,credit_card,1,109.02
bca8bef56cc32e6f9374350f671f7229,1,credit_card,1,189.01
815ba48fd172b6a71f09180c118a31ca,1,boleto,1,66.82
6f9f51617d16189c2f4cd4e84f92afce,1,credit_card,1,52.39
29182856a24c6eeb1d7b81ba1fe63190,3,voucher,1,5.28
343ee80178e16012130cb0007eac5888,1,credit_card,2,322.2
4e8ddb71f9d7cc7452a7005c2a459212,1,credit_card,5,242.98
6f09a390f155a581c268dade6de048e1,1,credit_card,3,40.0
82857312ad869f872b950b616dc58273,1,credit_card,2,122.67
a7b984cb7dba04216ef3408f9fdc724f,1,credit_card,1,158.17
eabcc26c288f8e0b366520f24014f8b0,1,credit_card,4,153.9
d5cae76a3a1157f7947579bf8ae13f18,1,credit_card,1,28.0
55bd3d21d10786b863b8537b32bc3899,1,credit_card,2,34.52
81672c21ff06fb612df0660ff7d9ae06,1,boleto,1,77.27
1162cd6cea2c1d4d79492aef88f50618,1,credit_card,4,373.88
aa87c4af248b5041ab8aa98338210d88,1,boleto,1,108.02
8691ef52aa97f8ba6d500780b5897e04,1,credit_card,5,163.89
8bfc859f734def7a579d24fe9b618da3,1,boleto,1,45.09
491a23e567ce4c273419a63a41ff5876,1,credit_card,3,163.69
16d65d58409db5d0534f2fb1817696b0,1,credit_card,4,49.76
4f62d593acae92cea3c5662c76122478,1,credit_card,1,21.77
3d4bfa3de7e617f61d1ee3c87e95b204,1,credit_card,1,162.68
d2cebfc5f806510626e7c16ef6413ae8,1,credit_card,1,78.54
9c77966338b7a4afae520a5723c937a3,1,credit_card,1,9.81
5ad066b6e468fcd60b0d871bfa99112a,1,credit_card,5,119.84
59d7a8119bf89c6444ae76a6cf2f9479,1,credit_card,2,162.06
d5a6117da9e539f1a08e0443644788ff,1,credit_card,1,48.3
d7ebe26f7b9c7600c40edd2b0edc7afc,1,boleto,1,50.14
0ad0006728103ff08cda112f7940bcd1,1,credit_card,3,335.89
e3ee317683c1cb4df51994ca63755d6d,1,credit_card,6,63.35
d625545017fc7c86aee1dd49f0471c0c,1,boleto,1,44.35
a67f04f0a3022835f86664a0070fe36e,1,credit_card,6,83.23
60ff47e655e87de64037be5d1f09ce7d,1,credit_card,1,22.29
735349ca95c43f6af88a10437821de08,1,credit_card,1,367.11
802c6194741628ea426c4d7a4e55707a,1,credit_card,10,252.19
6dcb51857ca646a4809ea67184d43e46,1,boleto,1,19.39
c20b8787cc61fb390fe578ddf1995933,1,boleto,1,165.57
499db357fa1bac9b96c44bd42dd17718,1,boleto,1,141.11
b292a6edad2285c61d34667a9fdc7f23,1,credit_card,3,97.32
78cdcb172d0131f82c621d36e496db8d,1,credit_card,1,74.62
f8898796f33b7a0741dc0cf4f54c0001,1,credit_card,2,106.88
0b2a43ec15f983f589ecd097455b283d,1,boleto,1,240.73
a6b961bbc6456602f652d926ee9ccd0a,1,credit_card,4,94.19
28037715728a348c84215e5db015de7e,1,credit_card,4,200.21
1445aacacc53a181a1bcf5bfb9520377,1,boleto,1,51.77
5a8f325f70adcaee7b80d649a1f28876,1,boleto,1,52.0
ddc75e18227aa517946c2239d18d1300,1,credit_card,8,234.47
37478cd0f9c2bb79fe9027f43f6e28c3,1,credit_card,3,162.25
1550ad5373660bdeb5c52239b456396e,1,credit_card,1,186.33
6be09fd2c367b8fad5b25b1315c335bb,1,credit_card,4,365.37
d8d8abd9a4aa1b36575678bdf5e9d23e,1,credit_card,10,331.8
24ceed9729a86f5e36fd61ae94183817,4,voucher,1,39.08
77e4da3755c479aac3d6f7f2a5e94516,1,credit_card,1,114.42
4d31272d8cb07c4ab84562c8ae2e0fdb,1,boleto,1,501.5
2721cdbb603d7ab34553d2e44a6f9ae0,1,boleto,1,104.37
083ade26303c53b4aa1c779b67d44485,1,credit_card,3,76.31
7093b7177380b099eb92c2ab46c6f10e,1,credit_card,3,157.28
4e0091a0a84b39634a3ecc33bdc49d09,1,credit_card,10,358.04
354d1019e78710d25e0d7240ec6c0792,1,boleto,1,137.57
a5dfe2f94a7c8cb55a435a6ed9fc2c12,1,boleto,1,76.05
b469d27d92d32ac0ddb615a295f2e9c4,1,credit_card,1,58.34
08cd76ff1d27c6e6c522bbaead822fd7,1,credit_card,10,166.35
ad20d0dfe5b91c07df72dff0206aacd9,1,boleto,1,104.49
ef1af042323731907ad5d9feea27fc61,1,credit_card,1,413.3
4ce042e8a6468ee3e7090d9687228184,1,boleto,1,26.77
bf2167abb407021a362558b6a9fe6bc3,1,credit_card,4,41.29
f319cdb9500c67c7a9f1b340da9c2d4d,1,credit_card,1,80.98
fd2b355e216e132b6c0f3f1b18828c95,1,debit_card,1,91.61
8a8bd4a338e17ace44431e99a2add1d2,5,voucher,1,20.0
59e965eb9a8f7f341a003466fbe14229,1,credit_card,1,71.82
34b426d7bae7fa280beff9a3cda190da,1,credit_card,1,31.11
a8b4bb89dc728493ed20fe78acdefd9a,1,boleto,1,120.47
9e86f2750fb63739aa63c24a716815ab,1,credit_card,8,330.69
bb6b0cda2ad6b1af261188c55a57550d,1,credit_card,10,158.2
43b29d0de4927fa24f56341687c9e06e,1,credit_card,10,306.98
7cb4dff15cb0bfae18db9857cf0455f4,1,credit_card,1,179.83
75a3f30121c49c5ad0085de582ba2451,1,credit_card,2,20.77
a2ec8ff90a5ffced9e2d1853bf3cf609,1,credit_card,1,125.42
a526fe23020ad8b0d2b1081b7f769452,1,voucher,1,349.49
c5ba516dae0f7c34ba8ad92dad570249,1,credit_card,1,66.57
8218c35b370a39df1a636efeee72a6b7,1,boleto,1,79.56
3ee6f1a94cd7b1aa622553fd94a3aaf3,1,credit_card,10,382.82
f3edeb6abd99f61bd94454f9e7687b67,1,credit_card,5,283.18
d865ad03de9edf74fc6bc89b5bd52706,1,credit_card,1,64.56
d7ebfa9a59497087b6f2383f00689fcf,1,credit_card,1,64.1
2aca6ae53d657c0a06f585816ca6781d,1,credit_card,8,340.12
f3e4f521d6a68def7f89c8e9c8898829,1,boleto,1,107.9
9d27b66cd7dfe58587bd778c83c4d5a1,1,credit_card,2,57.6
e4abb8fe0937a88e04513430b69d268e,1,credit_card,1,34.86
b9d1db9d3e9608b2d37f962aaef45e03,3,voucher,1,73.11
8628cf35f313fe2e46a2168f21860031,1,credit_card,6,334.54
e2ee779edcba1ef236bcfe0260dfa5d5,2,voucher,1,100.0
6c8accd4cab9d1cccad9d791492d53b2,1,boleto,1,94.54
cca4026695c4b2f280bc099e58601c71,1,boleto,1,120.0
356108ac93685d12f65fe827e25bb138,1,boleto,1,251.29
ea1ecba1228b210007951b4a8f12ec3a,1,credit_card,1,92.87
a823e340670fb72aaeea0c7aa697212a,1,credit_card,1,207.73
9292a5004e4adeb999700abae47eb13b,1,credit_card,2,144.21
d2b4c76c2ccfe2f70c1488434a362f56,1,credit_card,3,360.38
cdab66293e2e4ea2b956d8016c5ad97d,1,credit_card,1,132.06
17d018174e8bb3a09152f926cc684ad2,1,credit_card,7,76.08
8dcdc3f032fcbc54ae56d5a0f0c2f18c,1,credit_card,5,192.12
0c91c4102d1858f4ced29970f55e54a0,1,credit_card,2,56.86
38934582b8eedc324fe26767c76fb63f,1,credit_card,1,66.17
7d9222bcb9fbdafc453620f32f6fb996,1,credit_card,1,52.07
0be5691eb4c245d190a1e194494f754d,1,credit_card,1,97.71
2bf01051ff9e5195111fd7ffaf865240,1,boleto,1,85.49
ebac8364f6f97c06df19ad674a12b359,1,credit_card,5,51.6
7e9eac6236b24f54d858badd77aa172c,1,credit_card,10,428.47
1955e6384cd6fc6cb02799b1e458b2d7,1,credit_card,4,85.81
6390d8596b48fe36ecbd508af3770dec,1,credit_card,1,696.0
4e4d9ab79db69a4bd0d79833bfce91f3,1,boleto,1,56.4
098e4bd227693adc9a292cf3a42ea7a4,1,credit_card,1,47.23
5fc078d078575df6ce8980acdcfb6dad,1,credit_card,4,86.76
aa04ef5214580b06b10e2a378300db44,1,credit_card,5,139.43
f23863d36bbebad07e688d0010148a26,1,credit_card,6,125.52
a162da83b66ff8c619d83b87c1de93b9,1,credit_card,5,291.72
1ac605c3c8e2ee53279c7b0bd52c6aec,1,credit_card,5,177.02
2f5c5719818df4d83050dd5174ca0288,1,credit_card,3,63.51
bd73b77940b4755971250ad4a3cd95b8,1,boleto,1,67.83
ab4d923f0c19b1189d542b64352de060,1,boleto,1,26.77
f65681ae52bf95372fcd66c697752f3d,1,boleto,1,19.86
186d853ccb29e4bc2470952ec61dbb39,1,boleto,1,93.85
61722dfb39136f50e4e0d9d150176532,1,credit_card,1,100.21
15821a9a831a9a665df5d5e1568da975,1,credit_card,4,105.49
90289a17e4361481e6880e751590f140,1,credit_card,5,51.63
cf785a05b67a9d6bc87e8cb56ec94e77,1,boleto,1,608.28
c8426a2c3cc5c11e8aa0789c3238d4d9,1,credit_card,1,50.85
6c04516be61ae90e04756c3290c405b7,1,credit_card,3,113.62
b9d1db9d3e9608b2d37f962aaef45e03,1,credit_card,1,3.54
bf6e868e898464ab301f89d753979d4d,1,boleto,1,117.08
b28a856ec450375c2c61dfb94250fbb0,1,credit_card,8,102.78
329eb66ed3125473bd5c70dc291b2621,1,credit_card,10,319.34
9630c641313083fe39397cfa75810e4b,1,boleto,1,120.91
604d751f2a7e1dbdc206eec36e4bcb81,1,credit_card,2,190.57
8341e99159d0cde5b28d7915b011ce2e,1,boleto,1,235.7
37b9ae736e1038316332953137270003,1,credit_card,5,119.48
c5009ef153ccebb4f2dfd12660198737,1,boleto,1,90.39
483c0f7f44eec6fd0fbd90914d187226,1,credit_card,8,197.1
bc5089284951e16d020460e18de85fad,1,credit_card,2,108.05
c0ad22fb83f1019e8abbdf1d38ffe6aa,1,credit_card,6,61.44
73cc28d48ecf54949b91163a0f7d3351,1,boleto,1,52.62
8f9b22316e1f46393055fe217699461a,1,credit_card,4,46.0
6c5df19e668b79ccf854d8fd72a105ae,1,credit_card,7,504.32
29182856a24c6eeb1d7b81ba1fe63190,9,voucher,1,8.99
829f7b42460d760ab4f2c03faf6534ee,1,credit_card,5,109.41
46c820acb13d40759d9cf3941fb7a47d,1,credit_card,1,77.57
be16722a27c9d9dcf7054c682b72b3f0,1,credit_card,10,119.8
23858bdc4cab9cf5b5de163b1f12ea71,2,voucher,1,14.63
db9f2956d5aa9406afedc858c51c2f5f,1,credit_card,3,243.45
e4dd475ba157a8f4d4dd4f0b8e7c92b3,1,debit_card,1,84.0
2f53a7c846aa70472520bd18b081ebbb,1,credit_card,2,72.14
1b0ca0c3b2421d7ffde52594b571c020,1,credit_card,1,116.94
68e4d7b489562de5ca0a4486d7d0c3d8,1,credit_card,7,77.8
a1706a33c76bfd77c2fa337f882b31b2,1,credit_card,10,778.27
f15ee2f37da0500e278ec213c201edf3,1,debit_card,1,347.31
4e2cd0aecbb0fbcc5fc61ed8fc23589c,1,credit_card,8,88.74
af19170492290aa8663d820e73d09524,1,voucher,1,37.23
b0b5cb8bc442bc5599f4bf65dfc67cf8,1,credit_card,1,47.71
6e4aa96643864493bb291057da474fbc,1,credit_card,10,222.69
22393c9bb58fd23ba0aaf68dab5094cc,1,credit_card,3,105.57
baa57a887ab6469f6e65bf75ce80b768,1,credit_card,1,69.44
88821a1158691d3d5f4e35004aeb2aee,1,credit_card,1,2.31
fd117d65267f58ad33d914a3cc317543,1,credit_card,10,115.66
90ad1e3d82f91914b8daf79afc7d79a9,1,boleto,1,76.17
e2c9f858f7f4d4291add68fd7fcf8090,1,credit_card,3,777.0
ef29d8249c4f5670c259bda87461e3e4,1,credit_card,5,227.71
58ded2fbeab30e8d3f53d888277f6b2e,1,credit_card,2,101.64
aaa3852a53f716761fff6b45173f223e,1,boleto,1,145.14
5270a6da2c326132afd3b3c0a186a795,2,credit_card,4,59.68
3671c63de5b229f79f8ada4644a3d995,1,credit_card,1,107.44
ca786c07fdbcd2a6beb42eab64c23a3e,2,voucher,1,5.37
513f43ba9ea592cb81880aeeb11f08d4,1,boleto,1,121.38
6c1e09e4c733fbc610ee1737436f8a5b,1,credit_card,3,256.43
73ab919f6023d8c8a68fb70d0b08a28b,1,credit_card,6,176.85
ba714b832c8a26b8b6ce921e0ecbc886,1,credit_card,10,163.21
62a5349df8243987456fdd17fbe3b823,1,boleto,1,54.19
042c384c3edbe39a47895217eb5e90a4,1,credit_card,8,173.2
c52d58426aab3759ad2cf6fcb69e4add,1,boleto,1,113.98
a260362d840e55aa9895f1012776a329,1,voucher,1,122.04
40f27de71845c6aebc742107208b5c2b,1,credit_card,4,109.56
d5fbeedc85190ba88580d6f82d1d5ed3,1,credit_card,3,137.16
3d17d211984312889a4d60f359859535,1,credit_card,3,155.65
83b0d41b8098a854e66c33ac7d1e8dcf,1,credit_card,5,262.52
a42852c445a4b9e072a1cf6e90210586,1,credit_card,3,56.22
a9495ad773a18a329a4f9e514f5c1c9f,1,boleto,1,40.96
e494c29003c61332fdf1340bba650cd3,1,credit_card,8,87.38
305af4823119256511e64863ca221c60,1,boleto,1,75.84
8ecf44036c8ef6743d6bc46fb6d40af4,1,credit_card,9,187.89
86430d523480a84b621ef0c347f56ff2,1,credit_card,6,549.7
ed8a6e0832d4fbbd240110423cd1b707,1,boleto,1,66.64
3ff488af63223ea08fce4e9db03a82dd,1,credit_card,2,75.73
f8b990617b1af31bd9e7a3d70f8dafc5,1,credit_card,6,443.77
5e741be1ef0b879586c4c85a9967b5f9,1,credit_card,8,742.57
ee0a25ec12376692fee5a7d0613f466e,1,credit_card,3,50.1
b99b5f149263f07c55586983071c466e,1,credit_card,10,168.78
18f3d3d3d8f47205c56d03799039c61a,1,credit_card,1,140.22
7263a9488004df94487b7f970be3b91e,1,credit_card,2,175.77
dc078338903735916fab84f036188dcc,1,credit_card,1,87.97
a967b2911a10315ea9e93191515fad0c,2,voucher,1,35.57
ca35a20423cabbc81c577f3ffe72169d,1,credit_card,16,160.12
943dc313319b98a46f1aa70d59b68715,1,credit_card,10,594.38
6d76568d08aee5f1128bd0fb92071349,1,credit_card,5,95.45
8b75cb6fd9531cacf7f2cb7dadf7467b,1,credit_card,1,155.73
e4d88b96fb1801eb436496008e848e1a,1,credit_card,10,205.53
e72ba1ec61415d0cfa8ddfce38a35887,1,credit_card,2,98.51
af85e6e8c9f67f653b51429df7839001,1,credit_card,4,364.91
ab74c0e5d243c75a0289ac0ed8811a97,1,credit_card,3,37.82
bbe5ef975154a7473c4c595fa3385edc,4,voucher,1,15.4
0a472c47d928bf4cd8b6a7a30345eeb7,1,voucher,1,490.99
87de7ee4012989d6126fe09989746eaf,2,credit_card,2,38.11
bef797897a2dddfbb08f9dff9c5ef7b7,3,voucher,1,24.08
4fe2e8b329e56a00aba9b0136b46f00f,1,credit_card,8,82.97
bbf7ad105edc929937625364891dc8c6,1,credit_card,3,89.88
4d4c65feca16bc9de359cb5d4feef10d,1,voucher,1,144.96
167d05678f810589a854d30460ae62f0,1,credit_card,10,209.78
24df3585323f6a191abb565d1706daf2,1,credit_card,4,202.82
6fec4ed02a4de8f4e7e064591aa2c5eb,1,boleto,1,77.57
faf132fb35b3b3b533a67efbd6e7c02d,1,credit_card,10,130.01
306193c0f58d9f95461c43563b65166c,1,credit_card,1,34.84
431d5e312bed6ff804f464a5e0c63cf8,1,credit_card,8,718.89
91c7af31bbff981f2530987c8d5d5ae2,1,credit_card,2,107.53
b7a9713d1c8b02fbefa580bd0edc2756,1,credit_card,2,100.92
c69a753d027c44254d7964a47718c07e,1,credit_card,3,76.86
9c044ffd93c708557b82ad51947070b6,1,credit_card,3,174.19
e1a6a65ef3f7bc155b0e21555a728931,1,credit_card,3,85.94
958da7d574d07d1acbcf0c5c0f5ea9b6,1,credit_card,2,43.58
00b402e8a76d3da83714c52d3977cc2d,1,credit_card,1,165.91
f7a282c5fe8addefb48793a1a8c2ea83,1,credit_card,10,298.48
c6c8efeaf2205f11be796833a750f49e,1,boleto,1,136.37
d6f81840dedabe214cbfa42226e7dfd4,1,credit_card,1,112.49
343a5573915ce27b1a6200e1656b5049,1,credit_card,3,98.07
49bbb428c234dcf31c4d66d4e8e1c04c,1,credit_card,2,159.68
4647f189e31add16ebebc6f67a6b6dc1,1,credit_card,1,58.22
f26fa27bb0f1337c570d70e32fc2e413,1,voucher,1,13.73
23fb5e6768dd0cf8df7aaa74d80f8ec6,1,credit_card,7,75.88
078c9d6d720f254fc10c5a162169197f,1,credit_card,3,103.89
80b5b891e5c825112137c3ee080e5db6,1,credit_card,8,166.35
4256024f988c6c35dce119ea6c84e1d4,1,credit_card,1,1759.04
d43d694cf81ca89d8e50c6f3c199f0de,2,voucher,1,30.42
2e61fdb90c06ee4a04c2ed31a1092574,1,credit_card,2,69.18
babc844d408abfa49b0c875fcc3738d4,1,credit_card,9,98.65
6d0ef3c8cc6b6399e18942b77559dceb,1,credit_card,3,189.66
dcd9141cf681c0a831e8988b32156d3c,1,credit_card,5,91.99
5942bd3a8502a95cab0655d31eb2c6fc,1,credit_card,4,62.01
54b41e4e2188389bb41503b2b088b093,1,voucher,1,82.98
fb260abf14e47c95a0b19acb1ab3ed43,1,voucher,1,0.94
09a0d7c2cc6f652acd3537e7a91c7000,1,credit_card,1,81.61
7d8cd4ac1b0c3a31fddc3198d69fc133,1,debit_card,1,45.2
84d1f58195cae334b50f9088b38b3495,1,credit_card,1,58.46
39a70e9e9b729b11dee34ac12478597f,1,credit_card,6,128.9
9418ab9676b7f5d9539c74b557c59284,1,credit_card,1,219.28
721c90253d3c1f625f71e2faf53a6b57,1,credit_card,1,63.92
b2ac7b0754b724547abf07a172a45bf4,1,credit_card,6,92.76
f822dff2daea3e02fd418699a1068326,1,credit_card,3,31.51
166a835dcb0ffdb5d917db2a93358502,1,credit_card,4,141.14
73287734c7b95e805d54a35d062627f2,1,boleto,1,39.78
6bb214f60f0b2331b730f74f70dc322f,1,credit_card,5,113.92
0e6844f9954c0a475641b6490c3f9739,1,debit_card,1,317.16
345a398e91fef84fbffb9c07611c9959,1,credit_card,2,54.63
50a6fb3fc2465d6d820f5a569be4d566,1,debit_card,1,28.0
dc12fa02210be1acbcc15ed310547ba0,2,voucher,1,39.04
48a32a844d2782e2d2b33c2ccb6a941a,1,boleto,1,123.56
38ef39ee8ebc5f492b0253bcd1213dcc,1,credit_card,8,172.25
b53273dc08d42154a427ce58148a7664,1,boleto,1,135.08
fea5a631859ef3c5c4a7ee9ff36096a8,1,credit_card,4,65.57
64cfbc6d10f3a5091889f0fab6233167,1,credit_card,1,35.77
03d3db2eb72705d4b4dd30987cf610f8,1,credit_card,5,157.78
e11780f33e850a77d1b3c2fa13ed5d4b,1,boleto,1,175.57
3762c0ef92b5bc397671e6d7e6d5672f,1,credit_card,3,73.34
7e28a3542ea8306e42298ea3718222ee,1,credit_card,3,167.74
5c1a7adae63c3dd38c445817f9947cf2,1,boleto,1,143.38
8cf61a0f8eed49e1728caab2510e796d,1,credit_card,3,77.57
b90228d9050d13c266a67be0e92ccd00,1,credit_card,1,32.82
4df36fe83cf894ed979421fecd300bdf,2,voucher,1,30.0
255cc1a34da986dba8ba04bc67dc4d03,1,credit_card,3,217.82
019536ad39a0dea8bb75c00359a0386b,1,credit_card,6,85.57
b0f093c9a7e135bb44a1e1bd7406ba30,1,credit_card,2,165.64
84cd555d3d1f2b32fb392b1dff57a851,1,credit_card,4,44.13
7d0f5759a0eac0f20456bb8a36547bf5,1,credit_card,1,97.77
d2e15d8894685652160e7545fd304610,1,credit_card,4,110.19
21ccfd8ee777c40d2407604c5ddd2db1,1,credit_card,4,118.88
d6aac305add81d76183a41fa21e7a3e1,1,debit_card,1,37.1
880769ba72966e66d6e8e1f1152a0d36,1,credit_card,4,87.5
0f33fb71f898568a0193fcbc892cf511,1,credit_card,3,64.09
5d08d050576ab268270b7c0956c6f162,1,credit_card,1,97.14
f8571f355da1f3a55b8e264558e8e1f9,1,credit_card,10,748.89
41e296c991263f9ade5507299e38fe72,1,credit_card,10,150.87
57490284e3524fb4b1c4112fa966cbde,1,boleto,1,157.9
72440dd8694d68e0ec2dd68e3fc3cbab,1,credit_card,1,97.58
0707e2f91c707859b79e711d852150c8,1,boleto,1,52.95
194722a4c1cad67f5b368dce6edcc88a,1,credit_card,3,78.19
7d7eb2e2176ecc1a4e649624c46799fb,1,credit_card,3,1778.01
e2df710c10b3d255c51ae1fb11bfcd11,1,boleto,1,71.8
fbc12089bbd03e3a825625899c8c8f92,1,credit_card,5,105.54
b4c9708f4e37c6ac87564ef1f0efa7f3,1,boleto,1,87.66
7708348e3397bde852e5dade4c632d8e,1,voucher,1,62.68
9a29901dd783afb25b9daca2a52ae1e8,1,credit_card,1,48.27
f82a2055f59b4ccf07be7a6e9d52debd,1,credit_card,5,75.36
cc378c27f87ead12f2c154eb5fde22d2,1,credit_card,1,80.2
a3e9e5209110a0dcfe5b20b01e6a69e7,1,credit_card,9,918.16
b75ec2d4ba9e40634c65c4b6be946b6c,1,credit_card,5,598.15
68354b9bbb79df0863b0138440c9e1b1,1,credit_card,1,39.08
818996ea247803ddc123789f2bd6046b,1,boleto,1,150.89
6acf90c38bdd8b8c40950b821624787e,1,credit_card,5,152.7
4cb0286c9f5805ddd172e00cef67ecc3,1,credit_card,1,32.43
489d87d975c0d954b27ca5482aef1e91,1,boleto,1,162.9
8774dccac317f54e3e9b3c6096a9b2c6,1,credit_card,10,239.96
6d1a52060faffae010ab6d691f913b7f,1,credit_card,2,340.82
fa99f9d0ca69a5d2bc4c66f71e31918e,1,credit_card,1,68.43
65b8cbd6d0ad97befea844cc40817ccb,1,credit_card,3,79.19
2d9ea2efa410b1efd6bbd47d126819b6,1,credit_card,1,98.82
a3a0be41e7611973435cc81280f76bee,1,credit_card,1,28.77
2cb099a54d7344bfd05b445214be4e7f,1,credit_card,4,60.88
5cfc8b5d0db5dc5bc500d0fb6c986a53,1,credit_card,3,89.35
556e899478cd993a24f43d8aa8b3cf17,1,credit_card,6,107.88
e53516f14e3cc830f4afa84315707e9a,1,boleto,1,33.4
b2b86f50f1d5ec8763fc9fc6894ac6c4,1,credit_card,1,22.29
fc9a5afd96050ceb0d9f12a4f8c5d9f0,1,boleto,1,70.97
5d67cca99e80d5f9cc0cda0ce73ca3a3,1,boleto,1,104.56
7f9230d9db6715e755cc320e1a6b2436,1,credit_card,2,148.79
d80b473a1e39c2640618ae7d6e181f4d,1,credit_card,2,115.44
644fa2355020340eaa627c83e17eee27,1,credit_card,1,60.37
da81fbc27b55e0f3d2813cf2078dc780,1,credit_card,10,1755.35
d80b2f94bd1ae8c94f10c5084b1ee36a,1,credit_card,3,43.68
e7d112a19f81eb693360bd433f03625f,1,credit_card,1,90.45
2bad074d8cb50fea70e0a12bc2ee304e,1,credit_card,1,27.68
b85614e04ee9ee71f2632faf63ff3ac9,1,credit_card,1,128.64
7a0eb0a897a19d67575a24798ba26fc5,1,credit_card,1,84.02
1e73ecf14966e33e06e79c339fb3f7cd,1,credit_card,2,117.63
4ea3c6eaf3dc15ad857675322bfb6bd0,2,voucher,1,143.71
93ee5063c90357efe9aaeabb20badbf6,1,credit_card,3,49.59
6a4b06a2b62d1f2c69cf1f7a4eae074a,1,credit_card,1,46.85
d5cbbe1602100752cd72f9630321613d,2,voucher,1,219.94
fa2de0086db43d394d58f69a111f8f69,1,credit_card,5,99.52
fd26a8e314b26ecd3011f9d6ec17e7c2,1,credit_card,1,32.37
620f2b2f6cabdf0426262c47bf3a883c,1,credit_card,3,154.9
f2c12c46401363b2f37ce6200b520ebf,1,boleto,1,101.71
cefb2c1509c176244d633a5f3f38e24b,1,credit_card,2,120.18
29182856a24c6eeb1d7b81ba1fe63190,5,voucher,1,7.09
61adc85552ac2f95e8d9ce8274b3bdaf,1,credit_card,1,41.49
78cb9a560d2efd85da4adc637aab727f,1,boleto,1,1315.9
990c6c497b9bf2f36f61e2e51eb007a6,1,boleto,1,69.45
e8250a89f967d49af320330c8660a9a2,1,boleto,1,145.08
c96bb2323dfac3672b0a52e5add6b1f8,1,credit_card,1,33.23
3354a9e699cdd99dae33906e55a8ca17,1,credit_card,1,26.69
aa8e678261a5c83986ed3be5314c033d,1,credit_card,4,46.84
699b7692e65138e6874b4c6f42202974,1,credit_card,1,71.17
19367a2c7e1dce7c26afa959e0581da2,1,boleto,1,391.45
6f6926816d7f45e2ce64ae33c9faf58e,1,boleto,1,180.03
5075b9e252eb0b3f1350f282c94a82b0,1,boleto,1,71.82
ff54c442f3e9f50941a09dcf4e061e6f,1,boleto,1,149.0
67fc16d6dc881afa68e40df4c30d510a,1,boleto,1,70.16
3bc9ec33a0837981e7f5e35876723afb,1,credit_card,3,175.64
5dc6b1dfab4fc8303ea318faec36a73e,1,credit_card,4,366.19
c3a3138b83444e2e6c24b0bdd327bd30,1,credit_card,5,289.11
df8bb1c5e34a83edbd547f2fa290801c,1,credit_card,2,167.66
ed2e531820c09c6a5dd68fe295484148,1,credit_card,8,398.8
c9c52a54f8c144ef40de99a8a74a3ec6,1,credit_card,5,57.53
68fa625f02107978e969340da28d0c89,1,credit_card,10,309.41
26bfc6c6251ef7eda55f7bc7f11e9647,1,credit_card,1,264.66
9048f1cdb0bbc082cc3bdd315f052bf3,1,credit_card,1,37.29
24ceed9729a86f5e36fd61ae94183817,2,voucher,1,39.08
2c62dbd00c329b2e3310383124183d37,1,credit_card,1,100.53
7837962c3d0968b066e6e54738c2f307,1,credit_card,2,274.25
229d2824e311bf2592b6b7ce32af04a8,2,credit_card,8,437.26
6e4064c4b1df562463ea9a75839db134,1,credit_card,3,274.71
6362a7fa249232a216ff4ed1cec9f7b3,1,credit_card,3,246.26
b899a41fdae17968d357d705b073a5ce,1,credit_card,3,247.7
e30e1b2d38289d666f614ee04f5951ba,1,boleto,1,135.72
8d994041d6127d2acc8d13aad557e75f,1,credit_card,6,65.84
67054420c38f2db9d12db40e122f02b2,1,credit_card,10,116.3
8b3bda465a61f930742d256916d1d7d9,1,credit_card,1,97.29
9aab0bd41ca1b740b564ea50fd2440ed,1,credit_card,2,24.17
a50f9f0c6dc14bdf95d5621a5bd6b80b,1,credit_card,1,54.18
c0a5ad81be45e1a04365870aab5cfb4f,1,boleto,1,331.66
323bbdc2ccee2a7f26f2a66fca94e58b,1,boleto,1,28.41
e4c09ee4522daa0f32bd2e6b2f5ed048,1,credit_card,8,914.27
9c990d5aff064d220ea8962a5d97f4a9,1,credit_card,1,62.52
64c04b1fbf1d65307ee77fa046ea3b7a,1,voucher,1,108.29
6d953888a914b67350d5bc4d48f2acab,1,credit_card,2,117.62
27cd425460b501230b37206f151711a6,1,credit_card,2,56.01
e592e00712df4f05bd73ad01993c0251,1,credit_card,5,89.67
1a537f94e57acdda6cfad59696759417,1,credit_card,2,143.8
639144fceedec20fa804e47bd91dcf31,1,boleto,1,119.84
d6290a5294ee8d7eb9b6aafd583e59e3,1,credit_card,10,1118.05
08d3b6ee17b7cb32e530f4488c3f6abf,1,credit_card,5,51.56
5e092cf7a8c77ef8b4592a9c656c498f,1,credit_card,4,99.43
b7dc42271c71663ceed71350d60a5559,1,credit_card,3,65.74
24ceed9729a86f5e36fd61ae94183817,9,voucher,1,39.06
e55507dc5f963fbdb8ae1c47181974b5,1,credit_card,8,195.68
5104ff479c1b5720649c1b85b599d2ef,1,credit_card,1,76.98
626389ec53cbe508339cbc2ad3a4787b,1,credit_card,1,72.95
636f0241ddc83a3b9e37a8088167bd45,2,voucher,1,0.01
7013bcfc1c97fe719a7b5e05e61c12db,1,boleto,1,65.52
3fbba2a364f0072dbf76ad244e734258,1,credit_card,1,415.96
b9b90be72479c512c6ab9824a1ce256c,1,credit_card,3,167.09
575d8ef8d005dd6e8f39b314079973ef,1,credit_card,10,116.94
0c11df2b80d95b1eabdcdf3790bb3347,1,credit_card,10,204.34
688777dd259c99e7554f3901ff653a54,1,boleto,1,175.3
4b7bf1f7eb492ad33680ba2cb4c4ba56,1,boleto,1,131.07
ea33d2e32db7734d3c36091ea506493d,1,credit_card,2,29.33
a25b9ed9a3a53f53489c105482625129,1,credit_card,7,385.16
0c5f595f24dcb36af04ddd9c0655d4ab,1,credit_card,5,62.01
64ec5cf30ebdfb09f6c023919646545f,1,boleto,1,381.59
82905f4b411a687464762216db4424b2,1,credit_card,2,138.6
0df120be8a76db470b19ce0fbcf170da,1,credit_card,1,79.34
4cf6bc9c5e6ff30151bfb6f92f791b28,1,credit_card,3,76.79
2b4dd5231bfa1c6ad0442c5f1964044c,1,credit_card,6,60.86
a664490883c0131d7eca5cfbe6794aa0,1,boleto,1,220.08
c8c002c98c3b0b4d4136b84f76f635a8,1,credit_card,1,389.9
7969425ee9683fa972ac9783b66817fe,1,credit_card,2,49.33
40ccf6af09b0aadbf3e2710fb2f17715,1,credit_card,3,324.04
6cd30de23ae80f0c8c7439acece7ecd5,1,credit_card,1,36.59
199c544290f4c34265e9b01c137baecd,1,credit_card,1,82.68
27778e8302a1880621730425fd82fb60,1,credit_card,1,50.87
42c8c432478c96a21d6b78c5350ccd28,1,credit_card,10,420.53
4fab84dd561f10bb9c98293f34d749fa,1,credit_card,2,76.41
8bbc0e9b5ac010d6a9b8d76570cd20c4,1,credit_card,1,90.17
a767f123fcb9ebe4eea953349dfd5a81,1,credit_card,3,122.19
ff410c670cb5018a763d815c1368f405,1,credit_card,1,111.61
71ffbe37a2e7ac438c81adb916832bba,1,boleto,1,59.6
51a6c901712ba9639464fa07a52b4fa2,1,credit_card,1,23.84
6248b0a9b547366913fb67922a7a2b77,1,credit_card,1,124.84
052121d17f8eab43c577497c9b1451e2,1,credit_card,1,64.0
5487a8ac1699754d975f853ce8bb9321,1,boleto,1,187.19
fcfe2d5e04958fe97ad8a49d23e12441,1,debit_card,1,58.58
f6e89f57355aba0267e4063a2d762c90,1,debit_card,1,63.12
3a73a24fa6a0d8ffd462fb4bb62e66fc,1,credit_card,3,106.51
0a6e242b5cf18e140304453da637866b,1,boleto,1,57.63
75729cd39e546ea4083ab7f3859bb745,1,credit_card,9,149.98
761504d99664606c4c83458bc89144a2,1,credit_card,8,416.86
261e71d2349c713eafa9f3df5972b95d,1,credit_card,10,172.62
5f4c7549b7a52062dbf797ca9344bd54,1,boleto,1,137.89
4abd25ff34f0b324cadc39a6529b05c8,1,credit_card,5,164.79
111ba12ad74e09e86c3d2918f56ccd20,1,credit_card,3,172.55
09138fb3bbda7e400f9aac03c238385c,1,credit_card,4,48.04
bc6f0d20151b72e478b552a053707ec6,1,credit_card,5,600.43
b0df751c10c284b15748836ecd9b3475,1,boleto,1,350.18
480295bd3b66aeb4f624e16dc17a7412,1,credit_card,5,635.75
4a580bca631a940ffc9e25c96da01773,1,credit_card,4,112.33
6784eb6ac53d515d589b68821f86a2c8,1,credit_card,3,220.54
8f6d8ee78537f5977e5b70a12761403b,1,credit_card,7,101.33
0a56861d762ee1f82f5cdc2de2b1f71a,1,boleto,1,33.33
35484f2865463bc3be59efbdc0b218a1,1,credit_card,1,109.99
51a6c901712ba9639464fa07a52b4fa2,2,voucher,1,74.02
0bb273d0289520ad7addfc985468f5bb,1,credit_card,1,41.77
e5e1c16f3df58122b4b4c212ff8a9439,1,credit_card,1,20.73
5911ba3eb3648e7f6f55ebbed69f5daa,1,credit_card,3,65.0
b9a6c5f5df52c7226ac85aee7524c27f,1,credit_card,2,117.79
2ba1f687634de479f8b6f7c483597793,1,credit_card,3,46.69
0eb7aec5fc39bddda0c24ee5cf824415,1,boleto,1,194.29
d32fbb7b9c7d393b293c80e66091ee4b,1,credit_card,1,130.26
e7834b339f0ee60fd64151e9ca2c6376,1,boleto,1,52.18
0e94db37ea63222e95092a0f870f8e9a,1,credit_card,6,63.27
f23a4132d42810c7f591d372282ae3eb,1,credit_card,1,88.28
8747a928f786c8b31e0afb1b815886bc,1,boleto,1,73.34
b85b4d3eb7887ec7b9479e2f45362dc6,1,credit_card,1,168.29
9cf7337281a128f4f29a2f476c733601,1,credit_card,3,116.21
55298973d17a0c1dfb2281ae969a65d8,1,boleto,1,278.1
4a9a9d64ccb1bbcb0db6634dbfae10d6,1,credit_card,1,29.1
094f7614f77e85fb05c77ecb164afdc3,1,credit_card,3,34.84
334fcd4953d5e5b64f124a0ba7ecb317,1,boleto,1,66.64
4ea3c6eaf3dc15ad857675322bfb6bd0,1,credit_card,1,13.63
d6021b689d20a82e885a61d75888df6a,1,credit_card,3,255.28
457cb961f89e32569e2d9a737a65b3bb,1,credit_card,2,26.83
c1efdd2d9175b13e263d77e6ff0803ff,1,boleto,1,33.77
ade69ba18f873dc21f043783d60beeb6,1,credit_card,10,255.56
38422d02f6afe2fd7a700d046a3cabee,1,credit_card,5,294.33
17697f8b42c55a20565782a3b9c1a595,1,credit_card,8,666.04
c908311ac45b5f0fa0a2a362fdf6b233,1,credit_card,10,158.71
687827c3a3bcdf03c6956d9bbe263ed5,2,credit_card,2,48.94
4b1130720b31500948a942732f0befc1,1,boleto,1,46.76
a8fff3e04abf1de340f6a42662daa292,1,boleto,1,46.03
6bdf9b89e5c81ead45dbc0a260dfbf13,1,credit_card,5,100.03
5d389775a013b9eb8fcdab4cdc1eae1d,1,credit_card,1,34.42
8d4c637f1accf7a88a4555f02741e606,1,voucher,1,66.44
fe492b94021fc809f9fd371ca4162c51,1,credit_card,1,74.17
ed913f2f9db29736f6ef22c4446abdac,1,credit_card,2,27.38
13188f2e3cfdae1480d1552e58d19d7d,1,boleto,1,163.38
4fc3e7aadb8db1172a7c3bbb29d6295d,1,boleto,1,212.98
0733aab1e972ab531705cf45a1e77281,1,credit_card,1,76.41
2777dd73cc83e92e814ebb6126f236d4,1,credit_card,4,42.12
7abb06b108806e10304ae7d1bdf3eabd,1,boleto,1,126.54
fd4787fa8be4afcbd8ba795e775cab51,1,boleto,1,102.8
34d9e89f7b783901742e22fdbd182a59,1,credit_card,3,231.79
615138ca15a2a7fe3059d1fd8ac364e5,1,credit_card,2,116.94
4de51073bc1cd11e85fb03f29508b308,1,credit_card,2,136.6
bff91283b9a8721d0491825a37e59d89,1,credit_card,1,41.96
c13a4b8b536a4584745b7d62ef958ee7,1,credit_card,4,400.1
0ca1bac7f133e0eced641bff853f52ea,1,boleto,1,61.0
354894de6c4b417d6144c2f4a054416f,1,boleto,1,214.11
c2392e568835f3d748e67d74da04c934,1,credit_card,1,50.73
1cb9cb32b2b54f1580e375ba45d744c4,1,credit_card,1,29.77
2f6e1ce2926b6a1f5f9ea11d94b58cb0,1,credit_card,2,85.34
a88803b061dbc43656aa2d377b834e4a,1,credit_card,1,40.42
def90fc6c7d21d34a14af3d6e4d866b6,1,credit_card,2,189.51
b8e17df0f313ac216d29c0683a83b992,1,credit_card,4,118.17
43004196fdbcc54ae90a84736bb13afe,1,credit_card,18,249.7
e9bc7c86be84f95e01a59c247ddf6208,1,credit_card,1,197.58
1184c1bbcfb488132ee2bca2c07cd743,1,credit_card,5,59.87
0e2d7ec6702478f04fd7b14b55b906b0,1,boleto,1,155.84
25461ae3c4bf9bf6e41a3a163f763c8f,1,credit_card,2,64.2
c68cb1496648de6d9c8ee2e4475f8fc3,1,credit_card,1,93.95
ef2d13d781a97ea071e0ad0236e35f49,1,boleto,1,56.45
a49bb03badf724e5180699f77387a444,1,boleto,1,210.02
e22a3e8048469ea68906f666d446c25c,1,credit_card,3,160.46
c8a713dcca463bb2802f76c94667b413,1,credit_card,1,45.3
e2e9a4fe163a44a86fe306af8a9e2bcf,1,credit_card,7,110.6
d192eacb35dd2f0aa30709fe7560ee4a,1,credit_card,1,11.44
32bc89adafbfd38be0cf6931769c6a6d,1,credit_card,3,73.69
7c02295a038b0494bb117c4bb60bdcab,1,credit_card,3,33.34
57faaa762a71e0603439c7a742527524,1,credit_card,1,202.76
74c142641fc482d8aeb7e31805a9aa2b,1,boleto,1,87.48
0d56e8508b66a43c6f5141863185c917,1,boleto,1,135.13
36252698cf1f3b91960c60cb2524ae78,1,boleto,1,316.26
c2e8b417a29b392b9f49a30a868489cf,1,credit_card,2,164.79
df14bdc601f10bff4d2757a9710be81f,1,credit_card,1,37.38
29182856a24c6eeb1d7b81ba1fe63190,8,voucher,1,9.16
d46a98b33046509aec0ca7142d63b9b1,1,credit_card,4,218.08
d19868a76a0e39afe462fa942122200c,1,voucher,1,150.56
55f1a7153e4d67447465073ad9490f04,1,credit_card,10,1354.8
4cddfa3db1f20697139ba4a46c4fd399,1,credit_card,2,47.69
b9e3810153620449fc947aeb350f4d53,1,credit_card,1,117.57
67e7cace5deab160cedd95c80e6f60a8,2,voucher,1,135.1
eff7cafa6042969690223d33c833fd00,1,credit_card,1,93.82
01156b662f3f47b249b5a8881d205f08,1,credit_card,1,43.0
9b53b66ca7d27b4c0ccf5ba89af00bd0,1,credit_card,3,117.17
ba51874504000c8e2b9d439d66b6b099,1,credit_card,1,39.42
0f6ce0bef7443fbfd5076ab3abfceaa2,1,credit_card,6,369.28
1f0e3e7a13d98443333a705e4ea42148,1,boleto,1,167.64
24ceed9729a86f5e36fd61ae94183817,5,voucher,1,39.08
55e5ec213742bae19f2e36685d3aa5e9,1,credit_card,4,45.78
6730796e2413628c3e327fbc24177a44,1,credit_card,10,479.15
c0ad22fb83f1019e8abbdf1d38ffe6aa,4,voucher,1,13.45
95edd52b3452d4069b0fbc8056f01daa,1,debit_card,1,47.39
d2cbe14a29b243f01171170540ddc94d,1,credit_card,1,38.58
3c6956bf8f0e149d42761d50bf2ccb84,1,boleto,1,49.54
1dfdbd592873be9e467a641589b7595e,1,boleto,1,135.59
f84df8c0d5dd2861dd4b0939c1a9fc27,1,credit_card,1,133.18
178f859d222729f650b08c3c8417f9bb,1,credit_card,3,47.56
0a15572811e0bc23e2963de1cdf344f0,1,credit_card,1,103.13
c0364ee18a0b18e6da5e7754cf4f4e8a,1,credit_card,2,87.55
0452166f3b0d8e378179ecea1efdfe05,1,credit_card,1,71.81
9c984f2c226fb999a439fcc64c73caa2,2,voucher,1,42.74
a5d7b5b625f48f4af406a8b11bb59751,1,credit_card,6,195.0
1b34f3de23ae790473c7e4ef6ac0b1f1,1,boleto,1,81.71
b8fffd71202e7086dd751c257751b3dd,1,credit_card,3,37.24
bb95c9f509ff2da87b6015a0d9046f0f,1,boleto,1,159.1
5383435eb2b05b6f4d5be7720974fe67,1,boleto,1,672.41
1cbfc1686ec52edcda358b248aae81fd,1,credit_card,3,176.16
70b9629a764d2247cf5995014b7204d2,1,credit_card,10,298.85
f01cedbfe57601b0145a8331f8289138,1,credit_card,4,188.5
86ba74562effd10bf32402978095963c,1,credit_card,5,76.02
82b9b991770e6880a10a11c5a29da6d4,1,credit_card,1,60.0
8a8bd4a338e17ace44431e99a2add1d2,4,voucher,1,20.0
60ddc3cf31819e316702f9ede42e26c7,2,voucher,1,104.86
f8bebca5df46ac3fa480fef8376fb24b,1,boleto,1,120.09
a5e045a63fbea3842f888a42153c61e3,1,credit_card,2,21.39
063de687a6d9389fb6f6934d19d447f8,1,credit_card,1,51.9
97e91e3d9575f0a13e6c2f6a8c0bfd7b,1,debit_card,1,105.8
a430c3923f187d00e67e7fef037109d3,1,credit_card,2,112.71
75b7d764765f4cf3a5f03e7f3f35319f,1,boleto,1,24.09
377627ea55b004e8d55a2af17ba3c0e1,1,credit_card,1,207.26
9d12e7d13379e3e2a600bfccb801604b,1,boleto,1,397.3
4759dc5cd30f8e283de04872dd5446cd,1,credit_card,4,89.36
5e2c1da37a5a687a068bce41d8b56904,1,credit_card,4,242.49
7b8adf17d100cd7c851eff1f6496083a,1,credit_card,2,167.51
d95c203ba62b39ad3c3a2df8d5e7c052,1,boleto,1,38.01
52a39a74e61ffa3d8ce5db4e780ee364,1,boleto,1,51.09
e6e3ea418f0f343e88a3dc62eaf24699,1,boleto,1,60.88
cb110387675cb9e3354ff5fc1b25346f,1,boleto,1,325.47
7e50d85d90ed82feaf9011470ce9e36e,1,credit_card,1,47.06
3a97b29009aa1ec54a67fd256b762b14,1,credit_card,2,218.35
81a4a5d32cb95aad3ce81680b8634b11,1,credit_card,1,18.17
3b2d986d88e983cc12154191391193ad,1,credit_card,1,137.93
4f07b37dd214946af6cb26405ca91727,1,credit_card,1,83.25
fbbd2baf2d839f10d73c99b4642ce46b,1,credit_card,12,124.77
480000ff61d2f961973107967439a4af,1,credit_card,2,28.75
8272b63d03f5f79c56e9e4120aec44ef,1,credit_card,2,196.11
8b8e2225e5e318a19d2d7a375b56350d,1,credit_card,2,283.8
e9a0ea38c9ccce5af1c178330ebdf3b3,1,credit_card,1,71.92
e6bed0846d5d268bf1ebcf66eab19a42,1,credit_card,10,593.13
a5d3eeeb605f6e2ce95e590543148234,1,credit_card,3,170.33
f8b158fb8ab6cc090f0746a1eabd2e01,1,debit_card,1,168.88
008a40c2b8b21893e04945ce58854b55,1,credit_card,2,112.0
993628d27f2ae9981422ecb389adfa59,1,credit_card,1,117.46
abf6c7f874686f41f606c83a8e8d2a9f,1,boleto,1,18.87
410cfb42b9a36728a695fe883df04ebf,1,boleto,1,464.98
1cdbaaa0377025fdc1847dd3619f88db,1,credit_card,7,135.49
82ae4ace0b3ec2734319bd238e822c68,1,credit_card,8,126.9
904d1d3bf21a8c56e931f8ac05d284c6,1,boleto,1,164.12
08202fbf5047a2f85a0983ac291a69fb,1,credit_card,1,141.28
3d989e705eac70bfb1f4a430924f3402,1,boleto,1,318.69
ac64f79a33bfa575fc5a17e7926df3d5,1,credit_card,10,1119.6
e6179e66e05b531c6f8ad2b292717091,1,boleto,1,43.69
e0aa66d7588bc46f68bf32d34ab6562d,1,credit_card,6,170.01
bd1a75149b4f3c4c2810386211835917,1,credit_card,4,46.95
906fa2ba215b24e3888dc3f8c0950f78,1,credit_card,10,687.43
29ba75517c9ad2e541a05d0d3098dcd9,1,credit_card,3,133.58
db3d8c47002a9d03c4220a0a0bccff78,1,boleto,1,99.65
843ad442f1f401e52f43a4b176e211fa,1,boleto,1,252.69
6550f76a630f229b798ea19ef27694d9,1,credit_card,5,82.25
0b6626697a43f34edff9135fdd0a564c,1,boleto,1,29.09
7fbe250d2d22b8976024eee98fef9cef,1,credit_card,1,60.26
d5b0848c1878546fbebe673d1d679b83,1,credit_card,2,52.69
2fc4ba497db1306b9048aceaf0f7e5a9,1,boleto,1,324.34
fb520e46696d1669a96549c252ed177d,1,credit_card,1,86.18
bfff22b563631e997a4a22dd4b87abc2,1,credit_card,6,148.28
848e76f65aa5d3843c356d8a68dfa5b5,1,credit_card,5,126.33
11b6318ec732b94b5593c66ef1f37863,1,credit_card,1,32.19
5f4942fc3a59f2e62ae534f981105954,1,credit_card,1,57.48
3dd189079200a1a247bc4a01d16e7ebb,1,credit_card,1,66.03
2f609f51e21add184869268ce7e16048,1,boleto,1,46.94
4a16403a2f6d6324c545f6b70581c2c9,1,boleto,1,22.75
f01954cab76ef5d938d291d2f1d201e5,1,credit_card,4,477.13
df54015966b3fa00a42222b5a0e21348,1,credit_card,1,75.08
027ae252d37e5527c2e109e268b222e2,1,credit_card,1,68.37
99330d45c3ba6f45ad5745f6de036c5f,1,credit_card,4,217.09
f8b96fd393ba501c08394f9f84e8f077,1,credit_card,3,185.55
25d7504420f738317dcbb29f7e565976,1,credit_card,6,89.36
862cca64868df4c3a3f0058a93aef465,1,boleto,1,148.85
d274c6fec283184db0a84729351bf6cc,1,credit_card,1,40.96
a402af38a74c44926247db438245d95c,1,credit_card,5,282.25
96dd4c9c90277943c551ab185303685e,1,credit_card,8,79.97
6b71838c4be9dce33810de87c333e365,1,credit_card,1,345.18
086f617d66181efa193629791e0a9076,1,credit_card,1,111.65
69df6146503dba833ea2ae56237acd97,1,credit_card,2,161.86
4cea4082bde3d6f0846e8a5537f3eeb4,1,credit_card,5,56.78
c20880befd228c3983ddefda4f2549db,1,credit_card,1,43.54
31f49b876b40d899bdb6c403b4d2b20b,1,boleto,1,57.68
4ce0d39282d4d45834a51b1ca7fbb311,1,credit_card,1,41.83
d776b075b96169ae9e7c789eeb991435,1,boleto,1,201.18
d5d0829757e3f168a603b3c272d96fff,1,credit_card,3,72.38
e907255f506a65069535f14d89a5caaf,1,boleto,1,33.51
0d902dd22c7c40a55b0edbd70ab87fc3,1,credit_card,3,180.16
265b23c0727e5d7a2a3e36f5aac03d67,1,credit_card,4,256.22
2f63fa144638f7ade6cb643585538161,1,credit_card,1,3.09
2c5871f32e23db4f41bf1c58df2f1bee,1,credit_card,1,73.34
bb1463881b6042a9499fbcb58706b918,1,credit_card,1,188.94
82383d6d5aa835a4c02cf0c9d56895ce,1,credit_card,1,308.58
314639bc2e41647756681b0f2afdb306,1,boleto,1,154.79
07e5349fe32847b4bc266836cda0705c,1,credit_card,4,87.72
24ceed9729a86f5e36fd61ae94183817,7,voucher,1,39.08
73f48f63d3e4f1a7e909c2261194aad2,1,credit_card,8,215.06
0124e0c5bfae1979838a91e47df53f14,1,credit_card,1,62.38
c75eebf08446545f765d7cfc1ab89342,1,credit_card,1,79.14
16e38caa92e342c7780f68832f832d4d,1,credit_card,8,243.36
2ef077f0887173cd2d434c424d15fa21,1,credit_card,4,126.46
fcc46438879834c9c223c5fa0eb0ea51,1,credit_card,4,76.78
2064a88a243add2e2cc03b9c6043e616,1,boleto,1,95.99
ef18166b5f1dfc60d75435c548674981,1,credit_card,5,435.21
327fed75f27dc1aa02c6e3d33ee29ea8,1,credit_card,1,91.29
d65f26752fd6834bfb0a567b581dde3b,1,credit_card,2,78.2
c60a44d6c46309c86882ffce00a0b412,1,credit_card,7,192.96
b1d045cd447d2961b72e0d67c18f5d94,1,credit_card,3,146.44
2e823fe077401bf3d30b8a47e324571f,1,credit_card,2,34.01
99221769ebf04d97afe0f08894b75586,1,boleto,1,352.55
611f544f53c61bfeee1a6923ea8555a9,1,credit_card,1,124.0
2fcae632b06e40088d1800fc1cfc3e69,2,voucher,1,2.72
9d747ac28c9c16805493c802a6ebafff,1,boleto,1,154.36
385408894abaef5ea2b48046ca02f823,1,boleto,1,45.0
7107c5823a581db0314f8f0fa95f61e7,1,credit_card,1,84.91
403e499c55ee10e52fbf26762b33a5f3,1,credit_card,5,246.26
88435e218393c56a56752fd58b13270f,1,credit_card,2,143.02
486bce96008cea9cb14d0593189961da,2,voucher,1,120.19
04689f2d82bbf4efb4cd3300961d4211,1,credit_card,4,95.21
285b9fa3d538bc3e3391de43dd51e3c9,1,credit_card,1,842.06
2bec039adcca39ad3a2d76a949e6c99d,1,credit_card,4,329.26
1e48c52ecdb582b211ad22ae74ad2247,1,credit_card,10,517.25
ba8ffe0231b633e2aa5526e2a070b3d3,1,credit_card,6,288.19
529a18626bb2bb7907cfcb5b5f2b0e6e,1,credit_card,5,71.82
2cb2f557ab7119a8f1e9e00b7bf75547,1,boleto,1,113.53
0965b209e76b9ac20f7dc673c735ade3,1,boleto,1,137.6
8a3c2c90a94d0d385e338f5765a86292,1,credit_card,8,137.6
3f2b4c236891942b9cb9f73c490a47b8,1,credit_card,6,62.96
f2d47fbf55381cc42d5a3a8afc7f060a,1,credit_card,8,188.39
7219bbc67d036600cbc65e84abfd581a,1,credit_card,8,210.85
8afa2e5e1db419ca84b2ec548bcfa4fd,1,credit_card,1,45.36
0fcb1b4cfdb2f127f9ae4d732352dfc7,1,boleto,1,43.6
582e0dbdbf89bc46dbcc5c34ff60745a,1,boleto,1,21.04
908c02868bb2a9b847e64b23139137e5,1,credit_card,5,149.0
1550ad5373660bdeb5c52239b456396e,2,voucher,1,138.63
4f3ca5ff0917ab7f5c33e83a98ca7a83,1,credit_card,1,87.64
b9e2b866cb381ea49beee36e3baaa76e,1,credit_card,3,129.66
c72e93d7e98b14432271347cec69043b,1,credit_card,1,34.51
36f3f1d96022b41043bf6db3266453cd,1,credit_card,10,195.18
b07d2a68cc3e97e707eb42d213983c66,1,credit_card,4,49.57
0611e51b65ca1c2274c5a2463141dcb6,1,credit_card,9,466.81
21c9855588b3946347dcaa1f159edcd8,1,credit_card,2,21.78
be8e82214fcaada34c6b645f54e20737,1,boleto,1,44.09
25329aedc3217909f194254caa1e2bb1,1,credit_card,2,61.23
07083f97580544bb7ba3372759150f49,1,credit_card,2,35.81
77080c3a1b97bb0908c2dc6c3941c1a6,1,credit_card,1,69.97
f0b2da40b961baf662d31db42b3964e3,1,credit_card,1,201.65
1f1d34c2ba3f3ae5f852175df49f079c,1,credit_card,8,120.64
2ffb8e2050ae93716f72226de572ab0d,1,credit_card,3,203.04
e5e1c16f3df58122b4b4c212ff8a9439,2,voucher,1,94.62
233f0d86db908dbeb6c2ae5675b31e71,1,credit_card,1,60.0
535c025843acd3d8c280a3b32f77a1f9,1,boleto,1,75.78
7c7dc1f3affc0d38b97ea22a8aeedb82,1,credit_card,3,68.35
a48091d43904feab22b133cf47e96816,1,credit_card,4,454.97
9857b6e0079dc9b6081c5d1e2ad75b48,1,credit_card,3,162.62
ed7cabc96de8c36774b894e98aa73dc2,1,credit_card,1,23.42
82a6ea37c0c3ed2f6fe3a6029adbc589,1,credit_card,3,36.96
f8d1bd3e890e8a6792efb7acfc9a4853,1,boleto,1,147.69
3ef6bcdda6193f8657168ba7e8b3e948,1,credit_card,2,217.96
59dccb56096ce22662c9a3f2f2312f39,1,boleto,1,97.51
1cc4e549e16c732db4d9228fce789407,1,credit_card,6,131.55
a6f118bcb8721211afbb36e4a1e63610,1,credit_card,5,212.32
a59fb8ccaa86ed1735609ef562f2c6e7,1,credit_card,4,254.02
7e68991a1a850b61d2a20fd75f462397,1,credit_card,2,63.22
24ceed9729a86f5e36fd61ae94183817,3,voucher,1,39.08
ae375d6b88c37582455ff3a2b83462d4,1,credit_card,1,48.13
b7775ddf9a56a4bbabff3e2e84c08b07,1,credit_card,3,340.99
6367e1839d93eed7f1f74c9fe5daecfb,1,boleto,1,57.89
5cafde3fdf1a583c0a5d7fdc7b526ad1,1,boleto,1,58.7
f6089c47bab18faae3d90c64cfb08481,1,credit_card,8,127.5
aa12a07df2b43bc0d2e8ebebd7271879,1,credit_card,2,64.13
b62490833ad4da4f0f696c9358737651,1,boleto,1,90.73
3f0541d009d20e9a244f3bb2ebf07f8f,1,credit_card,5,71.14
88d55d6258872b31bf45ce51a6675c2b,1,credit_card,8,168.95
87a0cbc974ca0e017a65daacd3b3e2d6,1,credit_card,3,37.72
a52e6fa2d7c6ecaf73ff5f7f10438339,1,credit_card,10,233.97
8b9842ff7795d2b3af1e7221299fe6f8,1,debit_card,1,97.38
7deb5565bced95f67ceac6f5dc57d4f4,1,debit_card,1,20.55
4eeecb9e657525024b9b538730c5f974,1,credit_card,3,31.22
413648037e02e5c759e67071c61b2fcf,1,credit_card,2,123.54
c4ed5db53397cdd0f24bb4ba48f769f8,1,credit_card,2,23.27
c566fd2719c6f9e102a841c474cb490c,1,credit_card,5,142.08
c0c7bd9b0f4864ea4d1e2671ce38bff8,1,boleto,1,44.0
60902f64bb98d5d9911ee0c48ad5008b,1,credit_card,1,103.06
30b2ad103e6982881929c367f930ab29,1,credit_card,6,697.36
d13f0023cb08bf6e41a2479ca897f64c,1,credit_card,10,342.07
f64d3fcec2473409b404374ea0ce4ded,1,credit_card,4,94.44
67796eabcf10419c4abd84d49a3ecd59,1,credit_card,1,115.33
32339685fefe9062d33175a4bc12d555,1,credit_card,1,43.86
3da82f366802e4512789763543d67ee2,1,credit_card,12,283.93
987e9593668be10f799158973ca6fb87,1,credit_card,1,47.38
0cc7bb57999d251da473822051388086,1,credit_card,1,52.57
d1574473ad1d4a427f66f0d1d6bf7985,1,credit_card,1,397.13
33ab2dc79c51648bd7787cdf4d64f656,1,credit_card,5,233.04
2e87d5b27ba52796b2b5250002426561,1,credit_card,5,54.13
410ca45d84f47d06fba1e4476a10b392,1,credit_card,8,907.8
6fd39a1adde54d0a5e6fe5ddc6c8784a,1,credit_card,8,215.27
26c032093452825fab1ef0adcde581ac,1,credit_card,2,128.54
63bb3cc42964994be6481295c706c8f4,1,credit_card,1,35.09
bbeabf588cfd1094a645e92fcf277020,1,credit_card,2,188.34
dc15d43ae100ecc5bac78d9e974af643,1,credit_card,5,52.85
819adcd651eaa6b9ce751285bfb7e85d,1,credit_card,1,397.53
6a0a8bfbbe700284feb0845d95e0867f,1,credit_card,5,101.74
db7a9e1d2cbac54cc7ead44f1ae8535c,1,credit_card,3,192.98
65a9d3006386a380f4b594577a01cef0,1,credit_card,8,431.28
b4d6bee8b34f0daf1309fc764051cce5,1,credit_card,2,224.9
360d1b0085f85a626f77b5fe558e8ae8,1,credit_card,1,85.58
b0c04ea907df18b10625b845cb6ddc10,1,credit_card,6,60.42
b38103e665600114e3155ab60ee0ef70,1,credit_card,4,48.3
707ce3d3698a90d1ab9d9c2dc47223c2,1,credit_card,2,128.85
a8aa2cd070eeac7e4368cae3d8222e2b,1,credit_card,3,229.63
e21965e5414f7e165a71649e68030100,1,credit_card,1,40.42
2f63fa144638f7ade6cb643585538161,2,voucher,1,108.64
25348d7abfa3893731e3836aab2f6a6c,1,credit_card,8,713.55
c37cb17f3802e061e745a83732cb1503,1,credit_card,8,277.02
8d7e1e66103b85e9ab12cb65dafdf0e3,1,credit_card,6,187.47
6423db30ee1e8cbd5d066f414bde1a0e,1,credit_card,2,136.75
85841af0d94e5d0cd3a9c0e42e565b74,1,credit_card,1,38.36
e9df66519c360c741bedc488149685e9,1,boleto,1,314.57
bbe5ef975154a7473c4c595fa3385edc,1,credit_card,1,11.74
44699b6718b35247c4ae1e798d0ec533,1,credit_card,1,117.38
deaa5978bbef127b0a9c68e6a7f4c1e3,1,credit_card,4,47.69
a61bafa3b59313a79ecd7be1ca2a2477,1,credit_card,6,277.08
403fee786bf2a91a88cb6bb0ac68d07f,1,boleto,1,183.9
64b5f5bed476f1c9f84b2fddb945ca48,1,credit_card,8,83.15
1c9ac08a8e474b38e9231382778f7eb9,1,credit_card,8,86.15
33c1911ef3652a03c6cb098b9399b1d3,1,credit_card,3,98.35
7068aef0fc98a8ad539101be36ca41cd,1,boleto,1,101.84
c208742c454c4a949a6126eade1d2ef0,1,credit_card,1,176.08
76d3da933ea02dff5b27a64415350c37,1,boleto,1,107.78
2e39e94b6b5f7944f872ba6bf39b758b,1,credit_card,1,60.78
4a15263dd8da51ee9b6c6ed9fa843ee9,1,credit_card,2,126.24
f26fa27bb0f1337c570d70e32fc2e413,2,voucher,1,15.21
742b5d98b8903f6f6a0af740ddd60f2c,1,credit_card,1,30.81
d7f6ace2a350940d10999a89ceb44d72,1,credit_card,1,94.84
8fa4c1bf3c1b27d1349e2aa934aed53f,1,credit_card,6,181.66
a4b276bd4a9eba543ec90cdf29a67308,1,credit_card,3,79.24
5bb8d2fbca419676d395687e28f5263b,1,boleto,1,87.38
27d38402a9bf35d21de2f99946b1c1ae,1,voucher,1,27.86
8fe67bda0dbc9ae5101d62f494f74e1d,1,credit_card,4,141.86
403a0fd88d423ef5d91893e2787c806f,1,credit_card,3,106.9
99316aecfb3e31190e43714f7643a49b,1,credit_card,1,52.78
95de62498e177002f6ef1949e2e788ea,1,credit_card,1,54.11
841f22552ef7bc21e205df35283025c4,1,credit_card,2,173.74
93e66102f38a99ee0f9f24af6d0ce1d8,1,credit_card,4,184.77
c0452c14e00c9d8c3f5f30c189382329,2,voucher,1,42.17
7321b3d6dabc180e041d57f60a5b838c,1,credit_card,4,45.9
4db4d9eaf5fb240987ed4148caf900b9,1,credit_card,1,36.28
87de7ee4012989d6126fe09989746eaf,1,credit_card,1,9.83
8d1c5a867cd01e45e5fc57dddd896f00,1,voucher,1,79.64
9d42a1c81eb3b04c83752029d1bb93fe,1,credit_card,1,37.09
f6806cb575dffe2dd24873502bc0b413,1,credit_card,2,160.8
84c6aab1664b33eb5607e118dc4bced8,2,voucher,1,0.92
6b751a27edaaa33537b2e893d7fd18ce,1,debit_card,1,45.0
5d1aca6ae03324b5398c241b3b402be7,1,credit_card,2,61.14
f25f425c1627a369f769d91d56c3da67,1,credit_card,6,278.86
54b1718c17cfa59d1f51cba8c755ed98,1,credit_card,1,40.09
2094b975f1178cef2cf51c4e73ff0e94,1,credit_card,2,104.73
c45686ed86426af3f7be41420b6020ea,1,credit_card,5,162.55
6046bc15c899ee2dd06d1a235f9f61c9,1,credit_card,2,83.41
8a5b38ec15fb5bb88a060a17587a2590,1,voucher,1,36.24
24ceed9729a86f5e36fd61ae94183817,6,voucher,1,39.08
7c1336779536fdd545a35df012e0ed5e,1,credit_card,2,146.0
5f71bc83356f39cf9e9b8004f39a989a,1,boleto,1,241.73
be82634d36d47e922d16c1dc2c0291c4,1,credit_card,2,69.25
f849f319243bc7755c4fa9ccdb35eea7,1,credit_card,3,96.19
a1b804216bd2104b89826d9c884a06aa,1,credit_card,2,24.0
968daeb20a9a0e6c8433cad2c886756a,1,boleto,1,71.14
f340f140ae72544b6df944a32ccba7c0,1,credit_card,1,130.0
d401e4eb313c624cb7c140e43e38192e,1,credit_card,2,45.0
c09dc7da8af0513857f422dcf06a46ae,1,boleto,1,372.06
f9ba4a7646e78ee867081f9a098c3290,2,voucher,1,50.0
ecfb623451269ac76a1469faf66dad27,1,credit_card,5,57.13
c9ff04aa260f20f8b69d7a6dce2327c7,1,boleto,1,41.29
27d59d6c52a0d2dbb8e2ea86ff71f962,1,credit_card,2,118.35
b23f8178f3b6555a78a4ad844ed11c57,1,boleto,1,188.51
9682a979182968d8d0b1a356f8bb330e,1,credit_card,3,72.39
8dbd319d233611ca45b64cc56eac5e34,1,credit_card,6,100.33
81756fe1903a10b2a5fbb3d843382cf0,1,credit_card,1,77.57
2783cfcf916c2cef168f19a7a2e45e45,1,credit_card,5,75.68
d463e4364316dbd023b1db62f1117693,1,credit_card,4,215.25
b5b0356c157cc9bfa4ec67e43d7abc09,1,credit_card,1,36.55
de2c49d97356fa0fdc461064e86fe8f4,1,credit_card,1,69.49
23fd789ce06f3c54f212b3b9d358579f,1,credit_card,2,166.29
e6190dea235662449d160357e46eaec8,1,credit_card,2,89.88
5b585b8178b9e47c6d423e0e79f415af,1,credit_card,1,44.09
6bfefd597dae9bcdc38e087a154ab6e5,1,credit_card,1,51.9
57ec43facf6675a86b249b5c44867350,1,boleto,1,58.22
47bc2fbe3e9b64a723dd530a4f1612b8,1,credit_card,7,74.35
b68a52eb0d8bcd5f784a5f95b98a6cf6,1,credit_card,1,132.27
2282f08c7a3e5bc3e7b84bb444d6e1e6,1,credit_card,1,46.22
3598d5876c343ad3d9699be24dc09b8a,1,credit_card,1,64.32
3d5857f4fdb1061d247dea2544782580,1,credit_card,3,349.57
1b90587d2255b7eb1dcc4d2c7eba1c54,1,boleto,1,28.09
0f9d568730bf125dbbfed4fc655ff91a,1,credit_card,10,284.71
0fe8b4edfb85dd0eb662345e71b30378,1,credit_card,1,56.01
5add03213ad417aab3988852ea890572,1,credit_card,3,96.8
6228b5ff5e2a9f1cc96101d4c6c08d10,1,credit_card,2,52.59
04ca915235b56ef2ce81703cdaa6a24b,1,credit_card,2,113.42
d367a93b215e8828942054fc3799c834,2,voucher,1,122.82
06a6627d9cc91a04e9d146bf65fee0a2,1,credit_card,1,113.62
3d76808da6242e8c7476a606fb6b5935,1,boleto,1,41.62
1fb42df5f777c1b9bf5790d888e15075,1,boleto,1,153.1
fd732412d4727a9a7e0d6231b2ca11ed,1,credit_card,2,45.69
d5cdc053cdfd98fad4a2330ff501852e,1,credit_card,4,102.03
9a9c8bac5de91ca285c8224b5abd58ae,1,credit_card,1,38.01
65a922b4c66d6c7389088e16d37a85e9,1,credit_card,1,54.1
1c5072c286f0b04c4cbd03de8af6136d,1,credit_card,3,134.38
ff1a5ab32e4131d647fa856bee2d4ff5,1,credit_card,10,302.66
f9d6e4f177c33d17573279292f1473e4,1,credit_card,3,149.69
73a12daa7a024fd6a3895ffcb1fc99cb,2,voucher,1,80.01
b0b55c59d28b64d3b611cb034eb9f1e6,1,credit_card,2,150.09
6b654c2dc2e7c610cb22c325fb723057,1,credit_card,4,46.87
779078ac80552fa400b11c285d16e4fa,1,credit_card,10,293.4
115cf7c242febcbed832ad6d631db40e,1,boleto,1,55.94
19cfcf45fc399af9d3e9d1d98638997b,1,credit_card,10,121.09
4f12293458fe42108080bd8c3da6a500,1,credit_card,1,53.95
13cde3630a835cffb389eee14cbc0e1a,1,credit_card,2,69.85
f1a82d00303b9e9a5863f0eb32ed07ac,1,credit_card,1,80.1
b8d5cd6eb84d7b61c5c77ac4cb0b90b4,2,voucher,1,20.0
73a1b2c642b36dc0c5930e4b654ce46f,1,boleto,1,111.42
7af014956ed06246005b5e0740fd891c,1,credit_card,4,149.69
41e26896c2835821f7622124a8ebf047,1,credit_card,5,127.6
4d1520659b160e48900f017af350bfb1,1,credit_card,2,125.98
7c363fbfb4e41c26246ea6097cd275bf,1,credit_card,4,231.55
ba8ebbd4a50913dea058ff7695922d95,1,credit_card,2,203.67
9205fa5e239eb69fa652c044d52f7c0c,1,credit_card,2,64.13
7a255b67322e2c359d3ed389b9f4695c,1,credit_card,1,70.97
af7b1f7080ed76cd6d266c0ce5a13044,1,boleto,1,46.89
88c588c116fd06fb8e48dd83af88ec4a,1,credit_card,1,1.74
c487fa98ecd15cd13d1467d49ec6af47,1,boleto,1,282.82
628c4dc07e38c6a4309d58e8a42e2f27,2,voucher,1,100.0
2f5112688e80d5d79344cac900d6bd0b,1,credit_card,4,48.3
cb1529a953c6df155505c4e2863b3b10,1,voucher,1,150.5
cacc1fb58a377d93574c303d6c901986,1,credit_card,1,36.35
8b761bca5ade41b47694b0225c668b75,1,credit_card,2,92.57
6eeedb3e16d8072305be02562c253602,1,credit_card,2,114.79
cfd5d5311ae38742b4ecdbcf4c3662a7,1,credit_card,10,839.28
06c07d5b2696b9631375e2877c955b3b,1,credit_card,2,132.08
2147876cd801aed5f273ba360d0960ac,1,boleto,1,33.51
1853610c46a77ba436f5e06e16ec8302,1,credit_card,3,74.97
a2b01f72ab3f4fc8831837432d5a0117,1,credit_card,2,150.26
e4b6df3eb118302bd304c9d02ca19afd,1,voucher,1,828.32
b115422b830bf2840fccf6f0d6678ab2,1,credit_card,2,80.38
f08e7cbe4ee33176122952f10c7128b6,1,credit_card,1,105.16
b042196844fac663617a8534823b6720,1,credit_card,1,84.36
1b0e1058a094f333948edf16f4248323,1,credit_card,1,39.42
1fba572d64e0fa6d6bbfdd06b5704e6c,1,credit_card,1,76.66
7bba6be8b33b014bb9523db5f992d070,1,credit_card,1,117.94
02680f764ca402aabbb86572ed2731ef,1,credit_card,9,185.89
4f2dc4a949823819bfc75b784fb32686,1,boleto,1,51.56
cf8152b6a51ad306ad09a2d253c8133c,1,credit_card,2,50.93
45776460b7ff952460b7e9d32c28bd9b,2,voucher,1,54.09
427bdcc4eb03caf53fde12f57a84d443,1,credit_card,2,144.63
d5fdd830fd27ad1acd2e9b17c08e6e92,1,boleto,1,100.62
fdab24bf4e3d761c7072e39c69308da3,1,credit_card,8,673.2
5446ddcc7951680ce606991e1d953e6d,1,credit_card,1,217.64
0a03f10c3075f5566e5cdbef7c487e14,1,credit_card,1,28.75
1b27565cc48efbd53ada61fe61bb9c2a,1,credit_card,1,77.57
269c345570f1003630764953f56f6abd,1,credit_card,4,478.9
c9db1bfe07af2c4724a461a704c1ec67,1,credit_card,1,43.41
b981e23277787bf0b0f6055ee85a22ac,1,voucher,1,25.09
0eb43791d78d71f1098d5cb2b46e4c7b,1,credit_card,3,263.1
f25f425c1627a369f769d91d56c3da67,2,voucher,1,111.91
8c81595257edb72a9b20d995eaae0319,1,credit_card,3,148.28
19aeea45917083f03541b7d11afc8e2b,1,credit_card,8,132.6
291db83cebe0c7179310b62e0a7e2714,1,credit_card,3,149.86
ef22b86bfc7dd92a0221c7870bd18089,1,credit_card,5,115.5
2a677120e5ddca4e25eea9768d3a67fe,1,credit_card,3,169.01
573cdc3b8d7f43d865aba5fbbc888802,1,credit_card,3,153.14
89fda551a6bc59c3a9d868a580cc6ca6,1,credit_card,1,128.31
2430b57b60423269e56d188b55d8eec7,1,credit_card,1,119.39
9e711ba681b09da30750ac0fe7a0cc3b,1,boleto,1,46.69
3c54c8962d6cafc1d74f293b4f025483,1,credit_card,1,85.24
7a5ff6680378afabf6b6a1e75bff8b8c,1,credit_card,3,88.37
7c927a3dfb1af7e87c6a262fc4b0a8fd,1,boleto,1,96.65
374d4811c6f3657ec62ffec582801ccd,1,credit_card,1,69.54
7cfa85c7c53799aa2c849044711e9256,1,credit_card,3,922.84
d5cb12269711bd1eaf7eed8fd32a7c95,1,credit_card,4,42.78
712c3c76ddb4bc5fc94f6643096cb289,1,credit_card,1,31.24
91c4a93764c64f05b6548ef057e6d3e5,1,credit_card,5,199.2
0149c597dcc0963d7315f904495b631c,1,credit_card,3,37.88
1e9a53e194e98b64434abc52aeedae1e,1,credit_card,3,169.23
c6be81e3c1e9e15e5893e19d7ce49647,1,boleto,1,63.01
5b663e8f6d7d1dd5c03c9fb203cb50ff,1,boleto,1,148.2
de5a3a2e05f3b46629d00ae9b9422973,1,boleto,1,41.84
ff85c3e4329457e83cb474799a257ccc,1,credit_card,4,916.5
ac509c21fa5c6600dd4b07e524fd5526,1,credit_card,2,150.63
a0bd30e5d025046a3a4bc67e02ca6a3a,1,boleto,1,33.37
e44411a5a41caaf23d52f1600d31d888,1,voucher,1,17.38
bb903af0ad020f23de12114a1c74a2aa,1,credit_card,4,41.75
95f9d289eb0d1034066dbe1638e696f7,1,credit_card,1,47.68
8c5c95d76d1bd802cde533288848d786,1,credit_card,7,71.04
156164b0c009c68c766b1ce1213cee18,1,credit_card,10,313.5
ff14a3e36b78f407a4e8402572e4edfe,1,credit_card,6,419.84
6699d7eb202a80ad0dd024134fe5ed60,1,credit_card,1,36.69
4ed3b57567c08a15c71665d759230b6f,1,credit_card,3,73.15
64cb5db87de3dcce6f274e1e690c32ab,1,credit_card,1,229.98
e6d3b5b66f40a99ac01da49f4c543e36,1,credit_card,1,95.43
1ae35fdd1e36d167c790179f16cad2e0,1,credit_card,1,73.32
366446679f4ddbffb2d8934f1abef1f8,1,credit_card,1,267.38
b08e6e87102def921faf1a611d09031e,1,credit_card,4,828.04
7033745709b7cf1bac7d2533663592de,1,credit_card,4,111.51
02e8498a91ec0e72dfaff47b27c805a3,1,boleto,1,102.74
53b48de8c162b1a00ace27c3c0a9b148,1,credit_card,1,40.17
dea87e82c0c86203867522c013b7743b,1,credit_card,8,137.99
f00c74caaa25430b1fa361c158e8996a,1,credit_card,3,162.29
c6404ad1d7ca9a20609c6a3179e06293,1,credit_card,4,67.83
7b9f5e24a87d548effb470329e3705ea,1,boleto,1,87.71
277652d641a561b871127afe3f44b952,1,credit_card,1,40.12
b9f5ca0dd8ac07db0b02705dc2be4d21,1,credit_card,8,218.84
5494d7febdfd2f93ebdb691782d56f02,1,boleto,1,214.13
35774167bb17537229f8ffb6e662981c,1,credit_card,1,58.36
f7d0eb24b92b2024fc86a38400664675,1,credit_card,3,125.52
9371a323185fe5bc627ed3065bf2fcd8,1,boleto,1,156.38
04c3465b312fdf85de8e4cf4dc186600,2,voucher,1,14.28
896b228e1623e6b8f20f2b3782750d48,1,credit_card,2,36.96
078012a290408a687e5802ac7ad6c0aa,1,credit_card,3,141.63
662bf5e7e6b6350fd9e93fb5793f5c98,1,credit_card,2,125.94
faee84a4283f8d770ea390010415ad05,1,credit_card,6,99.75
12281975d2de5af133e549f49a1b9093,1,boleto,1,115.45
73b72b64fe9ceac200edede7e53ab012,1,credit_card,1,32.65
7645406942825a748f5db38c177b0a5e,1,credit_card,10,122.4
fe2f8677aaa66d2344481c0925170245,1,credit_card,1,117.97
1dc15f1603f062d0d4b587b55dea3006,1,credit_card,6,639.98
3ccf90ae3753b3d692dd5f400621502e,1,credit_card,2,71.34
62a4fdf762d5c41efd4bb2418f236e9f,1,credit_card,2,138.84
f29282bc8841ae8bcb88e357e9a32c57,1,credit_card,3,111.43
994138db2313a294b3d23c7cf6ee7389,1,credit_card,4,292.72
3464de846f6595e07bdee9f5a234743c,1,credit_card,10,166.59
3b1bf20520476dc7b150dd52f521e525,1,boleto,1,70.04
4fa373aa126aea437de1bdab7e3f4179,1,boleto,1,186.92
f9ba4a7646e78ee867081f9a098c3290,1,credit_card,1,68.35
51879b7474407f56048b6c36cc3e263c,1,credit_card,10,222.87
af9590febcbcb2c619ddf09330abc567,1,boleto,1,147.06
f5f810c2e855e43855a29906c1cfcfde,1,credit_card,5,162.03
e5896b4982934748a02e2d3d889fd1e1,1,boleto,1,132.17
f0dbbeed3a0b658b884893bcdde5e4d4,1,credit_card,2,166.29
cb61ea5ecf3a762ee7460dc23d50fffd,1,credit_card,1,44.08
c7b0be5584c50efa8a9d95d3eecbece3,1,boleto,1,1826.07
3eb08a4c95b522bed075ec059ad858ab,1,credit_card,3,224.51
8c2f915441bbfbd7a7b3ace56058f799,1,credit_card,2,238.1
c557060689aaaae43b1c0369e2a1e221,1,credit_card,6,72.76
1389d3b1fab26d87e40c382d11a8ac3c,1,credit_card,1,15.26
e0e1cc569a1f7a8ddb27bf2c4168e479,1,boleto,1,100.77
5b649740381032adc79831802d8d221a,1,boleto,1,251.24
a103e6ad2ad56584ee8e0400083938cb,1,credit_card,1,30.77
38c61d1bbf5143a8c347ebaa490e234b,2,voucher,1,25.0
e58ed0440e44bc5b5e5cba33106e3f66,1,credit_card,1,57.77
ced669a0f18cc433701f1011449b80fe,1,boleto,1,42.51
dcfe9b5776f30f14bdb7c5505d269c08,1,credit_card,3,77.25
a3e5028ece0876f0a632152e9a66ff0c,1,credit_card,3,31.29
794651af98ca9412aa91961e14c0a796,1,boleto,1,35.0
01235dc626dcf13283207ba7f36a959a,1,boleto,1,66.86
c736eebe212e3065b4ca629fb98389f8,1,credit_card,2,79.63
f247ddbea2a3d9e88b688d08f946db4c,1,credit_card,1,28.75
19dc396137b147d804b74b9e5bbb9875,1,boleto,1,35.0
c9af5ac1e116ade464741593ef70e986,1,credit_card,4,524.48
8304f049f874798b19276d475a0b1851,1,credit_card,1,27.75
45060534aef780077c10103b60fe71c4,1,credit_card,8,119.27
ffea79d8c5fecc22cbff0c54eda9b65c,1,boleto,1,69.59
ccacf38d836bb451f51a555780ea425c,1,credit_card,2,166.29
50e8eff30cc85b5bf993d52785bc082a,1,credit_card,4,139.29
a6ea59851ffee8cb73761179fc7bcb6c,1,credit_card,1,13.62
1498b25563986950783a674b05e9a526,1,boleto,1,168.2
67e5eba68c1f19de1a6cb6dd510deaa7,1,credit_card,1,27.74
65272dc3f6aee70b17f962df52f16f73,1,credit_card,1,83.73
aba17b8bf8ad8249a87ff4c21a5569b9,1,credit_card,2,99.7
e12019a9afee02a4355f3629cc804f9e,1,credit_card,3,51.13
2ef02afb7f805f2864894d1477e29443,1,credit_card,1,65.5
1f3c0a87c88ece858b2f766ae1952dc2,1,boleto,1,77.57
5b5ca75222f3aeb5ae3b27547d4d8792,1,credit_card,4,41.64
9c9036dccc18ec72597a1abafc18d3b4,1,credit_card,1,116.96
c7af2f59ff42f4410a1739111dbea489,1,credit_card,3,90.28
cfcef16acd7d85fcc9bc9bae5166f845,1,credit_card,8,161.72
d8c441318d48082352e8592142db807c,1,credit_card,1,108.52
ef30a80a52425b419de68e25624a8a9e,1,credit_card,10,112.19
9e1cc8d31c00bfb769e00998a4b665c9,1,boleto,1,615.11
ea1857c97012fbeb3b4babd5892ebc7a,1,credit_card,7,170.29
c23296e1255abac91cb3a637f4f084e3,1,boleto,1,479.64
4568bd0a9ecf831c2b27743ccf0f2015,1,credit_card,4,395.5
9c984f2c226fb999a439fcc64c73caa2,1,credit_card,1,25.69
aac103aa82ea3fbc312b34cbc349859f,1,credit_card,1,34.03
9d57e7a9c3dae94772187f73e97d9854,1,credit_card,1,83.07
1e8653b2cbcdd39e513300acd653dd60,1,boleto,1,146.84
86bf07c0a6d01d38dd8ecd1a1b68d139,1,credit_card,1,66.78
8a8bd4a338e17ace44431e99a2add1d2,1,voucher,1,20.0
9c64b3536fb98572dd79bdaaab529f2f,1,credit_card,3,368.04
465b896aa34a4d4f8c359165ee6f066c,1,credit_card,1,21.43
64d02f4ae7e52cc423b0b8790e8760d3,1,credit_card,1,54.22
3fddb37d99af3ae9c36dc26f4edb3afe,1,credit_card,2,87.64
9409061640fce9127ff7a2ee181a54dd,1,credit_card,10,159.21
d00c0296f63ccdcf9062c425887095e6,1,credit_card,1,45.8
44259226d73d340f929777553ecf199b,1,credit_card,5,322.17
2dd14275918584fb2a28d4a4300d01e0,1,credit_card,2,54.69
38ac62af1b354671501c9bbfc55bf187,1,boleto,1,286.88
d183fc49f91a7ab7a5450ffc7057a6ff,1,credit_card,1,113.62
bd6a4be98625711812fdabccdcdff8ca,1,credit_card,2,112.83
acfd491b37f7671bf93d9abc2c1ba7af,1,credit_card,1,66.81
5873a59a3969d04a260ce297ee1b3ce3,1,credit_card,2,85.12
d61fb054800247ebeef5200e8bf9c9bd,1,credit_card,6,138.06
00f1bb0af030935db1745ee28367ea26,1,credit_card,7,288.88
4146f35ac7a7ef4e39fe344e563c1e3b,1,credit_card,3,141.4
9ede3a76d22fdfce4d6be1e75ab3e1a5,1,credit_card,3,380.66
55ef1695189508c09b58080d53d2b32e,1,credit_card,7,621.29
cb740e05716c376f1e99f0509fad75c7,1,credit_card,6,233.93
6c682aa3032d2639e12a64b3c2a907b7,1,credit_card,1,107.0
0d3e289cfc790ac7f02c3445a077d569,1,credit_card,4,236.0
68be1c52f0c662cedbe21ca137ca77fe,1,credit_card,1,62.05
ec34503555e993a9e7e2272b563d416c,1,credit_card,4,143.46
96c2e97254411b014e9c6497388ae8bb,1,credit_card,5,76.51
fc8b5696b23d0710ae737ff9c16f80ea,1,credit_card,1,98.56
ccf9f826a9a2889f396bc19425443c9c,1,boleto,1,67.24
ca2f0670d0d753e332c0ae97f466c9b0,1,boleto,1,124.4
17b64a39e956f1ff14d42a2f76a37305,1,credit_card,2,371.19
3f2467ae6b5a92494a59e95de0d79ba8,1,boleto,1,28.46
ccefed81ada949952e76166b19f2b723,1,credit_card,6,113.82
bbcd8e46520fed222134c829d40f79a6,1,boleto,1,32.66
8a2914855b65c59992d45f1b611388ea,1,credit_card,1,40.0
afc1b46f2cb4b3f0d3432cae0af0ea75,1,credit_card,7,81.15
9aff2e622002df9b94eb9255485fec96,1,credit_card,4,199.15
0724cc371750e7fdfe769d2a8bdd5b92,1,credit_card,4,184.95
b574f97b093ad4bc022f420344327e12,1,credit_card,10,107.78
56aa3b6b2c30314ee80914fea9543573,1,credit_card,4,44.0
29e2ad0dc7d3e40270b43dae7133c30b,1,credit_card,1,83.16
bbcbe43eab7a6c93f7f05992378953d3,1,credit_card,1,75.07
317c2c773295f70b67e5511ccd55f81c,1,credit_card,3,172.52
bab2b00c7dda561a8e77047d346f36cc,1,boleto,1,251.54
b48959225675859f01913fbd8cb4abe6,1,credit_card,2,208.55
11a6156f787eb963fb211db50db44d99,1,credit_card,10,1843.85
a1e339ab5b57754551c63176e6d98528,1,credit_card,10,243.51
9d8eb4197962f028d0a0f9caa37f0402,1,credit_card,3,72.71
c0064eb733991511a78ddc2fdba0effe,1,credit_card,2,59.0
797cbe6650a540e0515a523152c7f868,1,boleto,1,237.36
378895a1dc15cc571051e1b1c2e0c27d,1,credit_card,7,343.12
acf6e912a8db79e50ddd2fe14628e89c,1,credit_card,1,47.02
849e77f9701faf689705a0eb09003764,1,credit_card,1,77.75
8fabd912f4e4dd0372ada8ca6633a738,1,credit_card,1,36.22
9b045cde06f6adb6f6187e2119c89869,1,credit_card,3,381.53
132ab6f8e1c86c21b064ee8832129bb1,1,boleto,1,193.98
aa253701e17f4db9147a15539bcacfd2,1,credit_card,1,34.79
43bf8ef114cb9b805735d15447abbc94,1,credit_card,8,237.58
b811c8ca07716586e80c0bc4f2a6e39f,1,credit_card,1,69.9
c00634be8f1613b3019605c2cc96d06b,1,credit_card,1,210.61
227881fdf69e55ab7906b7a818dd5e39,1,credit_card,1,46.18
4754d7bc057483f912a675e072cd7437,1,credit_card,3,225.88
cf307f492c4cc991cceb55f6c2a2370f,1,credit_card,4,44.09
0589d8b975f21fea2ad626ea99527911,1,credit_card,3,227.3
c79c512fd61a1008f15dbf7ca2a8c7cd,1,boleto,1,50.35
5c7ffa6a8321eb05f96b3f941cf874e5,1,boleto,1,286.77
719c1d51ad40a458c511ebcfcdd0ebda,1,credit_card,3,90.66
0ea322b0cc5c5a359a4b83e2cae08390,1,credit_card,1,29.95
19196153dd04a2d8685e3928185e498b,1,voucher,1,543.59
540f4eaaafc047a407e4b4522bd0fd66,1,credit_card,2,28.93
257b54c7aa667fa7865055803a58a737,1,credit_card,3,85.75
b4e2eb7f4325b44130052476646043c6,1,credit_card,3,82.73
70c3ef96b8128e86a710aea11adf6e63,1,credit_card,1,28.17
6d20c5b5d74d900b45b27fd6e6e01089,1,credit_card,2,84.48
3a73a24fa6a0d8ffd462fb4bb62e66fc,2,voucher,1,50.0
ec2738d1b8cdc75fa4c9425432f5053c,1,boleto,1,85.8
717b5830932c155c67ba3232934a93c5,1,credit_card,5,159.08
67b777d7aeb1fefbc4e88626f76955dd,1,boleto,1,133.35
3612774010df99c2dbad4a7dbebfff59,1,credit_card,3,87.72
c0cb48c270009fc128318b2f9eda3bec,1,credit_card,1,80.21
7a7d2c889e27d93b2005462a8788e168,1,credit_card,3,35.86
a5504f1984f84201ce8630f9b7df369d,1,credit_card,3,279.7
64c3463da17e1c9262d302b03a81fb0b,1,credit_card,1,22.38
2e612a3508e4bce75344e6bfb68f28e0,2,voucher,1,100.0
33d4257aa190f034f74c6626a12b6e53,1,credit_card,10,228.71
3ebcfe0e628a860eb240b63084495439,1,boleto,1,82.74
c7077af9c2e19b516a79690cab23a96d,1,credit_card,3,154.73
99687fd750781ecf475d632c33a533ee,1,credit_card,3,308.36
631e1f23f43b7ccee3a0792a1852c931,1,boleto,1,257.56
20e001ef9eed26db199b0b95f59512f9,1,boleto,1,145.1
f5508c24aa4418c7069ad5a43b06bdee,1,boleto,1,25.04
e31f08a6838e8fe22d5850d237cdb1e7,1,credit_card,10,167.86
60d0d7f6e4119e9a4630876994978c2b,1,credit_card,2,263.89
8616d2e4f9d29d0a08571be7ccf0acc3,1,boleto,1,59.66
2e2a0af256d902ab2e816447f6f531be,1,boleto,1,193.65
fbd5d366a19445bc01b83fb9055b6422,1,boleto,1,36.28
e5e7f892785fbe21a339bcd77efdae86,1,credit_card,5,83.62
53fd3dd3b669e8e5e6bbf3d9e0403643,1,boleto,1,135.49
f0c00b0c02ed4f14f20fad7c26002b9c,1,credit_card,10,1736.3
93d8685fec4218f06bf202723dc1da52,1,boleto,1,327.3
0f1c3e42f560452d091c6906f9accb48,1,credit_card,1,180.94
bb31e0bc46d4bf098ba2bea9092a59f1,1,credit_card,2,152.95
5635c4d926a70f077059cfbc66700181,1,credit_card,1,32.09
cb765962c1cf94ab1a1c8646ba7060c4,1,boleto,1,62.59
854fc42da7246b10ed8dcec4ae8f48ca,1,credit_card,1,94.3
dd800b5dd3395650111f9a4539000e7d,1,credit_card,4,422.03
e35b8d9f66d207952c74878ee321a213,1,boleto,1,142.5
67204cd665c7418b36623b21584dc92c,1,credit_card,4,227.76
52363fd30a7df27f6789c3d086f4aa0e,1,credit_card,1,51.5
0eac9f8e158a0eadfce8c9da8547a8ce,1,boleto,1,88.27
c0ad22fb83f1019e8abbdf1d38ffe6aa,2,voucher,1,14.72
c11e1e377e956e9d5bec2b0fa2ddc067,1,credit_card,8,385.86
29182856a24c6eeb1d7b81ba1fe63190,2,voucher,1,5.42
d965c84427fa1d6daad237adfbf75554,1,boleto,1,413.59
cd0a3a0546d575990039ca72965ced27,1,credit_card,8,83.22
0a457a7e838f772d804eebe8d6261ed0,1,boleto,1,83.68
f8166a345b188c9033d127c25e44ab74,1,boleto,1,205.51
a9ad04772c6cf0d63efb9444ea80bbaa,1,credit_card,4,79.33
855a13de235eda92e5acdf19d0157b67,1,credit_card,1,52.77
f26acc71de5cd391e3a2fc13a5820895,1,credit_card,1,137.28
574a92fb05e01159e32c2a4cba131e3e,3,voucher,1,31.58
587379acca182c8e157e4dc7c8923131,1,credit_card,10,232.71
86cd00e7c37e87a8a2204f3e3266e85b,1,credit_card,4,40.77
800c8a15369d74de7bc13709ef847d4f,1,credit_card,3,151.84
20682401f377f9713842c128b03fc43f,1,credit_card,3,333.34
bdf4423bf60eac03b6786ebd0e507cc1,1,credit_card,2,41.93
7e460703dd3adb450213b20170a237f6,1,credit_card,1,47.25
d0083f5db0e3fade5d9a7dc768e8df46,1,credit_card,1,0.92
75ac904a1ba87fab8d6d93751d68ddb1,1,credit_card,1,110.91
5f517c344edea684043f8c69608b7f47,1,credit_card,2,183.36
d04eab35da4dc8a5fbab6771c0a8b517,1,credit_card,6,64.65
7229fca9b269915fc63b44434d20828a,1,credit_card,10,2098.4
5e08f8357b3660485f47d00381feaa6f,1,credit_card,3,171.22
4ffd41fadb59bd398d869be78f1b2be3,1,credit_card,1,789.55
1389d3b1fab26d87e40c382d11a8ac3c,2,credit_card,4,41.9
153d12e2d5e7765786be73cb3900a442,1,credit_card,1,154.81
ea37b313540105af4a2ad79718d80d97,1,boleto,1,35.4
5bc2a7b8f0817443a86b69461e742cc9,1,credit_card,3,66.1
628c4dc07e38c6a4309d58e8a42e2f27,1,credit_card,1,2.18
a9850cfaa6a85bd626e548413454f108,1,credit_card,6,206.84
c992f37682e64f4ac2ec63136c54369d,1,credit_card,2,209.38
cbb54b440099b6c4994d1109f3968b97,1,credit_card,1,27.49
3d0bb712c6a8ebe6bda01b3bdf6f331b,1,credit_card,1,52.61
8906cb0ae3ccbd4613940de05579b218,1,credit_card,1,171.4
878c411445b7128a9715f6f06ca14bea,1,credit_card,4,217.64
ad0e80cb90ad456f01f1533e4cdc1f0d,1,credit_card,1,309.16
fb34958eef73f87fb9d50297c5cf14d9,1,credit_card,6,64.53
35b93dcd988cc9e90dd933769bb196c4,1,credit_card,1,114.79
74d0cc035ccffc33de7a0ef8c429a931,1,credit_card,4,116.45
cd472c4843f0157551fb2c99b21d3786,1,boleto,1,130.57
f2076489cb09f9d0f11c6a524022fad8,1,credit_card,1,27.75
c5d3fae065a8090bae39f4f34b14cd06,2,voucher,1,69.89
5e70bcf826ffb41fbf68e94ba929635e,1,credit_card,2,370.49
e62d530c9b5d79b0b222e5a4542d71be,1,credit_card,1,33.43
31ca199ff8e0748b9d065f1bfa90450b,1,boleto,1,56.69
278ffae8d541775ba53338a54ee391a3,1,credit_card,2,57.82
ba16a6de753feb4dc0a6716cc3ddf951,1,credit_card,1,52.62
382fe4c08d9dc3aec94cd1aeca20b992,1,boleto,1,44.24
c08f913d8edeabde7839e5b6a953ecf3,1,credit_card,3,82.33
837d0f47af4d0d6a1e3fc98603bd48ec,1,credit_card,4,270.85
096b267153128e0d7f9e593bba803956,1,boleto,1,85.18
fd8c19c45239a0a139f809050de68c88,1,credit_card,3,196.68
122e2899f5b25c99d52cece91999b676,1,boleto,1,66.82
9202a540dd3900ebeb2ff790e949a54e,1,credit_card,1,62.68
043f43899c67438005004d160d18f55c,1,credit_card,1,233.84
ea38dbbe2044b5c96bf31ff508ba1aad,1,credit_card,7,228.07
3d5651800efaa81c9c96808ded6f145e,1,credit_card,1,80.11
a96effa6b0ae730c1b6bbfb81a6164b4,1,debit_card,1,142.54
4afb1fa9cc394c9f295d203fc7b9bf19,1,credit_card,1,19.64
55b2cadb9946209a0283fd636ddc6676,1,boleto,1,226.12
4e376d36ceeae3f2cbf66cb0ca84c799,2,voucher,1,250.0
5afa996de851bd409a84c61745106947,1,boleto,1,137.04
b8d5cd6eb84d7b61c5c77ac4cb0b90b4,3,voucher,1,20.0
96b7f5a470ca6a58f261be1af286e4d9,1,credit_card,8,239.72
ada72a2d2e2c5621b9391b68e9cfa74b,1,credit_card,2,414.86
574a92fb05e01159e32c2a4cba131e3e,1,voucher,1,10.7
42cebac003b40e6aa0b3e37b99d83c2f,1,boleto,1,85.81
960dbad4c14e64cd6b327fdccdb2d231,1,credit_card,2,181.24
732b59a6f2d05d4b23beade8d0a16a0d,1,credit_card,3,39.6
a4d5fcb131fab3ac106ae40ac7042833,1,credit_card,6,191.56
71400888e53ed1698734799716d213f8,1,credit_card,2,126.52
a0b1ffd30c671f95ed8065ce07d10470,2,voucher,1,32.49
43831dba8cf4791c11ab2d6febf989e4,1,credit_card,3,196.5
f2120851611e040d268c3be41ac51228,1,credit_card,1,47.68
bcf5665129063675d2d1006d95d3c813,1,credit_card,1,118.9
1c5ea09d670777647e55f734e3d784b2,1,credit_card,2,98.51
678563117c6bcedcb0f9d98e8f3faf23,2,voucher,1,117.45
418018cd21bcca5f7cc37f9f17ac1466,1,credit_card,5,56.5
5620e57611d71ee82bf1b40183f57bdf,1,credit_card,2,52.46
0f187bdbef138399bae3eeee9ec1d48e,1,credit_card,1,68.19
cfcd1b446010715bb44c1babfe225e6e,1,credit_card,2,130.11
6dd0712b5d9d31ab2b006f7b510e8720,1,credit_card,1,41.86
1527028c6f0d2ca7a42e5337dc2762e5,1,credit_card,4,47.05
a2f9ff7df829bc4345e5cf8b5bab2e85,1,credit_card,5,59.1
6ee745e53a6ca0336b04b022ac01ac73,1,credit_card,4,113.62
7a2ea112b017a44fc1ba0eb88979f3f9,1,credit_card,1,32.77
ac21545a31cc2f10904bcc68254c1d11,1,boleto,1,193.2
97ea8a6df3851db9452426e8aace15eb,1,credit_card,2,41.79
578e93018456eabf67495ce86d6e6315,1,credit_card,2,139.59
31c97425f34d48507d57e56e0ec2986b,1,credit_card,6,62.79
23e328eaf02d129b3928e8012ffe85fc,1,credit_card,4,54.77
e204c9b2f4c4eda05420bea7f4b7ac03,1,credit_card,1,37.68
2b8964f15c12ac5df6946804df101d82,1,credit_card,1,28.79
93cae495607755570d9b4c0c2d0474e6,1,credit_card,3,126.68
2e4d78cc067d04eaaf791ecbfb2bc3ce,1,credit_card,5,98.53
e62c3201015050463bc2e3b6599a6bc5,1,credit_card,2,83.23
ec84e555ec0c06ea52e4cd6051f68802,1,credit_card,6,295.81
7edc3ed94401904fd169923dd2ba3ecb,1,credit_card,1,120.09
1c7c35deaf3a1639e247ce03babdfded,1,credit_card,3,37.83
cb064e8f8f0371573859e393d973c337,1,boleto,1,54.5
09324a6d203673f8d0b62bd726f25a87,1,credit_card,10,153.09
edc9fcd5f5ab3aa69901aa991026ee0c,1,credit_card,4,106.38
e98405be83624163fbaadf39f502cfb1,1,credit_card,4,306.24
694bcde1f9a49ffeba5da89982f7b9ae,1,credit_card,3,131.46
de86d263fd8adbf70b390a50f59266e4,1,credit_card,1,338.77
a5849d6f70582d4c5217bac6616a45fa,1,boleto,1,74.51
5ed946893f9d36c172fc9bbbf31fcf0d,1,credit_card,1,99.65
b70e6b353379423761497f0d95376da2,1,boleto,1,46.84
51c8ce1ad9c1fdebc69cc37fbff27f5a,1,credit_card,3,75.07
102a6b13aa973c8c169ba1d62ffa4cce,1,boleto,1,30.23
dfa1e5a290276c05629e2d4180ce6aff,1,credit_card,1,71.56
4162db4ff964981d38bc20ff6818d268,1,credit_card,2,90.88
117f055ca23c0229d5cef27ba164f90d,1,credit_card,4,62.77
1415b17c0425330751b1b6770dc5db23,1,credit_card,10,335.29
c69e067f9b64eea56517834d123baf0e,1,credit_card,6,66.11
38878bafc676263af50211706ab39e7c,1,debit_card,1,175.94
3caf6c286c8cde37ea9c0fb2da0e3169,1,boleto,1,179.76
00c47cfa491ef55779ec7557673087fc,1,credit_card,1,72.07
95d1a834e8bb4b9a9d0135c658fa9fd9,1,boleto,1,60.39
fe59203fdf21267082352e201ad44772,1,credit_card,1,65.13
65c599e3998c4243f4e62affbf5bcdd7,1,credit_card,3,131.38
312f43273284b7ab987d5bc4d880d5ef,1,credit_card,1,41.37
95f55726bc4e323e44e57778ca84c0b5,1,boleto,1,237.59
69563539a33f6dbf50c8e280e4e8a88b,1,debit_card,1,52.78
efdd6716d5125862a11d4e354bd4ec3c,1,credit_card,3,84.23
f90e3dbda8d123ab2f100a1538f5a43c,1,credit_card,2,206.99
93fba8d92f02aebd0882af7cb81bfcb8,1,credit_card,4,47.81
2459150b1b6791d5e62fc0752dcf6b91,1,credit_card,2,63.11
6eb9f3d505ab7a74d384c6b0acf7d57e,1,credit_card,1,87.71
ab7bbcf90a1c2d1b7cf184cc23e18af8,1,credit_card,3,36.78
821c1b3c87d17a24efad81096bee5f09,1,credit_card,2,138.33
0510f632b86f01064ebbde67deb63bb5,1,credit_card,6,113.67
cf18cc607f8e7571b9df511e66edb910,1,credit_card,6,64.6
87f53a70fe59ee417c9cb654dded07ac,1,credit_card,5,58.39
a6891e28ce17d3ec9391ae48c5a321d1,1,boleto,1,164.68
0553f54e437f2d7fddccf81ae9a646c6,1,boleto,1,63.13
636f0241ddc83a3b9e37a8088167bd45,1,credit_card,6,290.65
bedc87ce363e6bf8c8868b96b2213ae4,1,boleto,1,29.69
b9b3a57801f2cb36617b727e256b4089,1,credit_card,7,70.79
60218eecf87eaeb58657769f328f2726,1,credit_card,1,136.5
d3b59b9a0767514f777439a668f564b8,1,boleto,1,167.63
171b2216b2d1b1f42bc9481f06dfaa40,1,credit_card,3,58.45
04ee5eeac980a849efb5ac99abf87259,1,credit_card,7,207.1
c756513ece003700723bfa5e6f8abc65,1,credit_card,1,447.0
8f6a8c5dbe911618a3e81e7fa7914114,1,boleto,1,64.1
1b3870263ab7aa66a5e2ca30df8fd3d7,1,credit_card,1,77.68
34e52c9f5c9ec68a599473a73c06a782,1,credit_card,1,95.1
843be4a0dcdb9716de7652d53af4acab,1,credit_card,10,227.27
e4c01d7732af07fff2a3e083d93f0581,1,credit_card,1,47.29
c3fe6314b2bcaa6de6f9611550dfa399,1,credit_card,4,233.61
a711032f5b2df3b039238b1a273076b8,1,credit_card,6,171.75
31b5594fc512aedc5f790621219fd23b,1,credit_card,1,35.82
d8764a0bfdbd63c0dbcb665b8eafb7d8,1,boleto,1,113.62
b1170faa12a2f134d1c75c7494c64eaa,1,credit_card,5,108.88
c6c96aae858cf470816e5080de363e47,2,voucher,1,73.89
c82430e4a84f03b67cc2a82fecd873f0,1,boleto,1,300.76
bf30a3536883051dca847b3f007a9963,1,credit_card,5,109.18
ee9881886ccdd7fb25bf631d38c0fc35,1,boleto,1,31.43
d3220f2771d590e93736b9078ab008ce,1,credit_card,1,73.34
6f6785dde266434130a2aa8af06a52b7,1,credit_card,2,98.68
ee43c2648eadad1558b2e3130b736c7c,1,credit_card,4,87.72
86200deb58eb0b29e666114e87e76302,1,credit_card,2,340.96
54745af3cd64e980bb671452c9b01d15,1,credit_card,1,93.89
24ceed9729a86f5e36fd61ae94183817,1,credit_card,1,0.61
567b5fcbb939e9c7357320d26cbdf4fe,1,credit_card,1,43.38
3ef3c976c86d9ea7e4758728a87732f0,1,credit_card,8,217.45
38c61d1bbf5143a8c347ebaa490e234b,3,voucher,1,47.21
e61f15c94900d1cc4cebd96be96f3823,1,credit_card,2,142.4
d8b5d1ea87d75046c7b453b1b128fcc3,1,credit_card,8,81.08
0ac372f92fbec55ca27ef4fa99a6a13a,1,credit_card,1,23.1
b00853fe8ddc3b34dd00f0054914241f,1,credit_card,5,50.53
5cb1ebf7fc3436167b8c37a78ceed6a1,1,credit_card,6,463.34
1a66f333fc14fa09a218cbb11f00233d,1,credit_card,4,112.34
f7198d6fd9c02f8d7f7646b213376ddf,1,boleto,1,43.0
dc952dba5b4ae9cc2ea0eb4757f0cdd0,2,voucher,1,50.58
819228bb978a781e564b6de402397c19,1,boleto,1,108.42
1217de8bb29e23b3b4ca52c564fb143a,1,credit_card,3,85.6
61e7365ad2e2ce5a3dbf650586623b7f,1,credit_card,3,98.11
0c9f4cd9a2f5e3783d9ec0f4daa33741,1,credit_card,8,84.34
ec83ca33654b7762ca475188a2152211,1,credit_card,3,59.25
0814daa4d12a646aeb73c429d5852f4d,1,credit_card,2,26.26
f3d2fb271269ba8f728d079575258095,1,credit_card,8,221.65
ebe3541c37938be5fe324645a702d4d4,1,credit_card,6,72.57
be13978ecac5e754184c77063ea75e2f,1,boleto,1,83.7
b352b37732770128092c01c05cb2d8f7,1,credit_card,8,607.87
61598b90b927811b3b38013ec10b8e5d,1,credit_card,1,42.39
151137bf7ab537c1a2da6bba1368d87d,1,credit_card,3,150.34
023af4b88d12c9f3f56bcb55da0450c5,1,credit_card,10,213.74
c9abb9f3b4b71b87bfbc5645a02cf8cc,1,credit_card,3,185.8
f12ff3c8b8e4945b4d0331a56df6ef85,1,credit_card,4,211.81
29d3f2fc23b7f95b28dbe5e3ef783d93,1,credit_card,4,287.0
3d04db36b662c14acf27ab0dc7057fef,1,credit_card,5,116.9
9b63264625032f8a1814eca453114f33,1,credit_card,10,218.63
3c39f4ac4b4520bfaaba2cee448cd823,2,voucher,1,2.9
6f2849e42b2d61384f499ab4bc2a5206,1,boleto,1,86.75
42fa07019d8252444a920c348dc8b011,1,credit_card,1,98.43
1d8c63ae552e28d9aab13aa5a92dc389,1,credit_card,4,48.96
60c293e54649a6dae7403487d4c21b2c,1,credit_card,2,187.63
4abf80e2c1c93771ac91d806e4e51c91,1,boleto,1,35.77
4fb826a738895055159e95010e189c69,1,credit_card,2,65.01
5597332b7eded552f104108f22b023e4,1,credit_card,1,36.46
b26727a63ae58f7a0f901dd4f2653cd0,1,credit_card,1,95.67
2d5a9031ce30f2732d18bb3722b887a4,1,credit_card,4,87.64
73314e79b29b8857a78a32853790a9d0,1,boleto,1,297.27
6ad40910813e5836d9698b103b222e65,1,credit_card,1,104.54
b3ea3f6381d1b6d2683698960134fe13,1,boleto,1,107.0
9a1d09360fb93ff8ae57b066fe14bc62,1,boleto,1,69.04
354fc19d43cbb0ad997bd631a02fd169,1,credit_card,5,124.34
bc1b81dde530e5b064a559906643fcff,1,credit_card,2,102.64
042649285cd08ef7c546445419b43407,1,credit_card,1,28.34
2261ff9e6868359245db75320f7e768c,1,boleto,1,22.77
3981ab3fc085c2a1d4dcca88197fe7fd,1,boleto,1,52.34
b8fba4dc6ff421731ed01f46c701084a,1,boleto,1,27.08
719b6b76d11e7e6f6e8113bbd4565b84,1,boleto,1,155.63
2790c1db6fab421570c3a789c96ffd46,1,boleto,1,81.72
5a40c1e92e3512536d5910f21f5e1856,1,credit_card,4,167.52
bfadb548852a3f28f3beba2245ccd552,1,credit_card,1,26.61
5c2b38dc10cf46a3224f46dba893d26a,1,credit_card,3,66.78
dab991912deff0b6f34c2ac665fd566f,1,boleto,1,67.53
d110ac83a8b313d9d5e17d9ed61e7804,1,credit_card,1,138.84
5dea3bf3570049323c58794169b7638c,1,boleto,1,145.4
93634466f99307a62d5d4d34689562b8,1,credit_card,2,145.57
c55dca0234aa65398ed85315bcf5b062,1,credit_card,5,121.82
292fa4655c8e30747b2b465a8f4d14f7,1,credit_card,1,53.68
f63f9a7699e3674c80a4ba92e56dfbb8,1,boleto,1,236.21
81539e7eb97d9fba708603ac8f00b6c9,1,credit_card,10,819.47
00fc308dd7f0937682698becaa9dcc45,1,voucher,1,104.11
a229af912d66e534353b1fa59daef44b,1,credit_card,5,258.03
f719f5e18ea61d821edd4a1c8d191b05,1,voucher,1,116.88
25d3716d0097db13efad1ec47ea26551,1,voucher,1,48.3
114e12eca60507f3e3153182f258684d,1,boleto,1,161.24
cd16e890b276ec7a7e2e93ba379339e1,1,credit_card,1,37.61
93881917b8e0f2bf11eec7abbbfe43ec,1,credit_card,6,674.7
85eb2a6b95fb63038d835a7b235b47d0,1,credit_card,3,65.22
da1a0dd3bf29adb14c8a77fca7388c11,1,credit_card,4,91.21
2e7afd467bd078429896367562ec0727,1,credit_card,4,46.63
6f3e13f4ef62b348e815f6375cbdd675,1,credit_card,4,99.9
a4cadd13645cb16e2e4252ee2e39dd80,1,credit_card,1,81.12
a574693e67b5acd2879ac5d182122fee,1,credit_card,1,120.44
b3b8133868458b6acf08ea6ffc22e3f2,1,credit_card,4,478.56
e29802498c81638fb4377d7c7137031e,1,credit_card,8,627.06
ec1692cdaaac26359dd2b8da5e6a409f,1,credit_card,2,75.68
e0c49af20b2a6c2089f40a9d7a60d6a5,1,credit_card,10,589.75
e381abcae5bf5ba29ff7855e91e40837,1,credit_card,1,63.41
4424106c5b68a52e3c47371526b4a264,1,credit_card,1,46.23
210e60465099814a1d2c7635e4065153,1,credit_card,8,231.79
b7c3462b308e3d9d375ba7d120ee0893,1,credit_card,4,89.29
16fcb558c864b7eb62bfbf4a55be23d2,1,credit_card,1,117.41
3e73a3d4003ea03e955b2fba57e2dc79,1,credit_card,1,86.05
8d23fb4e17833d8bf866d3ae3481a3cd,1,credit_card,2,252.38
d4e413e096efb5d9b209b28ac79c62b7,1,credit_card,1,41.84
9fbb5a7911ef83cac2881f1bbdaf7812,1,credit_card,2,236.23
a059bf220c121cd3d48e82b036e831d0,1,credit_card,1,50.23
b26281af4e5c3a50b10887f626ee883f,1,boleto,1,129.88
c000556923c9e9f96eb1121213f153b0,1,credit_card,9,99.43
a4521fa62b4f3bbe260aecf4dbc78935,1,credit_card,1,50.0
c263f74f0ce9f6d9e0f4608a22a67dfd,1,credit_card,1,70.53
682332c2474e425ea23c40848faa25e2,1,credit_card,8,184.93
15de6843350851629a5466a37d2b3486,1,credit_card,4,108.44
69697763300040978b1c88f1bb60ad24,1,credit_card,2,190.17
5fdcee361d689906697597a4415711b2,1,boleto,1,99.43
bd6ab28252f15e7c57f212a725aa1c37,1,credit_card,1,69.97
368df49737936bddc9d47a700a1920b9,1,credit_card,4,93.19
4154d7944db36e9140645486ce34027f,1,credit_card,1,32.24
ba19b234cabc645ff31e7c3a0076de18,1,credit_card,1,27.84
fd86c80924b4be8fb7f58c4ecc680dae,1,credit_card,1,76.1
ab1e451ac61a9e1ed83028e67458d722,1,credit_card,4,168.2
